ID,Aleppo,Alexandria,Algiers,Amman,Aswan,Baghdad,Basra,Beirut,Benghazi,Cairo,Damascus,Doha,Fes,Jeddah,Jerusalem,Khartoum,Mosul,MSA,Muscat,Rabat,Riyadh,Salt,Sanaa,Sfax,Tripoli,Tunis
5,معلومات السياح بالضبط.,السياحية على طول.,المكتب تع معلومات السياح.,مكتب المعلومات السياحية.,السياح على طول.,مكتب المعلومات السياحية.,مكتب معلومات السياح.,مكتب استعلامات السياح.,مكتب المعلومات السياحية .,مكتب استعلامات السياحة .,معلومات السياح بالزبط.,جدام استعلامات السياح بالضبط.,مكتب المعلومات ديال السياحة.,المعلومات السياحية بالضبط.,استعلامات السياح بالزبط.,مكتب معلومات السياح.,مكتب المعلومات السياحيي.,السائح تماما .,امام مكتب المعلومات السياحية.,استعلامات السياح بالضبط.,مكتب معلومات السياح.,مكتب معلومات السياح .,المعلومات السياحيه بالضبط.,الإرشادات السياحية بالضبط.,معلومات السواح بالضبط.,البيرو متاع الارشادات السياحية.
9,قبل بهالعنوان هون.,العنوان دة هنا.,في هاذ الجيهة.,العنوان في المنطقة هون.,العنوان ده هنا.,عنوان بهل المنطقة.,العنوان هنا ابد.,بهالعنوان هون .,هضا هنا .,العنوان ده هنا .,هون من قبل.,في هالمنطقة من قبل.,العنوان هنا.,العنوان هنا.,هدا العنوان هون.,بالعنوان دا هنا.,بهذا العنوان هوني.,بالقرب من هنا .,ابد بالهعنوان.,هاد العنوان هنايا.,بهذا العنوان هنا.,عن هالعنوان هون.,بهذا العنوان هانا.,قريبة من هوني.,العنوان هدا هنايا.,بالادريسة هاذي هوني.
11,ما تشوف صيدلية.,ما تشوف صيدلية.,تشوف صيدلية.,ما تشوف صيدلية.,لغاية متشوف صيدلية.,ما تشوف الصيدلية.,ما تشوف صيدلية.,تشوف صيدلية.,ما تشوف الصيدلية.,ما تلقي صيدلية.,ما تشوف صيدلية.,تشوف صيدلية.,تلقى الصيدلية.,ما تلاقي الصيدلية.,لتلاقي صيدلية.,تشوف صيدلية.,ان اتشوف صيدليه.,حتى تجد صيدلية .,تشوف الصيدلية.,تشوف صيدلية.,لين تلقى صيدلية.,تشوف الصيدلية.,تبسر صيدليه.,تارى الفارمسي.,تشوف صيدلية.,لين تشوف صيدلية.
26,الفطور؟,الفطار؟,تع الصباح؟,سعر الفطور؟,الفطار ده؟,يكلف الريوك؟,الريوك؟,حق الترويقة؟,الفطور؟,الفطار؟,الفطور؟,الريوق؟,ديال الفطور؟,الفطور؟,الفطور؟,كم الفطور؟,التغيوقه؟,الإفطار ؟,سعر الريوق؟,يدير الفطور؟,الفطور؟,حق هالفطور؟,هو الصبوح؟,فطور الصباح؟,الفطور؟,فطور الصباح؟
27,بقدر أساعدك؟,أقدر أساعدك؟,نقدر نعاونك؟,بقدر أساعدك؟,أقدر اساعدك؟,اكدر اساعدك؟,اكدر اساعدك؟,فيني ساعدك؟,نقدر نساعدك؟,أقدر اساعدك؟,فيني ساعدك؟,اقدر اساعدك؟,نقدر نساعدك؟,أقدر اساعدك؟,بقدر أساعدك؟,ممكن اساعدك؟,اطيق اساعدك؟,مساعدتك ؟,اقدر اساعدك؟,نقدر نعاونك؟,اقدر اساعدك؟,بقدر اساعدك؟,اقدر اساعدك؟,النجم نعاونك؟,نقدر نساعدك؟,انجم نعاونك؟
30,تالت مفرق.,الناصية الثالثة.,في الطريق الثالثة.,عند الدخلة التالتة.,الناصية التالتة.,ثالث زوية.,ثالث ركن.,عالزاوية التالتة.,للشوكة الثالثة.,الناصية التالته.,بالدخلة التالتة.,لفة يسار.,الزاوية الثالثة.,الزواية الثالثة.,الكورنر التالتة.,الكورنة التالتة.,ثالث زاويه.,الناصية الثالثة .,للتقاطع الثالث.,دور على ليسر.,ثالث زاوية.,الزاوية الثالثة.,الركن الثالث.,مع الزنقة الثالثة.,خود يسار.,الثالثة عاليسار.
50,وسكر بقهوتك؟,فى القهوة بتاعتك؟,السكر فالقهوة ديالك؟,مع قهوتك؟,على القهوة بتاعتك؟,وشكر بالكهوة مالتك؟,وشكر بكهوتك؟,سكر بقهوتك؟,سكر في قهوتك؟,سكر في قهوتك؟,مع القهوة؟,في القهوة؟,في القهوة ديالك؟,في قهوتك؟,الكريمة مع قهوتك؟,سكر في قهوتك؟,بالقهوي مالتك؟,وسكر في قهوتك ؟,و سكر بالقهوة؟,السكر في القهوة ديالك؟,سكر في قهوتك؟,سكر بقهوتك؟,في القهوة؟,السكر في قهوتك؟,سكر في قهوتك؟,سكر في قهوتك؟
64,الميتين دولار تبعي؟,اللى بميتين دولار؟,تاوعي لي راهوم فالشاك؟,بميتين دولار؟,بتاعى بمتين دولار؟,أبو الميتين دولار؟,الميتين دولار مالتي؟,تبع المتين دولار؟,ميتين دولار بتاعي؟,بميتين دولار؟,بقيمة ميتين دولار؟,بو ميتين دولار كاش؟,ديالي ديال مئتي دولار؟,دا الميتين دولار؟,الميتين دولار تبعي؟,البي متين دولار؟,قيمتو ميتين دولار؟,دولار الخاص بي ؟,شيك بمائتي دولار؟,ديال ميتين دولار؟,المئتين دولار حقتي؟,تبعي بميتين دولار؟,شيك الميتين الدولار؟,من الشاك هذا؟,الي بميتين دولار؟,بميتين دولار متاعي؟
74,فيني إذا سمحت.,كلمنى لو سمحت.,عيطلي من فضلك.,لو سمحت كلمني.,يظهر، كلمني.,رجاءً اتصل بيه.,خابرني بلا زحمة.,عمل معروف دقلي.,كلمني لو سمحت.,سمحت كلمني .,فيني رجاءً.,اتصل فيني.,اتصل بيا عافاك.,عليا لو سمحت.,احكي معي.,فضلك اتصل على.,رجاءا اتصل بيي.,فضلك أتصل بي .,اتصل فيني لو سمحت.,عيط ليا عفاك.,يظهر، الرجاء الاتصال بي.,سمحت احكي معي.,سمحت اتصل لي.,كلمني عيشك.,كلمني لو سمحت.,كلمني عيشك.
86,الكافيه؟,الكوفى شوب؟,جايا القهوة؟,الكوفي شوب؟,الكوفي شوب؟,صايره الكهوة؟,الكهوة؟,القهوة؟,الكافي؟,القهوة؟,القهوة؟,الكوفي شوب؟,كاين المقهى؟,المقهى؟,الكوفي شوب؟,المقهى؟,مكان الجيخانه؟,المقهى ؟,صاير المقهي؟,القهوة؟,المقهى؟,الكوفي شوب؟,هو الكافيه؟,تجي القهوة؟,مكان القهوه؟,القهوة؟
87,كنزة اطفال.,بلوفر أطفال.,تع أطفال.,بلوفر أطفال.,بلوفر اطفال.,مال أطفال.,سترة جهال.,كنزة للولاد.,بتاع أطفال.,بلوفر اطفال.,كنزة أطفال.,فانلة يهال.,الدراري الصغار.,سترة اطفال.,جرزة أطفال.,بلوفر أطفال.,سترة اطفال.,للأطفال .,سترة للأطفال.,الدراري الصغار.,سترة للأطفال.,للأطفال .,سترة أطفالي.,مريول للأولاد.,متاع صغار.,متاع صغار.
91,وتلات دولارات بالضبط إضافية للتوصيل الخاص.,ثلاثة دولار بالظبط زيادة للتوصيل الخاص.,تزيدلها ثلاثة دولار بالضبط باش تبعثها اكسبرس.,وتلاتة دولار بالزبط اضافية للتوصيل الخاص.,دولارات بالظبط زيادة لو بالتوصيل الخاص.,وتلث دولارات بالضبط إضافية للتسليم الخاص.,تلث دولارات إضافية زيادة للتوصيل الخاص.,تلاتي دولار بالظبط زيادة للتوصيل الخاص.,ثلاثة دولار بالضبط زيادة للتوصيل الخاص.,أو زيادة تلات دولارات بالظبط للبريد المخصوص.,وزيادة تلاتة دولار بالظبط للتوصيل الخاص.,دولارات بالضبط زيادة حق التسليم الخاص.,بالضبط ديال الدولار اضافية للتوصيل الخاص.,وزيادة تلاتة دولار بالضبط للتوصيل الخاص.,تلات دولارات بالزبط اضافية للتوصيل الخاص.,تلاتة دولارات بالظبط زيادة للتسليم الخاص.,وثلاث دولارات بالضبط اضافية للتوصيل الخاص.,العادي وثلاثة دولارات في التوصيل الخاص .,وثلاثة دولارات بالضبط إضافية للتسليم الخاص.,تلاتة دولار بالضبط زيادة للتوصيل الخاص.,ثلاث دولارات بالضبط إضافية للتوصيل الخاص.,و ثلاثة دولار بالزبط اضافية للتوصيل الخاص.,ثلاثه دولار بالضبط زياده للتوصيل الخاص.,ثلاثة دولار بالظبط باش يوصلك فيسع.,تلاته دولار بالضبط زيادة للتوصيل الخاص.,دولارات بالضبط للمراسلة اللي من النوع لبخاص.
120,لو كنت محلك.,لو كنت مكانك.,بلاصتك نشريها.,لو كنت محلك.,هشتري ده.,جان اشتريتها.,اشتريت هذا.,أنا كنت محلك.,كنت مكانك.,كنت صدقت.,كنت اشتريته.,جان بشتري هذي.,نشري هادا.,مكانك حشتريه.,مكانك بشتريه.,لو انا كنت مكانك.,كان اشتغيتونو.,كنت في مكانك ؟,لو حاب.,كون شريتو.,كنت بمكانك.,كنت اشتريته.,لو كنت مكانك.,كان كنت انت.,لو كنت مكانك.,بلاصتك نشريه.
129,صعوبة بالجمارك؟,مع الجمارك؟,عندي مشكل مع الجمارك؟,في التعامل مع الجمارك؟,صعوبة مع الجمارك؟,صعوبات ويه الكمارك؟,ويه الكمارك؟,صعوبات مع الجمارك؟,صعوبه مع الجمرك؟,مع الجمارك؟,مع الجمارك؟,صعوبات مع الجمارك؟,صعوبة مع الديوانة؟,في الجمارك؟,في الجمارك؟,صعوبات مع الجمارك؟,صعوبات مع الجمارك؟,عند أصابع القدم ؟,صعوبه مع الجمارك؟,صعوبة مع الديوانا؟,صعوبة مع الجمارك؟,مشاكل مع الجمارك؟,مشاكل مع الجمارك؟,مع الديوانة؟,مع الجمارك؟,مع الديوانة؟
130,رسمي عريض؟,بوش واسع؟,عراض من القدام؟,من عند الأصابع؟,بوش عريض؟,ببوز عريض؟,من منطقة الأصابع؟,تبع الأصابيع العراض؟,مفتوحة عند الصوابع؟,واسعه من قدام؟,رسمي للرجلين العراض؟,حق الرجول العريضة؟,واسعة من جيهت الصبعين؟,واسعة عند الأصابع؟,رسمي عريضة؟,عريضة عند اصابع القدم؟,عغيض مكان الاصابع؟,في الجمارك ؟,رسمية واسعة؟,واسعة عند الصبع؟,واسعة عند الأصابع؟,واسعة عند الاصابع؟,واسعه عند الاصابع؟,واسعين من شيرة الصوابع؟,واسعه من القدام؟,واسعين من شيرة الصوابع؟
140,المفرد بدالها؟ في عنا وحدة.,كحل بديل؟ إحنا عندنا واحدة.,لشخص واحد. كاينة واحدة واجدة.,تستخدمها استخدام فردي. عنا وحدة.,مزدوجة لاستخدام فرد؟ احنا عندنا واحدة.,كشي بديل؟ عدنا وحده.,واحد افضل؟ عدنا وحدة.,بتختين لإستخدام شخص؟ عنا واحدة.,لاستعمال واحد بدالها؟ عندنا واحدة.,واحد بس؟ احنا عندنا واحده .,الفردي بدالها؟ عنا وحدة.,استخدام فردي؟ عندنا وحدة.,بجوج فراشات لشخص؟ عندي واحدة.,واحد بدال كدة؟ عندنا وحدة.,واحد؟ في عنا واحدة.,لاستعمال شخص؟ عندنا واحدة.,ويحد امبدالو؟ عدنه ويحدة منها.,للاستخدام الفردي ؟ فنحن لدينا واحدة .,بدلا من ذلك؟ عندنا واحدة.,لواحد؟ عندنا وحدة.,شخص واحد بدال هذا؟ متوفر عندنا.,مزدوجة لاستعمال فرد؟ عنا واحدة.,استخدام فرد بدله؟ عندنا واحدة.,شخص برك؟ عندنا وحدة حاضرة.,لكن لإستخدام فردي؟ عندنا واحدة.,نحسبوها لشخص برك؟ عنا وحدة.
143,إذا ممكن.,من فضلك.,برمانونت قوي.,مموج، لو سمحت.,كويس، لو سمحت.,قوي، رجاءً.,بلا زحمة.,إذا بتريد.,لو سمحت.,لو سمحت.,إذا سمحت.,لو سمحت.,ضيق، عافاك.,كثير، لو سمحت.,لو سمحت.,من فضلك.,قوي، رجاءا.,، من فضلك .,من فضلك.,مجهد، عافاك.,لو سمحت.,لو سمحت.,لو سمحت.,قوي، يعيشك.,لو سمحت.,قوية، عيشك.
145,بيرة.,عاوزة بيرة.,حابة بيرة.,خمرة.,عايزة بيرة.,بيره.,تريد بيرة.,بيرة .,بيرة .,في بيرة.,بيرة.,تبغي بير.,باغيا بيرة.,تبا بيرة.,بيرة.,بيرة.,تغيد بيره.,بيرة .,تبا بيره.,بيرا.,بيرة.,لو سمحت .,تشتي بيره.,وحدة بيرة.,تبي بيره.,كعبة بيرا.
157,الخير. شلونك؟,عامل إيه؟,واش راك؟,كيف حالك؟,عامل ايه؟,الخير، شلونك؟,الخير. شلونك؟,. كيفك؟,كيف حالك؟,عامل ايه؟,الخير. كيفك؟,الخير. شلونك؟,كيف داير؟,الخير، كيفك؟,كيف حالك؟,الخير. كيفك؟,الخير. اشونك؟,كيف حالك .,كيف حالك؟,كي داير؟,كيف حالك؟,بيرة؟,كيف حالك؟,الخير. شنحوالك؟,كيف حالك؟,الخير. لاباس؟
158,إثبات هوية.,بطاقة تحقيق شخصية.,منك بطاقة تعريف.,أشوف اثبات هوية.,اشوف تحقيق الشخصية.,أي هويه تعريفية.,اشوف هوية.,أي اثبات شخصية.,أي نموذج كشف الهوية.,مستند اثبات شخصية .,شوف شي بيثبت الهوية.,شي يثبت الهوية.,اثبات ديال الهوية.,اثبات هوية.,أشوف بطاقة الهوية.,اشوف اثبات هوية.,شوية اوراق اثبات شخصية.,أي مستند لتحديد الهوية .,اثبات للهوية.,شي وثيقة ديال الهوية.,من أنواع اثبات الهوية.,اثبات هوية .,اي شي يثيت هويتك.,منك بطاقة التعريف.,بطاقة تعريف ليك.,نشوف اوراقك.
169,من الصوص؟,نوع الصوص؟,تع الصوص؟,من الصوص؟,نوع صوص؟,نوع الصوص؟,نوع الصوص؟,نوع صوص؟,نوع الصوص؟,نوع صوص؟,نوع صوص؟,نوع صوص؟,ديال الصوص؟,من الصوص؟,نوع الصوص؟,من الصوص؟,من الصوص؟,الملابس ؟,من الصوص؟,ديال الصوص؟,من الصوص؟,من الصوص؟,نوع الصوص؟,نوع الصوص؟,من الصوص؟,الصوص؟
170,بدك تسخنو؟,شوية. هتسخنه؟,تقدر تسخنو؟,ممكن تسخنه؟,ممكن تسخنه؟,ممكن تحميه؟,ما تحميه؟,فيك تسخنو؟,. ممكن تسخنه؟,. ممكن تدفيه؟,ممكن تسخنه؟,ممكن تسخنه؟,ممكن تسخنو؟,ممكن تدفيه؟,بتقدر تسخنه؟,ممكن تسخنه؟,تطيق تحمينو؟,يمكن أن تقوم بتسخينه ؟,ما. بتسخنه؟,واخا تسخنو؟,تقدر تسخنه؟,ممكن تسخنو؟,شويه. عتحميه؟,تنجم تسخنه؟,ممكن تسخنه؟,بش تسخنو؟
173,المحل محجوز.,دة محجوز.,البلاصة محكومة.,المكان محجوز.,أصلاً محݘوز.,المكان محجوز.,المكان محجوز.,بطاقة اثبات هوية.,محجوز .,ده متاخد.,هالمكان محجوز.,هالمكان مأخوذ.,موخوذة قبل.,مأخود اصلا.,المكان محجوز.,دا محجوز.,محجوز من قبل.,محجوز بالفعل .,ماخوذه من قبل.,البلاصة عامرة.,محجوز مسبقا.,محجوز أصلاً .,قدي محجوزه.,واخذها شكون.,هدا موخود.,في البلاصة هاذي.
176,خرج تدق لرفيقي؟,ممكن تكلم صاحبى؟,تعيط لصاحبي؟,أحكي مع صاحبي؟,معندكش مانع أكلم صاحبي؟,ممكن تنادي صديقي؟,تكدر تخابر صديقي؟,فيك تدق لرفيقي؟,ممكن تكلم صاحبي؟,غير مؤاخذه تكلم صاحبي؟,مجال تتصل برفيقي؟,يصير تكلم رفيجي؟,ممكن تتصل بصديقي؟,تدق على صاحبي؟,بتقدر تكلملي صاحبي؟,تتصل ب صحبى؟,تطيق تتصل بصديقي؟,تمانع في الاتصال بصديق ؟,تمانع اتصل بصديقي؟,واش تقدر تعيط لصاحبي؟,تمانع بالاتصال بصديقي؟,تحكي مع صاحبي؟,ممكن تتصل لصاحبي؟,تكلملي صاحبي؟,ممكن تكلم صاحبي؟,ميسالش تكلم صاحبي؟
177,حاج هيك.,دة كفاية.,هذا ماكان.,هيك بكفي.,كدة كفاية.,هذا كافي.,هذا هواي.,بيكفي.,ساد .,كفاية .,هيك بكفي.,هذي يكفي.,هادشي كافي.,كدا كفأية.,هيك بكفي.,دا كفاية.,هذا يكفي.,يكفي .,كفيت ووفيت.,باراكا.,هذا كافي.,بكفي .,ذيه كفايه.,كل شي.,هكي ساد.,يزي.
184,صديقك المفضل؟,صديق ليك؟,صاحبك الأنتيم؟,صاحبك المفضل؟,صاحبك الانتيم؟,صديق عندك؟,صديق عندك؟,صاحبك المفضل؟,صاحبك راس؟,صديق ليك؟,صديق لئلك؟,صديق عندك؟,صديق ديالك؟,أعز أصحابك؟,صاحبك المفضل؟,صحبك المفضل؟,صديقك المفضل؟,صديق لك ؟,صديقك المفضل؟,صديق ديالك؟,صديقك المفضل؟,صاحب الك؟,أعز أصحابك؟,صاحبك بالباهي؟,زي اوخيك؟,صديق عندك؟
187,عطلة وطنية مصممة للتوعية بصحة الناس.,عيد قومى مصمم لتحسين صحة الناس.,عطلة باش نشجعو الحياة الصحية.,عشان يرفعوا مستوى الصحة عند الناس.,علشان التوعية بتحسين صحة الناس.,وطني يهدف الى تعزيز صحة الناس.,عطلة وطنية حتى تتحسن صحة الناس.,عطلة عالمي بيهدف لتعزيز صحة البشر.,وطني مصمم عشان يشجع صحة الناس.,علشان يحسن صحة الناس .,رسمية مخصصة للتوعية بتحسين صحة الشعب.,وطنية مسوينها عشان يشجعون صحة الناس.,وطنية كتهدف لتعزيز الصحة ديال الشعب.,وطنية عشان يثقفو الناس عن الصحة.,هو يوم وطني مخصص للتوعية بصحة الناس.,عطلة قومية مصممة لتحسين صحة الناس.,وطنيي هدفا تعزز الصحة مال الشعب.,قومية الغرض منها تحسين صحة المواطنين .,وطنية عشان تعزيز صحة الشعب.,وطني مديور على قبل صحة الناس.,يوم وطني وضع للتوعية بصحة الناس.,رسمية بهدف تعزيز صحة الشعب .,عملوها عسب يشجعو الناس يهتمو بصحتهم.,وطني باش نشجع على حياة صحية.,صممت لتشجيع علي صحة الناس.,وطني الهدف منو تدعيم صحة العباد.
192,تحت الطبون؟,تحت الكبوت؟,تحت الكابو؟,تحت غطا الموتور؟,تحت الكبوت؟,البنيد مالت السيارة؟,البنيد مالت السيارة؟,تحت غطا السيارة؟,تحت الكوفينو؟,تحت الكبوت؟,تحت الطبون؟,تحت البانيت؟,تحت الغطى ديال الموطور؟,تحت الكبوت؟,تحت غطا السيارة؟,تحت غطا العربية؟,الغطا مال السيارة؟,موتور السيارة ؟,تحت صندوق السيارة؟,تحت الكوفر؟,تحت الكبوت؟,تحت غطا المحرك؟,لك الطبلون؟,تحت الكبوت؟,تحت الكوفينو؟,تحت الكبوت؟
206,ألاقي شنتايتي؟,شنطة السفر بتاعتى؟,نصيب الحقيبة تاعي؟,شنتة سفري؟,على الشنطة بتاعتي؟,على الجنطة مالتي؟,الكى جنطتي؟,لاقي شنطتي؟,نلقى شنطتي؟,الاقي شنطتي؟,شنتاية سفري؟,ادور شنطتي؟,الشانطة ديال السفر ديالي؟,على شنطتي؟,ألاقي شنتتي؟,ألقى شنطتي؟,جنطة السفر مالتي؟,الوصول إلى حقيبتي ؟,اندور شنطة السفر؟,على الباليزا ديالي؟,على بدلتي؟,الاقي شنتتي؟,القى شنطتي؟,نلقى الفليزة؟,علي شنطتي؟,نلقى فاليجتي؟
221,ترتيبات سلفاً؟,من بدرى؟,الترتيبات من قبل؟,إتطور الترتيبات؟,الترتيبات مقدماً؟,بشكل مسبق؟,ترتيبات مقدماً؟,من قبل؟,الترتيبات قبل؟,نجهز الترتيبات؟,الترتيبات سلفاً؟,من قبل؟,الترتيبات مسبقا؟,الترتيبات قبل؟,قبل بوقت؟,ترتيبات مقدما؟,ترتيبات مسبقا؟,الترتيبات مقدماً ؟,من قبل؟,الترتيبات مسبقاً؟,ترتيبات مبدئيا؟,الترتيبات مسبقا؟,التجهيزات مقدما؟,الأمور من الأول؟,ترتيباتك مسبق؟,التحضيرات اللازمة بالمسبق؟
238,شكراً إلك.,بيساعدنى. شكرا.,فيا. صحا.,شكراً الك.,بيساعدني. متشكر.,مساعده. شكراً.,يساعدني. اشكرك.,بيساعدني. يسلمو.,فيا . شكرا.,شكرا .,يساعدني. شكراً.,مساعدة. شكراً.,شكرا ليك.,يساعدني، شكراً.,شكرا الك.,شكرا ليك.,مساعدة، اشكرك.,شكراً لك .,بيساعدني، شكرا.,معاوني. شكراً.,شكرا لك.,شكرا الك .,بيساعدني. شكرا.,بروحي. يعيشك.,ساعدني. صحيت.,بيا. عيشك.
261,غير حدا، إذا ممكن.,حد تانى، لو سمحت.,واحد آخر، من فضلك.,حد تاني، لو سمحت.,أي حد تاني، لوسمحت.,شخص آخر، رجاءً.,واحد ثاني، بلا زحمة.,حدا تاني، عمول معروف.,حد ثاني، لو سمحت.,تاني، من فضلك .,حدا تاني، رجاءً.,ثاني لو سمحت.,شي حد أخور، عافاك.,اسأل شخص ثاني.,حدا تاني، لو سمحت.,زول تاني، من فضلك.,ويحد اللاخ، رجاءا.,، من فضلك .,شخص ثاني لو سمحت.,شي واحد آخر عافاك.,اخر، لو سمحت.,حدا ثاني لو سمحت.,احد ثاني، لو سمحت.,من واحد آخر، يعيشك.,تاني، لو سمحت.,شكون اخر، يعيشك.
280,وعشرين، إذا سمحت.,وعشرين، من فضلك.,عشرون، من فضلك.,لو سمحت.,اربعة وعشرين ساعة، لو سمحت.,وعشرين، رجاءً.,وعشرين، بلا زحمة.,عشرين، عمول معروف.,وعشرين، لو سمحت.,اربعه و عشرين ساعه كمان.,وعشرين لو سمحت.,وعشرين لو سمحت.,وعشرين، عافاك.,اربعة وعشرين.,و عشرين، لو سمحت.,ساعة، من فضلك.,وعشين، رجاءا.,، من فضلك .,وعشرين، لو سمحت.,و عشرين، عافاك.,عشرين، لو سمحت.,عشرين لو سمحت .,وعشرين، لو سمحت.,عشرين، يعيشك.,و عشرين، لو ممكن.,عشرين، من فضلك.
285,عيف الباقي.,خلى الباقى.,خلي الباقي عندك.,الباقي إلك.,الباقي علشانك.,احتفظ بالباقي.,اخذ الباقي.,خلي الباقي.,خلي الباقي عندك.,الباقي عشانك.,وخلي الكمالة.,خل الباقي.,خلي عندك الباقي.,خلي الباقي معاك.,الباقي معك.,اخد الباقي.,احتفض بالباقي.,احتفظ بالباقي .,احتفظ بالباقي.,خلي ليك الباقي.,احتفظ بالباقي.,خليلك الباقي .,خلي الباقي.,حط الباقي عندك.,خلي الباقي عندك.,خلي الباقي عندك.
315,برغر، إذا سمحت.,تشيزبرجر، لو سمحت.,من فضلك.,بالجبنة، لو سمحت.,برجر بالجبنة، لوسمحت.,تشيزبيرغر، رجاءً.,جيزبركر، بلا زحمة.,برغر بالجبنة، عمول معروف.,تشيزبرغر، لو سمحت.,وواحد شيز برجر.,تشيزبرغر، إذا سمحت.,برقر لو سمحت.,تشيز برجر، عافاك.,واحد برقر جبن.,مع جبنة، لو سمحت.,بيرقر بالجبنة، من فضلك.,همبركر بالجبن، رجاءا.,، من فضلك .,وواحد همبرجر مع جبن.,تشيز بورݣر، عافاك.,برغر بالجبن، لو سمحت.,جبنة لو سمحت .,برجر بالجبنه، لو سمحت.,برجر، يعيشك.,بالجبنه، من فضلك.,واحد شيزبرغر، عيشك.
319,بتاخد عالعملية؟,في العملية؟,تدير العملية؟,عشان العملية؟,في العملية؟,على العملية؟,تاخذ للعملية؟,في العملية؟,على الخدمة؟,في العملية؟,بتاخد عالاجراءات؟,تاخد للاجراءات؟,كتحسب للعملية؟,عشان العملية؟,على العملية؟,بتطلب للعملية؟,اتعاب العملية؟,صور الفيلم ؟,في هالعملية؟,تدير العملية؟,تاخذ للعملية؟,في العملية؟,على العمليه؟,تاخو للاجراءات؟,فيها الخدمه؟,تحسب الاجراءات؟
320,لحال مشان وجباتنا.,يدفع للوجبات بتاعتنا.,يخلص الماكلة ديالو.,يدفع على وجبته.,يدفع للوجبة بتاعته.,حساب الوجبه مالته.,يريد يدفع لوجباتنا.,يدفع عن أكلو.,يبي يدفع لوجبته.,اكلنا .,يدفع عن وجبته.,حق وجبته.,الوجبات ديالنا.,حساب اكلنا.,يدفع عن وجبتو.,ندفع لي وجباتنا.,يدفع لوجبتو.,يحاسب على وجبته .,الوجبات مالتنا.,يخلص على راسو.,يدفع ثمن وجبته.,حق وجباتنا .,ندفع حق وجباتنا.,واحد عشانا.,يخلص ماكلته بروحه.,يخلص وحدو.
326,كرسي بالصالة.,كرسى فى اللوبى.,الكرسي فالكولواغ.,على كرسي باللوبي.,الحتة اللي قدام الإستقبال.,كرسي باللوبي.,كرسي بالردهة.,عالكرسي بالردهة.,الكرسي في الممر .,كرسي في الطرقة.,كرسي بالردهة.,كرسي في اللوبي.,فالبهو ديال الفندق.,الكرسي في اللوبي.,كرسي في اللوبي.,كرسي في اللوبي.,كغسي بالبهو.,في البهو .,في بهو الفندق.,الكرسي في المراح.,كرسي في الردهة.,الكرسي باللوبي.,كرسي في اللوبي.,في الكلوار.,كرسي في الصاله.,كرسي في الاستقبال.
333,هي الينات لجنيهات.,الين دول لجنيهات.,هاذ الين لجنيهات.,من ين لجنيهات.,الينات دول لجنيهات.,الينات الى جنيهات.,هذا الين لجنيهات.,هال ين لجنيهات.,الين هضينا لجنيهات.,اللي معايا بجنيهات.,الينات لجنيهات.,لي جنيه.,الين لجنيهات.,الى جنيهات.,الين لجنيهات.,الينات إلى جنيهات.,الينات الى جنيهات.,الينات إلى جنيهات .,هاذي الينات الى جنيهات.,الين لجنيهات.,هذا الى جنيهات.,الين ل جنيهات.,من ين ل جنيهات.,اليان بالجنيه.,الي جنيهات.,من فضلك.
346,إذا سمحت.,لو سمحت.,من فضلك.,الجيبة، لو سمحت.,صغير، لو سمحت.,جيب، رجاءً.,القاموس، بلا زحمة.,عمول معروف.,الجيب، لو سمحت.,،لو سمحت .,صغير، لو سمحت.,الجيب لو سمحت.,الجيب، عافاك.,قد الجيب.,لو سمحت.,جيب، من فضلك.,الجيب، رجاءا.,من فضلك .,المخبى لو سمحت.,الجيب، عافاك.,اليد، لو سمحت.,لو سمحت.,لو سمحت.,في الجيب، يعيشك.,الجيب، من فضلك.,الجيب، عيشك.
360,الاسم واتانابي.,الإسم واتانابى.,تع العشية، باسم واتاناب.,الاسم واتاناب.,باسم واتانابي.,هوه واتانابي.,الاسم واتانايب.,هوي واتنابي.,الاسم هو واتانابي.,. الاسم واتانابي.,"الاسم هوة ""واتانابي"".",سبع. باسم واتانابي.,الاسم هو واتانابي.,بإسم واتانابي.,سبعة. باسم واتانبي.,الاسم واتانيبل.,هو واتانبي.,", الاسم وتاناب .",السبع، الاسم واتاناب.,. السمية هيا واتانابي.,الاسم واتانابي.,الاسم هوه واتناب .,الاسم هو وطنابي.,متاع العشية، باسم واتانابي.,سبعه. الاسم واتانابي.,السبعة. الاسم واتانابي.
368,سيكو رقمية.,سيكو رقمية.,ديجيتال سايكو.,من سيكو.,سايكو رقمية.,سايكو ديجيتال.,سيكو ديجتال.,سايكو رقمية.,سياكو ديجيتال.,سايكو رقميه.,سيكو ديجيتال.,ديجيتال سيكو.,سايكو الرقمية.,سأيكو رقمية.,و ديجيتال.,سيكو ديجيتال.,سايكو رقميي.,سيكو رقمية .,سايكو الرقمية.,كانت سيكو ديجيتال.,سيكو رقمية.,سيكو رقمية .,سايكو رقميه.,ديجتال سايكو.,سيكو رقميه.,نوع سايكو الرقمية.
370,كامل عن المشروبات يلي منقدمها بهالطيارة بدليل المعلومات تبع مجلتنا.,بنقدمها فى الرحلة دى موجود فى دليل معلومات المجلة بتاعتنا.,كاينة في هاذ الرحلة في دليل المعلومات تع المجلة تاعنا.,من الشراب على هاي الطيارة موجودة بمجلة المعلومات التوجيهية تبعتنا.,عندنا فى الرحلة هتلقيها فى دليل المعلومات فى المجلة بتاعتنا.,كامل بالمشروبات الي نقدملها بهاي الرحلة موجود بدليل المعلومات بمجلتنا.,المشروبات نقدمها على هاي الرحلة موجود بدليل المعلومات من مجلتنا.,المشروبات منقدمو على هالرحلة موجود بدليل المعلومات بالمجلة تبعنا.,نقدمو فيهن على الرحلة هضي قاعد في دليل المعلومات في مجلتنا.,اللي بنقدمها في رحلتنا موجوده في دليل المعلومات في مجلتنا.,منقدمها على هي الرحلة موجود بدليل المعلومات بمجلتنا.,اللي نوفرها في هالرحلة موجود في دليل المعلومات بمجلتنا.,المشروبات اللي كنقدمها فهاد الرحلة محلي في دليل المعلومات فمجلتنا.,التوجيهات عن المشروبات اللي نقدمها موجودة في المجلة.,على هاي الرحلة موجود في دليل المعلومات في مجلتنا.,البنوفرها في الرحلة دي موجودة في دليل المعلومة بتاع مجلتنا.,للمشروبات اللي نقدما على هذي الرحلة موجود بدليل المعلومات بمجلتنه.,نقدمها على رحلتنا موجودة في دليل المعلومات الخاص بمجلتنا .,نقدمها في هالرحلة موجود في دليل المعلومات في مجلتنا.,قدمو فهاد الرحلة كاين في دليل المعلومات ديال المجلة ديالنا.,اللي نقدمها على هذه الرحلة موجو بدليل التعليمات في مجلتنا.,اللي بنقدمها على هاي الرحلة رح يكون موجود بدليل المعلومات في مجلتنا.,اللي بنقدمها في هذه الرحله موجود بدليل المعلومات في حقنا المجله.,المقترحة على الرحلة هذه. في دليل المعلومات متاع المغازة متاعنا.,فيها في الطياره تلقاها في المجلة متاعنا جيهة المعلومات.,الي نسربيوها في الرحلة هاذي تلقاوه في جزء المعلومات في مجلتنا.
373,بهالمنطقة؟,من هنا؟,منا؟,بالمنطقة هون؟,فى الحتة دي؟,قريب منا؟,قريب منا؟,من هون؟,من هنا؟,من هنا؟,من هون؟,من هني؟,من هنا؟,عأيش هنا؟,ساكن هون؟,بي هنا؟,من هوني؟,من هنا ؟,من اهني؟,غير هنا؟,هنا؟,من هون؟,بتعيش هانا؟,من هوني؟,الجيهة هادي؟,من هوني؟
375,محل الهدايا؟,محل الهدايا؟,تع الهدايا؟,محل الهدايا؟,مكتبة الهدايا؟,محل الهدايا؟,محل الهدايا؟,محل الهدايا؟,محل الهدايا؟,محل الهدايا؟,محل الهدايا؟,محل الهدايا؟,كيبيع الهدايا؟,محل الهدايا؟,محل الهدايا؟,دكان الهدايا؟,محل الهدايا؟,الهدايا ؟,بيع الهدأيا؟,ديال الهدايا؟,متجر الهديا؟,محل الهدايا؟,محل الهدايا؟,حانوت الكادوات؟,دكان الهدايا؟,حانوت الهدايا؟
386,جنب مورو باي.,قريب من خليج مورو.,قريب من مورو باي.,قريب من المارو بايه.,قريب من خليج مورو.,يم خليج مورو .,يم مورو بأي.,حد خليج مورو.,قريب من مورو باي.,جنب خليج مورو.,قريب من خليج مورو.,عند مورو بي.,لقريب من خليج مورو.,قريب من خليج مورو.,واحد جنب خليج مورو.,جنب مورو بي.,قريب على خليج مارو.,بجانب خليج موروا .,واحد بقرب خليج مورو.,واحد حدا مورو باي.,بالقرب من خليج باي.,من خليج مورو .,واحد قريب خليج مورو.,واحد، بحذا مورو باي.,جنب مورو باي.,قريب لخليج مورو باي.
391,إذا سمحت.,من فضلك.,من فضلك.,لو سمحت.,لو سمحت.,منبه، رجاءً.,الجرس، بلا زحمة.,عمول معروف.,لو سمحت.,منبه .,إذا بتريد.,لو سمحت.,منبه، عافاك.,لو سمحت.,لو سمحت.,تنبيه، من فضلك.,منبه، رجاءا.,من فضلك .,لو سمحت.,منبه، عافاك.,لو سمحت.,لو سمحت .,لو سمحت.,فياقة، يعيشك.,لو سمحت.,من فضلك.
398,هيروشي إيجيما.,هيروشى إيجيما.,هيروشي ايجيما.,هيروشي ايجيما.,هيروشي ايجيما.,هيروشي ايجيما.,هيروشي ايجيما.,هيروشي ايجيما.,هيروشي ايجيما.,ايجيما .,هيروشي ايجيما.,هيروشي ايجيما.,هيروشي إيجيما.,هيروشي ايجيما.,هيروشي ايجيما.,هيروشي ايجيما.,هيروشي ايجيما.,هيروش إيجيما .,هيروشي ايجيما.,إيجيما .,هيروشي ايجيما.,هيروشي ايجيما.,هيروشي ايجيما.,هيروشي إيجيما.,هيروشي ايجيما.,هيروشي ايجيما.
401,ليك فوريست، ما؟,بحيرة فوريست، مش كدة؟,لاك فورست، ياك؟,بحيرة الغابة. مش هيك؟,لايك فورست، مش كدة؟,ليك فورست، مو؟,بليك فورست، مو؟,فورست، ما هيك؟,ليك فورست، صح؟,لاك فورست، مش كده؟,بليك فورست، صح؟,ليك فوريست صح؟,فبحيرة فوريست، ياك؟,بحيرة فوريست، صح؟,ليك فوريست، صح؟,ليك فورست، ول لا؟,بحيرة فوريست، مو تمام؟,", أليس كذلك ؟",بحيرة فورست صحيح؟,في لايك فوريست، ياك؟,غابة البحيرات، اليس كذلك؟,بحيرة فورست، صح؟,ليك فورست، او ماشي؟,ليك فورست، موش هكا؟,بحيرة فورست، و الا؟,البحيرة، موش هكا؟
408,أخطبوط وحبار.,أخطبوط وسبيط.,بيوفر و الكالامار.,الأخطبوط والحبار.,اخطبوط وسبيط.,اخطبوط وحبار.,الاخطبوط والحبار.,أخطبوط و حبار.,اخطبوط و حبار.,و سبيط .,أخطبوط و محار.,الاخطبوط والحبار.,الأخطبوط والحبار.,الاخطبوط و الحبار.,الأخطبوط و الحبار.,اخطبوط و حبار.,الاخطبوط والحبار.,الأخطبوط والحبار .,الاخطبوط والحبار.,الروطال و الكالامار.,الاخطبوط و الحبار.,و الحبار .,اخطبوط و حبار.,القرنيط و الكلامار.,الاخطبوط و الحبار.,القرنيط و السوبية.
416,ع شيكاغو، إذا سمحت؟,تانية لشيكاجو، لو سمحت؟,تذاكر بالدرجة الثانية لشيكاقو؟,الدرجة التانية، لو سمحت؟,تانية لشيكاغو، لو سمحت؟,ثانية لشيكاغو، رجاءً؟,الثانية لشيكاغو، بلا زحمة؟,عشيكاغو . عمول معروف؟,كلاس لشيكاغو، لو سمحت؟,درجة تانية لشيكاجو؟,على شيكاغو، إذا بتريد؟,ثانية لي شيكاغو؟,درجة ثانية لشيكاغو، عافاك؟,الدرجة الثانية على شيكاغو؟,تانية لشيكاغو، لو سحمت؟,الي شيكاغو، من فضلك؟,الثانية الى شيكاغو، رجاءا؟,"لشيكاغوا , من فضلك ؟",من الدرجة الثانية لشيكاجو؟,الثانية لشيكاغو، عافاك؟,سياحية لشيكاغو، لو سمحت؟,ل شيكاجو، لو سمحت؟,ل شيكاغو، لو سمحت؟,الدرجة الثانية لشيكاغو، يعيشك؟,تانيه لشيكاغو، لو سمحت؟,درجة ثانية لشيكاغو، يعيشك؟
419,ع نيويورك.,رحت نيويورك.,لنيويورك.,على نيويورك.,رحت نيويورك.,الى نيويورك.,لنيو يورك.,عنيويورك.,لنيويورك.,نيويورك .,على نيويورك.,نيويورك.,لنيويورك.,نيو يورك.,نيو يورك.,نيويورك.,الى نيويورك.,نيويورك .,رحت لنيويورك.,لنيو يورك.,لنيويورك.,نيويورك .,نيو يورك.,لنيويورك.,لي نيويورك.,لنويورك.
423,رقم الرحلة؟,رقم الرحلة؟,هاذ الرحلة؟,رحلة الطيران؟,رقم الرحلة؟,رقم الرحلة؟,رقم الرحلة؟,رقم الرحلة؟,رقم الرحلة؟,رقم الرحلة؟,رقم الرحلة؟,رقم الرحلة؟,رقم الرحلة؟,رقم الرحلة؟,رقم الرحلة؟,الرحلة كم؟,رقم الرحلة؟,الرحلة الجوية ؟,رقم الرحلة؟,رقم الرحلة؟,رقم الرحلة؟,رقم الرحلة؟,رقم الرحله؟,نومرو الرحلة؟,رقم الرحله؟,نومرو الطيارة؟
442,إذا سمحت.,من فضلك.,من فضلك.,لو سمحت.,لو سمحت.,لنيويورك، رجاءً.,بلا زحمة.,عمول معروف.,لو سمحت.,فضلك .,إذا ممكن.,لو سمحت.,لنيويورك، عافاك.,لنيو يورك.,لو سمحت.,من فضلك.,لنيويورك، رجاءا.,من فضلك .,من فضلك.,يورك، عافاك.,لو سمحت.,لو سمحت .,يورك، لو سمحت.,لنيويورك، يعيشك.,لو سمحت.,لنويورك، عيشك.
446,كم يوم.,أيام قليلة.,برك.,كم يوم.,ايام تقريباً كدة.,كم يوم.,يوم بس.,كم يوم.,هكي .,قليله .,كم يوم.,كم يوم.,شي أيام.,كم يوم.,من يوم.,أيام قليلة.,لشوية ايام.,قليلة .,جم يوم.,شي يامات.,أيام.,بس .,ايام قليله.,شوية أيام.,ايامات تقريبا.,ايامات.
447,عاليسار.,ناحية الشمال.,على اليسار.,على الشمال.,على الشمال.,على اليسره.,لليسار.,عالشمال.,على اليسار.,عالشمال .,عاليسار.,على اليسار.,على اليسار.,على اليسار.,على الشمال.,على الشمال.,على اليساغ.,اليسار .,الى اليسار.,على ليسر.,على اليسار.,للشمال .,على اليسار.,على الليسار.,علي اليسار.,الثانية عاليسار.
471,البطاقة، تمام؟,دة، أوكى؟,البطاقة، معليش؟,البطاقة، طيب؟,ده، ماشي؟,الكارت، ماشي؟,الكرت، اوكي؟,تمام؟,هضي، أوكي؟,.تمام كده؟,الكرت، تمام؟,البطاقة، اوكي؟,البطاقة، صافي؟,البطاقة، تمام؟,الكرت، منيح؟,دا، تمام؟,الكارت، ماشي؟,حسناً ؟,البطاقه، انزين؟,لاكارط، واخا؟,الكرت، اوك؟,البطاقة، تمام؟,الكرت، تمام؟,هذه، باهي؟,الكرت، تمام؟,هاذي، باهي؟
488,شي عيادة قريبة؟,فى عيادة قريبة؟,قريبة من هنا؟,عيادة قريبة من هون؟,في عيادة قريبة؟,اكو صيدلية قريبة؟,اكو هناك عيادة قريبة؟,في عيادة قريبة؟,في عيادة قريبة؟,ما فيش عيادة قريبه؟,في عيادة قريبة؟,في عيادة قريبة؟,كاين شي عيادة قريبة؟,في عيادة قريبة؟,في عيادة قريبة؟,في عيادة قريبة؟,الاستقبال؟ اكو عيادة قغيبي؟,يوجد عيادة قريبة ؟,في عياده جريبه مناك؟,كاين شي كلينيك قريب؟,فيه عيادة قريبة؟,في عيادة قريبة؟,هانا عياده قريبه؟,قريبة من هوني؟,عيادة قريبه من هنايا؟,مصحة قريبة؟
493,دولارات بالتكسي؟,هتكفى بالتاكسى؟,يكفو للطاكسي؟,دولار للتكسي؟,كفاية للتاكسي؟,تكفي تاكسي؟,كافية للتكسي؟,بتكفي لتاكسي؟,حيسدن للتاكسي؟,دولارات للتاكسي؟,دولار للتكسي؟,حق التكسي؟,كافية بالطاكسي؟,تكفي التاكسي؟,دولارات للتكسي؟,كفاية للتكسي؟,غاح تكفي بالتكسي؟,كافية للذهب بالتاكسي ؟,كافيا بسيارة أجرة؟,دولار في الطاكسي؟,كافية للتاكسي؟,يكفو بالتكسي؟,الدولار بالتكس؟,يكفيو لتكسي؟,ساده للتاكسي؟,يكفيو للتاكسي؟
503,هاد غريبة.,طعمه غريب.,غربية.,الطعم غريب.,طعمه غريب.,طعمه قوي.,ادري شلونه.,غريبة.,طعمته غريبة.,غريب .,غريبة.,غريب.,الأذواق غريبة.,غريب.,غريب.,طعموا غريب.,طعمو غريب.,غريب .,الاذواق غريبه.,ماذاقو غريب.,غريب.,غريب .,طعمه غريب.,غريب.,غريبه.,غريب.
512,أجبلك واحد.,هجيبلك واحد.,دوك نجيبلك.,أجبلك وحدة.,هجيبلك واحد.,اجيبلك واحد.,اجيب واحد الك.,جيب واحد كرمالك.,حنجيبلك واحد.,جبت واحد ليك .,جبلك واحد.,لك واحد.,نجيب واحد ليك.,واحد لك.,أجيبلك واحد.,ليك واحد.,اجيب ويحد الك.,احضر لك واحدة .,واحد لك.,نجيب ليك واحد.,لك واحد.,اجيبلك وحدة .,ادي لك واحده.,باش نجيبهولك.,انجيبلك واحد.,نجيبلك وحدة.
516,إذا سمحت.,من فضلك.,من فضلك.,لو سمحت.,لو سمحت.,بطل، رجاءً.,بلا زحمة.,عمول معروف.,لو سمحت.,فضلك .,إذا سمحت.,لو سمحت.,زجاجة، عافاك.,نص علبة.,لو سمحت.,من فضلك.,بطل، رجاءا.,من فضلك .,لو سمحت.,قرعة، عافاك.,لو سمحت.,سمحت .,لو سمحت.,دبوسة، يعيشك.,لو سمحت.,دبوزة، عيشك.
540,مو غالية.,مش غالية بس.,ماشي غالية بزاف.,اشي مش غالي.,متكنش غالية.,شي مو غالي.,شي مو غالي.,شي مش غالي.,حاجة مش غالية.,بس ماتكونش غاليه .,مو غالي.,مو غالي.,حاجة ماشي مكلفة.,مو غالي.,اشي مش غالي.,حاجة ما غالية.,شي ما غالي.,غير غالي الثمن .,شي مب غالي.,حاجة ماتكونش غالية.,غير غالي فقط.,اشي مش غالي.,حاجه مش غاليه.,حويجات موش غاليين.,مش غاليه.,غالية و برا.
548,على شي؟,على حاجة؟,حاجة مخصصة؟,بتستنى اشي؟,على حاجة؟,على شي؟,على شي؟,عشي؟,في حاجة؟,على حاجه؟,على شي؟,شي؟,شي حاجة؟,على شيء؟,على اشي؟,لحاجة؟,على شي؟,شيء ما ؟,عن شي؟,شي حاجة؟,على شيء؟,على اشي؟,على حاجه؟,حاجة معينة؟,في حاجه؟,في حاجة؟
551,ليالي.,ليالى.,ليالي.,ليالي.,ليالي.,ليالي.,ليالي.,ليالي.,ليلات.,ليالي .,ليالي.,ليالي.,ليالي.,ايام.,ليالي.,ليالي.,ليالي.,ليالي .,ليلات.,ديال ليلات.,ليالي.,ليالي .,ليالي.,ليلات.,ليالي.,ليالي.
553,جرابات.,شرابات.,تقاشر.,شوية جرابات.,شوية شرابات.,كم جوراب.,جواريب.,كلسات.,شوية شخاشير.,شرابات .,شوية جرابات.,دلاغات.,لشي تقاشر.,شراريب.,شوية جرابات.,بعض الجوارب.,شويه جويغب.,الرجالي .,بعض الزلاغات.,ل تقاشر.,شرابات.,جرابات .,شويه شرابات.,بقلاسة.,شوية شخاشير.,بشوية كلاسط.
565,في شوية وسخ؟,فى شوية بقع؟,علاجال كاين بقع؟,هون عليها شوية بقع؟,كدة علشان عليها بقع؟,اكو كم بعقة؟,لان اكو بكع؟,لأنو في شوية؟,فيه لطاعي؟,هناك شويه بقع؟,عليه شوية وسخ؟,لأن فيها بقع؟,كاين فيه شي بقع؟,فيه بقع؟,عليها شوية بقع؟,هناك بعض البقع؟,علينو شوية بقع؟,بعض البقع بها ؟,فيه جم بقعه عليه؟,كاينين شي طبايع؟,فيه بعض البقع؟,لانو عليه شوية بقع؟,به شويه بقع؟,حيتو مبقع؟,لانه فيها شوية بقع؟,سومو خاترو مبقع؟
571,انتبهت أنو جزداني اختفى.,لاحظت ان محفظتى اختفت.,محفظة النقود ديالي ضاعت.,لاحظت أنه محفظتي انسرقت.,وبعديها ملقتش محفظتي.,شفت المحفظة مالتي ماكو.,شفت جوزداني اختفى.,لاحظت إنو محفظتي راحت.,أن جزداني راح .,بالي ان المحفظة راحت .,لاحظت انو جزداني انسرق.,ان بوكي اختفى.,داكشي لاحظت مشاتلي محفظتي.,وبعدها محفظتي اختفت.,اكتشفت انه جزداني انسرق.,لاحظت ان محفظتي ذهبت.,انه محفضتي كن اختفت.,أن محفظتي قد سرقت .,لاحظت ان البوك اختفي.,لاحظت بلي البزطام ديالي مشا.,لاحظت محفظتي اختفت.,انو محفظتي اختفت .,انه محفظتي أختفت.,الي ستوشي ضاع.,لاحظت ان تزداني اختفى.,اللي صتوشي ما فماش.
599,بكفي لرحلة تلات أسابيع.,كفاية لرحلة تلات أسابيع.,لي يكفو لثلاث أسابيع.,تكفيني لرحلة مدتها ثلاث أسابيع.,التلات اسابيع ولا لا.,لرحلة مال تلث أسابيع.,كافيه لسفرة تلث أسابيع.,لرحلة مدتها تلات أسابيع.,لرحلة بتاع ثلاث أسابيع.,لبس يكفيني تلات تيام .,منيح لرحلة تلات أسابيع.,رحلة مدتها ثلاث اسابيع.,كافين لرحلة ديال ثلاثة أسابيع.,لرحلة أبو تلاتة أسابيع.,كفاية لرحلة تلات أسابيع.,كافية لي رحلة تلاته اسابيع.,تكفي لرحلة ثلاث اسابيع.,كافية لرحلة مدتها ثلاثة أيام .,بتيزي حق ثلاث أسابيع.,لرحلة تلاتة السيمانات .,لرحلة مدتها ثلاث أسابيع.,ل رحلة ثلاث اسابيع .,ملابس لرحله ثلاث أسابيع.,كافي لخرجة بثلاثة جمعات.,تسدني لرحلة تلاتة أسابيع.,لميتهم يكفيو تلاثة جمعات.
612,نبيذ أبيض.,نجرب نبيذ أبيض.,نجربوا النبيذ الأبيض.,نجرب الخمر الأبيض.,نجرب نبيت أبيض.,النبيذ الأبيض.,نجرب خمر ابيض.,نبيد أبيض.,نجربو نبيذ أبيض.,النبيت الابيض .,نبيت أبيض.,واين ابيض.,النبيذ الأبيض.,النبيذ الابيض.,نبيد أبيض.,خمرة بيضاء.,خمر ابيض.,أجرب النبيذ الأبيض .,النبيذ الأبيض.,النبيذ الأبيض.,نبيذ ابيض.,النبيذ الابيض .,النبيذ الابيض.,الشراب الابيض.,النبيذ الابيض.,شراب ابيض.
631,قلون أني بكون بالكافيه.,إنى هكون فى الكوفى شوب.,قولوهم بلي راني فالقهوة.,اني راح أكون بالكوفي شوب.,انا فى الكوفي شوب.,اني راح أكون بالكهوه.,الهم انا رايح للكهوة.,إنو رح كون بالقهوة.,قوللهم حنقعد في الكافي.,حأكون موجود عالقهوة .,إني رح كون بالقهوة.,انا في الكوفي شوب.,قول ليهم غنكون فالمقهى.,قلهم حكون في المقهى.,أكون في الكوفي شوب.,كلمهم اني في المقهى.,قلولم غاح اكون بالجيخانه.,سوف أكون بالمقهى .,انا موجود في المقهي.,ليه أنا في القهوة.,اني بكون في المقهى.,احكيلهم اني بالقهوة .,انا شا اكون في الكافيه.,الي انا في القهوة.,قوللهم حنكون في القهوه.,قلو راني في القهوة.
632,بالجيب الجواني للمانطو تبعي.,الجيب اللى جوة البالطو بتاعى.,الدخلاني تع المونطو ديالي.,بالجيبة جوا كبوتي.,البالطو بتاعي من جوة.,الداخلي بالكبوط مالتي.,الداخلي مال كوتي.,بالجيبة الجوانية تبع كبوتي.,في الجيب الجواني لكبوطي.,الجواني بتاع البالطو بتاعي .,بجيبة المانطو الجوانية.,في جيب كوتي الداخلي.,الداخلي ديال المعطف ديالي.,الداخلي في معطفي.,الجيبة الجوانية للكبوت.,الداخلي بتاع الجاكيت بتاعي.,بالجيب الداخلي لكبوطي.,بالجيب الداخلي للمعطف .,بوك معطفي الداخلي.,فالجيب الدخلاني ديال كبوطي.,الجيب الداخلي في معطفي.,بالجيبة جوا كبوتي.,الداخلي في الكوت حقي.,الجيب الدخلاني متاع الكبوت.,الجيب الدخلاني متاع كبوطي.,الجيب الدخلاني متاع كبوتي.
641,يلي عم تتصل فيها؟,الطرف اللى بتكلمه؟,لي راك حاب تتصل بيه؟,للجهة اللي بتتصل فيها؟,الشخص اللى هتكلمه؟,الي تريد تتصل بيها؟,للطرف الي راح تخابره؟,رقم الشخص يلي عمبتدقله؟,الطرف الي تكلم فيه؟,رقم الشخص اللي هتكلمه؟,يللي بدك تتصل فيه؟,الشخص اللي تكلمه؟,الجهة لغادي تتاصل بيها؟,اللي انت داق عليه؟,الحفلة يلي بدك ياها؟,الشخص الانت متصل ليه؟,الجهة اللي عتتصل علينا؟,الذي تريد الاتصال به ؟,الشخص الذي تتصل به؟,الشخص للي تاتعيط ليه؟,للشخص اللي تدق عليه؟,الشخص اللي بتتصل عليه؟,الجهه اللي بتتصلو بها؟,الشخص الي باش تكلمه؟,الجهة الي انت تكلم فيها؟,الي بش تتصل بيه؟
643,أشتري غراض شخصية ضرورية؟,أشترى حبة ضروريات شخصية أساسية؟,لي شراء الأغراض الشخصية؟,أشياء من الضروريات الشخصية الأساسة؟,اشتري حاجاتي الشخصية الضرورية؟,بعض الحاجات الشخصية الأساسية والضرورية؟,اشتري شوي ضروريات شخصية أساسية؟,لإشتري شوية غراض شخصية؟,شوية احتياجات أساسية شخصية؟,اشتري حاجات شخصية اسايه؟,من حاجاتي الضرورية الشخصية؟,عشان اشتري بعض الضروريات؟,شي ضروريات شخصية أساسية؟,اشتري حاجاتي الشخصية؟,عشان أشتري احتياجاتي الأساسية؟,عشان اشتري بعض الضروريات الشخصية؟,اشتغي شويه حاجات شخصيي ضروريي؟,بعض الاحتياجات الشخصية الأساسية ؟,بعض الضروريات الشخصية الأساسية؟,تخلص ليا الحوايج الضرورية؟,الأغراض الأساسية الشخصية الضرورية؟,أشتري شوية أغراض شخصية؟,لشروة احتياجاتي الشخصية؟,شراء حوايجي الشخصية؟,نشري شوية حاجات شخصية؟,مستلزمات شخصية لازم نشريهم؟
650,مع حمام.,أوضة بحمام.,لي فيها بينواغ.,مع حمام.,أوضة بحمام.,بيها حمام.,بيها حمام.,مع دوش.,مع حمام.,بحمام .,مع حمام.,فيها حمام.,فيها حمام.,مع حمام.,مع حمام.,غرفة بحمام.,مع حمام.,بحمام .,مع حمام.,معاه دوش.,غرفة بحمام.,حمام .,مع حمام.,فيها بانو.,فيها بانيو.,فيها بانو.
652,من الماكينة؟,من المكنة؟,من الجهاز؟,انتاج من الآلة؟,من المكنة؟,من المكينة؟,من المكينة؟,طلع من المكنة؟,من الآلة؟,من المكنه ؟,من المكنة؟,من المكينة؟,من الجهاز؟,من الجهاز؟,من الماكنة؟,طالعة من الآلة؟,من المكينة؟,الماكينة شيء .,من الجهاز؟,خرجات من الماكينة؟,طلع من الالة؟,طلع من الجهاز؟,من المكينه؟,من الماكينة؟,من الماكينه؟,شئ مالماكينة؟
667,خمسطعش دقيقة. طيب. بقدر زبطلك طيارة تانية.,خمستاشر دقيقة. تمام. أنا ممكن أرتبلك رحلة تانية.,خمسة عشر دقيقة. ايه. نقدر نصيبلك رحلة واحدوخرا.,خمسطعشر دقيقة. على العموم. أنا بقدر أرتبلك رحلة تانية.,ربع ساعة فاتت. خلاص، انا انا هظبطلك طيارة تناية.,خمسطعش دقيقة. ماشي. ممكن ارتبلك رحلة أخرى.,خمصطعش دقيقة. ميخالف. اكدر ارتبلك رحلة ثانية.,من خمستعشر ديقة. تمام. فيي دبرلك رحلة تانية.,طاشر دقيقة. تمام. توا انسق في رحلة أخرى لك.,على الى حال انا اقدر ارتب رحلة جديدة عشانك .,ربع ساعة. مو مشكلة. فيني دبرلك رحلة تانية.,خمسطعش دقيقة. اقدر ارتب لك رحلة ثانية.,عشر دقيقة. واخا. يمكنلي نرتب ليك رحلة أخرى.,ربع ساعة. على كلٍ اقدر ارتبك رحلة جديدة.,ربع ساعة. طيب. بقدر أزبطلك رحلة تانية.,دقيقة. كلو تمام. ممكن أنظم رحلة ثانية.,خمسطعش دقيقة. مليح. اطيق ارتبلك رحلة غيغا.,عشرة دقيقة . حسنا . بإمكاني تنظيم رحلة أخرى .,خمسة عشر دقيقة. زين. ممكن ارتبلك رحلة اخرى.,خمسطاش دقيقة. واخا. نقدر نصايب ليك رحلة خرا.,عشر دقيقة. طيب. اقدر ارتب لك رحلة ثانية.,ربع ساعة . مش مشكلة، رح ارتبلك برحلة ثانية.,خمسطعشر دقيقه. تمام. اقدر ارتب لك لرحله ثانيه.,ربع ساعة. باهي. تو نارالك رحلة اخرى.,دقيقة فاتت. لكن تمام. نقدر نرتبلك رحلة تانيه.,خمستاشن دقيقة. باهي انجم انحطك في رحلة اخرى.
673,فتحلي طردي.,الطرد بتاعى.,الطرد ديالي.,الطرد البريدي.,الطرد بتاعي.,الطرد مالتي.,الطرد مالتي.,فضالي الطرد.,الحزمة بتاعي .,الطرد بتاعي .,فتحلي طردي.,فتح طردي.,الحزمة ديالي.,فتح محفظتي.,فضالي الصندوق.,فك حزمتي.,الطرود مالتي.,الخاص بي .,بطل طردي.,الرزمة ديالي.,الطرد حقي.,الطرد تبعي .,حقي الطرد.,حلي جوابي.,الطرد متاعي.,الكولي متاعي.
679,أنت هون، عكل حال.,هنا، على كل حال.,مادام راك هنا.,هون، على كل حال.,العموم، انت هنا.,هنا على أي حال.,هنا، على كل حال.,هون، عكل حال .,هنا، على كل حال.,هنا، على اى حال .,هون، على كل حال.,انت هني.,على أي حال.,هنا، على كل حال.,هون، على كل حال.,هنا، على كل حال.,هوني، على كل حال.,هنا ، على أية حال .,اهني على أي حال.,هنا، على كل حال.,هنا، على كل حال.,على كل حال .,قدك هانا، بكل الأحوال.,مادامكم هوني.,هنايا، في جميع الاحوال.,هوني، على كل.
680,رقم واحد تنين تلاتة.,رقم واحد اتنين تلاتة.,رقم واحد، اثنان، ثلاثة.,رقم واحد اتنين تلاتة.,رقم واحد اتنين تلاتة.,رقم واحد اثنين تلاثة.,رقم واحد اثنين تلاثة.,واحد تنين تلاتة.,واحد اثنين ثلاثة.,تلاته و عشرين .,رقم واحد اتنين تلاتة.,مية وثلاثة وعشرين.,رقم واحد جوج ثلاثة.,رقم واحد اثنين ثلاثة.,واحد اتنين تلاتة.,رقم واحد اتنين تلاتة.,رقم ميي وثلاثي وعشين.,رقم واحد اثنان ثلاثة .,رقم واحد اثنين ثلاثة.,واحد جوج تلاثة.,واحد اثنين ثلاثة.,واحد اثنين ثلاثة .,واحد اثنين ثلاثة.,واحد، اثنين، ثلاثة.,واحد اتنين تلاته.,و تلاثة و عشرين.
681,أشتري شامبو.,أشترى شامبو.,نشري شامبوان.,أشتري شامبو.,اشتري شامبو.,اشتري شامبو.,اشتري شامبو.,إشتري شامبو.,نشري شامبو.,شامبو .,اشتري شامبو.,اشتري شامبو.,نشري الشامبوان.,اشتري شامبو.,أشتري شامبو.,اشتري شامبوه.,اشتغي شامبو.,شامبو .,اشتري شامبو.,نشري شامبوان.,اشتري شامبو.,شامبو .,اشتري شامبو.,نشري الشمبوان.,نشري شامبو.,نشري شمبوان.
683,نوصل عالمركز المدني؟,نوصل لمركز المدينة؟,نوصلوا لوسط المدينة؟,نوصل على مركز المدينة؟,لمركز الخدمات المدنية؟,نوصل للمركز المدني؟,نوصل لسيفيك سنتر؟,على سنتر السيفيك؟,نوصلو للوسط المدني؟,لمركز الخدمات المدنية؟,على السيفيك سينتر؟,نوصل سيفيك سنتر؟,نوصلو للمركز المدني؟,نوصل المركز المدني؟,على المركز المدني؟,الي مركز مدني؟,نصل للمركز المدني؟,إلى مجمع الخدمات العامة .,عند المركز المدني؟,منين نوصلو للمركز المدني؟,نوصل للمركز المدني؟,نوصل المركز المدني؟,نوصل مركز سيفيك؟,نوصلو لسنتر سيفيك؟,نوصلو للمركز المدني؟,نوصلو للمركز المدني؟
688,أقرب قصاب؟,أقرب جزار؟,القريب من هنا؟,أقرب لحام؟,أقرب جزار؟,اقرب قصاب؟,الكصاب الاقرب؟,أقرب لحام؟,أقرب جزار؟,أقرب جزار؟,أقرب لحام؟,اقرب قصاب؟,أقرب جزار؟,اقرب جزار؟,أقرب لحام؟,أقرب جزار؟,اقغب قصاب؟,محل جزارة ؟,اقرب جزار؟,أقرب كزار؟,اقرب ملحمة؟,اقرب لحام؟,أقرب جزار؟,أقرب جزار؟,أقرب جزار؟,اقرب جزار؟
703,من أول آب.,ليالى من أول أغسطس.,ليالي من الأول أوت.,ليالي من واحد أغسطس.,اول يوم واحد في شهر اغسطس.,من بداية شهر آب.,ليالي من اول آب.,من أول آب.,من واحد ثمانية.,من اول اغسطس .,إبتداءً من واحد آب.,من واحد اغسطس.,ابتداء من الأول غشت.,من بداية اغسطس.,من أول أغسطس.,من الأول من أغسطس.,اول يوم بشهغ اب.,بدءاً من أول أغسطس .,بداية من اول أغسطس.,من اللول ديال غشت.,من اول أغسطس.,من واحد ثمنية .,ليالي من أول أغسطس.,من واحد أوت.,من يوم واحد أغسطس.,ابتداءا من واحد اوت.
708,هديك الوردة؟,الوردة دى؟,هاذ الزهرة؟,هاي الوردة؟,الوردة دي؟,هذا الطابق؟,ذيج الزهرة؟,إسم هالزهرة؟,الوردة هضكي؟,الورده ديه؟,هديك الزهرة؟,هذيج الوردة؟,ديك الوردة؟,ديك الزهرة؟,هديك الوردة؟,ديك شنو؟,هذيك الوغداي؟,الوردة ؟,ذيج الزهره؟,هاديك الوردة؟,هذيك الزهرة؟,هاي الوردة؟,هذيك الورده؟,الوردة هذه؟,الورده هديكا؟,النوارة هاذي؟
719,احترام كبار السن.,احترام كبار السن.,تاع الإحترام للأشخاص المسنين.,يوم احترام المسنين.,احتراماً ليوم لبلوغ الشباب.,يوم احترام المسنين.,يوم احترام الشياب.,يوم لإحترام المسنين.,يوم احترام للمسنين.,يوم احترام العواجيز .,احترام الكبار بالسن.,يوم احترام كبار السن.,هو يوم الاحترام للشيخوخة.,يوم الاحترام للشيخوخة.,يوم احترام الشيخوخة.,يوم احترام للمسنين.,هو يوم احترام للشيخوخه.,يوم احترام المسنين .,يوم الاحترام للشيخوخة.,يوم الاحترام للعجزة.,هو يوم احترام الكبير.,الاحترام- للكبار .,يوم احترام المسنين.,احترام الرجال الكبار.,احترام كبار العمر.,احترام المسنين.
723,صابون بغرفتي.,فى أوضتى.,في غرفتي.,في الغرفة.,الأوضة بتاعتي.,صابون بغرفتي.,صابون بغرفتي.,صابون بأوضتي.,في داري.,أوضتي .,صابون بغرفتي.,مافيها صابون.,الغرفة ديالي.,في غرفتي.,في غرفتي.,في غرفتي.,صابون بغرفتي.,في حجرتي .,في غرفتي.,الصابون فبيتي.,في غرفتي.,بغرفتي .,في غرفتي.,في بيتي.,في داري.,في بيتي.
741,آخدو مشان هالطفح؟,أخدها للطفح الجلدى؟,باش نداوي الاحمرار؟,عشان هاد الطفح الجلدي؟,للطفح الجلي ده؟,لهذا الطفح الجلدي؟,لهذا الطفح الجلدي؟,كرمال هالطفح الجلدي؟,ناخذها للحساسية هضي؟,اخدها علشان الطفح الجلدي؟,لعلاج هاد الطفح؟,استخدمه حق هالحبوب؟,نديرها لهاد الطفح الجلدي؟,عشان الطفح الجلدي؟,أخدو لهدا الحب؟,ممكن اخده للطفح دا؟,اخذو لهذا الطفح الجلدي؟,أتعاطه للطفح الجلدي ؟,اسويه لهالطفح الجلدي؟,حاجة لهاد الطفح الجلدي؟,اقدر اخذه لهذه الحكة؟,عشان هاي العجقة؟,اشله ل هذا الطفح؟,للتهرية هذه؟,ناخدها للطفح هدا؟,ناخذو لها الحزاز؟
742,للي قلتو هلئ؟,انت لسة قايله حالا؟,حساب واش قتليي دوكا؟,انت حكيته هلأ؟,زى مانت قولت؟,الي كلته هسه؟,شنو كلت توك؟,للشي يلي قلتو؟,للي قلته توا؟,انتي لسه قايله دلوقتي؟,قلته بطريقة تانية؟,مثل ما قلتها؟,اللي قلتي دابا؟,قلتها قبل شوية؟,حكيت هلأ؟,الي القلته الان؟,اللي هسا قلتو؟,لما قلته للتو ؟,ما قلت للتو؟,باش قلت هادشي؟,اللي قلته قبل شوي؟,اللي قلته هلا؟,للذي عادك قلتهن؟,تبدلو باللي قلتهولي؟,التعبير للي قلته توا؟,الي قلتو توا؟
761,يطول ليطلب؟,إيه للطلب؟,باش ندير طلب؟,عشان ياخد الطلب؟,علشان أطلب؟,حتى اطلب؟,يطول للطلب؟,رح ياخد ليطلب؟,عشان تطلب؟,علشان اطلب حاجه؟,وقت لأطلب؟,الوقت للطلب؟,غياخد هادشي؟,نقدر نطلب؟,بياخد وقت؟,كم للطلب؟,وقت حتى تطلب؟,تطلب ؟,عشان اخذ الطلب؟,يخص باش يتدار الطٓلٓب؟,عشان اطلب؟,بدو وقت؟,وقت الطلب؟,باش نكمنديو؟,باش نقدر نطلب؟,بش نعدي كماندة؟
773,شوي، إذا سمحت؟,شوية، من فضلك؟,شوية، من فضلك؟,شوي، لو سمحت؟,لو سمحت؟,اعلى شويه، رجاءً؟,اعلى، بلا زحمة؟,معلي صوتك، عمول معروف؟,شوية، لو سمحت؟,تتكلم بصوت أعلى؟,شوي، إذا سمحت؟,بصوت اعلى؟,عالي شوية، عافاك؟,شوية، لو سمحت؟,لو سمحت؟,شوية، من فضلك؟,اعلى، رجاءا؟,سوف أضعها في الحقيبة لك .,ترفع صوتك شوي؟,بالغوات، عافاك؟,لو سمحت؟,شوي، لو سمحت؟,شويه، لو سمحت؟,عالي، يعيشك؟,شويه، لو سمحت؟,شوية، عيشك؟
777,قبل ما يطلع؟,قبل ما يخرج؟,باش يخرج؟,قبل ما تطلع؟,قبل ما يطلع؟,قبل لا تطلع؟,قبل لا يطلع؟,قبل ما يطلع؟,ما تطلع؟,قبل ما يخرج؟,حتى يطلع؟,ما يطلع؟,قبل ما يخرج؟,لين يخرج؟,قبل ما تجهز؟,يكون قبل يطلع؟,قبل ما يخرج؟,تصبح متاحة .,قبل لا يطلع؟,يكون قبل ما يخرج؟,قبل ما تطلع؟,قبل ما يطلع؟,قبل ما يخرج؟,باش يخرج؟,قبل ما تطلع؟,و يخرج؟
786,المعلومات الرياضية؟,المعلومات الرياضية؟,المعلومات الرياضية؟,معلومات الرياضة؟,معلومات الألعاب؟,معلومات الرياضة؟,المعلومات الرياضية؟,معلومات الرياضة؟,معلومات الرياضة؟,معلومات الرياضة؟,معلومات الرياضة؟,استعلامات الرياضة؟,المعلومات الرياضية؟,المعلومات الرياضية؟,معلومات الرياضة؟,معلومات الرياضات؟,معلومات الرياضة؟,الرياضية ؟,المعلومات الرياضية؟,أخبار الرياضة؟,المعلومات الرياضية؟,المعلومات الرياضية؟,معلومات الرياضة؟,المعلومات الرياضية؟,المعلومات الرياضيه؟,اخبار الرياضة؟
787,عليه قياس عادي، بيمشي.,بتسميه مقاس عادى، هينفع.,تسميها كلاسيك، توالم.,المقاس العادي، راح أخده.,مقاس عادي. هيأدي الغرض.,حجم عادي يفي بالغرض.,قياس عادي، راح تسوي.,حجم عادي، بيمشي .,فيه مقاس عادي، حيدير.,الحجم العادي . .يؤدي الغرض .,العادي، بيظبط.,تسميه اعتيادي، يصلح.,قلتي حجم العادي، غاتدير.,عنه مقاس عادي، حيناسب.,القياس العادي، بيزبط.,مقاس منتظم، ح يعمل.,حجم منتظم، غاح نعمل.,، سوف تجده هنا .,قال الحجم العادي، بسويه.,ليه القياس العادي، غادي يدير.,تسميه المقاس العادي، بنسويه.,حجم عادي، اعملو .,مقاس عادي، يفي بالغرض.,تقولو عليها قديمة، تقضي.,مقاس عادي، حيكون مناسب.,قياس عادي، يساعدني.
793,الجولة، وإيمت؟,فين، وإمتى؟,تخلاص الرحلة؟,الرحلة، ومتى؟,و إمتى؟,الجولة ووين؟,الجولة، ويمتى؟,تنتهي، و أمتين؟,و امتى؟,و فين؟,و إيمتا؟,الجولة؟ ومتى؟,نهاية الجولة، وفوقاش؟,الجولة، ومتى؟,الجولة، و ايمتا؟,تنتهي، و متين؟,الجولة وايمتي؟,، ومتى ؟,الجولة؟ ومتى؟,الدورة؟ و وقتاش؟,و متى؟,الجولة، و متى؟,الجوله، ومتى؟,توفا الخرجة؟,و امتى؟,و وقتاش؟
848,لحتى أوصل ع إدينبيره؟,علشان أوصل لإدنبره؟,باش نروح لإدينبره؟,عشان أوصل لادنبرة؟,فين علشان اروح ايدنبره؟,حتى أوصل ادنبره؟,حتى أوصل لادنبرة؟,التران لأوصل عادنبرة؟,عشان نوصل لادنبره؟,علشان اوصل ادنبرة ؟,حتى أوصل على إدنبره؟,عشان اروح إدنبره؟,باش نوصل لأدنبره؟,عشان اوصل ادنبره؟,عشان أوصل لايدنبيره؟,عشان اوصل ادينبيره؟,حتى اصل لادنبره؟,الذي يوصلني إلى إدنبره ؟,عشان أوصل حق ادنبره؟,باش نوصل ل إيدينبره؟,حتى أوصل ادنبره؟,حتى أوصل ل ادنبره؟,عسب اوصل ايدنبره؟,باش نوصل لأدينبره؟,باش نمشي لي إدنبره؟,بش نمشي لادينبرا؟
855,بصندوق ودائع.,دة فى صندوق امانات.,هذا فصندوق امانات.,في صندوق حفظ أمانات.,في صندوق امانات.,بصندوق أمانات.,بصندوك تأمين آمن.,بصندوق الأمانات .,في صندوق ودائع.,ايداع امن .,بصندوق امانات.,في صندوق أمانات.,فصندوق ودائع آمن.,في صندوق امانات.,في صندوق أمانات.,صندوق ايداع امن.,بصندوق امانات.,صندوق ودائع آمن .,في صندوق امانات.,في صندوق ودائع.,في صندوق امانات.,بصندوق امانات .,بصندوق امانات.,في صندوق امانات.,في صندوق ودائع.,صندوق امانات.
859,أصرف مصراتي؟,فلوسى فين؟,نبدل الدراهم؟,أصرف فلوسي؟,فلوس فين؟,اصرف فلوسي؟,اصرف فلوسي؟,أصرف مصرياتي؟,نغير فلوسي؟,اغير فلوسي؟,اقلب مصريي؟,اصرف فلوسي؟,الفلوس ديالي؟,اغير فلوسي؟,أغير المصاري؟,أبدل قروش؟,احول فلوسي؟,نقودي ؟,اصرف بيزاتي؟,الفلوس ديالي؟,اغير فلوسي؟,المصاري اللي معي؟,اصرف زلطي؟,نبدل فلوسي؟,نصرف فلوسي؟,نصرف فلوسي؟
897,عدا الغالية، بالباص؟,الحاجات الغالية، فى الأتوبيس؟,ندو غير الحاجات المهمين؟,الأشياء الغالية، في الباص؟,الحاجات القيمة، فى الاتوبيس؟,باستثناء الثمنية بالباص؟,ألي الها قيمة، بالباص؟,عدا الإشيا الغالية، بالباص؟,الحاجات الغالية، في الحافلة؟,الاتوبيس، ماعدا الحاجات المهمه؟,عدا الغراض الغالية، بالباص؟,الأغراض الغالية، في الباص؟,الحاجات الغالية، في الطوبيس؟,مو الغالية، ف الباص؟,عدا الغالية، في الباص؟,القيمة، في البص؟,عدا القيمي، بالباص؟,الأشياء القيمة في الحافلة ؟,الأشياء الثمينة، في الحافلة؟,داكشي لي غالي، في الحافلة؟,الثمينة، في الباص؟,عدا الغالية، بالباص؟,الحاجات الثمينه، في الباص؟,الكار، الى الحوايج الغالين؟,غيرالحاجات الغاليه، في الباص؟,الحجات الثمينة، في الكار؟
902,ع فاتورتي مشان إيش.,فاتورتى دة بتاع إيه.,واش هاذ التكاليف.,هاد المصروف على فاتورتي.,بتاعتي دي على ايه.,الفاتوره مالتي مال شنو.,هاي الفلوس الزايدة بالفاتورة.,على فاتورتي .,فاتورتي هضا لشنو .,في الفاتورة علشان ايه.,على فاتورتي لشو.,مكتوب في الفاتورة.,الحساب فالفاتورة ديالي.,حقت أيش.,يلي بفاتورتي لشو.,تلفوني لي شنو.,الرسم على فاتورتي.,الزائدة على فاتورتي .,زيادة على فاتورتي.,لي في الفاتورة ديالي.,على فاتورتي لاي شيء.,الي على الفاتورة .,القيمه اللي بالفاتوره.,متاع شنوة.,هدا الي في الفاتورة.,اللي عالفاتورة.
917,خمسين دولار.,خمسين دولار.,خمسين دولار.,خمسين دولار.,خمسين دولار.,خمسين دولار.,خمسين دولار.,دولار .,خمسين دولار.,دولار .,خمسين دولار.,خمسين دولار.,خمسين دولار.,خمسين دولار.,خمسين دولار.,خمسين دولار.,خمسين دولار.,خمسون دولاراً .,خمسين دولار.,خمسين دولار.,خمسين دولار.,دولار .,خمسين دولار.,خمسين دولار.,خمسين دولار.,خمسين دولار.
941,اش المشكلة.,إيه المشكلة.,واش هي الغلطة.,اللي كان غلط.,اللي كان غلط.,شنو الخطأ.,شنو جان الخطأ.,اللي كان غلط.,كان الغلط.,كان غلط .,كانت المشكلة.,كان غلط.,ليكان غلط.,اللي كان غلط.,كان الغلط.,غلط شنو.,اشنو كان غلط.,كان الخطأ . ؟,هو الغلط.,كان المشكل.,كان الخطأ.,كان الغلط .,ما كان الغلط.,كونه كان غالط.,صار غلط.,كانت المشكلة.
957,بس بعتذر بدي أتأخر نص ساعة.,الليلة دى. بس آسف هوصل نص ساعة متأخر.,ونص. سامحني، نوصل متأخر بنص ساعة.,بس أنا آسف راح أوصل متأخر نص ساعة.,بليل. بس معلش انا هاجي نص ساعة متأخر.,بس اني راح أوصل نص ساعة متأخر.,المغرب. بس متأسف راح أوصل نص ساعة متأخر.,بس بعتذر إنو رح أوصل مأخر نص ساعة.,الليلة. لكن أسف حنوصل نص ساعة متأخر.,الليله ديه . بس اسف حاتأخر نص ساعة.,بس بدي اعتذر رح اتأخر نص ساعة.,المسا. مسامحة بس بتأخر نص ساعة.,الليلة. ولكن أنا متأسف حيت غنوصل متأخر بنصف ساعة.,بس معليش حوصل متأخر بنص ساعة.,المسا. بس بتأسف اني رح أوصل متأخر نص ساعة.,لكن انا آسف ح اوصل نص ساعة متأخر.,انا اسف غاح اصل متأخر نص ساعه.,المساء . ولكني آسفة لأني سأصل متأخرة نصف ساعة .,مساء. انا اسف بتأخر نصف ساعة.,لكن كا نعتاذر غادي نجي مأخر نص ساعة.,المساء. لكن انا اسف بوصل متأخر نصف ساعة.,نص. بس للاسف رح أوصل متأخر نص ساعه .,بس انا اسف شا اوصل نص ساعه متأخر.,اما سامحني باش نجي امخر بنصف ساعة.,لكن اني نتأسف أني حنوصل متأخر نص ساعة.,سامحوني بش نوصل امخر بنص ساعة.
1003,آخد بدون رسوم جمركية؟,من غير رسوم جمركية؟,نقدر نشريه بدون طاكس؟,معي بدون رسوم جمركية؟,البرفانات من غير مدفع جمارك؟,احصل بدون رسوم كمركية؟,احصل بدون كمرك؟,أخد من دون جمارك؟,نحصل بدون الضريبة الجمركية؟,بارفان ماعليهاش جمارك؟,اشتري من دون ضريبة؟,اخذ بدون دفع الضرايب؟,ناخد معفية من الديوانة؟,اقدر اخذ بدون ضريبة؟,أشتري بدون دفع جمرك؟,أحصل عليها بدون جمارك؟,اطيق احصل من العطر؟,عليه من غير رسوم ؟,عليها معفاة من الرسوم الجمركية؟,ناخد معفية من الرسوم الجمركية؟,احصله بدون رسوم جمركية؟,معفية من الجمارك؟,عطر من غير جمركه؟,افاح بلاش تاكس؟,ناخد من غير جمارك؟,وقية بارفان مالسوق الحرة؟
1007,سياحة.,سياحة.,للسياحة.,للسياحة.,سياحة.,سياحة.,سياحة.,سياحة.,بس.,سياحة .,بس.,سياحة.,السياحة.,سياحة.,سياحة.,سياحة.,سياحة.,سياحة .,سياحة.,السياحة.,فقط.,سياحة .,سياحه.,مجال السياحة.,بس.,اكاهو.
1010,سمحت. شلون بتريدو؟,تمضيهم. تحبه يكون إزاى؟,كيفاش راك حابهم؟,وقعهم. كيف بتحبه يكون؟,إمضيهم. أنت عايزهم أزاي؟,شلون ترغب؟,وقعهم. شلون تحبه؟,مضيهن. كيف بتحبهن؟,سمحت، كيف تبيه؟,أمضيهم . عاوزه ازاي؟,كيف بتحبه يكون؟,سمحت. شلون تبيه؟,عليهم. كيف تبغيه يكون؟,سمحت. كيف تباها؟,وقعهم. كيف بتحب يكون؟,وقعهم. دايرو كيف؟,اشون تحبو يكون؟,عليهم . كيف تريدها ؟,كيف تحبه ان يكون؟,عافاك . كيفاش بغيتيه؟,سجلهم. كيف تبغاه؟,سمحت، كيف بتحب يكونو؟,وقعهن. كيف تشتيه يوقع؟,صححهم. كيفاش تحبهم؟,وقع هنايا. كيف تبيه؟,عيشك. كيفاش تحبو؟
1023,مشان عرض الليلة؟,لعرض النهاردة؟,لعرض المساء؟,مقاعد لعرض الليلة؟,فاضية في عرض الليلة؟,مقاعد للحفلة مال اليلة؟,لمسرحية الليلة؟,لأداء الليلة؟,للعرض بتاع الليلة؟,لمسرحية الليله؟,لعرض الليلة؟,حق عرض الليلة؟,بلايص للفراجة ديال الليلة؟,للعرض حق اليوم؟,لعرض الليلة؟,زلت عندك؟,لعرض الليلي؟,مقاعد لعرض الليلة ؟,مقاعد لعرض الليلة؟,ديال اليوم بالليل؟,لعرض الليلة؟,لعرض الليلة؟,للعرض حق الليله؟,للبريزانتسيون متاع الليلة؟,فاضيات لعرض الليله؟,للعرض متاع الليلة؟
1036,واحد كبير.,واحد كبير.,حاب جملة.,واحد كبير.,عاوزواحد كبير.,وحده جبيره.,واحد جبير.,كبير .,وحدة كبيرة.,الكبير .,واحد كبير.,واحد عود.,وحدة كبيرة.,وحدة كبيرة.,واحد كبير.,واحد كبير.,ويحد كبيغ.,واحدة كبيرة .,وحده عوده.,واحد كبير.,كبير.,كبير .,واحده كبيره.,شيلة بيلة.,واحد كبير.,واحد كبير.
1037,الستة ونص.,منبه الساعة ستة ونص.,على الستة و نص.,الساعة ستة ونص.,رن الساعة ستة ونص.,الساعة بالستة ونص.,الستة ونص.,الستة و نص.,الساعة ستة و نص.,سته و نص .,الساعة ستة ونص.,الساعة ست ونص.,ديال الستة وثلاثين.,المنبه حق ستة ونص.,الستة و نص.,الستة و نص.,مال ستي ونص.,منبه السادسة و النصف .,الساعة ستة ونص.,ديال الستة و نص.,ستة و نص.,السته و نص .,ال ست وثلاثين.,الستة و نصف.,السته ونص.,بفياقتي الستة و نص.
1038,مصور مستقل.,مصور حر.,مصور حر.,مصور حر.,مصور حر.,فوتوغرافي مستقل.,لحسابي الخاص.,مستقل .,فري لانسر.,مصوراتي حر.,مصور حر.,مصور مستقل.,مصور حر.,مصور حر.,مصور حر.,مصور حر.,مصور حر.,حر .,مصور حر.,مصور مستقل.,مصور مستقل.,حر .,مصور مستقل.,نخدم وحدي.,نخدم بروحي.,لحسابي الخاص.
1047,دولاراتك فيش كازينو. نروح؟,علشان بقشيش الكازينو، نمشى؟,برك البقشيش . أيا نروحو؟,لحيل الكازينو. لازم نروح؟,بقواشيط الكازينو، تيجي نروح؟,مقابل فيش الكازينو. نروح؟,دولاراتك ابقشيش الكازينو. انروح؟,لبخشيش الكازينو. منروح؟,للبقشيش بتاع الكازينو. نمشو؟,بقواشيط الكازينو . نروح؟,كازينو مقابل دولاراتك. منروح؟,لفيشات للكازينو. ها نروح؟,نصائح كازينو. خاصنا نمشيو؟,دولاراتك ببقشيش للكازينو. نمشي؟,للكازينو. يلا نروح؟,إلى قطع الكازينو؟,علمود بقشيش للكازينوز. نغوح؟,بقشيش الكازينو . هل نذهب ؟,نصايح كازينو. لازم نروح؟,بالفيتشات ديال الكازينو. مشينا؟,لبقشيش للكازينو. هل نذهب؟,للكازينو . يلا نروح؟,لك الدولارات؟,اما تعتيهم حويجة. ايا برا؟,بنصائح للكازينو. هاي نمشو؟,متاع كازينو. هيا مشينا؟
1056,نوع زيوت حمام.,من زيوت الحمام.,من الزيوت للاستحمام.,من زيوت الحمام.,من أنواع زيوت الحمام.,نوع زيت حمام.,من دهون الحمام.,من زيوت الحمام .,من زيوت الحمام.,من زيوت الحمام .,نوع زيت حمام.,من زيوت الاستحمام.,ديال زيوت الحمام.,من حمامات الزيت.,نوع من زيوت الحمام.,من صابون الحمام.,من دهون الحمام.,من زيوت الاستحمام .,من زيوت الحمام.,ديال الزيوت ديال الحمام.,من زيوت الاستحمام.,من زيوت حمام .,من حمام الزيت.,متاع زيوتة للبانو.,من زيوت الحمام.,متاع زيت متاع دوش.
1062,إلك الأسبوع الجاي.,الأسبوع الجاى.,الأسبوع القادم.,الك الأسبوع الجاي.,الأسبوع اللي جاي.,الأسبوع القادم.,الأسبوع الجاي.,لإلك جمعة الجايي.,الأسبوع الجاي.,الاسبوع الجاي .,الاسبوع الجاية.,الاسبوع الجاي.,الاقتراح الأسبوع الجاي.,الأسبوع الجأي.,الأسبوع الجاي.,الاقتراح الأسبوع الجاي.,الاسبوع اللي يجي.,الأسبوع القادم .,الأسبوع المقبل.,العرض السيمانة الجاية.,الأسبوع الجاي.,الاسبوع الجاي .,الطلب الاسبوع الجاي.,الجمعة الجاية.,عندك الاسبوع الجاي.,الجمعة الجاية.
1074,سعر هالكفوف؟,الجوانتى دة؟,هاذ القفازات؟,سعر هاي الكفوف؟,الجوانتي ده؟,سعر الكفوف هاي؟,هذي الجفوف؟,حق الكفوف؟,القونتيات هضينا؟,الجوانتي ده؟,سعر الكفوف؟,بكم القفازات؟,هاد قفازات؟,دا القفاز؟,هدول الكفوف؟,سعر القفازات دي؟,هذا الزوج من الكفوف؟,تكلفة هذا القفاز ؟,القفاز هذا؟,هاد الصباعيات؟,هذا القفاز؟,حق هدول الكفوف؟,هذا الجوانتي؟,يعملو القواندوات؟,القوانتي هاد؟,القواندوات هاذوما؟
1098,بدقلك بعدين.,هكلمك بعدين.,بيك ممبعد.,أحكي معك بعدين.,هكلمك بعدين.,بيك بعدين.,اخابرك بعدين.,بدقلك بعدين .,توا نكلمك بعدين.,حأكلمك بعدين .,بحاكيك بعدين.,بكلمك بعدين.,بيك من بعد.,اتصل عليك بعدين.,معك بعدين.,اتصل بيك لاحقا.,اخابرك بعدين.,سأتصل بك لاحقاً .,فيك عقب.,ليك من بعد.,بكلمك بعدين.,معك بعدين .,اتصل بك بعدين.,نكلمك بعد.,حنكلمك بعدين.,نكلمك مبعد.
1100,مرة واحدة.,مرة واحدة.,حفاظات.,مرة وحدة.,بيستخدم لمرة واحدة .,مره واحدة.,حفاضات دسبوزبل.,حفاضات للكب.,قطن أطفال.,مره واحدة .,لاستعمال مرة وحدة.,حفاضات.,الحفاضات المتوفرة.,حفاضات تتبدل.,مرة وحدة.,الممكن التخلص منها.,ام الاستخدام الويحد.,منها بعد الاستعمال .,لمرة وحده.,لاستعمال واحد.,يمكن التخلص منها.,حفاظات .,شويه حفاظات.,كوش للصغيرات.,شوية شمالات.,كوش جوتابل.
1122,الفراشة هدول؟,نشأت فين؟,الحوت هاذو؟,نشأة سمكة الفراشة؟,سمك الفراشة ده؟,هاي اسماك الفراشة؟,الفراشة يصير؟,هالسمكة الفراشة؟,الفراشة هذينا؟,الفراشه ده؟,الفراشة هدول؟,الزبيدي هذي؟,الأسماك ديال الفراشة؟,سمكات الفراشة دي؟,هاي الفراشة؟,سمك الفراشات ده؟,الفراشه هذولي؟,الفراش هذه ؟,اسماك الفراشة؟,الحوت ديال الفراشة؟,الفراشة هذي؟,السمك الفراش؟,اسماك الفراشة؟,حوت الفراشات؟,هادو حوتات الفراشة؟,هالحوت الفراشة؟
1124,إذا سمحت؟,لو سمحت؟,من فضلك؟,لدولارات، لو سمحت؟,لو سمحت؟,دولار، رجاءً؟,بلا زحمة؟,عمول معروف؟,لدولارات، لو سمحت؟,لو سمحت؟,إذا بتريد؟,دولارات، لو سمحت؟,للدولار، عافاك؟,دولارات، لو سمحت؟,لو سمحت؟,دولارات، من فضلك؟,دولارات، رجاءا؟,دولارات من فضلك ؟,من فضلك؟,للدولار، عافاك؟,لو سمحت؟,دولارات، لو سمحت؟,دولارات، لو سمحت؟,للدولار، يعيشك؟,دولارات، لو سمحت؟,بالدولار، يعيشك؟
1139,قياس أربعة بمحل آلا موانا.,أربعة فى محل ألا موانا.,ثلاثون في محل ألا موانا.,أربعة في محل ألا موانا.,أربعة في محل علا موانا.,أربعة بمحل علاء موانا.,بقياس أربعة بمحل علاء موانا.,أربعة بمحل ألا موانا .,أربعة في محل الا موانا.,في محل الا موانا .,أربعة بمحل آلا مونا.,في محل الا موانا.,أربعة في محل علاء موانا.,أربعة في متجر آلا موانا.,أربعة في محل ألا موانا.,في متجر ال ألا موانا.,اربعه بمحل علا موانا.,أربعة فى متجر ألامونا .,أربعة في محل علاء موانا.,"ربعة في المحل ديال ""آلا موانا"".",في محل الا موانا.,اربعه بمحل الا موانا .,اربعه في محل الاا موانا.,ثلاثين في مغازة الا موانا.,المقاس اربعة في دكان الا موانا.,في الحانوت متاع الالا موانا.
1146,شي ليموزين؟,أى ليموزين؟,ليموزين؟,هون ليموزين؟,عربيات للإيجار؟,ليموزين؟,ليموزين؟,شي ليموزين؟,أي لموزين؟,ليموزين؟,ليموزين؟,ليموزين؟,شي ليموزين؟,ليموزين هنا؟,ليموزين؟,أي ليموزين؟,اي ليموزين؟,ليموزين ؟,أي لموزين؟,شي ليموزين؟,ليموزين؟,ليموزين؟,اي ليموزين؟,كرهبة طويلة؟,في ليموزين؟,ليموزين؟
1163,عالخمسة ونص بكرة الصبح؟,خمسة ونص بكرة الصبح؟,و نص غدوا صبح؟,الساعة خمسة ونص الصبح؟,الساعة خمسة ونص الصبح؟,الساعة خمسة ونص الصبح؟,بالخمسة ونص باجر الصبح؟,و نص بكرا الصبح؟,و نص بكرة الصبح؟,خمسه و نص الصبح؟,خمسة ونص بكرا الصبح؟,الساعة خمس ونص الصبح؟,الخامسة والثلاثين الصباح ديال غدا؟,على خمسة ونص الصبح؟,خمسة و نص الصبح؟,خمسة و تلاتين بكرة الصباح؟,ونص غدا الصبح حتى اقعد؟,و النصف من صباح الغد ؟,خامسة نص باجر صباح؟,و نص ديال الصباح؟,خمس و نص بكرة الصبح؟,الساعة خمسة و نص الصبح؟,تقيمني الساعة خمس ونص؟,و نصف غدوة الصباح؟,الساعة خمسة و تلاتين دقيقة؟,الصباح الخمسة و نص؟
1165,غرفة هادية.,أوضة هادية.,غرفة هادية.,غرفة هادية.,أوضة هادية.,غرفة هادئة.,غرفة هادئة.,أوضة هادية.,دار هادية.,هادية .,غرفة هادية.,غرفة هادية.,الغرفة هادية.,غرفة هادية.,غرفة هادية.,غرفة هادية.,غرفة هاديي.,هادئة .,غرفه هاديه.,غرفة هادئة.,غرفة هادئة.,هادية .,غرفة هادئه.,بيت رايضة.,دار هاديه.,بيت رايضة.
1167,مزيل مناكير.,عاوزة أسيتون.,مزيل الطلاء.,مزيل للمناكير.,مزيل مونيكير.,صبغ اضافر.,وارنيش الاظافر.,بويا الضفير .,شوية اسيتون.,مونيكير .,مزيل مناكير.,اسيتون.,صباغة الظفرين.,يزيل المناكير.,مزيل مناكير.,طلاء الأظافر.,صبغ الاضيفغ.,الأظافر .,صبغ الاظافر.,الصباغة ديال الضفار.,لطلاء الاظافر.,مناكير .,طلاء الاظافر.,اسيتون.,للزمالطو الظوافر.,شوية اسيتون.
1183,بطارية.,عاوز بطارية.,بطارية.,بطارية.,عاوز بطارية.,باتري.,باتري.,بطارية .,بتارية.,بطارية .,بطارية.,بطارية.,باطري.,بطارية.,بطارية.,بطارية.,باتري.,بطارية .,بطارية.,بطارية.,بطارية.,بطارية .,بطاريه.,عمارة.,بطاريه.,بيلة.
1193,ولا دي جيه؟,ولا دى جى؟,لايف ولا ديجي؟,لايف أو دي جيه؟,لايف ولا دي جى؟,او دي جاي؟,لو دي جيه؟,أو دي جي؟,ولا دي جي؟,لايف أو ديجيه؟,ولا دي جي؟,ولا دي جي؟,موسيقية لايف أو ديجي؟,ولا دي جي؟,أو دي جي؟,ول دي جي؟,او دي جي؟,أم دي جي ؟,لايف أو دي جيه؟,لايف ولا دي دجي؟,او دي جي؟,لا دي جي؟,أو دي جي؟,ولا دي جاي؟,أو دي جي؟,ولا ديدجاي؟
1194,معدات غطس؟,عدة غطس؟,أغراض الغطس؟,معدات الغطس؟,معدات غطس؟,معدات غطس؟,عدة الغوص؟,عدة غوص؟,عدة الغطس؟,معدات غطس؟,معدات غطس؟,أدوات غوص؟,معدات الغطس؟,أدوات الغوص؟,عدة غطس؟,بعض معدات الغطس؟,مال الغطس؟,للتنفس أثناء السباحة ؟,معدات الغطس؟,ديال الغطس؟,معدات غطس؟,معدات الغطس؟,معدات الغطس؟,متاع غطس؟,معدات الغطس؟,معدات الغطس؟
1199,تنين وعشرين كانون الأول.,من اتنين وعشرين ديسمبر.,من الثاني وعشرون ديسمبر.,ليالي من اتنين وعشرين ديسمبر.,أول اتنين وعشرين ديسمبر.,ثنين وعشرين كانون الأول.,اثنين وعشرين كانون الأول.,و عشرين كانون الأول .,اثنين و عشرين اطناش.,اتنين و عشرين ديسمبر .,من اتنين وعشرين كانون الأول.,من اثنين وعشرين ديسمبر.,الليالي من ثنين وعشرين دجنبر.,يوم اتنين وعشرين ديسمبر.,أربعة و عشرين ديسمبر.,التاني والعشرين من ديسمبر.,اثنين وعشرين كانون الاول.,الثانى و العشرين من ديسمبر .,من الثاني والعشرين من ديسمبر.,من اتنين و عشرين ديسمبر.,اثنين و عشرين ديسمبر.,اثنين و عشرين كانون الاول .,من ثنين وعشرين ديسمبر.,نهار اثنين و عشرين ديسمبر.,يوم اتنين و عشرين ديسمبر.,ثنين و عشرين ديسمبر.
1212,حالات الجو؟,لكل أحوال الجو؟,مهما كان الحال؟,الجو بكل أحواله؟,لكل الظروف الجوية؟,لأي جو؟,لكل الأجواء؟,أحوال الطقس؟,لكل الطقوس؟,كل أنواع الطقس؟,لكل مناخ؟,كل الاجواء؟,لجميع الأحوال الجوية؟,لكل الطقوس؟,لكل أنواع الطقس؟,مثالية لكل طقس؟,لكل الاحوال الجويي؟,لكل حالات الطقس ؟,الأحوال الجوية؟,مزيان لجميع الأجواء؟,مناسبة لكل الأجواء؟,مناسبة لكل الاجواء؟,لكل الاجواء؟,مهما كان الطقس؟,مناسبة للجو؟,كانت حالة الطقس؟
1213,إذا ممكن.,من فضلك.,من فضلك.,لو سمحت.,لو سمحت.,بليه زحمة.,بلا زحمة.,معروف .,لو سمحت.,من فضلك .,لو سمحت.,لو سمحت.,من فضلك.,لو سمحت.,لو سمحت.,من فضلك.,وحدي، رجاءا.,من فضلك .,لو سمحت.,سفنجة، عافاك.,لو سمحت.,سمحت .,لو سمحت.,كعكة، يعيشك.,لو سمحت.,كعكة، يعيشك.
1218,أوتوماتيك يومين.,أوتوماتيك لمدة يومين.,سيارة أتوماتيكية ليومين.,أوتوماتيك ليومين.,أتوماتيك لمدة يومين.,اوتوماتيك لمدة يومين.,اوتاماتيك ليومين.,أوتوماتيك ليومين .,اوتوماتيك ليومين.,أوتامتيك ليومين .,أوتوماتيك لمدة يومين.,اوتوماتيك حق يومين.,أوتوماتيكية لمدة يومين.,أوتوماتيك ليومين.,أوتوماتيك ليومين.,اوتوماتيك ليومين.,اتوماتيكي ليومين.,لمدة يومين .,اوتوماتيك لمدة يومين.,أوطوماتيك لمدة يومين.,اوتوماتيك ليومين.,اوتوماتيك ليومين .,توماتيك ل يومين.,اوتو على نهارين.,اوتامتيك ليومين.,اوتوماتيك على نهارين.
1224,لسان فرانسيسكو.,اللى رايحة سان فرانسيسكو.,تروح ل سان فرانسيسكو.,الطيران عشرين لسان فرانسيسكو.,عشرين لسان فرانسيسكو.,عشرين لسان فرانسيسكو.,لسان فرانسيسكو.,عشرين لسان فرانسيسكو.,لسان فرانسسيكو.,عشرين لسان فرانسيسكو.,عشرين على سان فرانسيسكو.,لسان فرانسيسكو.,لسان فرانسيسكو.,اللي رأيحة لسان فرانسيسكو.,عشرين لسان فرانسيسكو.,إلى سان فرانسيسكو.,عشرين لسانفراسيسكو.,إلى سان فرانسيسكو .,لسان فرانسيسكو.,"ل ""سان فرانسيسكو"".",لسان فرانسيسكو.,سان فرانسيسكو .,حق سان فرانسيسكو.,الي ماشيا لسانفرانسيسكو.,ماشيه سان فرانسيسكو.,لسان فرانسيسكو.
1234,عالمطار؟,لحد المطار؟,السومة للمطار؟,بكلف للمطار؟,لغاية المطار؟,للمطار؟,للمطار؟,للمطار؟,للمطار؟,للمطار؟,عالمطار؟,الوقت للمطار؟,الوقت للمطار؟,الى المطار؟,بتاخد للمطار؟,للمطار؟,للمطار؟,إلى المطار ؟,الى المطار؟,للمطار؟,للمطار؟,للمطار؟,للمطار؟,للمطار؟,للمطار؟,للمطار؟
1235,إيمت هو؟,دة إمتى؟,وقتاش؟,راح يكون؟,هو إمتى؟,زين. شوكت؟,يمتى هو؟,امتين هوي؟,امتى؟,امتى يكون؟,إيمتا؟,زين. متى؟,امتا غيكون؟,بس متى؟,ايمتا؟,جيد. متين؟,ايمتي هو؟,متى هو ؟,متى هو؟,وقتاش؟,متي بيكون؟,متى؟,ايحين هو؟,وقتاش هذا؟,امتى حيكون؟,وقتاش؟
1276,عمر بنتك؟,كام سنة؟,عمرها بنتك؟,عمر بنتك؟,كام سنة؟,عمر بنتك؟,عمر بنتك؟,عمرا بنتك؟,عمر بنتك؟,أد ايه؟,عمر بنتك؟,بنتك؟,ديال بنتك؟,عمر بنتك؟,عمر بنتك؟,عمر بنتك؟,عمغ بنتك؟,ابنتك ؟,عمر بنتك؟,من عام؟,عمر بنتك؟,عمر بنتك؟,عمر بنتك؟,عمرها بنتك؟,عمرها بنتك؟,عمرها بنتك؟
1312,فنادق رخيصة ونضيفة؟,رخيصة و نضيفة؟,الفنادق النقية والرخيصة؟,أوتيلات رخيصة ونظيفة؟,فنادق نضاف ورخاص؟,فنادق رخيصة ونظيفة؟,فنادق رخيصة ونظيفة؟,أوتيل نضيف و رخيص؟,هوستيلات نظيفة و رخيصة؟,نضيف و رخيص؟,رخيصة و نضيفة؟,رخيصة ونظيفة؟,الأوطيلات الرخيصة والنقية؟,فنادق رخيصة ونظيفة؟,رخيصة و نظيفة؟,الرخيصة و النضيفة؟,الفنادق الغخيصة والنضيفي؟,الفنادق الرخيصة والنظيفة ؟,الفنادق الرخيصة والنظيفة؟,رخاص و نقيين؟,الرخيصة و النظيفة؟,رخيصة و نظيفة؟,الفنادق الرخاص والنظاف؟,النضاف و الرخاص؟,رخاص و نظاف؟,نضيف و رخيص؟
1321,قريبة عنادي غولف مشهور.,قديم قريب من نادى جولف مشهور.,قريب من نادي غولف مشهور.,قريب من نادي الخليج المشهور.,القديمة جنب ملعب جولف شهير.,يم نادي الغولف المشهور.,يم نادي الكولف المشهور.,حد نادي غولف مشهور .,القديم قريب من نادي غولف مشهور.,جنب نادي جولف مشهور .,قريبة من نادي غولف مشهور.,قديمة يم نادي قولف مشهور.,قريبة من نادي الغولف المشهور.,قديم جمب ملعب قولف قديم.,قديمة جنب نادي جولف مشهور.,قديم قرب نادي قولف مشهور.,قريب على نادي كولف مشهور.,بالقرب من نادي جولف شهير .,قديمة بالقرب من نادي الغولف الشهير.,حدا واحد النادي ديال الكولف مشهور.,قلعة قديمة جنب نادي غولف.,جنب نادي غولف مشهور .,قديمه قريب من ملعب جولف مشهور.,قديم بحذا نادي قولف.,قديمة بحدا ملعب قولف مشهور.,قريب من نادي الغولف المعروف.
1329,مكونات طبيعية مية بالمية.,مواد طبيعية مية فى المية.,بالمئة طبيعية.,مواد طبيعية مية بالمية.,في المية من مكونات طبيعية.,بالميه من مكونات طبيعية.,بالمية من مكونات طبيعية.,بالمية من مكونات طبيعية.,طبيعية مية في المية.,من المكونات الطبيعية .,مكونات طبيعية مية بالمية.,مكونات طبيعية مية بالمية.,المكونات الطبيعية مية فلمية.,مكونات طبيعية مية بالمية.,مواد طبيعية مية بالمية.,في المية مكونات طبيعية.,مكونات طبيعي ميي بالميي.,مصنوع من مكونات طبيعية .,الطبيعية مائة في المئة.,مقادير ميا في الميا طبيعية.,مكونات طبيعية مئة بالمئة.,طبيعية مية بالمية .,ميه بالميه من مكونات طبيعيه.,مية بالمية طبيعية.,طبيعية ميه في الميه.,بمكونات ميا بالميا طبيعية.
1361,القطار ببرايتون؟,فى برايتون؟,يحبس في بريغتون؟,عند برايتون؟,بيوقف فى برايتون؟,يوكف ببرايتون؟,يوكف ببرايتون؟,بيوقف ببرايتون؟,في برايتون؟,في بريتون؟,القطار ببرينغتون؟,في برايتون؟,الطران فبرايتون؟,عند برأيتون؟,في بريتون؟,في برايتون؟,القطار ببرايتون؟,في برايتون ؟,في برايتون؟,"يحبس في ""برايطون""؟",يتوقف في برايتون؟,ب بريتون؟,في بريغتون؟,في براغتون؟,في برايتون؟,في برايتن؟
1369,بقدر ألأقي تكسي؟,أقدر أجيب كاب؟,نصيب طاكسي؟,بلاقي سيارة أجرة؟,تاكسي من فين؟,احصل على تاكسي؟,أحصل سيارة أجرة؟,فيني إخد تاكسي؟,نقدر نحصل تاكسي؟,أخد تاكسي؟,فيني آخد تاكسي؟,اقدر احصل تاكسي؟,يمكنلي نشد طاكسي؟,ممكن الاقي تاكسي؟,بلاقي تكسي؟,ممكن ألقى تكسي؟,احصل على تكسي؟,أن أحصل على تاكسي ؟,احصل على سيارة أجرة؟,نقدر نشد طاكسي؟,اقدر احصل تاكسي؟,بقدر أخذ تكسي؟,اقدر القى سياره اجره؟,نلقى تكسي؟,نقدر نحصل تاكسي؟,ناخذ تاكسي؟
1375,إذا سمحت.,من فضلك.,من فضلك.,التانية، لو سمحت.,لو سمحت.,بلية زحمة.,الثانية، بلا زحمة.,عمول معروف .,لو سمحت.,من فضلك .,إذا ممكن.,لو سمحت.,الدرجة الثانية، عافاك.,الثانية، لو سمحت.,اتفضل لو سمحت.,من فضلك.,ثانية، رجاءا.,من فضلك .,الثانية، لو سمحت.,الدرجة الثانية، عافاك.,لو سمحت.,لو سمحت .,لو سمحت.,ثانية، يعيشك.,تانية، لو سمحت.,ثانية، عيشك.
1384,أبعت فاكس.,أبعت فاكس.,نبعث فاكس.,أبعت فاكس.,ابعت فاكس.,ابعث فاكس.,ارسل فاكس.,فاكس .,ندز فاكس.,فاكس .,ارسل فاكس.,ارسل فاكس.,نصيفط فاكس.,ارسل فاكس.,أبعت فاكس.,أرسل فاكس.,ارسل فاكس.,فاكس .,ارسل فاكس.,نصيفط فاكس.,ارسل فاكس.,بالفاكس .,ارسل فاكس.,نبعث فاكس.,نبعت فاكس.,نبعث فاكس.
1394,مكواية سفرية.,مكوة سفر.,تاع سفر.,مكواية للسفر.,مكوة سفر.,مال سفر.,اوتي سفر.,للسفر .,بتاع سفر.,سفر .,مكواية سفر.,اوتي للسفر.,حدادة.,مكوى للسفر.,مكوى للسفر.,حديد ترحال.,مال سفر.,سفر .,السفر الحديد.,ديال السفر.,مكواة سفر.,للسفر .,كاويه سفري.,متاع سفر.,متاع سفر.,متاع سفر.
1396,عليك شي؟,أى حاجة؟,كاش حاجة؟,أي اشي؟,أي حاجة؟,أي شي؟,أي شي؟,أي شي؟,أي حاجة؟,اى حاجة؟,أي شي؟,شي؟,ليك شي حاجة؟,اساعدك بشيء؟,أجيبلك اشي؟,أي حاجة؟,اي شي؟,أي شيء ؟,أي كلام؟,شي حاجة؟,أي شيء؟,أي اشي؟,أي شي؟,نعطيك حاجة؟,اي حاجه؟,اي حاجة؟
1404,بس اش قصدك؟,بس تقصد إيه؟,واش راك حاب تقول؟,السؤال، بس شو قصدك؟,أنت تقصد أيه يعني؟,اسأل، بس شتقصد؟,بس شنو تقصد؟,بس شو بتقصد؟,بس شن قصدك؟,لكن انت تقصد ايه؟,شو قصدك؟,اسأل، بس شتقصد؟,ولكن شنو كتقصد؟,بس أيش قصدك؟,بس شو قصدك؟,لكن قصدك شنو؟,لكن اش تقصد؟,لكن ماذا تعني ؟,مافهمت شو تقصد؟,شنو بغيتي تقصد؟,لكن وش قصدك؟,بس شو قصدك؟,لكن ما قصدك؟,اما شنوة تقصد بالضبط؟,توضحلي شن تقصد؟,شنوة تقصد؟
1418,عادي بدون ما أضطر أطويون.,عادي من غير ما أحتاج أتنيهم.,فيها ورق بلاما نطويهم.,الورق عادي بدون ما يتنيهم.,عادي من غير ميلفهم.,ليتر بدون الحاجة لطويها.,الورق العادي بدون ما يطبكهن.,العادي من دون ما أطويهن.,الملفات من دون مانضطر نصفطهم.,من غير ما يكونوا مطويين .,الرسائل بدون ما اضطر إني اطويهون.,الرسايل بدون ما اطويهم.,الورق العادي بدون ما نطويها.,المستند بدون ما يعفطهم.,العادي بدون ما أطويها.,مقاس ورقة رسالة عادية بدون طيهم.,رساله اعتيادي بدون ان نطوييهم.,الخطاب بدون الحاجة إلى طيهم .,الورق العادي بدون ماتحتاج اطيها.,وراق عاديين بلا ما نطويهم.,العادي بدون ما اطويه.,العادي من غير ما اطويها .,الطبيعي للرسايل بدون ما يتعطفين.,اما ماهياش مطوية.,من غير ما نحتاج إني أنطبقهم.,متع جوابات مانغير ما نطويهم.
1433,كتير قوي.,جامد أوى.,بزاف قوي.,كتير قوي.,قوي جداً.,كولش قوي.,قوي كلش.,كتير قوي .,قوية واجد.,جامد جدا .,يكون تقيل كتير.,وايد قوي.,قوي بزاف.,مرا قوي.,كتير قوي.,قوي شديد.,كلش قوي.,قويا جدا .,قوي وايد.,ما صحيحش بزاف.,قوي مرة.,كثير قوي .,مش قوي.,ماهياش قوية.,قوي هلبه.,قوي برشة.
1434,من القطط.,من القطط.,من القطوط.,من البسس.,من القطط.,حساسية للبزازين.,حساس للبزازين.,عالبسينات .,من القطاطيس.,القطط .,من القطط.,من القطاوة.,من القطوط.,من البسس.,من البسس.,للقطط.,من البزيزين.,للقطط .,من السنانير.,ديال القطوط.,من القطط.,البسس .,من القطط.,من القطاطس.,من القطاطيس.,حساسية عالقطاطس.
1436,يكون عندك شهادة من لجنة التكسي والليموزين.,يكون معاك رخصة من لجنة عربيات الأجرة والليموزين.,عندك رخصة من لجنة سيارات الأجرة والليموزين.,يكون عندك رخصة تاكسي وتفويض ليموزين.,تاخد رخصة من لجنة التاكسي والليموزين.,يكون عندك إجازة من هيئة التاكسي واليموزين.,إجازة من لجنة سيارات الأجرة والليموزين.,عندك رخصة من لجنة التاكسي و الليموزين .,رخصة من اللجنة بتاع التاكسي و الليموزين.,رخصه من لجنة التاكسي و الليموزين .,عندك شهادة من لجنة سيارات الأجرة و الليموزين.,عندك ليسن من وكالة التكسي والليموزين.,عندك ترخيص من لجنة ديال سيارات الأجرة والليموزين.,عندك رخصة من وكالة التكاسي والليموزينات.,معك رخصة من هيئة التكاسي و الليموزين.,عندك رخصة من لجنة التكسي و الليموزين.,يكون عندك ترخيص من لجنة التكسي والليموزين.,أن تحصل على رخصة من لجنة التاكسي والليموزين .,يكون عندك رخصة من هيئة التاكسي والليموزين.,رخصة السياقة من اللجنة ديال الطاكسي و الليموزين.,يكون عندك رخصة من عمولة التاكسي والليموزين.,رخصة من لجنة التكسي و الليموزين .,يكون معك ترخيص من لجنه تاكسي وليموزين.,متاع سياقة تكسي و كراهب طوال.,رخصة من لجنة التاكسيات و الليموزين.,عندك رخصة من هيئة التاكسيات و اليموزين.
1462,أستاذ.,يا فندم.,سيدي.,أستاذ.,حضرتك.,استاذ.,استاذ.,يا إستاذ.,يا استاد.,استاذ .,استاذ.,اخوي.,أسيدي.,سيدي.,حضرتك.,يا سيدي.,سيدي.,سيدي .,سيدي.,أسيدي.,سيدي.,سيدي .,سيدي.,يا سيد.,يا سيد.,سيدي.
1465,مي سخنة.,هلاقى مية سخنة.,الماء السخون.,المي عندي سخنة.,أجيب مية سخنة.,على مي حار.,احصل ماي حار.,إخد ماي سخنة .,نحصل ميه ساخنة.,ميه سخنه .,مي سخنة.,ماي حار.,ماء سخون.,موية حارة.,مي سخنة.,ألقى موية سخنة.,على ماي حاغ.,على الماء الساخن .,مأي ساخن.,الما سخون.,على ماء حار.,عندي مي ساخنة .,ماء حامي.,ماء سخون.,اميه سخونه.,حبش يسخنلي.
1474,عرفة هالليلة.,أوضة لليلة دى.,غرفة لهاذ لعشية.,غرفة لهاي الليلة.,أوضة لليلة دي.,غرفة الليلة.,غرفة لليلة.,لليلة .,عشان الليلة.,الليله ديه .,لهي الليلة.,حق الليلة.,لهاد الليلة.,حق اليوم بس.,لهاي الليلة.,غرفة لليلة.,غرفه لهالليلي.,لهذه الليلة .,حق هالليلة.,لليوم بالليل.,غرفة لليلة.,لليلة .,غرفه الليله.,بيت لليلة.,دار لليله.,بيت لليلة.
1492,وكلفة الخدمة.,الضريبة ورسوم الخدمة.,الخدمة ماشي داخلة.,الضريبة وقيمة الخدمة.,الضرايب ومصاريف الخدمة.,الضريبة واجور الخدمة.,وتكلفة الخدمة.,و سعر الخدمة .,و رسوم الخدمة.,و مصارف الخدمة .,ورسم الخدمة.,ورسوم الخدمة.,الضرائب ورسوم الخدمة.,ولا سعر للخدمة.,الضريبة و الخدمة.,و مصاريف الخدمة.,الضرايب ورسم الخدمه.,الضريبة ومصاريف الخدمة .,ورسوم الخدمة.,و التكاليف ديال الخدمة.,و رسوم الخدمة.,و رسوم الخدمة .,الضرايب وتكلفه الخدمه.,الخدمات ماهوماش داخلين.,الضرائب و حق الخدمات.,و حق الخدمة.
1506,معي المسا؟,شوبينج النهاردة بعد الضهر؟,بعد منتصف النهار؟,التسوق بعد الظهر؟,نتسوق بعد الضهر؟,اليوم وره الظهر؟,نسوك اليوم العصر؟,عالتسوق بعد الضهر؟,بعد الظهر هضا؟,معايا بعد الضهر؟,معي بعد الظهر؟,نتسوق الظهر؟,مور الظهر هاد انهار؟,نتسوق بعد الظهر؟,شوبينج بعد الظهر؟,التسوق المساء دا؟,نتسوق بعد الظهغ؟,معي بعد الظهر ؟,انتسوق بعد الظهر؟,نتقداو هاد العشية؟,نتسوق الظهر؟,السوق اليوم العصر؟,معي بعد الظهر؟,بعد نصف النهار؟,معاي بعد الظهر؟,ليوم في القايلة؟
1508,حلو كتير.,فستان جميل.,شابة بزاف.,فستان حلو.,الحلو ده.,فستان جميل.,ثوب حلو.,فستان حلو .,قفطان حلو .,فستان جميل.,هالفستان الحلو.,حلو هالفستان.,صراحة زوين .,لبس حلو.,جد حلو.,فستان جميل.,من صدق حلو.,جميل حقا .,وايد حلوه.,زوينة بزاف.,فعلا جميل.,هالفستان حلو .,فستان حالي.,تقتل بالزين.,حلو هلبه.,بالحق مزيانة.
1519,تفضل إذا سمحت.,اتفضل لو سمحت.,بدا. تفضل.,تفضل لو سمحت.,لو سمحت إتفضل.,تفضل رجاءً.,بلا زحمة اتفضل.,اذا بتريد تفضل .,لو سمحت تفضل.,اتفضل لو سمحت .,استقبالها. اتفضل رجاءً.,تفضل، لو سمحت.,الخط. المكالمة تقبلات. اتفضلي، عافاكي.,لو سمحت تفضل.,خليك مكمل.,من فضلك اتفضل.,رجاءا تفضل.,تفضل من فضلك .,تفضل لو سمحت.,بدا، تفضل عافاك.,رجا تفضل.,تفصل لو سمحت .,لو سمحت اتفضل.,بدا. تفضل.,لو سمحت تفضل.,بدات. تفضل.
1525,رقم البوابة؟,البوابة كام؟,رقم الباب؟,رقم البوابة؟,رقم البوابة؟,رقم البوابة؟,رقم البوابة؟,رقم البوابة؟,رقم البوابة؟,رقم البوابه؟,رقم البوابة؟,رقم البوابة؟,رقم البوابة؟,رقم البوابة؟,رقم البوابة؟,رقم البوابة؟,رقم البوابة؟,البوابة ؟,رقم البوابة؟,ديال الباب؟,رقم البوابة؟,رقم البوابة؟,رقم البوابه؟,نومرو الباب؟,رقمها البوابه؟,نومرو البوابة؟
1539,المعتادة من هاواي؟,مثالية من هاواى؟,كذكرى من هاواي؟,ممكن من هاواي؟,أجيبها من هواياي؟,الماشي بهاواي؟,هاوايين نموذجي؟,مثالي من هاواي؟,التقليدي لهواي؟,ينفع هديه من هاواي؟,من هاواي؟,من هاواي؟,النموذجي لهاواي؟,الهواوية المثالية؟,من هاواي؟,تزكار هاوايوان؟,النموذجي للهالوين؟,بهاواي ؟,تذكار لهاوأي؟,ذكرى ديال هاواي؟,من هاواي؟,من هاوااي؟,النموذجي ل هاواي؟,من هاواي؟,المعتاد لي هاواي؟,يمثل هاواي؟
1556,بقطار الأنفاق؟,طريق مترو الأنفاق؟,نروح فالميترو؟,من خلال القطار؟,هناك بالمترو؟,عن طريق النفق؟,هناك بالأفرع؟,لهونيك بالمترو؟,غادي بالمترو؟,أوصلة بالمترو؟,لهنيك بالمترو؟,في النفق؟,نوصل لتما بالمترو؟,لهناك بالمترو؟,هناك بالمترو؟,هناك بالنفق؟,بقطار الانفاق؟,بمترو الأنفاق ؟,عن طريق الميترو؟,تما بالميترو؟,له بالمترو؟,عن طريق المترو؟,لاهاناك بمترو؟,نمشي بالميترو؟,غادي بالميترو؟,غادي بالمترو؟
1560,سيشوار.,سيشوار.,حاب بروشينغ.,مجفف للشعر.,عاوز استشوار.,مجفف شعر.,مجفف شعر.,سيشوار.,استشوار .,سيشوار.,سيشوار.,استشوار.,بروشينك.,استشوار.,سيشوار.,مجفف شعر.,مجفف شعر.,مجفف .,مجفف شعر.,بروشينك.,مجفف شعر.,مجفف شعر.,مجفف شعر.,نجبد شعري.,استشوار.,نجبد شعري.
1562,ضلينا عم نحكي هيك؟,بيتكلموا فيه زى كدة؟,رايحة توصلنا؟,وين ما نروح؟,دي هنوصل لحاجة؟,نتيجة بحجينا هذا؟,تحجي هيج؟,و عمنحكي هيك؟,نحن نحكو هكي؟,حيخلينا ننجح؟,عم نحكي بهالطريقة؟,واحنا نتكلم جذي؟,هاكا فأي بلاصة؟,كلامنا دا؟,عم نحكي هيك؟,مكان نتكلم كدا؟,مكان اذا نتكلم بهالطريقة؟,متحدثين مثل ذلك ؟,يتكلم مثل هذا؟,بهاد الهضرة؟,اذا تكلمنها كذا؟,هاد الحديث ؟,واحنا بنتحاكى هكذا؟,يعطي حاجة؟,حني نتكلمو بطريقة هادي؟,بحديثنا هذا؟
1585,من النرويج.,من نورواى.,من النرويج.,من النرويج.,من النرويج.,من النيروج.,من النرويج.,النروج .,من النرويج.,النرويج .,من النرويج.,من النرويج.,من النرويج.,من النرويج.,من النرويج.,من النرويج.,من النرويج.,النرويج .,من النرويج.,من النورويج.,من النرويج.,النرويج .,من النرويج.,من النورفيج.,من النرويج.,مالنورويج.
1603,إذا سمحت.,لو سمحت.,اثناعشر، من فضلك.,لو سمحت.,لو سمحت.,بليه زحمة.,بلا زحمة.,عمول معروف .,لو سمحت.,عشرة لتناشر .,لو سمحت.,اثنعش لو سمحت.,اثني عشر عافاك.,عشر لو سمحت.,لو سمحت.,حداشر من فضلك.,ادعش رجاءا.,عشر من فضلك .,اثنعشر لو سمحت.,طناش عافاك.,عشر لو سمحت.,طنعش .,حداعش لوسمحت.,اثناش، يعيشك.,لو سمحت.,للاثناش عيشك.
1619,مرجان، هيك بتوقع.,أتعورت من المرجان، متهيألى.,بلي جرحك المرجان.,انجرحت من المرجان، بتوقع.,إن الاحجار المرجانية عورتك.,بالمرجان على ما أتصور.,متأذي بحجارة، أتصور.,من المرجان، بفتكر .,انضريت من المرجان، تهيألي.,الصخور المرجانية عورتك، متهيألي.,نجرحت بالمرجان، بظن.,شكلك انجرحت بالمرجان.,تجرحتي بسبب المرجان، كنعتقد.,انجرحت من المرجان، أتوقع.,قرصك مرجان. أتوقع.,اتجرحت بالمهرجان، افترض.,تاذيت بالمرجان، اتوقع.,أن المرجان جرحك .,تعور من مهرجان.,ضربك المرجان، كا نظن.,تأذيت من المرجان، أتوقع.,انو المرجان آذاك .,اوتجعت بالمرجان، اعتقد.,ضهرلي تضربت بالهرجان.,انصبت من المرجان، أظني.,جرحك المرجان، ضاهرلي.
1620,آخذ رقم الزلمة المسؤول.,رقم الشخص المسئول.,رقم هاتف الشخص المسؤول.,رقم الشخص المسؤول.,رقم الشخص المسئول.,الشخص المسؤول.,الشخص المسؤول.,رقم الشخص المسؤول .,رقم الشخص المسؤول.,الشخص المسئول .,رقم الشخص المسؤول.,الشخص المسؤول.,النمرة ديال الشخص المسؤول.,الشخص المسؤول.,الشخص المسؤول.,رقم الزول المسؤول.,رقم الشخص المسؤول.,رقم المسئول .,رقم الشخص المسئول.,النمرة ديال الشخص المسئول.,رقم الشخص المسؤول.,الشخص المسؤول.,رقم الشخص المسؤول.,نومرو الشخص المسئول.,الشخص المسؤول.,نومرو الشخص المسؤول.
1622,أوتوستراد؟,طريق سريع؟,طريق سريع؟,طريق سريع؟,فيه أتوستراد؟,خط سريع؟,طريق سريع؟,طريق سريع؟,طريق سريع؟,أوتوستراد؟,سريع مجاني؟,طريق سريع؟,طريق سريع؟,خط سريع؟,أوتوستراد؟,طريق سريع؟,طريق سريع؟,حر ؟,شارع سريع؟,طريق سيار؟,طريق سريع؟,طريق سريع؟,طريق سريع؟,اوتوروت؟,طريق سريع؟,اوتوروت؟
1630,عالحفلة امبارحة؟,الحفلة إمبارح؟,للحفلة لبارح؟,على الحفلة مبارح؟,الحفلة إمبارح؟,للحفلة البارحة؟,للحفلة امس؟,عالحفلة مبارح؟,للحفلة أمس؟,الحفلة امبارح؟,عالحفلة مبارح؟,الحفلة امس؟,للحفلة لبارح؟,الحفلة امس؟,على الحفلة امبارح؟,الحفلة امبارح؟,للحفله البيحة؟,الحفلة أمس ؟,امس للحفل؟,للحفلة لبارح؟,للحفل امس؟,على الحفلة مبارح؟,الحفله امس؟,للحفلة البارح؟,أمس للحفله؟,للحفلة لبارح؟
1637,حادث سير.,حادثة مرور.,حاث سير.,حادث سير.,فيه حادث.,حادث طريق.,دعمه.,سير .,مرور .,حادثة .,حادث مرور.,في حادث.,حادث مرور.,هناك حادث.,حادث سير.,حادث مروري.,اصطدام مروري.,حادث مرور .,حادث مرور.,ديال الزحام.,حادث مروري.,سير .,حادث مروري.,اكسيدون.,حادت سيارات.,حادث مرور.
1650,رقم غلط.,الرقم الغلط.,رقم خاطئ.,الرقم الغلط.,الرقم غلط.,الرقم الغلط.,غلطت بالرقم.,الرقم الغلط.,الرقم الغلط.,غلط .,مخربط بالرقم.,في الرقم.,الرقم الغالط.,الرقم الغلط.,الرقم غلط.,الرقم الغلط.,الرقم الغلط.,بالرقم الخطأ .,الرقم خاطى.,النمرة غالطة.,الرقم الخطأ.,الغلط .,الرقم الغلط.,النومرو الغالط.,عندي طلع غلط.,في النومرو.
1653,إذا سمحت.,التعريف الشخصى بتاعك.,رقم التعريف ديالك.,البن الخاص فيك.,الرقم السري.,البن مالتك.,ادخل رمزك.,رقمك .,الباسوورد بتاعك.,رقمك السري .,التعريف الشخصي.,دخل الرمز.,التعريف الشخصي.,رمز التعريف.,حط رمزك.,آي ان الخاص بك.,رقمك التعريفي.,هويتك الشخصية .,رقم التعريفي.,ديالك عافاك.,رقمك السري.,تبعك لو سمحت.,رقم التعريف الشخصي.,بطاقة تعريفك.,رقمك السري.,الرمز متاعك.
1663,أعدل الصورة.,أظبط الصورة.,نعدل الصورة.,أغير الصورة.,أظبط الصورة.,اضبط الصوره.,اعدل الصورة.,الصورة .,نعدل الصورة.,الصورة .,عدل الصورة.,اعدل الصورة.,نضبط الصورة.,اعدل الصورة.,أزبط الصورة.,أعدل الصورة.,اعدل الصورة.,اللوحة .,اضبط الصورة.,نقاد الصورة.,على الصورة.,الصورة .,اعدل الصوره.,نريقل التصويرة.,نعدل الصورة.,نستوي التصويرة.
1668,برتقان، إذا سمحت.,برتقان، من فضلك.,برتقال، من فضلك.,برتقال، لو سمحت.,عصير برتكان، لو سمحت.,برتقال، بليه زحمة.,عصير برتقال، بلا زحمة.,ليمون، عمول معروف .,عصير برتقال، لو سمحت.,برتقان، إذا سمحت .,بردقان، إذا بتريد.,برتقال، لو سمحت.,البرتقال، عافاك.,عصير برتقال، لو سمحت.,عصير برتقال، لو سمحت.,عصير برتقال، من فضلك.,مع عصير برتقال، رجاءا.,", من فضلك .",عصير برتقال لو سمحت.,عصير الليمون، عافاك.,عصير برتقال، لو سمحت.,برتقان لو سمحت .,عصير برتقال، لو سمحت.,عصير قارس، يعيشك.,عصير ليم، لو سمحت.,واحد عصير، يعيشك.
1670,جوازي السفر.,بتاعى أهو.,السفر ديالي.,جواز سفري.,الباسبور بتاعي.,الجواز مالتي.,جوازي.,باسبوري .,السفر بتاعي.,باسبوري .,جواز سفري.,جوازي.,البسبور ديالي.,جواز سفري.,جوازي.,جوازي.,جواز سفري.,سفري .,جواز سفري.,السفر ديالي.,جوازي.,تبعي .,جوازي.,بسبوري.,الباسبورت متاعي.,باسبوري.
1682,فيني أطلع لفوق الشي؟,ممكن أطلع لفوق؟,نقدر نطلع للطابق الأخير؟,أطلع فوق على القمة؟,ممكن أطلع فوق للسطح؟,اكدر اصعد فوك؟,اكدر اصعد فوك؟,أه، فيي أطلع عالقمة؟,نقدر نمشي فوق للقمة؟,اوه، ممكن أكلم الريس؟,امم، فيني اطلع لفوق؟,ممكن اروح فوق للقمة؟,يمكن لي نلطع لفوق؟,اقدر اروح لاعلى شيء؟,بقدر أطلع فوق؟,يمكنني أمشي فوق للقمة؟,اطيق اصعد فوق للقمة؟,أستطيع الارتقاء للقمة ؟,أه، اقدر اروح فوق؟,نقدر نطلع لآخر طاج؟,اقدر اروح فوق؟,اه، بقدر أروح لفوق؟,اقدر اطلع لا طالع؟,نطلع لآخر طابق؟,ممكن نركب لي فوق؟,انجم نطلع الفوق بالكل؟
1702,يوم الجمعة الجاي؟,الموسيقية للجمعة الجاية؟,المسرحي الموسيقي تع الجمعة الجاية؟,الموسيقية الجمعة الجاي؟,يوم الجمعة اللى جاية؟,مال الجمعة القادمة؟,للمسرحية الجمعة الجاية؟,الموسيقية لنهار جمعة الجايي؟,الموسيقية للجمعة الجاية؟,الموسيقيه الجمعة الجاية؟,الموسيقية تبع الجمعة الجاية؟,الموسيقي يوم الجمعة الجاي؟,في يوم الجمعة الجاي؟,الموسيقية للجمعة الجأية؟,لحفلة الجمعة الجاي؟,للموسيقى الجمعة الجاية؟,للحفل الموسيقي الجمعه الجيي؟,للمسرحية الغنائية الجمعة القادمة .,حق يوم الجمعة؟,الموسيقي ديال الجمعة الجاية؟,للحفلة الموسيقية الجمعة الجاية؟,للموسيقى الجمعه الجاي؟,الموسيقيه للجمعه الجايه؟,لحفلة الموسيقى للجمعة الجاية؟,الوسيقيه متاع الجمعه الجايه؟,الموسيقية الجمعة الجاية؟
1718,بيقدر يبدل محلات معك.,ممكن يبدل الكراسى معاك.,حاب يبدل معاك البلاصة.,ممكن يبدلو الكراسي معكم.,أنه ممكن يبدل كرسيه معاك.,بإمكانهم يتبادلون المقاعد وياك.,يغيرون المقاعد وياك.,يغير المقاعد معك .,يقدر يبدل الأماكن معاك.,ممكن يبدل الكرسي معاك .,ممكن يتبادل معك بالكرسي.,يقدر يبدل الكرسي وياك.,يمكن يتبادل معاك بالبلايص.,يقدر يغير مكانه معاك.,بيقدر يبدل مكانو معك.,يمكنهم يبدلوا المقاعد معاك.,يطيق غير مقعدو معالك.,أن يبدلوا مقاعدهم معك .,يغير مكانه معاك.,يمكن ليه يبدل معاك البلاصة.,يقدر يغير مقعده معك.,يبدل كرسيه معك .,عيقدر يبدل المقاعد معك.,يبدل بلاسته ببلاستك.,يقدر يغير الكراسي معاك.,ينجم يبدل معاك بالبلاصة.
1754,أمدد إقامتي؟,أمد إقامتى؟,نطول الإقامة ديالي؟,أمدد قعدتي؟,الإقامة بتاعتي؟,امدد اقامتي؟,امدد اقامتي؟,مدد إقامتي؟,نمدد اقامتي؟,اطول أقامتي؟,مدد إقامتي؟,امدد قعدتي؟,نمدد الاقامة ديالي؟,مدة جلوسي؟,أمدد قعدتي؟,امدد إقامتي؟,امدد اقامتي؟,إقامتي ؟,امدد اقامتي؟,نبقا كالس؟,امدد اقامتي؟,أمدد إقامتي؟,امدد جلستي؟,في الاقامة؟,نمدد قعدتي؟,نزيد نقعد؟
1766,بيستاهل ينشاف هون؟,تتشاف قريب من هنا؟,و يكونوا قراب من هنا؟,الشوفة قريب من هون؟,الواحد يشوفها قريب من هنا؟,يسوه نشوفه قريب منا؟,يسوه نشوفه هنا؟,ينشاف قريب من هون؟,الشوف قريب من هنا؟,تتشاف قريبه من هنا؟,ينشاف قريب من هون؟,يستاهل ينشاف هني؟,نشوفها قريب من هناا؟,انه ينشاف هنا؟,اشي مهم نشوفه هون؟,بتستحق النظر قريب هنا؟,الشوفي قغيب من هوني؟,الرؤية قريبا من هنا ؟,ينشاف بالقرب من اهني؟,تستاحق المشاهدة قريبة من هنا؟,الزيارة قريب من هنا؟,المشاهدة قريب من هون؟,نبسرها قريب من هانا؟,و يكونو قراب من هوني؟,نشوفها قريبه من هنايا؟,وتحد يمشيلها هوني؟
1768,مجموعة مضارب وحذاء.,نص مجموعة مضارب وجزمة.,مجموعة من المضارب وحذاء.,مجموعة من المضارب وشوز.,نص مجموعة مضارب وجزمة.,مجموعة مضارب وحذاء.,مجموعة مضارب وحذاء.,من المضار وصباط .,مضارب و كندرة .,من المضارب وجزمة .,مجموعة مضارب وشوز.,مجموعة مضارب وجوتي.,مجموعة مضارب وحذاء.,مجموعة من المضارب وجزمة.,طقم مضارب و كندرة.,من المضارب و حذاء.,مجموعة مضارب مع حذاء.,من المضارب وزوجا من الأحذية .,مجموعة من المضارب وحذاء.,ديال مضارب و صباط.,من المضارب و حذاء.,مجموعة مضارب وحذاء.,مجموعة مضارب و جزمة.,مجموعة مضارب و صباط.,من المضارب و كندره.,مجموعة متاع مضارب وصباط.
1782,تلتقى الشنتاية الضايعة؟,الشنطة الضايعة تتلاقى؟,تصيب الساك ديالي؟,تبين الشنطة الضايعة؟,الشنطة الضايعة تتلاقى؟,الكيتوا الجنطة المفقودة؟,الضايعة شوكت الكت؟,يلتقى الجزدان الضايع؟,الشنطة الرايحة يلقوها؟,شنطتك الضايعة ؟,تلتقى الشنتاية الضايعة؟,تحصلون الشنطة المفقودة؟,لقيتو الشانطة التالفة؟,يلاقو الشنطة الضأيعة؟,تلاقو الشنطة الضايعة؟,الشنطة الرايحة تتلقى؟,الجنطة المفقودي اتلقت؟,تعقروا علي الحقيبة الضائعة ؟,تحصلون الشنطة الضايعة؟,داك الصاك لي تالف؟,تجد الشنطة المفقودة؟,تبين الشنتة الضايعة؟,تلتقي الشنطه الضايعه؟,تلقى ساكي؟,الشنطة المفقوده تلقوها؟,تلقاو الساك الضايع؟
1788,هالحديقة الوطنية؟,إسمها إيه؟,المنتزه الوطني؟,الحديقة الوطنية؟,دي أسمها أيه؟,اسم المتنزه؟,المنتزه الوطني؟,هالجنينة الوطنية؟,الحديقة الوطنية؟,العامة ديه؟,هالمنتزه الوطني؟,هالحديقة الوطنية؟,هاد الحديقة الوطنية؟,الحديقة الوطنية؟,هدا المنتزة؟,القومية دي؟,الحديقة الوطنيي؟,المحمية ؟,الحديقة الوطنية؟,الحديقة الوطنية؟,الحديقة العامة؟,الحديقة الوطنية؟,الحديقة الوطنية؟,المنتزه؟,الوطنية هادي؟,الوطني هذا؟
1791,انقحطت.,اتخربشت.,مخبوش.,انخدشت.,اتجرحت.,من المقبلات.,انخدشت.,خدش .,خدش.,.,جرح.,شمخ.,واحد الخبشة.,جرح.,انجرحت.,جرح.,عندي خدش.,بسحجة .,شمخ.,واحد الخبشة.,خدش.,اتخدشت.,خدش معلم.,خبش.,انخدشت.,سلخة.
1792,منيح للسياحة؟,كويس للسياحة؟,مليح للسياحة؟,منيح للسياحة؟,كويس للسياحة؟,حلو للسياحة؟,زين للسياحة؟,منيح للسياحة؟,كويس للسياحة؟,كويس للسياحة؟,ظريف للسياحة؟,حلو للسياحة؟,بلاصة مزيانة للسياحة؟,كويس للسياحة؟,منيح للسياحة؟,جيد للسياحة؟,مليح للسياحة؟,لمشاهدة الأماكن المهمة ؟,زين للسياحة؟,بلاصة للسياحة؟,جيد للسياحة؟,منيح للسياحة؟,حالي للسياحه؟,سماح للسياحة؟,كويس للسياحة؟,باهية للسياحة؟
1800,شوية فواكه؟,أخد فاكهة؟,ندي فواكه؟,شوية فواكة؟,شوية فاكهة؟,شوية فواكه؟,شوي فواكه؟,شوية فواكي؟,شوية فاكهة؟,شوية فاكهة؟,شوية فواكي؟,شوية فاكهة؟,ديال الفاكهة؟,شوية فواكه؟,شوية فواكه؟,بعض الفواكه؟,شوية فواكه؟,علي بعض الفاكهة ؟,بعض الفاكهة؟,شي فاكهة؟,بعض الفواكه؟,شوية فواكه؟,شويه فواكه؟,ناخو غلة؟,شوية فاكهة؟,شوية غلة؟
1834,غدا هلئ؟,غدا دلوقتى؟,نفطر دوكا؟,أتغدى هلأ؟,أتغدى دلوقتي؟,اتغده هسه؟,غداي هسه؟,إتغدى هلأ؟,نتغدى توا؟,اتغدى دلوقتي؟,اتغدا هلأ؟,الغدا الحين؟,الغدا دابا؟,غداء دحين؟,أتغدا هلأ؟,اتغدا الآن؟,الغدى هسه؟,غذائي الآن ؟,الغدا الحين؟,الغدا دابا؟,الغداء الان؟,أتغدى هلا؟,اتغدى الان؟,نفطر تو؟,نتغدى توا؟,نفطر توا؟
1837,هدول الدولارات.,الدولارات دى.,نبدل الدولار.,هاي الدولارات.,الدولارات دي.,هاي الدولارات.,هاي الدولارات.,لغير هالدولار.,الدولارات هضينا.,ديه .,هدول الدولارات.,احول هالدولارات.,هاد الدولارات.,الدولار دا.,هدول الدولارات.,الدولارات دي.,اصرف هالدولارات.,تلك الدولارات .,لتغيير هالدولار.,هاد الدولارات.,هذي الدولارات.,ل دولارات .,هولا الدولارات.,الدولارات هاذم.,الدولارات هادو.,الدولارات هاذوما.
1867,بساوث ماين وليبرتي.,فى ساوث ماين وليبيرتى.,ساوث ماين و ليبرتي.,ساوث مين وليبرتي.,عند ساوث مين ولايبرتي.,ماين و ليبرتي.,بساوث ماين وليبرتي.,ماين و ليبرتي .,ساوث مين و ليبرتي.,ساوث مين وليبرتي .,بثاوس مين وليبرتي.,ساوث مين و ليبرتي.,ساوث مين ولييرتي.,ساوث مين وليبرتي.,ساوث مين و ليبرتي.,ساوث مين و لايبرتي.,ساوث مين و ليبرتي.,ساوث ماين ، وليبرتي .,في ساوث مين وليبرتي.,ساوث ماين و ليبيرتي.,ساوث مين و ليبرتي.,في ساوث مين وليبرتي.,ساوث مين وليبرتي.,ساوث مين و ليبرتي.,ساوث ماين و ليبريتي.,ساوث ماين و ليبرتي.
1876,بدك كيرلي؟,محتاج كيرلى؟,حاب برمانونت؟,اياه كيرلي؟,عاوز كيرلي؟,شي كيرلي؟,اسويلك تمويج؟,عايز كيرلي؟,محتاج كيرلي؟,عايز كيرلي؟,بدك كيرلي؟,تحتاج كيرلي؟,محتاج برمانونت؟,تبا كيرلي؟,بدك كيرلي؟,داير كيرلي؟,تحتاج كيرلي؟,تسريحة متموجة دائما ؟,تحتاج كيرلي؟,خاصك بيرمانونت؟,تحتاج كيرلي؟,بدك كيرلي؟,تشتيه مجعد؟,تحب كيرلي؟,تبي كيرلي؟,تحب بارمانونت؟
1878,مي تفاحة.,لكن خوخة.,لكن خوخ.,هاد خوخ.,دي خوخة.,انما مشمش.,هاي خوخة.,دراقة .,هضي اجاصة.,ديه خوحة .,هي دراقنة.,ترى خوخة.,ولكن خوخة.,دي خوخة.,هاي خوخة.,لكن خوخ.,لكن خوخ.,ولكنها خوخة .,انها خوخ.,ولكن خوخة.,لكن خوخ.,هاي دراقة .,لكن هي فرسك.,هاكي خوخة.,هدا خوخ.,اما خوخة.
1903,خدها عالصيدلية.,خدها للصيدلية.,اديها للصيدلية.,خدها على الصيدلية.,. خدها للصيدلية.,طبية. اخذها للصيدلية.,اخذها للصيدلية.,خدا عالصيدلية .,خوذها للصيدلية.,خدها للصيدلية .,خدها عالصيدلية.,خذها للصيدلية.,خودها للصيدلية.,وديها الصيدلية.,طبية. خدها على الصيدلية.,طبية. شيلا للصيدلية.,خذا للصيدليي.,خذها إلى الصيدلية .,خذها الى الصيدلية.,ديها لعند الصيدلية.,خذها للصيدلية.,. خذها للصيدلية .,رشده. شلها للصيدليه.,هزها للفرمسي.,أعطيها للصيدلية.,دواء. هزها للسبيسارية.
1927,بالأسبوع، التلاتا، الجمعة، والسبت.,الأسبوع، التلات، الجمعة، والسبت.,الثلاثاء، الجمعة و السبت.,بالأسبوع، الثلاثاء، الجمعة والسبت.,الأسبوع، تلات وجمعة وسبت.,الثلاثاء، الجمعة والسبت.,بالاسبوع، الخميس، الجمعة والسبت.,جمعة، و سبت .,الثلاث، الجمعة، و السبت.,التلات، الجمعه، و السبت .,التلاتا، والجمعة، والسبت.,الاسبوع، الثلاثاء، والجمعة والسبت.,يوم الثلاثاء والجمعة والسبت.,اسوعيا، الخميس، الجمعة والسبت.,التلاتا، الجمعة و السبت.,التلاتاء، الجمعة، و السبت.,بالاسبوع، الثلاثاء، الجمعه، والسبت.,أيام الثلاثاء والجمعة والسبت .,الأسبوع، الثلاثاء والجمعة والسبت.,السيمانة، نهار التلات، الجمعة، و السبت.,الثلاثاء، الجمعة، و السبت.,الجمعه و السبت .,الثلوث، الجمعه، و السبت.,ثلاث، جمعة و سبت.,التلات، الجمعه، و السبت.,التلاثة، الجمعة، و السبت.
1931,ما هيك؟,مش كدة؟,لا لالا؟,غالي، صح؟,مش كدة؟,غالي، مو؟,غالي، مو؟,ما هيك؟,مش صح؟,مش كده؟,مو؟,غالي، صح؟,ياك بصح؟,غالي، ولا؟,غالي، صح؟,ول لا؟,مو بله؟,أليس كذلك ؟,ما صح؟,ياك؟,اليس كذلك؟,صح؟,غالي، صح؟,موش هكا؟,و الا؟,موش هكا؟
1948,رج نجهزلك ياه.,دة. هنجهزهولك.,دوك نحظروهالك.,راح نجهزلك اياه.,ده. هنجهزهولك.,راح نحضرلكياه.,راح نجهزه الك.,رح نحضرلك ياه .,حنجهزوه لك.,حنجهزهالك .,رح نجهزلك اياه.,بنجهزه لك.,غنوجدوه ليك.,حنجهزه لك.,رح نحضرلك ياه.,ح نجهزوا ليك.,نجهزو الك.,سوف نجهزها لك .,بنكون جاهزين له.,غادي نوجدوه ليك.,بنجهزه لك.,رح نحضره الك .,عنجهزه لك الان.,باش نحظروهالك.,عندنا. حنجهزوهولك.,تو نحضروهولك.
1950,للساعة تلاتة؟,لحد الساعة تلاتة؟,التاعي حتى الثالثة مساءا؟,للساعة تلاتة؟,عندك لغاية الساعة تلاتة؟,لحد ساعة تلاثة؟,لحد الساعة تلاثة؟,للساعة تلاتة؟,الساعة ثلاثة بالضبط؟,لحد الساعة تلاته؟,للساعة تلاتة؟,عندك لي ثلاث؟,حتى للساعة الثالثة؟,لين ثلاثة بالضبط؟,للساعة تلاتة؟,لغاية الساعة تلاتة؟,حتى الساعه ثلاثي؟,حتى الساعة الثالثة ؟,حتى الساعة الثالثة؟,حتال التلاتة ديال العشية؟,الى الساعة ثلاث؟,لحد الساعة ثلاثة؟,الشنط للساعه ثلاث؟,حتى للثلاثة متاع العشية؟,لغاية الساعة تلاتة؟,حتى لماضي تلاثة؟
1951,بدي أعدي.,بس أعدى.,نجوز برك.,بدي أقعد.,بس مش هطول.,اريد اذبها.,ردت أمر.,بدي إنزل.,نبي نمر عليك.,مش حأطول .,زيارة سريعة بس.,ابغي امر.,بغيت تخفيض.,أبا ازور.,بدي أنزل.,داير انزل.,اخلينو بالداخل.,الزيارة بدون ميعاد .,بس اطيح.,ندوز و صافي.,ازور فقط.,أمر .,فقط ادخل.,كان نتعدى.,ننزل بس.,و برا.
1954,استأجر-سيارة هون؟,أجر-عربية هنا؟,اكري-سيارة هنا؟,أجر-سيارة هون؟,أجر-عربية هنا؟,أجر-سياره هنا؟,أجر-سيارة هنا؟,استأجر-سيارة هون؟,اجر-سيارة هنا؟,اجر-عربية هنا؟,أجر-سيارة هون؟,اجر-سيارة هني؟,نحجز اكري-سيارة هنا؟,من هنا؟,استأجر-سيارة هون؟,اجر-عربية هنا؟,اجر-سيارة هوني؟,للإيجار من هنا ؟,اجر-سيارة اهني؟,اكري-طوموبيل هنايا؟,استأجر-سيارة هنا؟,أجر-سيارة هون؟,اجر-سيارة هانا؟,اكري-كرهبة هوني؟,اجر-سيارة هنا؟,اكري-كرهبة هوني؟
1968,أميركي؟,أمريكانى؟,أنت أمريكي؟,أمريكي؟,أنت امريكي؟,أمريكي؟,امريكي؟,أميركاني؟,أمريكي؟,اميركي؟,أمريكي؟,امريكي؟,نتا امريكي؟,امريكي؟,أمريكي؟,انت امريكي؟,امريكي؟,أمريكي ؟,امريكي؟,انت ميريكاني؟,امريكي؟,امريكي؟,امريكي؟,أمريكي؟,أمريكي؟,امريكاني؟
1980,إذا سمحت.,لو سمحت.,من فضلك.,لو سمحت.,لو سمحت.,بليه زحمة.,بلا زحمة.,معروف .,لو سمحت.,سمحت .,إذا بتريد.,لو سمحت.,البلاصة، عافاك.,لو سمحت.,لو سمحت.,من فضلك.,مكان، رجاءا.,لو سمحت .,لو سمحت.,البلاصة، عافاك.,لو سمحت.,سمحت .,لو سمحت.,يعيشك.,لو سمحت.,عيشك.
1985,متعطلة.,عطلت.,توقفت.,مسروقة.,عطلت.,واكفة.,وكفت.,تعطلت .,عطلانة.,وقفت.,واقفة.,موقفة.,ديالي واقفة.,سيارتي.,وقفت.,اتسرقت.,متوقفي.,سيارتي .,توقفت.,ديالي ساكتة.,متوقفة.,معطلة .,موقفه.,مراكية.,وقفت.,تشنقلت.
1988,ظل العيون؟,الآيشادو؟,ظل الجفون؟,ضل العيون؟,الأي شادو؟,مال العيون؟,ظلال العين؟,كحلة العيون؟,ظل العين؟,الاى شادو؟,الظل؟,الآي شادو؟,كحل العينين؟,ظل العين؟,الأي شادو؟,ظل العين؟,ظل العيون؟,العيون ؟,ظلال العيون؟,هو الريسيل؟,ظلال العيون؟,العيون ؟,ظل العيون؟,ضل العنين؟,ظل العيون؟,الفارابوبيار؟
1993,إذا خرج.,هادى، لو ممكن.,هادي، اذا أمكن.,ازا ممكن.,هادي، لو ممكن.,هادئة اذا امكن.,اذا ممكن.,في مجال .,لو ممكن.,إن أمكن .,إذا ممكن.,اذا يصير.,هادي، الى ممكن.,هادية، اذا ممكن.,ازا ممكن.,لو ممكن.,هاديي، رجاءا.,إن أمكن .,لو امكن.,إيلا كان ممكن.,اذا ممكن.,اذا ممكن .,اذا امكن.,كان تنجم.,لو ممكن.,كان ممكن.
1997,مجاني شي؟,دة فاضى؟,الطاكسي فارغ؟,التاكسي مجاني؟,معلهوش ضرايب؟,التاكسي مجاني؟,التكسي فارغ؟,بلاش؟,هضا ببلاش؟,ده مجاني؟,التاكسي مجاني؟,التكسي ببلاش؟,الطاكسي مجاني؟,دا مجاني؟,التكسي ببلاش؟,دا مجاني؟,التكسي ببلاش؟,الأجرة متاحة ؟,هالتاكسي مجانا؟,الطاكسي خدام؟,التاكسي مجاني؟,التكسي ببلاش؟,التاكسي فاضي؟,فاضي؟,هدا فاضي؟,التاكسي هذا؟
1998,محطة اكسبريس؟,محطة اكسبريس؟,المحطة إكسبرس؟,محطة اكسبريس؟,محطة اكسبريس؟,محطة اكسبريس؟,محطة اكسبريس؟,التران السريع؟,المحطة اكسبريس؟,دي اكسبريس؟,محطة اكسبريس؟,القطار السريع؟,محطة اكسبريس؟,محطة اكسبريس؟,محطة اكسبريس؟,محطة اكسبريس؟,محطة اكسبريس؟,قطار سريع ؟,محطة اكسبريس؟,المحطة اكسبريس؟,المحطة اكسبريس؟,محطة اكسبريس؟,محطة اكسبريس؟,محطة اكسبريس؟,هادي اكسبريس؟,المحطة اكسبريس؟
2001,لازم أجي؟,الساعة كام؟,لازم نولي؟,آجي هون؟,اعدي امتى؟,المفروض اجي؟,لازم اجي؟,لازم إجي؟,المفروض نجي؟,مفروض أجي؟,لازم اجي؟,كم اجي؟,نجي لهنا؟,لازم اجي؟,ساعة أجي؟,اجي ماري؟,لازم اجي؟,آتي ؟,لازم ايي؟,خاصني نجي؟,لازم اجي؟,لازم أجي؟,المفروض اجي به؟,لازمني نرجع؟,مفروض انجي؟,يلزمني نجي؟
2003,أبيض صغير.,نبيت أبيض صغير.,من النبيذ الأبيض.,النبيذ الأبيض.,نبيت أبيض صغيرة.,نبيذ ابيض.,ابيض زغير.,النبيد الأبيض .,من النبيذ الأبيض.,أبيض صغيرة.,أبيض صغير.,واين ابيض.,ديال النبيذ الأبيض.,من النبيذ الأبيض.,أبيض صغيرة.,من نبيذ ابيض.,من النبيذ الابيض.,الخمر الأبيض .,من النبيذ الأبيض.,النبيذ الأبيض.,من النبيذ الأبيض.,النبيذ لابيض .,نبيذ ابيض.,شراب ابيض.,من النبيذ الابيض.,شراب ابيض عيشك.
2005,حاسس حالي منيح هلئ.,حاسس إنى كويس أوى دلوقتى.,مانيش نحس روحي مليح.,حالي مو على بعضي هلأ.,حاسس أني مش كويس دلوفتي.,نفسي بحالة مو جيدة حالياً.,احس نفسي متخربط هسه.,حاسس كتير منيح هلأ .,حاس اني كويس توا.,مش حاسس اني كويس دلوقتي.,حاسس حالي تعبان هلأ.,بعدين؟ احس تعبان شوي.,ما كنحسش براسي . مزيان حاليا.,اني مو كويس دحين.,حاسس حالي منيح هلأ.,ما حاسي اني كويس أسى.,ما عدشعر مليح هسا.,أشعر أنني لست على ما يرام الآن .,ماحس انا زين هالوقت.,م كا نحسش براسي مزيان دابا.,ما اشعر اني بحالة جيدة حاليا.,مش حاس حالي كويس هلا .,احسش ان انا بخير الان.,بعد. منيش مريقل توا.,في روحي مش كويس توا.,متقلق شوية توا.
2025,رح أتجوز.,أخبار. أنا هتجوز.,راني رايح نتزوج.,أنا تزوجت.,أخبار. أنا إتجوزت.,ساره. راح اتزوج.,راح اتزوج.,رح إتجوز .,أنا حنتزوج.,جديدة، انا اتجوزت .,رح اتزوج.,خبر. بتزوج.,الأخبار. أنا غنتزوج.,اخبار. حتزوج.,أخبار. بدي أتجوز.,انا ح اتزوج.,غاح اتزوج.,أنا سأتزوج .,الاخبار. انا تزوجت.,أخبار. غادي نتزوج.,خبر. بتزوج.,تزوجت .,قد انا شا اتزوج.,الجديد. باش نعرس.,اخبار. حنتزوج.,خبير. بش نعرس.
2033,تانية؟,بنطلونات تانية؟,واحد أوخر؟,بلاطين تانية؟,بنطلونات تانية؟,غير بناطير؟,بنطرون ثاني؟,بناطلين تانية؟,سراويل أخرى؟,بنطلونات تانية؟,بنطلون تاني؟,بوانطلين ثانية؟,سراول أخرين؟,بنطلون ثاني؟,بنطلونات تانية؟,سراويل تانيه؟,سراويل اخرى؟,أخر ؟,سراويل غيرهم؟,سراويل اخرى؟,سراويل ثانية؟,بناطيل ثانية؟,بنطلونات ثانيه؟,آخر؟,بناطلين تانيات؟,سراويل اخرى؟
2035,آخد برنامج؟,أخد برنامج؟,نعرف البرنامج؟,آخد برنامج؟,برنامج؟,اخذ البرنامج؟,على برنامج؟,إخد برنامج؟,ناخذ برنامج؟,برنامج؟,تعطيني برنامج؟,اخذ برنامج؟,ناخد البرنامج؟,خطة؟,أخد برنامج؟,اخد برنامج؟,على برنامج؟,على برنامج ؟,احصل برنامج؟,شي برنامج؟,على برنامج؟,البرنامج؟,لي برنامج؟,ناخو البرنامج؟,نحصل برنامج؟,ناخو برنامج؟
2052,امبارحة بالليل.,الليلة اللى فاتت.,ديالي عشية البارح.,غرفتي الليلة الماضية.,إمبارح بليل.,الليلة الماضية.,البارحة بالليل.,أوضتي ليلة مبارح .,امس في الليل.,امبارح بليل .,غرفتي مبارح بالليل.,البارحة فالليل.,ديالي لبارح فليل.,غرفتي ليلة امس.,غرفتي الليلة الماضية.,غرفتي امبارح بالليل.,البيحه بالليل.,الماضية .,غرفتي الليلة الماضية.,ديالي البارح بالليل.,امس في الليل.,ليلة مبارح.,ليله امس.,البارح في الليل.,لداري أمس الليل.,لبارح في الليل.
2055,بكتاب الصور، إذا سمحت.,كتاب الصور، من فضلك.,فكتاب التصاور، من فضلك.,كتاب الصور، لو سمحت.,الصور إنهاردة، لو سمحت.,بالكتاب المصور، رجاءً.,بكتاب الصور، بلا زحمة.,الكتاب، عمول معروف .,كتاب الصور، لو سمحت.,الكتاب المصور، من فضلك .,اليوم بكتاب الصور، رجاءً.,كتب الصور، لو سمحت.,اليوم فكتاب التصاور، عافاك.,كتاب الصور، لو سمحت.,كتاب الصور، لو سمحت.,في الألبوم، من فضلك.,بكتاب الصور، رجاءا.,الصور ، من فضلك .,كتاب الصور، لو سمحت.,ديال الكتاب اليوم، عافاك.,كتاب الصور، لو سمحت.,الصور، لو سمحت .,كتاب الصور، لو سمحت.,اليوم في الكتاب، يعيشك.,في البوم الصور، لو سمحت.,في كتاب التصاور، عيشك.
2083,الأكل المفضاية من الهوا.,الأكل المفرغة من الهوا.,المفرغ من الهواء للغذاء.,باكيدج الأكل المغلفة.,الأكل المفرغة من الهوا.,الطعام المفرغ من الهوا.,الاكل المفرغ من الهوا.,الأكل المغلفة .,البلاستيك متاع رزمة الوكال.,باكيدج الاكل المتفرغ.,الأكل المفرغة من الهوا.,الأكل المفرغة من الهوا.,اللي مفرغ من الهواء.,الطعام المفرغ من الهواء.,كيس الأكل المضغوط.,الأكل المفرغة من الهواء.,الاكل المفرغة من الهوا.,الطعام الفارغة .,الغذاء المفرغة من الهواء.,الباكية ديال الماكلة المعلبة.,غلاف الاكل المغلف.,غلاف الأكل المفرغة.,الاكل المفرغ من الهواء.,اللومبالاج متاع الماكلة.,الماكلة المفرغه من الهوا.,الي مجبود منو الهواء.
2086,مصاري ورق.,فلوس ورق.,حاب تذاكر.,من ورق.,فلوس ورقية.,فلوس ورقية.,فلوس.,ورق .,فلوس ورق.,ورق .,مصاري ورق.,انواط.,الفلوس وراق.,فلوس ورقية.,مصاري ورق.,قروش ورق.,فلوس ورقيي.,ورقية .,ورق فلوس.,الفلوس وراق.,أوراق نقدية.,ورق .,زلط ورقيه.,التساكرر.,فلوس ورق.,فلوس اوراق.
2100,وهرب بعيد.,بتاعتى وهرب.,و هرب.,وهرب بعيد.,المحفظة بتاعتي وجري.,محفظتي وطفر.,محفظتي وشرد.,هرب .,و هرب بعيد.,جري .,جزداني وركض.,بوكي وشرد.,ديالي وهرب.,محظفتي وهرب.,و هرب.,محفظتي وهرب.,محفضتي وانهزم.,بعيداً .,بوكي وشرد.,ديالي و هرب.,و هرب.,هرب .,وجري بعيد.,و هرب.,و هرب.,هرب يجري.
2119,دروس تجريبية؟,دروس تجريبية؟,دروس التجريب؟,عن ممر المشاة؟,دروس تجريبية؟,دروس تجريبية؟,دروس تجريبية؟,دروس تجريبية؟,دروس تجريبية؟,دروس تجريبية؟,دروس تجريبية؟,دروس تجريبية؟,دروس تجريبية؟,دروس تجريبية؟,دروس تجريبية؟,دروس تجريبيه؟,دروس تجريبيي؟,تجريبية ؟,دروس تجريبية؟,دروس للتجريب؟,حصص تجريبية؟,دروس تجريبية؟,دروس تجريبيه؟,دروس تجريبية؟,دروس تجريبيه؟,دروس تجراب؟
2147,طوابع بريدية؟,طوابع بريد؟,نشري الطوابع؟,أشتري طوابع البريد؟,أشتري طوابع البوستة؟,طوابع بريدية؟,طوابع مال بريد؟,طوابع بريدية؟,طوابع بريد؟,طوابع بريدية؟,اشتري طوابع بريدية؟,طوابع بريدية؟,نشري الطوابع البريدية؟,طوابع بريد؟,طوابع بريد؟,طوابع بريدية؟,طوابع بريديي؟,طوابع بريد ؟,الطوابع البريدية؟,التنابر ديال البريد؟,طوابع بريدية؟,اشتري طوابع البريد؟,اشتري طوابع البريد؟,نشري تنابر؟,نشري طوابع بريديه؟,تنابر بوسطة؟
2148,بريطانيا العظمى.,بريطانيا العظمى.,من بريطانيا.,بريطانيا العظمى.,بريطانيا العظمى.,بريطانيا العظمى.,من بريطانيا.,العظمى .,من بريطانيا.,العظمي .,بريطانيا العظمى.,من بريطانيا.,بريطانيا العظمى.,بريطانيا العظيمة.,من بريطانيا.,بريطانيا العظمى.,برطانيا العظيمي.,العظمى .,بريطانيا العظمى.,من بريطانيا.,بريطانيا العظمى.,بريطانيا .,بريطانيا العظمى.,من بريطانيا.,من بريطانيا.,بريطانيا العضمى.
2156,مع مرتي.,مع مراتى.,الزوجة ديالي.,الموضوع مع زوجتي.,ده مع مراتي.,الشي ويه زوجتي.,ويه زوجتي.,مع مرتي .,مع مراتي.,مع مراتي .,عن هالموضوع.,مع زوجتي.,داكشي أنا ومراتي.,مع زوجتي.,مع مرتي.,داك مع زوجتي.,هذا مع مغتي.,مع زوجتي .,مع زوجتي.,داكشي مع مراتي.,مع زوجتي.,مع مرتي.,على هذا.,مع مرتي.,مع زوجتي.,مع مرتي.
2161,أرجع هاد.,استرجاع لدة.,على هذا.,استرجاع لهاد.,فلوس ده.,على هذا الشي.,فلوس هذا.,لهيدا .,يردن لهضا.,على ده.,مبلغ هاد.,فلوسي عن هذا.,رد لهادشي.,عشان دا.,تعويض عنه.,دفع لي ده.,تعويض لهذا.,تعويض لذلك .,على هالشي.,على هادشي.,على هذا.,هاد .,الزلط حق هذا.,متاع هذا.,فلوس هدا.,متاع هذا.
2179,قدام هدك البنك.,قدام البنك دة.,قدام البنك.,تليفون مقابل البنك.,قدام البنك.,مقابيل البنك.,مقابيل البنك.,هيداك البنك .,قدام البنك هضكي.,البنك ده .,قدام البنك.,قدام هذاك البنك.,قبالت البنك.,قدام البنك.,قدام البنك.,قدام البنك داك.,قدام هذاك البنك.,هذا المصرف .,جدام البنك.,مقابل مع هاديك البنكة.,مقابل البنك.,قدام هذا البنك.,قبال البنك ذياك.,قدام البانكة.,قدام البنك هاداكا.,اك البانكة.
2180,آذار وأطلع بأربطعش.,مارس وهمشى أربعتاشر.,نروح الرابع عشر.,وراح أروح بأربعطعش.,مارس وهمشي يوم اربعتاشر.,آذار واغادر يوم اربعطعش.,واروح يوم اربعطعش.,و فل بأربعتش.,و نروح يوم اربعطاش.,حأمشي اربعتاشر .,آذار وسافر بأربطعش.,وبمشي اربعطعش.,ونغادر في الرابع عشر.,وحمشي يوم اربعطعشر.,و مروح في أربعتاش.,و أغادر في الرابع عشر.,اذار واغوح بالارباطعش.,في الرابع عشر .,وبغادر في الرابع عشر.,غادي نمشي نهار اربعطاش.,بروح في الرابع عشر.,ارجع ب اربعطعش .,وارح لي على اربعطعش.,و نرجع نهار اربعطاش.,و نسافر يوم أربعطاش.,و نخرج نهار اربعطاش.
2205,ما هيك؟,مش كدة؟,واش رايك؟,مش شايف هيك؟,انت ايه رأيك؟,شويه غالي؟,غالي، شتكول؟,ما بتفتكر؟,شن رايك؟,لا انت رأيك ايه؟,شوي، ما؟,ولا شرايك؟,واش كتظن؟,شوية، ولا؟,شو رأيك؟,م يتعاقد؟,ما تعتقد؟,ألا تعتقد ؟,شوي غالي؟,لا لا؟,ما تعتقد؟,لا شو رأيك؟,ما رايك؟,موش هكة؟,الا شن رايك؟,موش هكا؟
2235,الوصل؟,عندك؟,عندك الطالون؟,السيجارة؟,الإيصال؟,القسيمة؟,تذكرة الصعود؟,الكعب؟,الفضلة؟,الايصال؟,معك؟,الرصيد؟,طفاية سجائر؟,الباقي؟,عندك كعب؟,عندك العقل؟,عندك كعب؟,كعب ؟,كعب؟,عندك الطالون؟,البقية؟,كعب؟,البقيه؟,الصبات العالي؟,الكعب؟,البونو؟
2236,موقف الباص؟,محطة الأتوبيس؟,المحطة البرية؟,محطة الباص؟,محطة الأتوبيس؟,موقف الباصات؟,محطة الباصات؟,محطة الباصات؟,محطة الحافلات؟,محطة الاتوبيس؟,خط الباص؟,محطة الباص؟,محطة الطوبيسات؟,محطة الباصات؟,محطة الباص؟,البص الترفيه؟,محطة الباص؟,للحافلة ؟,محطة الباصات؟,ديال الطوبيس؟,محطة الباص؟,محطة الباصات؟,محطه الباص؟,طريق الترونو؟,محطة الباص؟,محطة الكار؟
2238,تحلاية؟,بصحرا؟,حاب تحلية؟,الحلويات؟,عايز التحلية؟,حلويات؟,حلويات؟,الحلو؟,حاجة حلوة؟,التحلية؟,تاكل حلو؟,حلو؟,تهتم بالحلوى؟,في حلا؟,تتحلى؟,مهتم بالتحلية؟,تهتم بتحليه؟,بالحلويات ؟,تهتم بالحلوى؟,شي تحلية؟,حلى؟,بالتحلاية؟,الحالي؟,ديسار؟,في حلويات؟,ديسار؟
2302,بتحكي؟,بتتكلم؟,تهدر؟,بتحكي؟,بتتكلم؟,تحجي؟,تحجي؟,بتحكي؟,تحكي؟,بتتكلم؟,بتحكي؟,تتكلم؟,كتهدر؟,تهرج؟,بتحكي؟,بتتكلم؟,تحكي؟,تتحدث ؟,تتكلم؟,كا تتكلم؟,تتكلم؟,بتحكي؟,تتكلم؟,عليه؟,تتكلم؟,انتي؟
2306,إذا سمحت.,من فضلك.,من فضلك.,لو سمحت.,زيه، لوسمحت.,اذا امكن.,الي، بلا زحمة.,عمول معروف .,لو سمحت.,من فضلك .,إذا سمحت.,لو سمحت.,بالنسبة لي، عافاك.,لو سمحت.,لو سمحت.,من فضلك.,لليي، رجاءا.,من فضلك .,لو سمحت.,ليا، عافاك.,لو سمحت.,لو سمحت.,لو سمحت.,ليلي انا.,لو سمحت.,انا، عيشك.
2318,وصل طلبي.,بتاعى ماوصلش.,مازال موصلتش.,ما وصل.,طلبي مجاش.,ما وصل.,ما اجه.,وصل .,ما وصلش.,جاش .,ما وصل.,ما وصل.,مزال موصل.,ما جاء.,ما وصل.,ما وصل.,ما وصل.,يأت .,ما وصل.,ما وصلش.,ما وصل.,وصل .,ماقد وصلش.,ما وصلتنيش.,ما وصلتش.,لا جاء.
2324,ينابيع حارة.,سخنة كتير.,تع الما السخون.,ينابيع سخنة.,سخنة كتير.,ينابيع حاره.,حارة هواي.,الينابيع السخنة .,ينابيع ساخنة.,سخنه كتير .,ينابيع سخنة.,ينابيع حارة.,ديال الينابيع السخونة.,حارة كتيرة.,ينابيع سخنة.,الربوع الساخنه.,ينابيع حاغه.,الينابيع الحارة .,الينابيع الساخنة.,العوينات سخونين.,حارة كثيرة.,ساخنة .,حاميه ملان.,متاع ماء شخون.,اميه سخونه.,عيون سخونة.
2329,ألف ين لدولارات أمريكية.,ألف ين لدولارات أمريكية.,يان إلى الدولار الأمريكي.,ألف ين للدولار الأمريكي.,ألف ين لدولارات امريكية.,ين الى دولار امريكي.,الف ين للدولار الأمريكي.,ين للدولار الأميركي .,ين لدولار الأمريكي.,الف بن بدولارات .,ين بدولار أمريكي.,ين لي دولارات امريكية.,ألف ين للدولار الأمريكي.,ين الى دولار.,ألف ين لدولارات أمريكي.,ألف ين للدولار الأمريكي.,ين لدولارات امريكيي.,إلى دولارات أمريكية .,ين الى دولار امريكي.,ين للدولار الأمريكي.,ين الى دولارات أمريكية.,ل دولار امريكي .,ين ل دولار امريكي.,يان للدولار الامريكي.,ين للدولار أمريكي.,يان للدولار الامريكي.
2338,أنا بدي أدخن.,الحقيقة انا عاوز أدخن.,حبيت ندخن.,أنا بحب أدخن.,أنا عايز أدخن.,الحقيقة اريد ادخن.,انا اريد ادخن.,إلي .,الحق نبي ندخن.,انا حابب أدخن .,بالحقيقة حابب دخن.,ابغي ادخن.,في الواقع باغي نكم.,نفسي ادخن.,بدي أدخن.,الحقيقه داير أدخن.,بالحقيقه انا اغيد ادخن.,الواقع أحب أن أدخن .,تبغا الصدق أبا ادخن.,الصراحة بغيت نكمي.,الحقيقة ابغى ادخن.,صراحة بدي ادخن .,اصلا اشتي اشقر.,اما، نحب تكيف.,الحقيقة نبي ندخن.,نتكيف انا.
2347,أدوات تزلج وأحذية؟,حاجات السكي وشوز؟,التزحلق و الأحذية؟,أدوات سكي و بوت؟,حاجات التزحلق والجزم؟,مال التزلج واحذية؟,ادوات سكي واحذية؟,مزلاج و صبابيط؟,ادوات سكي وكنادر؟,التزحلق عالجليد والشوز؟,أدوات سكي واحذية؟,أدوات تزلج وجواتي؟,ادوات ديال التزلج وصبابط؟,أدوات التزلج والجزم؟,سكي و كنادر؟,ادوات سكي وجزم؟,اشياء التزلج واحذية؟,زلاجات وأحذية ؟,ادوات تزلج واحذية؟,السكي و الصبابط؟,تزلج و احذية؟,ادوات تزلج و احذية؟,أدوات تزلج وجزمات؟,و صبابط؟,تزلج و كنادر؟,متاع سكي و صبابط؟
2353,مشاريبنا؟,المشاريب بتاعتنا؟,الاستهلاك ديالنا؟,نسيت عصايرنا؟,المشاريب بتاعتنا؟,المشروبات مالتنا؟,مشروباتنه؟,مشروباتنا؟,مشروباتنا؟,نسيت مشروباتنا؟,مشروباتنا؟,مشروباتنا؟,المشروبات ديالنا؟,شرابنا؟,نسيت مشروباتنا؟,مشروباتنا؟,نسيت مشروباتنه؟,مشروباتنا ؟,نسيت مشروباتنا؟,المشروبات ديالنا؟,مشروباتنا؟,مشروباتنا؟,حقنا المشروبات؟,شنو استهلكنا؟,نسيت مشروباتنا؟,مشروباتنا؟
2368,باليابان ببريد الطرود العالمي؟,طريق بريد جمع الطرود الدولية؟,اليابان مقابل تعويض دولي؟,وأستلمه من خلال صفحة الطرود الدولية؟,طريق بوستة طرود كولكت الدولية؟,"طريق طرود ""كوليكت انترناشيونال""؟",ببريد جمع الطرود الدولية؟,مكتب تجميع الطرود الدولية؟,طريق جمع الطرود الدولية؟,عن طريق كويكت انرناشيونال بارسل؟,طريق خدمة جمع الطرد البريدي؟,اليابان بالبريد الدولي؟,بالحزمة ديال البريد الدولية؟,تجمع رقم الطرد العالمي؟,عن طريق بريد الطرود الدولية؟,ببريد تجمع الحزمه العالميه؟,ببريد الطرود الدولي عليي؟,بريد الطرود الدولي وتحصل الثمن من هناك ؟,اليابان بجمع طرود الدولية؟,اليابان على حساب المتلقي؟,طريق بريد جمع الطرود العالمية؟,تجميع الطرود الدولية الثانية؟,ب بريد جمع الطرود الدوليه؟,و باش نرجعلك فلوس دوليا؟,طريق تلقيط الطرود الدولية البريدية؟,الدولية كولاكن انترناشنل بارسل؟
2381,نبيذ أحمر.,كوباية نبيت أحمر.,نبيذ أحمر.,خمر أحمر.,نبيت أحمر.,نبيذ احمر.,خمر احمر.,أحمر .,نبيذ أحمر.,أحمر .,نبيت أحمر.,واين احمر.,ديال النبيذ الأحمر.,نبيذ احمر.,نبيد أحمر.,خمرة حمرة.,الخمر الاحمر.,الخمر الأحمر .,النبيذ الأحمر.,النبيذ الأحمر.,النبيذ الأحمر.,نبيذ احمر.,نبيذ احمر.,شراب احمر.,نبيذ أحمر.,شراب احمر.
2389,ها ها، مزحة صغيرة.,فندم. هاها، بهزر معاك.,اه، اه، راني نتحدث.,ههههههه، هاي مزحة صغيرة.,ههههه، أنا بهزر معاك.,ههههه، مجرد نكتة بسيطة.,أستاذ. ههه-ههه، جاي اشاقه.,بس نكتة زغيرة .,هاه-هاه، مجرد نكته صغيرة.,هه هه، بس بأنكت .,استاذ ههههه، عم امزح.,اخوي. هه، انكت.,هه هه، غير نكتة صغيرة.,هههههه، بس مزحة صغيرة.,حضرتك. ههه، نكتة صغيرة.,ههه-ههه، فقط نكته صغيره.,ههه-ههه، بس نكته زغيغي.,هاها ، مزحة صغيرة .,سيدي. هههه انكت معاك.,اه-اه، غير نكتة صغيرة.,ههه ههه، مزحة صغيرة.,ههههه، بس مزحة صغيرة.,ههههه، هي الا نكته.,سيد. اوه، اوه، نفدلك.,ها ها، نكته صغيرونه.,سيدي. هههه، نفدلك معاك.
2401,فينا نخدمك؟,نقدر نخدمك؟,نقدر نعاونك؟,منقدر نخدمك؟,نخدمك إزاي؟,اكدر اخدمك؟,شلون انخدمك؟,فينا نخدمك؟,نقدرو نخدموك؟,نخدمك أزاي؟,فينا نخدمك؟,نقدر نخدمك؟,لي نعاونك؟,نقدر نخدمك؟,بنقدر نخدمك؟,ممكن تندمج؟,نطيق نخدمك؟,يمكننا خدمتك ؟,اقدر اساعدك؟,نقدر نخدمك؟,نقدر نخدمك؟,بقدر اخدمك؟,اقدر اخدمك؟,نجم نعاونك؟,نقدرو نساعدوك؟,انجمو نخدموك؟
2412,جين، فودكا ونبيذ.,جين، فودكا و نبيت.,الفودكا و النبيذ.,جين، فوديكا وخمر.,وبراندي وجن وفوديكا ونبيت.,جن، فودكا ونبيذ.,جن، فودكا و خمرة.,فودكا و نبيد .,جن، فودكا و نبيذ.,فودكا . و كمان نبيد .,وجين، وفودكا ونبيت.,جن، فودكا وواين.,الجن، الفودكا والنبيذ.,نبيذ، فودكا ونبيذ.,جين، فودكا و نبيد.,براندي، جن، فودكاوخمر.,جين، فودكا، و خمر.,وجن ، وفودكا ، وخمر .,الجن، الفودكا والنبيذ.,الڤودكا و النبيذ .,جن، فودكا و نبيذ.,الجن، الفودكا والنبيذ.,جين، فودكا و خمر.,فودكا و شراب عنب.,جين، فودكا و نبيذ.,جين، فدكا و شراب.
2425,بصير جواز؟,صحيح. بسبور أوكى؟,يساعدك جواز السفر؟,جواز سفر صح؟,الباسبور ينفع؟,الجواز ماشي؟,صحيح. جواز اوكي؟,. باسبور بيمشي الحال؟,هل جواز السفر اوكي؟,. هو الباسبور فيه مشاكل؟,البسبور بيمشي حاله؟,جواز اوكي؟,واش البسبور مزيان؟,جواز السفر يمشي؟,بنفع جواز السفر؟,هل باسبورت اوكي؟,هل جواز السفر اوكي؟,جواز السفر ينفع ؟,صح، جوازك زين؟,جواز السفر هانية؟,صح. ينفع جواز؟,جواز السفربيزبط؟,الجواز ينفع؟,جواز سفر باهي؟,تمام. الباسبورت اوكي؟,باهي. ميسالش باسبور؟
2428,وعشرين. بتقدر تاخد غسيلاتي؟,ممكن تلم الغسيل بتاعى؟,و عشرون. تقدر تدي الغسيل ديالي؟,وعشرين. ممكن تجبلي غسيلي؟,ممكن تيجي تاخد الغسيل بتاعي؟,تجي تأخذ هدوم الغسيل مالتي؟,الهدوم مال الغسل مالتي؟,. فيك تجبلي غسيلاتي؟,وعشرين. تقدر تجيب غسيلي؟,. ممكن تاخد غسيلي؟,فيك تجي تاخد الغسيل تبعي؟,وعشرين. ممكن تاخذ غسيلي؟,وعشرون. ممكن تهز الغسيل ديالي؟,وعشرين. تقدر تأخذ غسيلي؟,عشرين. بتقدر تاخد غسيلي؟,هل ممكن تشيل غسيلي؟,هل تطيق حواس الغسيل مالتي؟,هل يمكن أن تأخذ الغسيل ؟,وعشرون. تقدر تشل غسيلي؟,تهز الحوايج ديال التصبين ديالي؟,وعشرين. تقدر تأخذ غسيلي؟,وعشرين. بتقدر تجيب غسيلي؟,عتقدر تشل الغسيل حقي؟,تنجم تاخذ الي الغسيل متاعي؟,ممكن تاخد حوايج الغسيل متاعي؟,ممكن تهزل حوايج الغسيل متاعي؟
2440,شي منون بيزبط.,من دول تناسب.,واحد لي يساعدني.,من هدول بتزبط معي.,واحد من دول يناسبني.,واحد من هذني يرهم.,واحد منها يرهم.,هودي بيجوا عليي .,من هضينا تركب.,دول تناسب .,شي من هدول.,من ذيلا يناسب.,حاجة من هادو تناسبني.,شيء يناسبني.,في اشي بيناسب.,واحد من ديل مناسب.,وحدي من هذولي ترهم.,أي منها يناسبني .,منهم تناسب.,من هادو يجيو قدي.,واحد منها يناسب.,كانت بتزبط.,واحد من هولا عيضبط.,حاجة تعجب.,واحد منهم يجيني.,اي وحدة من هاذوما.
2441,غلاية.,عاوز غلاية.,حاب غلاية.,غلاية مي.,عايز غلاية.,كتلي.,كيتلي.,غلاية.,طنجرة.,غلاية .,غلاية.,غوري.,غلاية.,غلأية.,ابريق.,غلاية.,كتلي.,غلاية .,غلاية.,مقراج.,ابريق.,غلاية.,كتلي.,طنجرة.,غلاية اميه.,سخان ماء.
2445,جبنة مبشورة.,لو سمحت.,الجبن المبشور.,الجبنة المبشورة.,جبنة مبشورة.,جبن مبروش.,جبن مبروش.,مبروشة .,جبنة مبشورة.,مبشورة .,جبنة مبشورة.,جبن مبشور.,الجبن المحكوك.,جبن مبشور.,جبنة مبشورة.,الجبنه المضفره.,جبن مبشور.,الجبن المبشور .,الجبن المبشور.,ديال الفورماج محكوك .,جبن مبشور.,الجبن المبشور.,جبن مبشور.,جبن مهروش.,جبنة مبشوره.,جبن مرحي.
2462,نضفانة بكرة الصبح؟,نضيفة على بكرة الصبح؟,دياولي منا لغدوة صبح؟,مغسولين بكرا الصبح؟,نضيفة بكرة الصبح؟,مغسولة باجر؟,باجر الصبح؟,منضفين بكرا الصبح؟,نظاف بكرة الصبح؟,يكون قميصي نضيف؟,قمصاني لبكرا الصبح؟,على باجر الصبح؟,قبل غدا فالصباح؟,على صباح بكرة؟,مغسولين بكرا الصبح؟,قمصاني نضيفه صباح بكره؟,مغسول غدا الصبح؟,نظيفة غداً صباحاً ؟,قبل باجر الصبح؟,مصبنين غدا في الصباح؟,متنظف بكرة الصبح؟,بكرا الصبح؟,ل غطوة الصبح؟,من هوني لغدوة؟,مع غدوه الصبح؟,هنا لغدوة الصباح؟
2476,يرجع يدقلي؟,يرجع يكلمنى؟,يتصل بيا؟,فيي بعدين؟,يتصل بيا؟,يتصل بيه؟,يرجع يخابرني؟,يرجع يدقلي؟,يرد يكلمني؟,و يتصل بيا؟,يتصل فيني؟,يرد يكلمني؟,بيا مرة اخرى؟,عليا بعدين؟,يتصل علي؟,يرجع لي؟,تخلينو يخابرني؟,يعاود الاتصال بي ؟,مره ثانيه؟,يعاود يتاصل بيا؟,مرة ثانية؟,مكالمة ثانية معو؟,يتصل بي؟,يكلمني؟,يعاود يكلمني؟,يعاود يكلمني؟
2490,طيب؟,ليه؟,وعلاش؟,ليش؟,كدة؟,لعد؟,ليش؟,فإذن؟,ليش؟,طيب؟,ليش؟,عيل؟,اذن؟,طيب؟,ليش؟,طيب؟,لعد؟,إذاً ؟,ليش؟,علاش؟,طيب؟,طيب؟,ليش؟,علاش؟,إماله؟,علاش؟
2492,قريبة هون؟,قريب من هنا؟,قريبة من هنا؟,مكتبة بتبيع كتب؟,مكتبة قريب من هنا؟,مكتبة قريبة منا؟,مكتبة هنا؟,كتب قريب من هون؟,مكتبة هنا؟,كتب قريب من هنا؟,قريب من هون؟,مكتبة قريب؟,شي مكتبة هنا؟,مكتبة هنا؟,قريبة من هون؟,اي مكتبات هنا؟,قغيبي على هوني؟,قريب من هنا ؟,مكتبه جريبه هنا؟,شي مكتابة هنايا؟,مكتبة قريبة؟,قريبة من هون؟,قريبه من هانا؟,قريبة من هوني؟,قريبه من هنايا؟,مكتبة قريبة؟
2496,مسبقة الدفع. معي وصل.,من قبل كدة. أنا معايا إيصال.,من قبل. عندي الوصل.,أجرتها مدفوعة. عندي فاتورة.,كان مدفوعلها. نا معايا الإيصال.,ثمنها. اني عندي وصل.,مدفوعة. عندي وصل.,مدفوعة . معي وصل .,مدفوعة قبل. عندي الايصال.,كده . معايا وصل بيأكد كلامي .,من قبل. معي وصل.,كانت مجهزة. عندي ايصال.,من قبل. عندي التوصيل.,اندفعت. عندي الأيصال.,قبل. في معي وصل.,كانت مجهزه. عندي ايصال.,كانت مجهزي. عندي وصل.,ثمنها مسبقاً . معي إيصال .,اندفعت. عندي إيصال.,واجد . عندي التوصيل.,كانت جاهزة. عندي الايصال.,مسبقة الدفع. لدي إيصال.,مدفوعه. معي الفاتوره.,خالصة من الاول. خذيتهم.,مدفوعه مسبقا. اهو الواصل.,من قبل. عندي توصيل.
2505,هنيك.,هناك.,راهي لهيك.,هناك فوق.,هناك أهو.,هناك.,هناك.,هونيك .,قاعدة غادي.,هناك .,هنيك.,هناك.,موجودة هنا.,هناك.,هناك.,هناك.,هنوك.,هناك .,موجودة هناك.,كاين لهيه.,هناك.,موجودة هناك.,هاناك.,غادي.,غادي.,غادي.
2516,ستا وتلاتين صورة، إذا سمحت.,ستة وتلاتين صورة، لو سمحت.,ستة و ثلاثون لقطة، من فضلك.,ستة وتلاتين صورة، لو سمحت.,ستة وتلاتين صورة، لو سمحت.,الستة وتلاثين صوره، رجاءً.,ستة وتلاثين لقطة، بلا زحمة.,و تلاتين لقطة، عمول معروف .,ستة وثلاثين لقطة، لو سمحت.,و تلاتين صورة، لو سمحت.,ستة وتلاتين صورة، لو سمحت.,ستة وثلاثين صورة، لو سمحت.,ملون، ستة وثلاثين تصويرة، من عافاك.,و ستة وتلاتين لقطة، لو سمحت.,و تلاتين صورة، لو سمحت.,سته وتلاتين صورة، من فضلك.,ستي وثلاثين لقطه، رجاءاً.,ستة وثلاثين لقطة ، من فضلك .,ملون، ستة وثلاثين لقطة، من فضلك.,الألوان، ستة و تلاتين تصويرة، عافاك.,ستة وثلاثون صورة، لو سمحت.,ستة و ثلاثين لقطة، لو سمحت.,وسته وثلاثين لقطه، لو سمحت.,ألوان، ستة و ثلاثين لقتة، يعيشك.,ستة و تلاتين صوره، من فضلك.,بالالوان، تصاور ستة و تلاثين، يعيشك.
2519,الشيك بسبعين دولار.,دة بسبعين دولار.,دولار تاع هاذ الشاك.,بقيمة سبعين دولار.,ده اللى بسبعين دولار.,الصك بسباطعش دولار.,الصك بسبعين دولار.,سبعين دولار .,هضا لسبعين دولار.,سبعين دولار ده .,بقيمة سبعين دولار.,حق سبعين دولار.,الشيك بسبعين دولار.,دا بسبعين دولار.,الشك لسبعين دولار.,دا لسبعين دولار.,الشيك لسبعين دولار.,الشيك بسبعين دولاراً .,ب سبعين دولار.,لسبعين دولار .,الشيك بسبعين دولار.,بسبعين دولار .,ب سبعين دولار.,الي فيه سبعين دولار.,متاع سبعين دولار.,هذا بسبعين دولار.
2521,بريدية لليابان، إذا سمحت.,بريد لليابان، من فضلك.,باش نبعثهم لليابان، من فضلك.,بريدية لليابان، لو سمحت.,بريدية لليابان، لو سمحت.,بوسكاردات لليابان، رجاءً.,بريدية لليابان، بلا زحمة.,لليابان، عمول معروف .,بطاقات بريدية لليابان، لوسمحت.,مبعوته اليابان، من فضلك .,بريدية عاليابان، إذا بتريد.,بريدية لليابان، لو سمحت.,البطاقات البريدية لليابان، عافاك.,بريد لليأبان، لو سمحت.,كروت لليابان، لو سمحت.,بريد لليابان، من فضلك.,بريديي الى اليابان، رجاءاً.,إلى اليابان ، من فضلك .,إلى اليابان، من فضلك.,بريدية لليابان، عافاك .,الى اليابان، لو سمحت.,بريدية لليابان، لو سمحت.,بريديه لليابان، لو سمحت.,للباش نبعثهم لليابان، يعيشك.,بريديه لليابان، من فضلك.,عشرة كوارط لليابان.
2528,قريبة عالمحطة؟,قريب من المحطة؟,من محطة القطار؟,قريب من المحطة؟,قريبة من المحطة؟,على المحطة؟,يم المحطة؟,حد المحطة؟,من المحطة؟,من المحطة؟,قريبة عالمحطة؟,يم المحطة؟,قراب من المحطة؟,قريب من المحطة؟,من المحطة؟,بنوك جمب المحطة؟,قغيب على المحطه؟,من المحطة ؟,البنوك قرب المحطة؟,قرابين من ستاسيون؟,من المحطة؟,من المحطة؟,قريب من المحطه؟,من محطة الترينو؟,جنب المحطة؟,بحذا المحطة؟
2531,غلط بالفاتورة.,فى الفاتورة.,غلطة فالجمع.,في خطأ بالفاتورة.,غلط فى الفاتورة.,خطأ بالفاتوره.,غلط بالحساب.,بالفاتورة .,غلط في الفاتورة.,في الفاتورة .,خطأ بالفاتورة.,غلط في الفاتورة.,غلط فالفاتورة.,غلط في الفاتورة.,غلط بالفاتورة.,خطأ في ألفاتوره.,خطأ بالفاتوره.,خطأ في الفاتورة .,في الفاتورة.,خطأ فالفاكتورا .,خطأ في الفاتورة.,خطأ بالفاتورة .,هذه غلطه بالفاتوره.,في الحسبة.,غلط في الفاتورة.,الفاتورة هذي.
2552,هنيك.,هنا.,برك.,هون.,هنا أهو.,هنا.,هنا.,هون .,هنا هن.,هنا .,هون.,هني.,هنا.,هنا.,هون.,هنا.,صحيح هوني.,هنا .,صح.,مزيان .,هناك.,هون .,هانا.,هوني.,هنايا بالضبط.,هنا.
2557,سفري، إذا سمحت.,أمشى، من فضلك.,من فضلك.,أروح، لو سمحت.,برة، لو سمحت.,سفري رجاءً.,بلا زحمة.,معي، عمول معروف .,اواي، لو سمحت.,امشي، لو سمحت .,إذا بتريد.,اوي، لو سمحت.,نمشي، عافاك.,لو سمحت.,لبرا، لو سمحت.,أمشي من فضلك.,اخذو معاي، رجاءاً.,، من فضلك .,للروحه، من فضلك.,وأمبورتي، عافاك.,سفري، لو سمحت.,سفري، لو سمحت.,لو سمحت.,نهزه، يعيشك.,بالجبنه برا.,نهزو معايا، عيشك.
2578,تشتغل تصميم بدون كومبيوتر.,غير كمبيوتر أكتر من كدة.,تصميم بلا كمبيوتر.,من دون كمبيوتر أبداً.,من غير كمبيوتر بعد كدة.,تصميم بدون كومبيوتر.,تسوي التصميم بدون كمبيوتر.,التصميم من دون كومبيوتر.,تصميم بدون الكمبيوتر توا.,من غير الكمبيوتر .,بلا كمبيوتر هالأيام.,اعمال تصميم بدون كمبيوتر.,بلا كمبيوترمن دابا لفوق.,تصميم بدون كمبيوتر.,تصاميم بدون كمبيوتر.,بدون كمبيوتر بعد دا.,بلا ما تستخدم الكومبيوتر بعد.,تصميم دون كمبيوتر بعد الآن .,جهاز حاسب الي ابدا.,أعمال التصميم ببلا كمبيوتر.,بدون كمبيوتر بعد الان.,للتصميم من غير كمبيوتر .,اي تصميم بدون الكمبيوتر.,من غير كمبيوتر.,تصميم من غير كومبيوتر .,ارديناتور في وقتنا توا.
2591,ركوض.,إجرى.,اجري.,أركد.,إجري.,اركض.,اركض.,.,اجري.,.,ركوض.,اركض.,جري.,اجري.,اركض.,أجرى.,اركض.,.,اركض.,اجري.,اهرب.,اركض.,اجري.,اجري.,اجري.,اجري.
2601,تخيطلي ياه، إذا سمحت؟,بسأل لو ممكن تخيطهولى لو سمحت؟,تعاود تخيطهولي، من فضلك؟,ازا بتقدر تخيطلي اياه، لو سمحت؟,تخيطهالي، لو سمحت؟,تكدر تخيطلياه بلا زحمة؟,تخيطه ألي، بلا زحمة؟,بتقدر تخيطو كرمالي، عمول معروف؟,لو تقدر تخيطه ليا، لو سمحت؟,كان ممكن تخيطهولي، من فضلك؟,تخيطلي اياه، إذا بتريد؟,تخيطه لي، لو سمحت؟,كان بامكانك تخيطها لي، عافاك؟,تقدر تخيطها لي، لو سمحت؟,تخيطلي ياها، لو سمحت؟,إذا ممكن تخيطه لي، من فضلك؟,تطيق تخيطو ليي، رجاءاً؟,تخيطيه لي ، من فضلك ؟,تقدر تخيطه لو سمحت؟,تقدرتخيطها ليا، عافاك؟,تقدر تخيطه لي، لو سمحت؟,تخيطلي اياه، لو سمحت؟,لو تقدر تخيطه لي، لو سمحت؟,متنجمش تخياطهالي، يعيشك؟,تقدر تخيطهالي، من فضلك؟,تنجمش تخيطهالي، عيشك؟
2613,الأجرة لمانشيستر؟,الأجرة لمانشيستر؟,الأجرة لمنشستر؟,الأجرة لمانشستر؟,قد أيه؟,الكروه لمانشيستر؟,الكروة لمانجستر؟,الأجرة عمنشستر؟,التذكرة لمانشستر؟,الاجرة لمانشستر؟,على مانشستر؟,الأجرة لمانشستر؟,أجرة لمانشستر؟,التذكرة لمانشستر؟,اللأجرة لمانشستر؟,إلى مانشستر؟,الى ماشستر؟,مانشستر ؟,الى مانشستر؟,الأجرة لمانشستر؟,الى مانشستر؟,الاجرة لمانشستر؟,الى مانشستر؟,السباق لمانشستر؟,السعر للمانشتسر؟,تسكرة لمانشستر؟
2643,كبل تشباية؟,كابل تقوية؟,كابل التشغيل؟,وصلة كهربا؟,لشحن البطارية؟,مال الباتري؟,واير جطل؟,كابل مقوى؟,خيط الضي؟,علشان اشحن البطارية؟,كبل معزز؟,جارج سيارة؟,كابل دعم؟,بسلك الاشتراك؟,كوابل شحن؟,كيبل تقويه؟,مال مسرع؟,سلك إمداد ؟,شاحن بطارية؟,الكابل المعزز؟,سلك معزز؟,وصلة اضافية؟,كيبل معزز؟,متاع التخديم؟,كابل تقوية؟,كابل بوستر؟
2644,حصيرة شاطئ؟,حصيرة بحر؟,زربية الشاطئ؟,أشتري حصيرة للبحر؟,حصيرة للشاطئ؟,مفرش مال شاطي؟,حصيرة شاطئ؟,حصيرة بحر؟,حصيرة بحر؟,حصيرة للشاطي؟,اشتري حصيرة للشط؟,حق الساحل؟,حصيرة للشاطئ؟,فرشة الشاطيء؟,سجادة للشط؟,حصيرة الشاطئ؟,حصيرة مال شاطئ؟,حصيرة للشاطئ ؟,حصيزر للشاطى؟,حصيرة ديال لبحر؟,سجادة شاطئ؟,اشتري حصيرة للشاطئ؟,اشتري حصره للساحل؟,زربية متاع بحر؟,حصيرة بحر؟,فوطة متاع بحر؟
2670,عملي حجز جديد.,إدينى حجز جديد.,جديد، من فضلك.,أعطيني حجز جديد.,جديد لو سمحت.,حجز جديد.,حجز جديد.,عطيني حجز جديد.,عطيني حجز جديد.,جديد .,حجز جديد.,يديد لو سمحت.,عطيني حجز أخور.,حجز جديد.,اعملي حجز جديد.,حجر جديد.,حجز جديد.,أعطني حجزاً جديداً .,عطني حجز جديد.,حجز جديد .,عطني حجز جديد.,حجز جديد .,جديد لو سمحت.,الحجز، يعيشك.,حجز جديد.,حجز جديد.
2676,بس مو سميكة قدها.,بس مش تقيلة كدة.,بصح ماشي خشينة هكذا.,تكون سميكة متل هديك.,متكنش تخينة زي دي.,رفيعة مثل هذي.,بس مو بثخن هذيج.,مش بتخن هيدي .,مش غليظة زي هضكي.,تخينه زى ديه .,بس مو بنفس السماكة.,بس مابغيه متين جذي.,متكونش غليظة بحال هادي.,مو سميكة زي ذيك.,مش عريض قد هداك.,ما سميكه زي داك.,خنزير، بس مو بثخنها.,ولكن ليس بسمك تلك .,ما متينه نفس ذيج.,ماشي غليضا بحال هاديك .,هذيك، لكن مو بسمكها.,سميكة زي هديك .,مش ثخين مثل هذاك*.,اما موش اكبر من هذه.,مش غليظ زي هدا.,اما اجود شوية.
2678,عالسبعة.,الساعة سبعة.,على السبعة.,الساعة سبعة.,الساعة سبعة.,الساعة سبعة.,الساعة سبعة.,عالسبعة .,على السبعة.,سبعة .,عالساعة سبعة.,الساعة سبع.,نجيو فسبعة.,على سبعة.,على السبعة.,عند السابعة.,نجي بالسبعة.,السابعة .,على السبع.,مع السبعة.,الساعة سبعة.,السبعة .,على سبع.,نجيو السبعة.,الساعه سبعة.,مع السبعة.
2687,بحس بسخافة الشراء باليابان.,الواحد يشترى أى حاجة فى اليابان.,كي نشري أي حاجة فاليابان.,الواحد يجيب أي شي من اليابان.,السخافة إني أشتري حاجة من اليابان.,الواحد يشتري أي شي من اليابان.,تشتري اي شي من اليابان.,لشراية أي شي باليابان .,أن تشري أي حاجة في اليابان.,جدا اشتري اى حاجه في اليابان .,بضحك إني اشتري شي باليابان.,داعي اشتري اي شي من اليابان.,انني نشري شي حاجة من اليابان.,سخافة اشتري أي شيء من اليأبان.,تفاهة أشتري اشي من اليابان.,اتسرقت، برضه.,للسخرية شراء اي شي باليابان.,أن أشتري أي شيء في اليابان .,سخريه اشتري أي شي من اليابان.,تهكمي نشري أي حاجة من اليابان.,اشتري أي شيء من اليابان.,اشتري اي اشي من اليابان .,انك تشتري اي شي في اليابان.,تشري كل شيء من اليابان.,انك تشري اي حاجه من اليابان.,كان مزلت نشري حاجة ماليابان.
2690,انسرقت كمان.,هى كمان.,الملفات تاني.,تسجيلاتي، كمان.,إتسرقت، برضه.,اني هم.,تسجيلاتي هم.,كمان .,حتى هن.,كمان .,انسرقوا، كمان.,انسرقت، بعد.,حتا انا .,انسرقت كمان.,كمان انسرقت.,اتسرقت، برضة.,مسروقة، ايضاً.,أيضاً .,انسرقت بعد.,لي سجلات ديالي.,انسرقت، بعد.,كمان .,انسرقين، والكل.,زادة تسرقوا.,حتى هما.,سرقولي كرنياتي.
2695,إذا سمحت.,فانيليا، من فضلك.,ذوق فانيلا، من فضلك.,فانيلا، لو سمحت.,بالفانيليا، لو سمحت.,بالفانيلا، رجاءً.,بالفانيلا، رجاءا.,عمول معروف .,لو سمحت.,فانيليا، إذا سمحت .,إذا سمحت.,فانيلا، لو سمحت.,مدور، عافاك.,لو سمحت.,لو سمحت.,من فضلك.,فانيلا، رجاءا.,، من فضلك .,مخروط لو سمحت.,مثلجات الڤاني.,لو سمحت.,سمحت .,بسكت، لو سمحت.,فانليا، يعيشك.,لو سمحت.,فانيليا، عيشك.
2702,كتير طبيعي.,يبقى طبيعى جدا.,حاجة طبيعية.,يكون كتير طبيعي.,تبقى طبيعية.,تبين كولش طبيعيه.,يصير كلش طبيعي.,كتير طبيعي .,طبيعي جدا.,طبيعية جدا .,يصير طبيعي جداً.,واجد طبيعي.,تولي طبيعية بزاف.,تصيري مرة طبيعية.,تصير طبيعية.,يبقى طبيعي.,كلش طبيعي.,تصبح طبيعية جداً .,اتصير طبيعية.,تولي طبيعية بزاف.,طبيعية جدا.,تكون كثير طبيعية .,الان طبيعي قوي.,ولى طبيعي.,تولي طبيعية جدا.,حاجة طبيعية.
2704,جنب البواب، إذا سمحت.,وبعدين قريب من الأبواب، من فضلك.,من الأبواب، من فضلكم.,من البواب، لو سمحت.,الفتحة، وبعدين جنب البيبان، لو سمحت.,اقترب من الأبواب، رجاءً.,بعدين يم البيبان رجاءا.,البواب، عمول معروف .,من البيبان، لو سمحت.,كده جنب الببان، من فضلكم .,وخليك جنب الأبواب، رجاءً.,عقب يم الباب، لو سمحت.,ثم قرب الأبواب، عافاك.,من الأبواب، لو سمحت.,بعدين جنب البواب، لو سمحت.,قرب الأبواب، من فضلك.,الحفغه، بعدين قغيب من الابواب، رجاءا.,قرب الأبواب ، من فضلك .,قرب الأبواب لو سمحت.,بعد عند البيبان، عافاكوم.,من الباب، لو سمحت.,قريب البواب، لو سمحت.,قريب من الابواب، لو سمحت.,بالك من المشي، يعيشك.,الفتحه، بعدين جنب الابواب، لو سمحت.,الفراغ، اقرب مالباب عيشك.
2707,بطاقة ائتمان.,كريديت كارد.,بطاقة الائتمان.,لبطاقة البنك.,كارت بنكي.,بطاقة ائتمان.,بطاقة إئتمان.,بطاقة إئتمان.,كريدت كارد.,ائتمان .,لبطاقة إئتمان.,كردت كارد.,ديال الائتمان.,بطاقة ائتمان.,كرت فيزا.,كردت كارد.,بطاقة ائتمان.,ائتمان .,كردت كارد.,لبطاقة ائتمان.,بطاقة ائتمانية.,صراف .,بطاقة الائتمان.,متاع بانكا.,بطاقة مصرفيه.,متاع بانكة.
2708,الرقم.,أهو.,الرقم.,الرقم.,الباسبور بتاعي.,الرقم.,الرقم.,الرقم .,هو الرقم.,الرقم .,هوة الرقم.,الرقم.,هو الرقم.,رقمي.,الرقم.,الرقم.,الرقم.,الرقم .,الرقم.,النمرة.,الرقم.,الرقم.,هاه الرقم.,النومرو.,الرقم.,النومرو.
2715,حلو عالنهر، إذا ممكن.,النهر دة، من فضلك.,هاذ النهر، من فضلك.,هاد النهر، لو سمحت.,النهر ده، لو سمحت.,بهذا النهر، رجاءً.,بهذا الشط، رجاءا.,منيحة بهالنهر .,النهر هضا، لو سمحت.,ده، لو سمحت .,من هالنهر، إذا سمحت.,في هالنهر، لو سمحت.,مزيانة فهاد الواد، عافاك.,النهر دا، لو سمحت.,النهر، لو سمحت.,النهر دا، من فضلك.,مليحة بهالنهر، رجاءا.,، من فضلك .,هالنهر لو سمحت.,ف هاد الواد، عافاك.,النهر، لو سمحت.,النهر، لو سمحت .,هذا النهر، لو سمحت.,النهر هذا، يعيشك.,هدا النهر، لو ممكن.,في النهر هذا، عيشك.
2726,تقرير عن الحادث.,تقرير حادث.,أعطني التقرير.,تقرير للحادث.,تقرير عن الحادثة.,بالحادث، رجاءً.,تقرير حادث.,تقرير حادث.,تقرير للحادث.,تقرير بالحادث .,تقرير بالحادث.,تقرير حادث.,ديال الحادثة.,تقرير حادث.,تقرير حادث.,تقرير حادث.,تقرير حادث.,عن الحادث .,تقرير للحادث.,تقرير الحادثة.,تقرير حادث.,تقرير حادث.,تقرير عن الحادث.,ملخص للصار.,تقرير الحادث.,متاع تقرير الحادث.
2729,شكراً هلئ.,ليك دلوقتى.,ماشي دوكا.,الك لهلأ.,لسة دلوقتي.,الك حالياً.,بس هسه.,يسلمو هلأ.,توا بس.,دلوقتي .,الك هلأ.,بس الحين.,لك دابا.,لا شكرا.,شكرا لهلأ.,قبل شوية.,بس هسا.,حالياً .,شكرا لك.,غير دابة.,لك الان.,هلا .,بس الان.,موش توا.,شكرا توا.,الصحة توا.
2734,ترد عالمكالمة. بتريدني ضل عم دقلها كمان شوي؟,مش بترد على المكالمة. تحبنى أرن عليها حبة أطول؟,ترد على الهاتف. راك حاب نزيد نخليه يصوني كثر؟,بردوا على المكالمة. بتحب أرن عليها لمدة أطول شوي؟,مبيرضوش على التليفون. إنت عايزنى أرن عليهم اكتر من كدة؟,يجاوبون على المكالمة. تريدني ادك عليهم فتره أطول؟,ع الاتصال. تريدني ابقى متصل عليها لفترة اطول؟,عمترد عالإتصال . بدك ياني طول بالدقة؟,تردش على المكالمة. هل تبيني نرن عليها لمدة أطول؟,مش بترد عالمكالمة، تحب نرن عليها اكتر؟,ترد عالإتصال. بتحب اتصل فيها شوي تانية؟,ما ترد عالمكالمة. تبيني اخليه يرن زيادة؟,مكتجاوبش على المكالمة. واش تبغيني نصونيلها لفترة أكثر؟,شكلها ما ترد. تبا تدق بعد شوية؟,مش عم برد. بتحب أرنلك عليها أكتر؟,بترد على المكالمة. دايرني اتصل عليها زمن أطول؟,عتجاوب الاتصال. تغيدني اتصل بيها بعد فتره اطول؟,على المكالمة . هل تريدني أن أتصل عليها فترة أطول ؟,ترد عالتليفون. تبغى مني أخليه يرن وقت اطول؟,ماكاتجاوبش . واش بغيت نبقا كانصوني عليها؟,انها تجيب على المكالمة. تبغى ادق عليها بشكل أطول؟,سايتو ما بترد، بتحب اضل ارنلها لمدة اطول؟,ما بيجاوبو على الاتصال؟ تشتيني اتصل لهم بعدين؟,باش يهزوا عليك. تونحطهم يكلموك بعد مدة؟,ما تردش علي المكالمة. تبيني نكلمها بعد مدة؟,ما تجاوبش. تحبني نعاودلها شوية اخرى؟
2736,نوزنون لحال.,نوزنهم بشكل منفصل.,كل واحد واحدو.,كل واحد لحاله.,نوزنهم كل واحد لوحده.,كول واحد على حده.,نوزنهم كلمن وحدة.,نوزنن مفصولين .,نوزنوهن كل وحدة بروحها.,كل حاجة لوحدها .,كل واحد لحال.,كل واحد بروحه.,نوزنوها مفرقة.,كل وحده لحالها.,كل واحد لحال.,نوزنهم منفصلين.,نوزنم منفصلين.,كلا على حدا .,نوزن كل وحده بروحها.,نعبروهوم كولا واحد بوحدو.,نوزنهم بشكل منفصل.,نوزنهم منفصلين .,نوزنهن مفرقات.,بعاد على بعضهم.,نوزنو كل واحد بروحه.,كل واحد وحدو.
2747,كتير ني.,نادر جدا.,نادر شوية.,شوي نادر.,نادر جداً.,نوعاً ما.,شوي غريبة.,كتير .,نادرة حتى.,نادر جدا .,نادر كتير.,واجد نادر.,نادر بزاف.,مرا نادرة.,نادر شوي.,شديد جدا.,كلش نادر.,جداً .,جانه نادر.,غابرة شويا.,نادرة جدا.,نادر .,قوي شويه.,نزف برشا.,غريبه شوية.,منتشر برشة.
2748,سبعة صفر تلاتة؟,طيران سبعة زيرو ثلاثة؟,الرحلة سبعمائة و ثلاثة؟,رقم سبعة صفر تلاتة؟,رقم سبعماية وتلاتة؟,الرحلة سبعمية وتلاثة؟,الرحلة سبعمية وتلاثة؟,سبعة صفر تلاتة؟,سبعة صفر ثلاثة؟,الطيران سبعميه و تلاته؟,الرحلة سبعة صفر تلاتة؟,رحلة سبعمية وثلاثة؟,للرحلة سبعة صفر ثلاثة؟,سبعة صفر تلاتة؟,سبعة صفر تلاتة؟,سبعة صفر تلاتة؟,رحلة سبعميي وثلاثه؟,سبعة صفر ثلاثة ؟,لرحلة سبعة صفر ثلاثة؟,سبعة صفر ثلاثة؟,سبعة صفر ثلاثة؟,سبعة صفر ثلاثة؟,رحله سبعه صفر ثلاثه؟,الباقاج للرحلة سبعمية و ثلاثة؟,رقم سبعة صفر تلاته؟,سبعة ميا و تلاثة؟
2760,غلط بمسكتك.,فى الشنطة بتاعتك.,فالقبضة ديالك.,اشي ايدك.,فى كفة أيدك.,بيها شي.,بالمقبض مالك.,بالمسكة تبعك .,في مسكتك.,قبضة ايدك .,بالمسكة تبعك.,في مسكتك.,فالقبضة ديالك.,في يدك.,غلط بمسكتك.,مع قبضتك.,بالقبضة مالتك.,حقيبتك .,في قبضتك.,ف حاقيبت السفر ديالك.,في قبضتك.,بشنتتة سفرك .,ب شنطتك.,فريقك بالباهي.,في الشدة متاعك.,القبضة متاعك.
2765,يكب هاد؟,هيبوظ؟,يقدر يفسد؟,يكون خراب؟,ده هيبوظ؟,يفسد؟,يخرب هذا؟,ينتزع هيدا؟,هضا حيخرب؟,حيفسد؟,بيفسد؟,هذي؟,هادا كيفسد؟,يعفن؟,بخرب؟,ح يفسد؟,هذا يفسد؟,سيفسد ؟,بيخربه؟,كايخسر؟,هذا؟,رح تفسد؟,ذيه؟,فزدت؟,تفسد؟,يفسد؟
2772,ما أعود أشرب.,مشربش أكتر من كدة.,لوكان منزيدش نشرب.,ما أشرب بعد هيك.,مشربش أكتر من كدة.,ما اشرب بعد.,ما اشرب بعد.,ما إشرب زيادة.,نشرب بعد توا.,ما اشربش تاني .,إني وقف شرب.,ما اشرب بعد.,نشرب من بعد دابا.,اني ما اشرب.,أشرب بعد هلأ.,ما اشرب زيادة.,انو ما اشغب بعد.,أن لا أشرب المزيد .,اشرب بعد اليوم.,ما نزيدش نشرب .,ابغى اشرب زيادة.,ما شرب بعد هلا.,ازيدش اشرب بعد الان.,جهدي باش معاش نشرب.,معاش نشرب خلاص.,مالشرب خير.
2808,في شوارع خرج تسوق.,شوارع مناسبة للشوبينج.,نقدر نشري فيها كثر.,شوارع منيحة للتسوق.,على شوارع كويسة للتسوق.,زينة نتسوك منها.,شارع تسوق مناسب.,شوارع مناسبة للتسوق .,شوارع مريحة عشان نسوق.,شوارع التسوق الكويسة .,مناسبة للتسوق رجاءً.,شوارع زينة للتسوق.,الشوارع المريحة للتسوق.,مناسب حق تسوق.,شوارع مناسبة للشوبينج.,الشوارع سهلة للتسوق.,شوارع ملائمة للتسوق.,الشوارع المناسبة للتسوق .,الشوارع زينه للتسوق.,مزيانة للتسوق.,شوارع مناسبة للتسوق.,شوية شوارع كويسة للتسوق.,بعض الشوارع المريحه للتسوق.,فيهم المغازات باش نشري.,شوارع مناسبه للتسوق.,باهي نشري منو.
2811,فندق هيلتون؟,لفندق هيلتون؟,لفندق الهيلتون؟,لفندق الهلتون؟,بيروح لفندق هيلتون؟,لفندق الهيلتون؟,لفندق هيلتون؟,عأوتيل هيلتون؟,تمشي لهوتيل هيلتون؟,فندق هيلتون؟,على فندق هيلتون؟,فندق الهيلتون؟,الحافلة لفندق هيلتون؟,لفندق الهيلتون؟,على أوتيل هيلتون؟,بمشي لفندق الهيلتون؟,على فندق الهلتون؟,إلى فندق هيلتون ؟,لفندق هيلتون؟,تايمشي لأوطيل هلتون؟,يروح لفندق هيلتون؟,على فندق هيلتون؟,ل فندق هيلتون؟,لوتيل هيلتن؟,لهوتيل الهيلتون؟,لوتيل الهيلتون؟
2816,كاتاوكا. هو فنان عالمي معروف.,كاتاوكا، هو معترف بيه كفنان كعالمى.,صنع فنان عالمي، تسوروتارو كاتاوكا.,وهو مصنف على انه فنان عالمي.,كاتاأوكا. هو معروف أنه رسام عالمي.,كاتاوكا. هوه فنان معروف عالمياً.,تسوروتارو كاتاوكا. هو معرومة كفنان عالمي.,تسوروتارو كاتاوكا. معروف كفنان عالمي.,كاتاوكا. هو معروف كفنان عالمي.,. هو معروف كفنان عالمي .,كاتواكا. معروف بأنه فنان عالمي.,هو معروف انه فنان عالمي.,معترف بيه كفنان فجميع أنحاء العالم.,كاتاوكا. معروف انه رسام عالمي.,كاتاوكا. وهو فنان مشهور عالمياً.,كاتاوكا. هو فنان عالمي معروف.,تسوروتارو كاتاوكا. هو معرف كفنان عالمي.,. إنه معروف بأنه فنان عالمي .,معروف كفنان في جميع أنحاء العالم.,كاتاوكا. . معروف بفنان العالم .,تسوروتارو كاتاوكا. معروف كفنان عالمي.,تسوروتارو كاتاوكا. معروف كفنان بكل العالم.,تسوروتارو كاتاوكا. معروف ب الرسام العالمي.,متاع تسيريتارو كاتوكا، فنان مشهور في العالم.,كاتاوكا. فنان معروف في العالم كله.,كاتاوكا. هو يتسمى فنان عالمي.
2850,الموسيقى الكلاسيكية.,كبير للموسيقى الكلاسيكية.,الموسيقى الكلاسيكية.,الموسيقى الكلاسيكية.,الموسيقة الكلاسيكية.,للموسيقى الكلاسيكية.,جبير للموسيقى الكلاسيكية.,للموسيقى الكلاسيكية .,للموسيقى الكلاسيكية.,للموسيقى الكلاسيك .,الكلاسيكية كتير.,الموسيقى الكلاسيكية.,للموسيقى الكلاسيكية.,للموسيقى القديمة.,الموسيقى الكلاسيكية.,للموسيقى الكلاسيكية.,عظيم للموسيقى الكلاسيكي.,للموسيقى الكلاسيكية .,الموسيقى الكلاسيكية.,الكلاسيكية بزاف.,للموسيقى الكلاسيكية.,للموسيقى الكلاسيكية.,الكلاسيكيه تقدير عظيم.,الغنى القديم.,للموسيقى الكلاسيكية.,الموسيقى الكلاسيكية.
2851,برا شي يوم؟,برة على العشا؟,كاش نهار؟,الغدا برا ليوم؟,برة فى مرة؟,غده فد يوم؟,عشا فد مرة؟,عالعشا لبرا؟,عشاء شي مرة؟,في وقت ما؟,عالغدا شي يوم؟,برع مرة من المرات؟,تاكلو العشا فشي وقت؟,يوم من الأيام؟,العشا شي مرة؟,خارجا بعض الزمن؟,عشا فغد وقت؟,الخارج وقتاً ما ؟,العشا لبعض الوقت؟,للعشا شي مرة؟,في وقت ما؟,على العشا؟,في اي وقت؟,ليلة من الليالي؟,اي وقت تاني؟,مرة عالعشاء؟
2862,تبعتك والرقم، إذا سمحت.,بتاعك ورقمه، لو سمحت.,الثاني ورقم هاتفه، من فضلك.,طرفك ورقم تلفونه، لو سمحت.,تبعك ورقمه لو سمحت.,مالتك ورقمه، رجاء.,الثاني ورقمه، رجاءا.,تبعك و رقمو، ازا بتريد.,و رقمه، لو سمحت.,و تليفونه، إذا سمحت .,التاني ورقمه، إذا ممكن.,الآخر ورقمه، اذا ممكن.,ديالك والرقم ديالو، عافاك.,الثاني ورقمه، لو سمحت.,شو رقمه، لو سمحت.,الطرف التاني، لو سمحت.,مالك ورقم تليفونو، رجاءا.,ورقمه ، من فضلك .,ورقم تلفونه، لو سمحت.,و الرقم ديالو، عافاك.,طرفك و رقمه، لو سمحت.,تبعك ورقمو، لو سمحت.,وكم رقمها، لو سمحت.,الطرف الاخر متاعك، عيشك.,التاني ورقمه، من فضلك.,نومرو الطرف الآخر، عيشك.
2871,إذا سمحت.,أخرج، من فضلك.,من فضلك.,لو سمحت.,لو سمحت.,اطلع رجاءً.,اطلع، رجاءا.,أضهر، عمول معروف .,و رقمه، لو سمحت.,من فضلك .,اطلع، رجاءً.,خلني اطلع.,نخرج، عافاك.,معليش خلوني اخرج.,لو سمحت.,من فضلك.,اطلع، رجاءاً.,، من فضلك .,من فضلك.,. عافاكم .,لو سمحت.,لو سمحت .,لو سمحت.,نخرج، عيشك.,لو سمحت.,نخرج يعيشك.
2878,موظف بيحكي ياباني؟,موظفين بيتكلموا يابانى؟,عامل يهدر اليابانية؟,بحكي باللغة اليابانية؟,بيتكلم ياباني؟,يحجي ياباني؟,يحجي ياباني؟,بيحكوا الياباني؟,المتحدثين بالياباني؟,بيتكلم ياباني؟,بيحكوا ياباني؟,عمل يتكلم ياباني؟,موظفين كيهدرو باللغة اليابانية؟,اللي يعرفوا يتكلمو ياباني؟,بحكي ياباني؟,اصطاف يتكلم ياباني؟,كادر يحكي ياباني؟,موظفاً يتحدث اليابانية ؟,الي يتكلمون ياباني؟,لي تايهضرو باليابانية؟,يتحدث اللغة اليابانية؟,اللي بيحكو ياباني؟,بيتحاكى ياباني؟,يحكي ياباني؟,موظف يتكلم ياباني؟,يتكلمو بالياباني؟
2898,قرايبيننا كتير.,أوقات كتير.,العائلة تاعنا.,دائما وأبداً.,قريب جدا.,نزور اقاربنا.,اقاربنا دائما.,من المرات .,اقاربنا شبه ديما.,قرايبنا .,قرايبينا كتير.,اهلنا واجد.,بزاف ديال المرات.,أقاربنا عادة.,قريابنا بالعادة.,قرايبنا غالبا.,كلش كثيغ.,حد ما .,كثير من الأحيان.,ديالنا غالباً.,بشكل متكرر.,قرايبنا .,اقاربنا اكثر الاحيان.,نزوروا عائلتنا.,اقاربنا ديمه.,نطلو عالعايلة.
2939,سبعة صفر تنين.,سبعة زيرو اتنين.,سبعمائة و اثنان.,رقم سبعة صفر اتنين.,أوضة سبعماية واتنين.,الغرفة سبعمية وثنين.,الغرفة سبعمية واثنين.,سبعة صفر تنين .,سبعة صفر اثنين.,سبعميه و اتنين .,سبعة صفر اتنين.,غرفة سبعمية واثنين.,الغرفة سبع مية وجوج.,الغرفة سبعة صفر اتنين.,رقم سبعة صفر تنين.,سبعة صفر اتنين.,رقم سبعميي واثنين.,سبعة صفر اثنين .,سبعة صفر اثنين.,سبعة صفر جوج.,سبعة صفر اثنين.,سبعة صفر اثنين.,سبعه صفر اثنين.,سبع مية و ثنين.,رقم سبعه صفر اتنين.,سبعة ميا و ثنين.
2945,تساعدني أحجز غرفة فندق؟,كدة؟ ممكن تساعدنى أحجز أوضة فندق؟,تعاوني باش نحجز غرفة في الفندق؟,تساعدني أحجز غرفة بفندق؟,تساعدني في حجز أوضة فى فندق؟,تكدر تساعدني احجز فندق؟,تساعدني احجز غرفة بفندق؟,فيك تساعدني إحجز أوضة أوتيل؟,تقدر تساعدني نحجز دار هوتيل؟,ممكن تساعدني احجز اوضة في فندق؟,تساعدني لأحجز غرفة أوتيل؟,تساعدني احجز غرفة في فندق؟,يمكن ليك تساعدني نحجز غرفة فندقية؟,اني احجز غرفة في فندق؟,تساعدني أحجز غرفة في أوتيل؟,ممكن تساعدني اراجع غرفة فندق؟,اتطيق تساعدني احجز غرفة فندق؟,هل يمكنك مساعدتي حجز غرفة بفندق ؟,تساعدني في حجز الغرفة؟,تعاوني نحجز غرفة في الفندق؟,تساعدني بحجز غرفة فندق؟,تساعدني احجز غرفة بفندق؟,ماشي؟ عتقدر تساعدني احجز غرفه فندقيه؟,تعاوني باش ناخذ بيت في وتيل؟,تساعدني نحجز دار في هوتيل؟,تعاوني بش نحجز بيت وتيل؟
2947,خمسطعش دقيقة بالكتير.,خمستاشر دقيقة بالكتير.,دقيقة على الأكثر.,دقيقة كحد أقصى.,حاجة خمستاشر دقيقة.,خمسطعش دقيقة بالزايد.,خمسطعش دقيقة بالكثير.,خمستعشر ديقة بالأكتر .,دقيقة أقصى حاجة.,دقيقة بالكتير .,ربع ساعة عالأكتر.,خمسطعش دقيقة مشي.,عشر دقيقة على الأكثر.,ربع ساعة بالكثير.,خمستاعشر دقيقة بالكتير.,خمستاشر دقيقة بالكتير.,خمسطعش دقيقه بالكثيغ.,عشر دقيقة في الأغلب .,خمسة عشر دقيقة بالكثير.,ساعة على الأكثر.,عشر دقيقة بالكثير.,خمسطعشر دقيقة بالكثير .,خمسطاعشر دقيقة بالكثير.,ساعة على اكثر.,خمسطاش دقيقة بالكتير.,ساعة كان طارت.
2960,كلفة هالمكالمة؟,المكالمة دى؟,تع هاذ الاتصال؟,هاي المكالمة؟,المكالمة دي كام؟,كلفة هاي المكالمة؟,كلفة هاي المكالمة؟,تسعيرة هالإتصال؟,للمكالمة هذي؟,اتكلفت اد ايه؟,تكلفة هالاتصال؟,كم تكلفة هالمكالمة؟,ديال ديال هاد المكالمة؟,هادي المكالمة؟,هدا الاتصال؟,للمكالمة دي كم؟,هذا الاتصال؟,بقيمة هذه المكالمة ؟,عن هالمكالمة؟,كايدير هاد الاتصال؟,هذي المكالمة؟,بتكلف هاي المكالمة؟,هي تكلفه الاتصال؟,التالفون هذا؟,تكلفة المكالمه هادي؟,هاذي، عيشك؟
2964,سمحت؟ رح أرجع أدقلها بعدين.,فضلك؟ انا هكلمها تانى بعدين.,فضلك؟ راني نعاود نتصل بيه ممبعد.,راح أتصل فيها مرة تانية بعدين.,سمحت؟ أنا هتصل بيها تاني بعدين.,راح اتصل بيها بعدين.,راح اتصل بيها بعدين.,معروف؟ رح دقلا مرة تاني.,لوسمحت؟ حنكلمها بعدين أخرى.,فضلك؟ حاكلمها تاني بعدين .,رح اتصل فيها بعدين.,سمحت؟ بتصل لها مرة ثانية بعدين.,غادي نعاود نتاصل بيها من بعد.,حتصل عليها مرة تانية.,سمحت؟ بحكي معها بعدين.,ح اتصل بيها تاني لاحقا.,غاح اتصل بيها مره اللخ بعدين.,؟ سأتصل بها مرة أخرى فيما بعد .,فيها مرة أخرى في وقت لاحق.,غادي نعاود نعيط من بعد.,سمحت؟ بتصل عليها بعدين.,احكي معها مرة ثانية بعدين .,شا اتصل لها بعدين مره ثانية.,تو نكلمها من بعد.,حنعاود نكلم تاني بعدين.,انا تكلمت، يعيشك.
2973,جولة صباحية؟,جولة صباحية؟,رحلة فالصبح؟,جولات صباحية؟,جولة الصبح؟,جوله صباحية؟,جولة صباحية؟,جولة صباحية؟,جولة صباحية؟,سياحية صباحية؟,جولة صباحية؟,جولات صباحية؟,جولة صباحية؟,جولة صباحية؟,جولات صباحية؟,جولة صباحية؟,جوله صباحيي؟,جولة صباحية ؟,في الصباح؟,جولة صباحية؟,جولات صباحية؟,جولة الصبح؟,سياحية الصبح؟,في الصباح؟,جولة صباحيه؟,في الصباح؟
2982,عملات أجنبية؟,عملات أجنبية؟,عملات خارجية؟,عملات أجنبية؟,عملات اجنبية؟,عملات اجنبية؟,عملات اجنبية؟,عملات أجنبية؟,عملات أجنبية؟,عملات اجنبي؟,عملات أجنبية؟,عملات اجنبية؟,العملات الأجنبية؟,عملات اجنبية؟,عملات أجنبية؟,العملات الأجنبية؟,عملات اجنبيي؟,أجنبية ؟,العملات الأجنبية؟,العملات الأجنبية؟,العملات الأجنبية؟,عملات اجنبية؟,عملات اجنبيه؟,متاع البرة؟,عمله اجنبيه؟,فلوس اجنبية؟
2983,دولار لتلات أشخاص.,دولارإجمالى لتلات أشخاص.,كامل لينا حنا الثلاثة.,مشمولة لتلت أشخاص.,دولا لتلات أشخاص.,اجمالاً لتلث اشخاص.,دولار لتلث اشخاص.,بالمجموع لتلات أشخاص .,كلها لثلاث أشخاص.,ل تلات اشخاص .,دولار بالمجمل لتلات أشخاص.,كلها حق ثلاث اشخاص.,في المجموع لثلاثة ديال الناس.,دولار لثلاثة اشخاص.,دولار لتلات أشخاص.,ككل لتلات أشخاص.,بالكامل لثلاث اشخاص.,دولاراًً لثلاثة أشخاص .,حق ثلاثة أشخاص.,في المجموع لتلاتة ديال الناس.,بالمجموع لثلاث اشخاص.,لمجموع ثلاث اشخاص .,بالمجموع ل ثلاثه اشخاص.,دولار لثلاثة من ناس.,لينا حني التلاتة.,في الكل للناس هاذوما.
2990,فيلم تصوير؟,لفة فيلم؟,نشري بيليكول؟,شريط أو فلم تصوير؟,اشتري فيلم كاميرا؟,اشتري فلم؟,فلم كاميرا؟,لفة فيلم؟,لفة فيلم؟,فيلم كاميرا؟,لفة أو فيلم؟,اشتري فلم؟,شريط فيلم؟,لفة من الفيلم؟,فيلم كاميرا؟,لفة فلم؟,لفة فلم؟,لفة من الفيلم ؟,لفة الفيلم؟,شريط الفيلم؟,لفة فيلم؟,اشتري لفة فيلم؟,اشتري لفه فلم؟,متاع مصورة؟,رولة فيلم؟,بكرة فيلم؟
2995,بيرة يابانية؟,بيرة يابانى؟,البيرة اليابانية؟,بيرة يابانية؟,بيرة يابانية؟,بيره يابانية؟,بيرة يابانية؟,بيرة يابانية؟,بيرة يابانية؟,بيرة ياباني؟,بيرة يابانية؟,بير ياباني؟,البيرة اليابانية؟,بيرة يأبانية؟,بيرا يابانية؟,خمرة يابانية؟,بيره يابنيي؟,يابانية ؟,بيير ياباني؟,البيرة اليابانية؟,بيرة يابانية؟,بيرة يابانية؟,يبره يابانيه؟,بيرة يابانية؟,بيرة يابانيه؟,بيرا يابانية؟
3001,صغير، إذا سمحت.,سمول، من فضلك.,بمقاس صغير، من فضلك.,صغير، لو سمحت.,صغيرة، لو سمحت.,صغير، رجاءً.,صغيرة، رجاءا.,صغير، عمول معروف .,في صغير، لوسمحت.,لو سمحت .,صغير، إذا بتريد.,صغير، لو سمحت.,ديال العومان، عافاك.,سباحة صغير.,صغير، لو سمحت.,أصغر، من فضلك.,صغيغي، رجاءا.,", من فضلك .",ملابس صغيرة للسباحة.,في قياس صغير، عافاك.,صغيرة، لو سمحت.,لو سمحت.,صغيره، لو سمحت.,صغير، يعيشك.,صغير، لو ممكن.,اس، يعيشك.
3016,أسجل شناتيي.,شنط السفر بتاعتى.,الأمتعة دياولي.,أسجل شنطي.,الشنط بتاعتي.,الجنط مالتي.,اسجل جنطي.,سجل شنطاتي.,السفر بتاعي.,شنطي .,سجل شناتيي.,اسجل شناطي.,الأمتعة ديالي.,اسجل شنطي.,الشناتي تعوني.,أسجل عفشي.,اسجل امتعتي.,أمتعتي .,اسجل امتعتي.,الأمتعة ديالي.,اسجل حقائبي.,اسجل شناتي.,اسجل شنطي.,نسجل باقاجي.,الشناطي متاعي.,نسجل باقاجي.
3029,بالغرفة ستطعش إدعش.,أوضة ستاشر حداشر.,و ستمئة و احدعشر.,الغرفة ألف ستطعش حدعش.,اوضة الف ستماية وحيداشر.,غرفة ستطعش دعش.,الف وستمية واهدعش.,ستعش حدعش .,دار ستطاش احداش.,ستميه و حداشر .,بالغرفة سطعش إدعش.,غرفة الف وستمية واحدعش.,ستة عشر أحد عشر.,غرفة سطعش احدعش.,الغرفة ستاعش احداعش.,كاوازو ستاشر حداشر.,الف وستميي وايدعش.,ستة عشر أحدى عشر .,غرفة واحد وسبعين.,الغرفة سطاش احضاش.,ستة عشر احدى عشر.,ستطعش اهدعش .,غرفه سطاعشر حداعش.,و ستة مية واحداش.,الدار رقم سطاش حداش.,البيت سطاش حداش.
3030,العفو.,العفو.,العفو.,العفو.,العفو.,العفو.,العفو.,العفو.,عفوا.,العفو.,العفو.,العفو.,على واجب.,عفواً.,العفو.,عفوا.,العفو.,بك .,العفو.,على واجب.,عفوا.,و السعة.,عفوا.,العفو.,عفوا.,العفو.
3038,في طاول.,خالص.,ماكاش.,في منهم.,ولا حاجة.,ماكو بعد.,ولاشي.,أي واحد .,في منهن.,حاجة .,ولا واحد.,مافي.,كاين والو.,ولا شيء.,ولا واحد.,في أي.,منم.,منها .,شي هناك.,كاينينش.,يوجد منها.,في .,شي.,عنديش.,مافيش.,فماش.
3040,راس السنة ولا يوم الميلاد؟,راس السنة ولا يوم الكريسماس؟,رأس العام و لا النوال؟,راس السنة والا عيد الكريسماس؟,السنة ولا عيد الميلاد؟,عيد راس السنة لو الكرسميس؟,اليابانيين، راس السنة لو الكرسمس؟,السنة الجديدة أو يوم عيد الميلاد؟,راس السنة و لا يوم كريسماس؟,اليابانيين، رأس السنه ولا الكريسماس؟,راس السنة ولا عيد الميلاد؟,يوم راس السنة او الكرسمس؟,راس العام الميلادية أو عيد الميلاد؟,راس السنة الميلادي ولا عيد الميلاد؟,راس السنة ولا يوم الكريسماس؟,رأس السنة ول يوم الكريسماس؟,غاس السني لو يوم الكرسمي؟,رأس السنة أم عيد الكريسماس ؟,السنة الميلادية أو عيد الميلاد؟,راس العام و لا يوم الكريسماس؟,السنة او يوم الكريسمس؟,و لا عيد الميلاد؟,راس السنه او يوم الكريسمس؟,راس العام ولا نوال؟,راس السنة او يوم الكريسماس؟,راس العام ولا نوال؟
3041,لنهاية هالممر. هو المقعد يلي عالشباك.,اخر الممر دة. هو الكرسى اللى جنب الشباك.,لاخر فالكولواغ، البلاصة جايا قدام الطاقة.,هاد الممر. المقعد اللي على الشباك.,طول لاخر الممر. كرسيك جنب الشباك.,اخر هذا الممر. الكرسي يم الشباك.,كبل فهاد الممر. هو يم الشباج.,دغري في هالممر. هوي المقعد اللي عالشباك.,الممر هضا. هو المقعد الي بتاع الروشن.,ده، الكرسي اللي جنب الشباك .,للاخر بهاد الممر. المقعد يللي عالشباك.,في هالممر. كرسيك اللي يم الدريشة.,مباشرة في هاد الممر. راها كرسي ديال السرجم.,هادا الممر. كرسيك اللي عند الطاقة.,الممر. هو الكرسي يلي جنب الشباك.,دغري بالممر دا. هو مقعد الشباك.,نهاية هذا الممر. هو المقعد اللي يم الشباك.,في هذه الطرقة . إنه المقعد المجاور للنافذة .,سيده لنهاية الممر هذا. يم الدريشة.,نيشان في هاد الممر. راه هي البلاصة ديال الشرجم.,لأخر هذا الممر. هو مقعد الشباك.,هاد الممر . الكرسي اللي على الشباك .,لنهاية هذا الممر. المقعد اللي جمب الطاقه.,الكولوار هذا، البلاصة الي بحذا البرسانة.,نهاية الممر هدا. هو الكرسي الي جنب الروشن.,الممشى هذا. هي البقعة اللي بجنب الشباك.
3073,إذا سمحت.,من فضلك.,من فضلك.,لو سمحت.,لو سمحت.,رجاءً.,دقيقة، رجاءا.,معروف .,لو سمحت.,فضلك .,إذا سمحت.,لو سمحت.,عافاك.,لو سمحت.,لو سمحت.,من فضلك.,دقيقه، رجاءا.,فضلك .,من فضلك.,الدقيقة، عافاك.,لو سمحت.,سمحت .,لو سمحت.,يعيشك.,من فضلك.,عيشك.
3109,تقرير مفقود.,تقرير فاقد.,بيان الضياع.,تقرير المفقودات.,إستمارة الحاجات الضايعة.,تقرير فقدان.,تقرير الفقدان.,تقرير ضايع .,تقرير ضياع.,الحاجات الضايعة .,تبليغ عن مفقودات.,تقرير فقدان.,اللي تالف.,التقرير الضايع.,تقرير مفقودات.,تقرير فقدان.,تقرير الفقدان.,الناقصة في التقرير .,ملى التقرير.,ديال الضياع.,تقرير المفقودات.,تقرير المفقودات .,تقرير المفقودات.,مطلب ضياع.,تقرير الرياح.,تقرير ضياع.
3111,بحكي إنكليزي بريطاني.,بتكلم الإنجليزى بتاع بريطانيا.,نهدر الانجليزية البريطانية.,أنا بحكي بالانجليزي البريطاني.,انا بتكلم الانجيليزي البريطاني.,احجي الإنكليزية مال بريطانيا.,احجي انكليزي بريطاني.,اللغة الإنكليزي تبع بريطانيا.,أنا نحكي انجليزي بريطاني.,بأتكلم انجليزي لهجة بريطانية .,بحكي انجليزي بريطاني.,انجليزي بريطاني.,اللغة الإنجليزية ديال بريطانيا.,اتكلم اللغة الانقليزية البريطانية.,بحكي انجليزي بريطاني.,أتحدث انجليزي بريطاني.,احكي الانكليزيه مال بريطانيا.,أتحدث الإنجليزية الراقية .,وأتكلم الإنجليزية البريطانية.,نتكلم الإنجليزية ديال بريطانيا.,أتكلم بالانجليزي البريطاني.,بحكي انجليزي بريطاني .,اتحاكى انجليزي بريطاني.,نحكي انقليزي بريطاني.,نتكلم انجليزي بريطاني.,الانقليز متاع بريطانيا.
3120,امبارحة.,إمبارح.,ملبارح.,مبارح.,إمبارح.,البارحة.,أمس.,مبارح .,امس.,امبارح .,مبارح.,امس.,لبارح.,يوم السبت.,امبارح.,امبارح.,البيحه.,أمس .,الامس.,لبارح.,امس.,مبارح .,امس.,امس.,أمس.,البارح.
3129,الالاصطدام ومسؤولية القانونية.,للتصادم والمسئولية القانونية.,القانونية داخل.,والمسؤولية القانونية.,الاصطدام و المسئولية القانونية.,الاصطدام وضد المسؤولية القانونية.,والمسؤولية القانونية.,والمسؤولية القانونية.,التصادم والمسؤولية القانونية.,و المسئولية القانونية.,الاصطدام والمسؤولية القانونية.,وتأمين المسؤولية القانونية.,الاصطدام والمسؤولية القانونية.,و المسؤولية القانونية.,والمسؤولية القانونية.,و المسؤولية القانونية.,المسؤوليه القانونيه.,التصادم والدين .,الاصطدام والمسؤولية القانونية.,و المسئولية القانونية.,و المسؤولية القانونية.,والمسؤولية القانونية.,الصدمات والمسئولية القانونية.,المسؤلية القانونية داخلة.,والمسئولية القانونية.,التصادم والمسئولية القانونية.
3134,الاستلام تبعي.,الاستلام بتاعتي.,الاستلام ديالي.,الاستلام تبعي.,الاستلام بتاعتي.,الاستلام مالتي.,الجنط مالتي.,الاستلام تبعي.,الاستلام بتاعي.,الاستلام بتاعتي.,الاستلام تبعي.,الأمتعة مالتي.,الاستلام ديالي.,الاستلام حقي.,بطاقة شناتيي.,الاستلام بتاعتي.,الاستلام مالتي.,المطالبة .,الاستلام مالي.,الاستلام ديالي.,علامة الاستلام.,الاستلام تبعي.,الاستلام حقي.,الاستلام متاعي.,الاستلام متاعي.,الاستلام متاعي.
3152,بتصميم منيح؟,بتصاميم حلوة؟,بروش شابين؟,بتصميمات حلوة؟,التصميمات الكويسة دي؟,إعلانية بتصميم جيد؟,بتصميم زين؟,بتصاميم حلوة؟,بتصميم حلو؟,عالتصميمات الكويسة؟,موديلها حلو؟,بتصاميم حلوة؟,مثقاب فتصميم مزيان؟,بتصميم كويس؟,بتصاميم منيحة؟,في تصميم جيد؟,مثقب بتصميم مليح؟,ذات تصميمات رائعة ؟,بروشات لتصاميم جيدة؟,في تصاميم ديال الذهب؟,بتصميم حلو؟,بتصماميم منيحة؟,بتصاميم حاليه؟,متاع شكاكل؟,موديلات نزيكه؟,تصاميم باهية؟
3155,كولبة بمحل مايسي.,عام ف ماسيز.,عام في ماصي.,كشك عام في ميسي.,تليفون من ميسي.,تلفون عمومي بماسيز.,تلفون عمومي بماسي.,عام بمايسيز .,عام في ماسي.,في هايبر ميسى .,كشك عام بميسيز.,عامة في ميسيز.,عمومي في ميسي.,كشك عام في ميسي.,كشك في ماسي.,عام في مايسس.,كشك عام بميسس.,عمومي في ماسي .,عام في ماسي.,عام في ميسي.,عام في مايز.,عامة في ماسي .,كشك عام في ماسي.,عمومية عند ماكيس.,عمومي في دكان مايسييز.,تاكسيفون من مايسيز.
3170,كتير كبار.,كبار أوى.,بزاف.,كتيير كبار.,كبار خالص.,هواية جبيره.,كلش كبار.,كبار .,كبار بكل.,قوي .,كبار كتير.,واجد كبار.,كبيرة بزاف.,مرا كبار.,كتير كبار.,كبار شديد.,كلش كباغ.,جداً .,وايد عود.,كبارين بزاف.,كبيرة مرة.,كبار .,كبار قوي.,بارشا.,كبار هلبه.,كبار برشة.
3176,الصفة بالساعة؟,فى الساعة؟,السيارات بالوقت؟,لكل ساعة؟,في الساعة؟,الكراجية بالساعة؟,لكل ساعة؟,الموقف عالساعة؟,الباركي للساعة؟,هنا في الساعة؟,الصفة بالساعة؟,في في الساعة؟,وقوف السيارات فالساعة؟,في الساعة؟,في الساعة؟,الباركنج للساعة؟,لكل ساعه؟,في الساعة ؟,السيارات في الساعة؟,لباركينغ فالساعة؟,الوقوف للساعة؟,الصفة بالساعة؟,الموقف بالساعه؟,سوم البركينق؟,في الساعة؟,في الباركينق؟
3179,حاطينون. إذا بتعرفوا حدا بدو مساعدة لغوية، قولولنا إذا سمحتوا.,لو تعرفوا عن أى حد محتاج مساعدة فى اللغة، من فضلكم خلونا نعرف.,السترة ديالهم. ويدا شفتوا كاش واحد يسحق معاونة فاللغة، عرفونا بيه.,عرفتوا إنه أي حد منهم بحتاج مساعدة في اللغة، لو سمحتوا خبرونا.,علم. أي حد يعرف حد عايز مساعدة فى اللغة يا ريت يبلغنا.,بيه علم. اذا تعرفون أي واحد محتاج مساعدة خبرونا رجاءً.,لابسينه. اذا تعرفون اي واحد يحتاج مساعدة لغوية. رجاءا انطونا خبر.,إذا بتعرفو أي حدا محتاج لمساعدة باللغة، عملو معروف عطونا خبر.,لابسينه. اذا تعرف أي حد محتاج مساعدة لغوية، لو سمحت عطينا علم.,لبسهم، لو عارفين حد محتاج مساعدة لغوية، من فضلكم خلونا نعرف .,حاطينها. إذا بتعرفوا أي حدا محتاج لمساعدة باللغة، خبرونا رجاءً.,اللي يلبسونها. اذا تعرف احد يحتاج مساعدة في اللغة، خبرنا.,إلى كنتي كتعرف أي حد محتاج لمساعدة فاللغة، عافاك خلينا نعرفو.,من الدبابيس اللي لابسينا. اذا تعرفو احد يباهم.,لابسينو. ازا بتعرف حدا بدو مساعدة لغوية، لو سمحت خبرنا.,عندنا حضور مخاطبة ياباني طائر.,ليبسيهم. اذا تعغفون اي ويحد يحتاج مساعدة باللغه، رجاءا خلونه نعغف.,كنت تعرف أي شخص يريد مساعدة في الترجمة ، من فضلك دعنا نعرف .,اعلام اللي يلبسونها. اذا تعرف شخص يحتاج مساعدة في اللغة، خبرنا.,. إيلا كاتعرفو شي واحد خصو مساعدة في اللغة، علمونا عافاكم .,لابسينه. اذا تعرف أي احد يحتاج مساعدة بالحقائب، الرجاء اخبارنا.,لابسينو . اذا بتعرفو حدا بحاجة مساعدة باللغة، احكولنا لو سمحتو .,اذا تعرفو احد يحتاج اي مساعده باللغه، لو سمحتو قولو لنا.,فاستهم. كان تلقاوا واحد يحب نعاونوه في اللغة قولولنا.,العلم الي لابسها. اذا تعرفو حد يبي مساعده لغويه، قولولنا.,زيهم. كان تعرفو اي حد يستحق مساعدة لغوية، بربي قولولنا.
3182,فنية محددة بتفضلها؟,فنية معينة بتفضلها؟,فني مفضل؟,في الفن انت بتفضلها؟,في الفن؟,من الفن تفضلها؟,محددة تفضلها؟,من الفن بتفضل؟,فنية معينة تفضلها؟,زمنية معينة؟,بتفضلها بالفن؟,للفن انت تفضلها؟,فنية معينة كتفضلها؟,معين تحبه؟,الفنون انت بتفضلو؟,معينة من الفن بتفضل؟,معيني من الفن تفضلا؟,معينة للفن تفضلها ؟,فنية معينة تفضلها؟,معينة فالفن تتفضلها؟,من الفن تفضلها؟,معينة انت بتفضل؟,فنيه محدده تفضلها؟,فنية تحبها؟,معينه تفضلها للفن؟,متاع فن تحبها؟
3185,منو مرة تانية.,راجعه تانى.,تأكد مرة اخرى.,منه مرة تانية.,عليها تاني.,ثانية رجاءً.,بعد مرة.,منو مرة تاني.,شوفها أخرى.,تاني .,تانية رجاءً.,مرة ثانية.,مرة اخرى.,مرة ثانية.,كمان مرة.,مرة أخرى.,مره اللخ.,مرة أخرى .,مره ثانية.,قلبها عوتاني.,منها مرة ثانية.,مرة ثانية .,مره ثانيه.,مرة اخرى.,راجعه تاني.,فيه، عيشك.
3195,نص ميل. بتوصل عالحديقة.,نص ميل. هتوصل للجنينة.,تقريبا و توصل للحديقة.,نص ميل. راح تصير في الحديقة.,حوالي نص ميل. هتلاقي الجنينة.,ميل. انته راح ترجع للبارك.,ميل. راح توصل للمنتزه.,ميل . بتوصل عالجنينة .,نص ميل. حتجي للحديقة.,ميل. حتوصل الحديقة .,نص ميل. بتوصل عالمنتزه.,نص ميل. بتوصل الحديقة.,شي نصف ميل. وغتوصل للحديقة.,نص ميل، حتجيك الحديقة.,ميل. رح توصل للمنتزه.,نص ميل. ح تجي الحديقة.,نص ميل. غاح تجي للمنتزه.,نصف ميل . ستصل للمتنزه .,نصف ميل. وبتيي إلى الحديقة.,نص ميل. ورجع لحديقة.,نصف ميل. بتلقى الحديقة.,. رح توصل على الحديقة .,نص ميل. انت عتوصل للحديقه.,هكاكة تو توصل للنادي.,نص ميل. حتلقى الحديقة.,نص. تو تلقى روحك في المنتزه.
3201,بضاينوا كتير.,متينين جدا.,يقاوموا مليح.,كتير متينيين.,متان جداً.,متينة كولش.,كلش اقوياء.,متينين .,متان بكل.,متينة قوي .,كتير ماكنين.,واجد يتحملون.,كيدومو بزاف.,دولا يتحملو.,كتير ثابتين.,متينين جدا.,كلش يقاومون.,متينين جداً .,هي دائم.,دائمين .,بشكل كبير.,قاسيين .,يتحملين قوي.,مقاومين بارشا.,يعيشو هلبه.,يدومو بالقدا.
3207,ع لاس فيغاس.,لاس فيجاس علشانك.,الى لاس فيقاس.,على لاس فيجاس.,لاس فيجاس.,لللاس فيغاس.,للاس فيكاس الك.,فيغاس كرمالك .,فيغاس عشانك.,لاس فيجاس عشانك.,على لاس فيغاس.,فيغاس حقك.,فيغاس من أجلك.,فيقاس لك.,على لاس فيغاس.,لاس فيجاس ليك.,لاس فيكاس اللك.,إلى لاس فيجاس .,في لاس فيغاس.,ليك للاس فغاس.,فيغاس لك.,لاس فيغاس عشانك .,ل لاس فيغاس.,فيغاس على خاطرك.,لاس فيغاس.,للاص فيقاس.
3209,بلوز رياضية.,قمصان جرى.,لبسة تع الجري.,بلايز للركض.,تيشيرتات جري.,دريس مال ركض.,دريس ركض.,للركض .,ماليات جري.,رياضي .,كنزات للركض.,فانيلات للركض.,ديال الجري.,تيشيرتات للجري.,بلايز للركض.,اقمصة جرى.,مال ركض.,للجري .,فنايل للركض.,تريكوات للجرا.,فنيلات جري.,للركض .,فنايل للجري.,متاع جريان.,فانيليات متاع جري.,متاع جري.
3220,من البار؟,تشربها من البار؟,كاش حاجة من البار؟,اشي من البار؟,حاجة من البار؟,من البار؟,من البار؟,من البار؟,من البار؟,من البار؟,من البار؟,من البار؟,حاجة من البار؟,شيء في البار؟,من البار؟,تشربها من البار؟,شي من البار؟,من الحانة ؟,تشربه من البار؟,حاجا من البار؟,شيء من البار؟,للشرب من البار؟,تشربه من البار؟,من البار؟,تشربها من البار؟,حاجة مالبار؟
3222,طلاع بهالأسانصير.,خد الأسانسير دة.,خذ هاذ المصعد.,خد هاد المصعد.,سمحت. خد الاسانسير.,هذا المصعد.,اصعد بهذا المصعد.,. خود هالأسونسور.,خوذ الاسنسير هضا.,. خد الاسانسير .,اطلاع بهاد الأصنصير.,سمحت. خذ اللفت.,خذ هاد المصعد.,مع الاصنصير.,سمحت. اطلع بالاصانصير.,اخد المصعد دا.,خذ المصعد.,خذ هذا المصعد .,فضلك. خذ المصعد.,خود السانسور .,خذ هذا المصعد.,. خذ المصعد .,سمحت. اطلع الاصنصير.,خوذ الاسانسور.,خود الاصنصير هدا.,خوذ المصعد.
3238,التمانة ونص.,تمانية ونص.,تع الثامنة و النصف.,الساعة تمنية ونص.,قطر تمانية ونص.,ونص احسنلك.,الثمانية ونص.,التران تماني تلاتين .,ثمانية و ثلاثين.,و نص .,التمانة ونص.,قطار الثمان ونص.,ديال الثامنة والثلاتين.,على ثمانين قطار.,تمنية و نص.,تمنية و نص.,قطار ثمانميي وثلاثين.,قطار الثامنة والنصف .,على ثمان ونص.,التران تمنيا تلاتين .,الساعة ثمان و نص.,ثمنية و نص .,بقطار ثمانيه وثلاثين.,ترينو الثمنية و نصف.,تمانيه و نص.,الثمنية و نص.
3267,سينما قريبة؟,قريب من هنا؟,قريب من هنا؟,سينيما قريبة؟,قريبة من هنا؟,قريبة منا؟,قريبة منا؟,قريبة من هون؟,سينما هنا؟,من هنا؟,من هون؟,سينما قريب؟,سينما فهاد الانحاء؟,قريب من هنا؟,من هون؟,اس حوالي هنا؟,سينما حولنه؟,بالقرب من هنا ؟,للسينما هنا؟,مسرح هنا؟,سينما قريبة؟,قريب من هون؟,سينيما قريبه؟,البلاصة هذه؟,قريب من هنايا؟,فيسع؟
3269,لذلك بكونوا كويسات.,كدة هيكون كويس.,امالا يكونوا بنان.,هيك بيكونو زاكيين.,علشان كدة هيبقى كويس.,لهذا راح تكون جيدة.,راح يصيرون زينين.,يكونوا مناح .,المحار، فيكونو كويسات.,حيكون طعمة كويس .,رح يكونو ظراف.,يعني بيكونون زينين.,اذن غتكون مزيان.,حيكون مرا تمام.,بكونو مناح.,ح يكونوا كويسين.,غاح يكونون ملاح.,سيكونون في حالة جيدة .,راح تكون جيدة.,غا دي تكون مزيانة.,لذلك بتكون جيدة.,يكونو مناح .,المحار، عيوقعين حاليات.,هاكا علاش باهين.,فاحيكون مليح.,مالا يبداو باهين.
3279,إيد تانية.,يد تانية.,ساعة يد ثانية.,ايد تانية.,ساعة يد تانية.,يد ثانية.,يد ثانية.,ايد تانية.,يد ثانية.,يد تانية.,إيد تانية.,يد ثانية.,يد ثانية.,يد تانية.,يد تانية.,يد تانية.,يد ثانيه.,مستعملة .,يد ثانية.,يد تانية.,يد ثانية.,ايد ثانية .,يد ثانية.,منقالة ثانية.,يد تانية.,منقالة ثانية.
3284,حوالي الساعة تسعة المسا.,حوالى الساعة تسعة بالليل.,نص تاع اليل تقريبا.,الساعة تسعة بالليل.,الساعة تسعة بليل.,حوالي الساعة تسعة بالليل.,الساعة تسعة بالليل.,الساعة تسعة بالليل .,التسعة في الليل.,تسعة بليل .,الساعة تسعة المسا.,الساعة تسع المسا.,التاسعة ديال الليل.,تسعة في الليل.,تسعة المسا.,تسعة في المساء.,الساعه تسعه المغب.,الثامنة مساءاً تقريباً .,الساعة تسع مساء.,التسعود ديال العشية.,تسعة في المساء.,الساعه تسعة بالليل .,الساعه تسع بالعشيه.,التسعة متاع الليل.,التسعة في الليل.,متاع الليل.
3285,لازم أروح.,أكون بمشى.,لازم نروح.,لازم أروح.,المفروض أمشي.,لازم اروح.,لازم اروح.,لازم روح .,لازم نمشي.,امشي دلوقتي .,لازم روح.,لازم امشي.,خاصني نمشي.,يبالي اروح.,لازم أمشي.,اكون ماشى.,لازم اغوح.,أن أرحل .,لازم اروح.,خاسني نمشي.,لازم اروح.,اروح .,ضروري اخطى.,لازمني نمشي.,نمشي توا.,يلزمني نمشي.
3289,بتتأكد منه مرة تانية؟,تراجع دة مرة تانية؟,تقدر تعاود تتأكد منه؟,تتأكدلي من هاد مرة تانية؟,تتأكد من ده تاني؟,ممكت تجيك هاذا مره ثانية؟,تجيك هذا مرة ثانية؟,تتأكد من هيدا مرة تاني؟,ممكن تعاود تشوفها أخرى؟,ممكن تتأكد من ده تاني؟,تتأكد من الموضوع مرة تانية؟,تجيك هذي مرة ثانية؟,ممكن تتحقق منه مرة أخرى؟,حتشيك دا مرة تانية؟,بتقدر تتأكد منه كمان مرة؟,ح تراجع دا تاني؟,تجيك هاذا مره اللخ؟,أيمكنك التحقق مرة أخرى ؟,تاكد منه مره ثانية؟,ممكن تقلب عاوتاني؟,تتحقق منه مرة ثانية؟,تشيك عليه مرة ثانية ؟,ممكن تبسره مره ثانيه؟,تنجم تعاود تثبت هذا؟,ممكن تعاود تشوفه مرة أخرى؟,بش تعاود تثبت هاذا؟
3292,إذا سمحت.,من فضلك.,من فضلك.,لو سمحت.,لو سمحت.,بلية زحمة.,جاي، رجاءا.,معروف .,لو سمحت.,فضلك .,لو سمحت.,لو سمحت.,أتاي، عافاك.,لو سمحت.,لو سمحت.,من فضلك.,جاي، رجاءا.,فضلك .,لو سمحت.,. عافاك.,لو سمحت.,سمحت .,لو سمحت.,تاي، يعيشك.,من فضلك.,تاي، عيشك.
3295,مافي.,مفيش.,ماكانش.,ما في.,مفيش.,ماكو.,ماكو.,في .,مفش.,مافيش .,مافي.,مافي.,كاينش هناك.,مافيه.,ما في.,في هناك.,ماكو.,يوجد .,ما هناك.,ماكاينينش.,ما فيه.,في .,مابش.,ماعندناش.,مافيش.,ما فماش.
3304,آخر موقف؟,أخر محطة؟,المحطة الأخيرة؟,آخر موقف؟,أخر محطة؟,آخر موقف؟,الوكفة الاخيرة؟,المحطة الأخيرة؟,المحطة الأخيرة؟,نقف فيها؟,آخر محطة؟,آخر محطة؟,المحطة الأخيرة؟,المحطة الاخيرة؟,أخر موقف؟,آخر استوب؟,التوقف الاخير؟,آخر محطة ؟,المحطة الأخيرة؟,المحطة اللخرة؟,اخر محطة؟,اخر محطة؟,اخر نقطه؟,آخر محطة؟,اخر محطة؟,اخر محطة؟
3318,ندقلو.,نكلمه.,نتصلو بيه.,نرجه.,نرن عليه.,ندك عليه.,نتصل عليه.,ندقلو.,نرنو عليه.,عليه .,نتصل فيه.,نتصل له.,بيه.,ندق عليه.,نرنلو.,نتصل بيه.,ندقلو.,به .,نتصل له.,نصونيو عليه.,نكلمه.,عليه .,نتصله.,كلمه.,نكلموه.,نكلموه.
3323,حد؟,دى حراقة؟,بزاف؟,حار كتير؟,حراق مشطشط؟,فلفل حار؟,حار سبايسي؟,كتير حر؟,بهار حار؟,متبل مشطشط؟,حد كتير؟,حار فلفل؟,هادا حار؟,حار؟,بحرق؟,دا سخن؟,التوابل حاغه؟,حار ؟,هذا حار؟,حار بزاف؟,حار بالتوابل؟,البهارات حارة؟,البسباس فح؟,بارشا؟,هدا حار؟,هذا؟
3334,للفرجة عالمعالم السياحية؟,للفرجة على المعالم السياحية؟,حافلة تع السياحة؟,ألاقي باص سياحي؟,المعالم السياحية؟,حتى اتفرج على المدرينة؟,باص لمعالم المدينة؟,باص لإتفرج عالمدينة؟,عشان نشوف معالم المدينة؟,المعالم السياحية؟,آخد باص سياحي؟,باص سياحي؟,طوبيس ديال معالم المدينة؟,المعالم السياحية؟,بباص بيلف بالمدينة؟,بص لمعالم المدينة؟,على باص سياحي؟,حافلة لمشاهدة المعالم ؟,لمشاهدة معالم المدينة؟,حافلة تتبين معالم المدينة؟,باص السياحة؟,باص للمعالم السياحية؟,الاقي باص السياحه؟,متاع توريست؟,باص رحلات سياحيه؟,كار متاع توريست؟
3335,معالم المدينة.,المعالم السياحية للمدينة.,نزور المدينة.,أعمل مشاهد المدينة.,أشوف معالم المدينة.,على المدرينة.,معالم المدينة.,مناظر المدينة .,المشاهد بتاع المدينة.,المدينة السياحية .,معالم المدينة.,السياحية في المدينة.,المعالم ديال المدينة.,على المدينة.,مناظر المدينة.,أعمل مشاهدة للمدينة.,معالم المدينه.,معالم المدينة .,معالم المدينة.,نشوف المدينة.,معالم المدينة.,معالم المدينة .,معالم المدينه.,نزور المدينة.,معالم المدينة.,تامعالم متاع المدينة.
3351,تجمعوا ليشوفوا اش عم بصير.,إتجمعوا علشان يبصوا على اللى بيحصل.,تلايمو باش يشوفو واش كاين.,عشان يشوفوا شو اللي بصير.,إتجمعو علشان يشوفو ايه اللي بيحصل.,يريدون يشوفون شنو الي صار.,حتى يشوون شنو جاي يصير.,إنو تجمعوا ليشوفوا شو عمبيصير .,التمو عشان يشوفو شن قاعد يصير.,علشان يشوفو ايه اللي بيحصل .,اتجمعوا ليشوفوا شو عم يصير.,تجمعوا عشان يشوفون شالسالفة.,بلي تجمعو باش يشوفو شنو واقع.,تجمعو عشان يشوفو اش صار.,متجمعين ليشوفو شو عم بصير.,اتجمعوا عشان يشوفوا الحاصل شنو.,مبين متجمعين حتى يشوفون اش عيصيغ.,تجمعوا لإلقاء نظرة على ما يحدث .,تجمعوا لإلقاء نظرة على شو يصير.,مجموعين غير باش يعرفو شنو واقع.,تجمعوا عشان يشوفون وش صاير.,حتى يشوفو ايش في .,شكلهم اتجمعو عسب يبسرو ما بيحصل.,تلموا باش ياراو شنوة الي صاير.,متجمعين باش يشوفو شن صاير.,ضاهرلي تلمو بش يشوفو شفمة.
3359,لضيافتك.,لاستضافتك.,حسن الضيافة.,حسن الضيافة.,الضيافة بتاعتك.,على الضيافة.,لكرمك.,عضيافتك .,على ضيافتك.,ضيافتك .,لحسن ضيافتك.,على الضيافة.,الضيافة ديالك.,على ضيافتك.,لضيافتكم.,على ضيافتك.,لكرم الضيافه.,ضيافتك .,حسن الضيافة.,الضيافة ديالك.,على ضيافتك.,ضيافتك .,على ضيافتكم.,على اسعافي.,علي ضيافتك.,الصحة عالضيافة.
3375,أفضل سياسة.,أحسن سياسة.,أفضل سياسة.,أحسن سياسة.,أحسن سياسة.,احسن سياسة.,احسن سياسة.,سياسة .,أحسن سياسة.,سياسة .,أحسن سياسة.,من الصدق.,أحسن سياسة.,افضل سياسة.,هي الصدق.,أفضل سياسة.,افضل سياسه.,المثلى .,افضل سياسة.,احسن سياسة.,منجاة.,سياسة .,احسن سيايه.,في السياسة.,أحسن سياسة.,هي الصدق.
3385,ستة، إذا سمحت؟,ستة، من فضلك؟,الستة، من فضلك؟,ستة، لو سمحت؟,ستة، لو سمحت؟,بلية زحمة؟,ستة، رجاءا؟,ستة، عمول معروف؟,بالضبط، لو سمحت؟,سته، لو تكرمت؟,ستة، رجاءً؟,ست، لو سمحت؟,فالساعة السادسة، عافاك؟,بالضبط، لو سمحت؟,ستة، لو سمحت؟,ستة، من فضلك؟,ستي، رجاءا؟,السادسة من فضلك ؟,ست، لو سمحت؟,الستة واقفة، عافاك؟,ستة، لو سمحت؟,سته، لو سمحت؟,ست، لو سمحت؟,الستة، يعيشك؟,سته، لو سمحت؟,الستة، يعيشك؟
3392,نص يوم؟,لنص يوم؟,لنص نهار؟,نص يوم؟,نص يوم؟,نص يوم؟,لنص يوم؟,لنص نهار؟,لنص يوم؟,اد ايه؟,نص يوم؟,نص يوم؟,نص نهار؟,لنص يوم؟,لنص يوم؟,نص يوم؟,لنص يوم؟,يوم ؟,لنص يوم؟,نص نهار؟,لنصف يوم؟,لنص يوم؟,نص يوم؟,شطر النهار؟,نص نهار؟,شطر نهار؟
3397,كينجي.,كينجى.,كنجي.,كينجي.,كنجي.,كنجي.,كنجي.,كانجي.,كينجي.,كينچي .,كينجي.,كينجي.,كينجي.,كنجي.,كنجي.,كنجي.,كينجي.,كينجي .,كينجي.,كينجي.,كينجي.,كينجي .,كنجي.,كانجي.,كنجي.,كانجي.
3402,خرج شوفة بشيكاغو؟,تتشاف فى شيكاجو؟,للزيارة في شيكاقو؟,نشوفها في تشيكاغو؟,تتشاف في شيكاجو؟,نشوفها بشيكاعو؟,الواحد يشوفها بشيكاكو؟,منيحة لتنشاف بشيكاغو؟,عشان نشوفهن في شيكاغو؟,يستاهل يتشاف في شيكاجو؟,تنشاف بشيكاغو؟,نشوفها في شيكاغو؟,زونين باش تشوف فشيكاغو؟,نشوفه في شيكاغو؟,أزورها في شيكاغو؟,جيدة للرؤية في شيكاغو؟,مليحه تنشاف بشيكاغو؟,لمشاهدتها في شيكاجو ؟,زينه لرؤية شيكاغو؟,مزيانين نشوفهوم في شيكاكو؟,اشوفها في شيكاغو؟,للزيارة بشيكاغو؟,ابسرها في شيكاغو؟,نمشيولهم في شيكاغو؟,نقدر نشوفها في شيكاغو؟,يزورهم في شيكاغو؟
3404,رح أمشي معكون.,اصريتوا، هروح معاكم.,مصر، نرافقك.,راح أضلني واقف جنبكم.,مصرين، أنا همشي معاكو.,راح اروح وياكم.,راح اروح وياكم.,رح إتماشى معكن .,اصريتو، حنتفق معاكم.,مصرين، حأجي معاكم .,رح روح معكن.,مصرين، بجي معاكم.,الحالات، غادي نمشي معاك.,حروح معاكم.,مصرين، رح أروح معكم.,مصرين، ح أمشي معاكم.,غاح امشي معاكم.,", سأذهب معكما .",بروح معاك.,أنا غادي نمشي معاكم.,اصريتوا، بروح معكم.,رح اروح معكو .,اصريتو، شا اجي معاكم.,تو نمشي معاك.,مصرين، توا نمشي معاكم.,صحيح، تو نمشي معاكم.
3413,نفس النوع، إذا سمحت؟,نفس النوع، من فضلك؟,نفس النوع، من فضلك؟,نفس النوع، لو سمحت؟,نفس النوع، لو سمحت؟,مثلها نفس النوع رجاءً؟,من نفس النوع، رجاءا؟,ذات النوع، عمول معروف؟,نفس النوع، لو سمحت؟,تانية من نفس النوع؟,نفس النوع، لو سمحت؟,نفس النوع، لو سمحت؟,أخور من نفس النوع، عافاك؟,نفس النوع، لو سمحت؟,نفس النوع، لو سمحت؟,نفس النوع، من فضلك؟,من نفس النوع، رجاءا؟,من نفس النوع من فضلك ؟,نفس النوع، لو سمحت؟,من نفس النوع، عافاك؟,بنفس النوع، لو سمحت؟,نفس النوع، لو سمحت ؟,نفس النوع، لو سمحت؟,من نفس النوع، يعيشك؟,واحد تاني، لو سمحت؟,من نفس النوع؟
3446,ونص بعد الضهر.,تلاتة ونص بعد الضهر.,و نصف بعد الزوال.,تلاتة ونص المسا.,تلاتة ونص بعد الضهر.,بالتلاثة ونص العصر.,تلاثة ونص مساءا.,نص بعد الضهر .,الثلاثة و نص العصر.,و نص العصر .,ونص بعد الضهر.,ثلاث ونص العصر.,الثالثة ونص مور الظهر.,تلاتة ونص المساء.,و نص المسا.,و نص بعد الظهر.,ونص بعد الظهر.,الثالثة والنصف ظهراُ .,ثلاثة ونص بعد الظهر.,نص من بعد الزوال.,و نص مساء.,ثلاثة العصر .,ثلاث ونص مساءا.,و نصف متاع القايلة.,تلاته ونص العشيه.,نص متاع القايلة.
3489,إذا سمحت.,من فضلك.,من فضلك.,لو سمحت.,لو سمحت.,بليه زحمة.,السلامة، رجاءا.,معروف .,لو سمحت.,فضلك .,إذا بتريد.,لو سمحت.,الأمان، عافاك.,لو سمحت.,لو سمحت.,من فضلك.,السلامه، رجاءا.,من فضلك .,من فضلك.,الأمان، عافاك.,لو سمحت.,سمحت .,لو سمحت.,المسكر، يعيشك.,لو سمحت.,السلامة، عيشك.
3502,نبيذ مناسب.,نبيت مناسب.,النبيذ لي يوالم.,خمر بناسبك.,نبيت كويس.,نبيذ مناسب.,واين مناسب.,نبيد مناسب .,النبيذ المناسب.,نبيد مناسب .,نبيت مناسب.,واين مناسب.,النبيذ المناسب.,نبيذ مناسب.,نبيد مناسب.,خمرة مناسبة.,الخمر المناسب.,نبيذاً مناسباُ .,النبيذ الزين.,النبيذ المناسب.,نبيذ مناسب.,نبيذ مناسب .,خمره مناسبه.,الي يساعدك.,النبيذ المناسب.,شراب مناسب.
3512,محل صغير.,مكان صغير.,مكان صغير.,مكان صغير.,مكان صغير.,مكان صغير.,مكان صغير.,زغير .,مكان صغير.,صغير .,مكان صغير.,مكان صغير.,بلاصة صغيرة.,مكان صغير.,مكان صغير.,محل صغير.,مكان صغيغ.,صغير .,مكان صغير.,بلاصا صغيرة.,مكان صغير.,صغير .,مكان صغير.,بلاصة صغيرة.,مكان صغير.,دار صغيرة.
3522,مشان البنزين؟,أدفع للبنزين؟,نخلص المازوت؟,حق البنزين؟,ادفع البنزين؟,ادفع البنزين؟,ادفع للبانزين؟,إدفع البنزين؟,ندفع للبنزينة؟,أدفع البنزين؟,ادفع البنزين؟,حق البترول؟,ثمن الوقود؟,ادفع للبنزين؟,أدفع للبنزين؟,ادفع للبنزين؟,ادفع للبنزين؟,ثمن الغاز ؟,دفع ثمن الوقود؟,تمن البنزين؟,ادفع للبنزين؟,حق البنزين؟,حق البترول؟,نخلص الليسانس؟,نخلص البنزينه؟,نخلص المازوت؟
3557,مسكو.,امسكه.,شدوه.,امسكه.,امسك حرامي.,الزموه.,لزموه.,مسكوا .,امسكه.,امسكوة .,امسكوه.,صيدوه.,شدوه.,امسكوه.,امسكه.,اقبضه.,امسكونو.,به .,مسكة.,شدو.,امسكه.,امسكوه .,امسكه.,شدوه.,شدوه.,شدوه.
3562,رفقاتنا يجوا.,صحابنا ييجوا.,يجو صحابنا.,صحابنا يجو.,صحابنا يجو.,جماعتنا يجون.,حتى يجون.,ليجوا .,اصحابنا يجو.,ييجو .,رفقاتنا ليجوا.,ربعنا يجون.,أصحابنا يجيو.,أصحابنا يجو.,صحابنا يجو.,أصحابنا يجوا.,حتى يجون.,حضور أصدقائنا .,الي بيجون.,فصاحبنا يجي.,صاحبنا يجي.,حتى يجو .,اصحابنا يجو.,صحابنا يجيو.,صحابنا باش ايجو.,بش يجيو.
3572,عطيني فراطة.,إدينى فكة.,من فضلك.,شوية فراطة.,شوية فكة.,بلية زحمة.,شوية خردة.,شوية فراطة .,شوية رقاق.,شوية فكة.,شوية فراطة.,عطني خردة.,شي صرف.,اديني فكة.,أعطيني فراطة.,شوية الفكه.,شويه فكة.,النقود الفكة .,عطني فكة.,شوية صرف.,شوي فكه.,شوية فكة .,اديلي فكه.,صرف، يعيشك.,شوية رقاق.,صرف عيشك.
3619,إذا سمحت.,لو سمحت.,من فضلك.,لو سمحت.,لو سمحت.,قوي، رجاءً.,ضيق، رجاءا.,معروف .,لو سمحت.,لو سمحت.,إذا بتريد.,لو سمحت.,ضيق، عافاك.,لو سمحت.,لو سمحت.,من فضلك.,قوي، رجاءا.,من فضلك .,لو سمحت.,مجهد، عافاك.,لو سمحت.,سمحت .,لو سمحت.,بارشا، يعيشك.,لو سمحت.,بارشا، عيشك.
3628,ناعمة وأمورة.,صغيرة وجميلة.,و شابة.,صغيرة وأمورة.,صغيرة وحلوة.,حلوه ونازكة.,صغيرة ولطيفة.,مهضومة .,و كيوت.,ظريف قوي .,صغيرة ومهضومة.,صغيرة وكيوت.,و ظريفة.,صغيرة وحلوة.,و أمورة.,و لطيفة.,صغيغي ولطيفي.,وذكية .,صغيره وحليوه.,و فنيونة.,و لطيفة.,لطيفة .,و حاليه.,و سميحة.,و لطيفه.,و حلوة.
3638,أوبرا اليوم؟,أوبرا النهاردة؟,تع اليوم؟,الأوبيرا اليوم؟,الأوبرا إنهاردة؟,بالأوبرا اليوم؟,اوبرا اليوم؟,أوبيرا اليوم؟,بتاع اليوم؟,اوبرا النهاردة؟,أوبرة اليوم؟,اوبرا اليوم؟,ديال ليوم؟,حق أليوم؟,الأوبرا اليوم؟,الليلة شنو؟,مال اليوم؟,اليوم ؟,اوبرا اليوم؟,ديال اليوم؟,الاوبرا اليوم؟,الاوبرا اليوم؟,حق اليوم؟,الاوبرا اليوم؟,متاع اليوم؟,متاع ليوم؟
3640,إذا سمحت.,لو سمحت.,من فضلك.,لو سمحت.,لو سمحت.,بلية زحمة.,رجاءا.,عمول معروف.,لوسمحت.,فضلك .,إذا بتريد.,لو سمحت.,عافاك.,لو سمحت.,لو سمحت.,من فضلك.,رجاءا.,فضلك .,لو سمحت.,عافاك.,لو سمحت.,سمحت .,لو سمحت.,الطبق، يعيشك.,لو سمحت.,يعيشك.
3644,غسيلي لسا.,لسة مرجعش.,الغسيل تاعي.,لحد هلأ.,مرجعش لغاية دلوقتي.,ما رجعت ليهسه.,بعدهن ما رجعن.,ما رجع.,ليا لعند توا.,جاش لحد دلوقتي.,ما رجع.,رجع للحين.,ديالي حتى لدابا.,ما رجعلي.,ما رجع.,اترجع لسة.,ما رجعت بعد.,حتى الآن .,مالي لحين.,ما رجعت.,الى الان.,لسه .,قد رجعش للان.,ما رجعش.,ما رجعوهوليش.,حوايجي الي تغسلت.
3649,السبت الجاي؟,السبت الجاي دة؟,والو السبت الجاي؟,فاضي السبت الجاي؟,السبت الجاي؟,السبت الجاي؟,السبت الجاي؟,هيدا السبت اللي جاي؟,السبت الجاي؟,السبت اللي جاي؟,السبت الجاية؟,السبت الجاي؟,السبت الجاي؟,فاضي السبت الجأي؟,هدا السبت؟,السبت الجاي دا؟,السبت اللي يجي؟,مشغول السبت القادم ؟,يوم السبت هذا؟,مسالي السبت الجاي؟,السبت الجاي؟,فاضي السبت الجاي؟,السبت الجاي؟,تعمل نهار السبت الجاي؟,السبت الجاي؟,تعمل السبت الجاي؟
3667,نتفق سوا منيح.,أوى مع بعض.,نتفاهمو مليح.,مع بعض على طول.,ننسجم مع بعض.,نتراهم مع بعض.,راح نلتقي هواي.,نتفق سوا .,بكل مع بعضنا.,نخرج سوا .,مع بعض كتير.,مع بعض.,غادي نتعارفو مزيان بجوجنا.,نعرف بعض اكثر.,نتقابل مع بعض.,كويسين لفترة طويلة معا.,سوه مره اللخ.,سننسجم مع بعضنا .,مع بعض لفترة أطول.,نتفاهمو مع بعضنا.,مع بعض بشكل جيد.,مع بعض .,نوقع جمعه سابرين.,سمعناكم بالباهي.,حننسجمو مع بعض.,تو نتفاهمو بالقدا.
3669,كأني شحاد.,لو كنت شحات.,أنا طلاب.,اني حرامية.,كأني متسول.,وكأنه مجدي.,انا مجدي.,كإني شحاد.,كنت شحات.,شحات .,وكأني شحاد.,جني طرار.,الى كنت ساعي.,كاني شحات.,كأني شحاد.,لو كنت شحاد.,انا مكدي.,كنت متسولاُ .,اتسول منها.,انا شس طلاب.,كأني شحاذة.,شحاد .,كنت شحات.,عليا متسول.,تقول شحات.,كايني طالب.
3683,تساعدني بمشكلة تانية؟,تساعدنى فى مشكلة تانية؟,تعاوني في مشكل واحدأوخر؟,بكمان مشكلة تانية؟,في مشكلة تانية؟,تساعدني بمشكلة أخرى؟,بعد بمشكلة وحدة؟,تساعدني بمشكلة تاني؟,مع مشكلة وحدة أخرى؟,في مشكلة تانية؟,تساعدني بمشكلة تانية؟,في مشكلة ثانية؟,مع واحد المشكل أخور؟,تساعدني بالمشكلة التانية؟,تساعدني بكمان مشكلة؟,تساعدني في مشكلة تانية؟,بمشكله اللخ؟,هذا المشكلة الأخرى أيضاُ ؟,مع مشكلة أخرى؟,في واحد المشكل آخر؟,تساعدني بمشكلة ثانية؟,تساعدني بمشكلة ثانية؟,تساعدني بمشكله ثانيه؟,على مشكل آخر؟,في مشكلة تانيه؟,في مشكة اخرى؟
3685,بهدول النضارات الشمسية؟,فى نضارة الشمس دى؟,على حساب الشوف ديالي؟,على هاي النظارة الشمسية؟,في نضارات الشمس دي؟,بالنظارة الشمية هاي؟,الطبية بهاي النظارات الطبية؟,للعدسات بهالعوينات الشمس؟,في النظارات هضيما؟,ديه جوا نضارة الشمس؟,على هدول النظارات الشمسية؟,الموصوفة في هالنظارة الشمسية؟,الطبية فهاد النظارات؟,الطبيه مع دي النظارات؟,لنظارات الشمس هاي؟,في النظارات الشمسية دي؟,الطبيه لهل المناظر؟,هذا النظارة الشمسية ؟,طبية مع هالنظارة الشمسية؟,عدسات بلاصة هاد النظاظر؟,الموصوفة على النظارة الشمسية؟,هدول النظارات الشمسية ؟,ل هولا النظارات الشمسية؟,الشمس على قياسي؟,للنظارات الشمسيات هادو؟,الشمس هاذي متاع نضر؟
3698,من هاد.,من دول.,زوج.,من هدول.,من دول.,من هاي.,من هذول.,من هودي .,من هضينا.,دول .,من هدول.,من هذي.,من هادي.,من دولا.,من هدول.,من ديل.,من هذولي.,هذه .,من هذا.,من هادو.,من هذي.,من هدول .,من هولا.,ناخذ زوز.,من هادو.,من هذا.
3705,أي فصيلة؟,جميلة. فصيلة إيه؟,واش من سلالة تعهم؟,شو نوعهم؟,سلالته ايه ده؟,يا تكاثر؟,حلوة، شنو تربي؟,. شو النسل؟,من أي نسل؟,. صنفه ايه؟,أي فصيلة؟,شنو فصيلته؟,شمن نسل؟,أيش نسلها؟,شو أصلهم؟,كلاب. ياتو فصيلة؟,اي صنف؟,من أي فصيلة ؟,شو بتولد؟,إينا نوع؟,من نسل؟,. شو نوعهم؟,ما فصيلته؟,شنوة نوعه؟,شن نوعه؟,شنوة نوعو؟
3721,جبلي وحدة تانية.,سمحت هات واحدة تانية.,تجيبلي واحدأوخرا، من فضلك.,سمحت جبلي وحدة تانية.,ممكن تجيبلي واحدة تانية.,واحد ثاني بلية زحمة.,رجاءا جيب وحدة ثانية.,معروف جبلي وحدة تاني.,جيب وحدة أخرى.,تانية إذا سمحت .,غيرها رجاءً.,جيب لي وحدة ثانية.,جيبلي وحدة آخرى.,جبلي وحدة تانية.,جيبلي وحدة تانية.,جيب واحدة اخرى.,جيبلي وحدي اللخ.,أحضر واحدة أخرى .,لي غيرها لو سمحت.,وحدا خرى عافاك.,جب لي وحدة ثانية.,جيبلي وحدة ثانية .,سمحت ادي واحده غيرها.,وحدة اخرى، يعيشك.,تجيبلي واحدة تانيه.,جيبلي وحدة اخرى.
3742,حلو.,ممتع.,مليح.,كان ممتع.,كان مرح.,تونسنا.,جان يونس.,بيسلي .,فيه جو.,ممتع .,بسلي.,وناسة.,هادشي ممتع.,فلة.,مسلي.,كان ظريف.,كان يونس.,ممتعاً .,وايد ممتع.,ممتع .,ممتع.,مسلي .,ممتع.,باهي.,جو مليح.,جو.
3747,تالت مفرق. بتلاقيه ع يمينك.,عند تالت ناصية. هتلاقيه على يمينك.,فالطريق الثالثة. تصيبو على اليمين ديالك.,التالتة. راح تلاقيه على يمينك.,الناصية التالتة. هتلاقيه على يمينك.,بثالث زوية. راح تكلاها على اليمين.,. راح تلكاه على يمينك.,زاوية . رح تلاقي عيمينك.,عند ثالث شوكة. حتلقاه على يمينك.,تالت ناصية . حتلاقيه عاليمين .,التالتة. بتلاقيه على يمينك.,يمين. بتحصله على يمينك.,الثالثة. غادي تلقاه على ليمين.,عند ثالث زاوية، حتلاقيه يمينك.,عند الزاوية التالتة. بتلاقيها على يمينك.,الكورنة التالتة. ح تلقاه على يمينك.,زاويه. غاح تلقينو على يمينك.,الناصية الثالثة . ستجده على يمينك .,الزاوية الثالثة. بتحصله على يمينك.,التالت. غادي تلقاه على ليمن ديالك.,عند الزاوية الثالثة. بتلقاه على يمينك.,. رح تلاقيه على يمينك .,الركن الثالث. عتلاقيه على يمينك.,الشارع الثالث. تو تلقاه على يمينك.,في التقاطع التالت. حتلاقه علي يمينك.,الثالثة عاليمين. تو تلقاه على يمينك.
3765,لشرايح ملونة؟,لسلايدز ألوان؟,لصور ملونة؟,للصور الملونة؟,لصور ملونة؟,سلايدات ملونة؟,لسلايدات ملونة؟,للشرايح الملونة؟,لشرائح ملونه؟,لصور ملونه؟,للشرائح الملونة؟,صور ملونة؟,بشرائح ملونة؟,للشرأيح الملونة؟,لصور ملونة؟,الفلم لاسلايدات ملونة؟,لشرائح ملوني؟,شفاف ملون ؟,الفلم لشرائح ملونة؟,فيلم للالوان؟,للشرائح الملونة؟,لشرائح ملونة؟,شرايح ملونه؟,مصورة بالالوان؟,لشرائح ملونات؟,للكوارط الملونة؟
3780,حفلة عيد ميلادها.,حفلة عيد ميلادها.,حفلة عيد ميلادها.,حفلة عيد ميلادها.,حفلة عيد ميلادها.,حفلة عيد ميلادها.,حفلة عيدميلادها.,عيد ميلادا .,حفلة عيد ميلادها.,حفلة عيد ميلادها .,حفلة عيد ميلادها.,حفلة عيد ميلادها.,الحفلة ديال عيد ميلادها.,حفلة عيد ميلادها.,حفلة عيد ميلادها.,أنه عيد ميلادها.,هذا عيد ميلادها.,عيد ميلادها .,حفلة عيد ميلادها.,عيد الميلاد ديالها.,حفلة ميلادها.,عيد ميلادها .,حفله عيدميلادها.,حفلة عيد ميلاده.,حفلة عيد ميلادها.,حفلة عيد ميلادها.
3789,مخطط ألوان؟,خريطة ملونة؟,بياني ملون؟,بياني ملون؟,جدول ألوان؟,جارت ملون؟,جدول الوان؟,بياني ملون؟,جدول ملون؟,جدول الوان؟,مخطط ألوان؟,جدول للألوان؟,مخطط لوان؟,مخطط لون؟,بياني ملون؟,مخطط ملون؟,مخطط ملون؟,عليها الألوان ؟,مخطط لون؟,ديال الألوان؟,بياني ملون؟,مخط ملون؟,تدرجات الالوان؟,رسم توضيحي؟,جدول الألوان؟,جدول الوان؟
3792,بشيكات سياحية؟,بشيك سياحى؟,بشاك سياحي؟,طريق شيك سياحي؟,بشيك سياحي؟,بشيك سياحي؟,بصك سياحي؟,بشيك سياحي؟,بشيك سياحي؟,بشيك سياحي؟,بشيك سياحي؟,بجيك سياحي؟,نخلص بشيك سياحي؟,شيك سياحي؟,بشيك سياحي؟,بشيك سياحي؟,بشيك سياحي؟,بشيكات سياحية ؟,شيك سياحي؟,بشيك سياحي؟,بشيك سياحي؟,طريق شيك سياحي؟,شيك سياحي؟,بشاك سياحي؟,بشيك سياحي؟,بشيك سياحي؟
3806,أنو هاد الشي الحقيقي؟,إن دى الحاجة الصح؟,نعرف بلي صح؟,أنه هاد اشي حقيقي؟,أعرف أنه حقيقي؟,اعرف هذا الشي صدك؟,راح اعرف الشي الحقيقي؟,إنو هيدا الشي المظبوط؟,ان هضا الشي الحقيقي؟,ان كان ده حقيقي ؟,فيني أعرف أنه الأصلي؟,هذي هو الشي الصجي؟,هادا هو الحاجة الحقيقية؟,هادا هوا الشيء الحقيقي؟,كيف بقدر أعرف الحقيقة؟,أعرف داك الشئ الحقيقي؟,هذاك الشي هو الحقيقي؟,أعرف أنه الشيء الحقيقة ؟,أن هالشيء حقيقي؟,بلي داكشي هو الصحيح؟,اعرف انه الشيء الحقيقي؟,بدي اعرف الاشي الحقيقي؟,انه هذا هو الصدق؟,يعرف كان صحيح؟,هو هدا الشي الحقاني؟,الي هذاكا هو الصحيح؟
3825,بدون ضريبة؟,غير ضرايب؟,مافيهاش لاطاكس؟,دون ضريبة؟,غير ضرايب؟,بدون ضريبة؟,بدون ضرائب؟,دون ضريبة؟,من الضريبة؟,من الضريبة؟,بدون ضريبة؟,بدون ضرايب؟,معفية من الضرائب؟,بدون ضريبة؟,بدون ضريبة؟,خالي من الضرائب؟,من الضرايب؟,من الضرائب ؟,اعفاء من الضريبة؟,بلا ضريبة؟,اعفاء ضريبي؟,من الضرايب؟,بدون ضرايب؟,رجعت فلوسو؟,غير ضرايب؟,ما نخلص عليه اداء؟
3829,بتعفلي ياه عندك، إذا سمحت؟,ممكن تخليهالى معاك، لو سمحت؟,تقدر تخليهوملي عندك، من فضلك؟,ممكن تحتفظلي فيهم، لو سمحت؟,ممكن خلي بالك منها، لو سمحت؟,تكدر تخليها يمك بلية زحمة؟,تكدر تخليها الي، رجاءا؟,فيك تخليلي ياهن، عمول معروف؟,ممكن تمسكهم ليا، لو سمحت؟,ممكن تشيلهوملي عندك، من فضلك؟,ممكن تخليلي اياهن، إذا ممكن؟,تخليها عندك حقي، لو سمحت؟,ممكن تخليه عندك، عافاك؟,تخليها معاك عشاني، لو سمحت؟,تخليلي ياها عندك، لو سمحت؟,ممكن تمسكوا لي، من فضلك؟,ممكن تحفضيهم لليي، رجاءا؟,أن تحتفظ بها لأجلي من فضلك ؟,تسويه لي، من فضلك؟,الكرسي. تقدر تخليهم، عافاك؟,تحتفظ فيه لي، لو سمحت؟,بتقدر تخليهم معك، لو سمحت ؟,تخليهن عندك، لو سمحت؟,تنجم تحطهم عندك، يعيشك؟,ممكن تخليها عندك، لو سمحت؟,الكرسي. تخليهولي عندك، يعيشك؟
3835,تحط هالشنتاية بالطبون؟,دى فى شنطة العربية؟,الحقيبة فالسيارة؟,الشنتة في شنتة السيارة؟,دي في شنطة العربية؟,الجنطة بصندوك السياره؟,بصندوك السيارة، رجاءا؟,هالشنطة السفر بصندوق السيارة؟,هضي في شنطة السيارة؟,ديه في شنطة العربية؟,هي الشنتاية بالطبون؟,في الدبة؟,هاد الحقيبة فالكوفر؟,في شنطة السيارة؟,الشنتة في شنطة السيارة؟,دي في شنطة العربية؟,الجنطه بصندوق السياره؟,هذه في صندوق السيارة .,في صندوق السيارة؟,الكوفر ديال السيارة عافاك؟,الحقيبة في شنطة السيارة؟,الشنتة بشنتة السيارة؟,في شنطة السيارة؟,في الكوفر يعيشك؟,هادي في كوفينو السيارة؟,هاذي في الكوفر؟
3847,فرح آخدو.,فهبقى آخدها.,نروح نجيبو.,وهيك راح أستلمه.,برة دلوقتي، فخلاص هيجيبهالك.,وراح اخذها ويايه.,راح اخذها.,لهيك رح إستلمو.,توا، توا ناخذها.,كده حأخده .,و رح آخده.,الحين، باخذه.,اذن دابا نهزها.,رأيح، فحاخذها.,باخدو معي.,كدا ح ارفعه.,لذلك غاح اخذو معاي.,لذلك سآخذها .,جي باخذه معي.,علاش أنديها معايا.,يعني باخذه.,ف رح اخدها .,يعني شا اشله.,نمشي نلوج عليه.,فتوا ناخدها.,تو نتعدى نهزو.
3856,مشان غراضي عالستة ونص.,بتاعتى الساعة ستة ونص.,دياولي على الستة و نص.,شنطي الساعة ستة ونص.,الساعة ستة ونص علشان الشنط.,الجنط الساعة ستة ونص.,لجنطي الستة ونص.,شنطاتي عالستة و نص .,على الستة و نص.,سته و نص .,شناتيي عالساعة ستة ونص.,شناطي الساعة ست ونص.,مور الحقائبديالي فالستة وثلاثين.,شنطي على ستة ونص.,على الستة و نص.,شنطي عند ستة و تلاتين.,جنطيي ساعه ستي ونص.,حقائبي الساعة السادسة والنصف .,الشنط على الست ونص.,من الطابق ستة و ثلاثين.,حقائبي الساعة ستة و نص.,على الستة و نص .,شنطي على ست و ثلاثين.,باقاجي الستة و نصف.,الساعة ستة و نص.,مع الستة و نص.
3858,والمنطقة المحيطة فيها.,فرانسيسكو والمنطقة اللى حواليها.,سان فرنسيسكو وضواحيها.,والمناطق اللي حواليها.,فرانسيسكو والمنطقة اللي حواليها.,فرانسيسكو والمناطق المجاوره.,فرانسيسكو والمناطق المحيطة.,و المنطقة المحيطة .,و المنطقة المحيطة بيها.,و حواليها .,فرانسيسو والمنطقة المحيطة.,فرانسيسكو والمنطقة حوالينها.,والمنطقة اللي دايرة بيها.,والأماكن اللي حولينها.,و المنطقة حواليها.,و المنطقة المحيطة.,والمناطق اللي تحيط بيها.,والمنطقة المحيطة .,والمناطق الي جنبها.,و المنطقة لقريبة منها.,و المناطق المحيطة.,المناطق اللي حولها .,فرانسيسكو والمنطقه اللي حولها.,و احوازها.,و المكانات الي حواليها.,فرانسيسكو و احوازها.
3859,يلي عندك؟,اللى عندك؟,لي عندكم؟,اللي عندك؟,معاك ده؟,الخبز عندك؟,الي تريده؟,خبز عندك؟,الي عندك؟,عيش ايه؟,يللي عندك؟,الخبز عندك؟,الخبز عندك؟,اللي عندك؟,أنواع خبز؟,العيش عندك؟,الخبز عندك؟,لديكم ؟,من الخبزعندك؟,الخبز عندك؟,الخبز عندك؟,اللي عندك؟,اللي عندك؟,الي عندك؟,الي عندك؟,الي عندكم؟
3860,الأصانصير؟,الأسانسير؟,جاي المصعد؟,المصعد؟,الاسانسير؟,المصعد؟,المصعد؟,الأسونسور؟,الاسنسير؟,الاسانسير؟,الأصنصير؟,اللفت؟,هو المصعد؟,الاصنصير؟,الأصانصير؟,المصعد؟,المصعد؟,المصعد ؟,المصعد؟,المصعد؟,المصعد؟,المصعد؟,هو الاصنصير؟,الاسانسور؟,الاصنصير؟,المصعد؟
3861,يعزف عالبيانو؟,يقدر يلعب بيانو؟,يعرف يلعب البيانو؟,بقدر يعزف بيانو؟,يعزف على البيانو؟,على البيانو؟,يعزف بيانو؟,بيدق عالبيانو؟,يعزف على البيانو؟,يلعب عالبيانو؟,يعزف عالبيانو؟,يعزف بيانو؟,كيعرف يعزف على البيانو؟,يقدر يعزف بيانو؟,يعزف على البيانو؟,زول بلعب البيانو؟,يعزف على البيانو؟,العزف على البيانو ؟,يقدر يعزف على البيانو؟,هنا كايعرف يلعب البيانو؟,يعزف بالبيانو؟,بيعزف بيانو؟,يعزف بيانو؟,يعزف بابيانو؟,يعزف علي البيانو؟,يلعب عالبيانو؟
3872,ع إمباير ستايت بيلدينج؟,أروح امباير ستيت بيلدينج؟,باش نروح ل أمبير ستايت بيلدينغ؟,على امباير ستيت بيلدينج؟,اروح إمباير ستات بيلدينج؟,اروح لأمباير ستايت بيلدينج؟,ل امباير ستيت بيلدينج؟,على إمباير ستايت بيلدينج؟,نمشي للامباير ستيت بيلدينج؟,أمباير ستيت بيلدينج ؟,على الإمباير ستيت بيلدينج؟,اروح امباير ستيت بيلدينج؟,نمشي لامباير ستيت بيلدينج؟,اروح امباير ستيت بيلدينج؟,أوصل امباير ستيت بيلدينج؟,أمشي لي امبير استيت بلدنق؟,اصل لامباير ستيت بيلدينج؟,مبنى إمباير ستيت ؟,إلى امباير ستيت بيلدينج؟,ل إيمباير ستايت بيلدينج؟,اروح لامباير ستيت بيلدنج؟,على امباير ستيت بيلدينج؟,عسب اسير لامباير ستايت بيلدينج؟,نمشي لامباير ستيت بيلدينج؟,نمشي للأمباير ستايت بيلدينج؟,نمشي لامباير ستايت بيلدينج؟
3887,الألف دولار.,ألف دولار.,ألف دولار.,ألف دولار.,ألف دولار.,الف دولار.,الف دولار.,دولار .,الالف دولار.,ألف دولار .,ألف دولار.,الف دولار.,ألف دولار.,الف دولار.,ألف دولار.,ألف دولار.,الف دولار.,ألف دولار .,ألف دولار.,ألف دولار.,الف دولار.,دولار .,الالف الدولار.,الف دولار.,الالف دولار.,الف دولار.
3892,غرفة مزدوجة بهداك الفندق بس بليلة طنعش آذار؟,مزدوجة فى الأوتيل دة ليلة اتناشر مارس بس؟,زوج بناك في هاذ الفندق لليلة اثناعشر مارس برك؟,تحجزلي غرفة مزدوجة في الفندق لليلة اطنعش مارس بس؟,أوضة مزدوجة في الفندق ليلة اتناشر مارس بس؟,غرفة مزدوجة بذاك الفندق ليلة عشرين آذار فقط؟,غرفة مزدوجة بذاك الفندق لليلة اثنعش اذار بس؟,مزدوجة بهيداك الأوتيل لإلي لليلة تنعش أدار بس؟,ثنائية في هضكي الهوتيل لليلة اطناش ثلاثة بس؟,أوضه بسريرين في الفندق ليوم اتناشر مارس بس؟,غرفة لشخصين بهداك الأوتيل لليلة اطنعش آذار بس؟,مزدوجة في ذاك الفندق بس حق اثنعش مارس؟,غرفة مزدوجة في هذا الفندق بالنسبة ليا ليلة اثناعشر مارس فقط؟,غرفة مزدوجة في هادا الفندق بس يوم اثناعشر مارس؟,بتختين في هداك الاوتيل لليلة اتناعش مارس بس؟,غرفة مزدوجة في الفندق داك لليلة اتناشر مارس بس؟,ام السريرين بهذاك الفندق لليله الاثنعش من اذار بس؟,بسريرين لي في ذلك الفندق ليلة الثاني عشر من مارس فقط ؟,في الفندق هذا فقط في الاثنعشر من مارس؟,غرفة ثنائية في هاداك الفندق لليلة ديال طناش مارس؟,مزدوجة في هذاك الفندق لليلة اثنى عشر من مارس فقط؟,تحجزلي غرفة بالفندق هداك عشان ليلة اطنعش ثلاثة بس؟,غرفه مزدوجه في هذاك الفندق ل ليله اثناعشر مارس بس؟,بزوز فروشة في الوتيل هذا لليلة اثناش مارس اكهاو؟,نفرين في هوتيل لليلة واحده يوم طناش مارس؟,الوتيل بيت بزوز فروشات هاذاكا لليلة اثناش مارس اكاهو؟
3900,مزدوجة بتطل عالمحيط؟,بتبص على المحيط؟,مع نظرة على المحيط؟,مطلة على البحر؟,بتبص على المحيط؟,تطل على المحيط؟,مطلة ع المحيط؟,مزدوجة بتطل عالمحيط؟,اتطل على المحيط؟,كبير بتشوف المحيط؟,مزدوجة بتطل عالمحيط؟,تطل على المحيط؟,مزدوجة كتطل على المحيط؟,تطل على المحيط؟,بتطل على المحيط؟,بتطل على المحيط؟,يطلون على المحيط؟,تطل على المحيط ؟,اطل على المحيط؟,كاطل على البحر؟,تطل على المحيط؟,بتطل على المحيط؟,تطل على المحيط؟,فروشة اتطل على البحر؟,زوجية مطلة علي المحيط؟,زوز تطل عالمحيط؟
3920,ما قررنا.,لسة مقررناش.,مقررناش.,قررنا لهلأ.,مقررناش لسة.,ما قررنا.,ما مقررين.,بعد .,ما قررنش.,لحد دلوقتي .,ما قررنا.,قررنا للحين.,مقررناش.,لين دحين.,ما قررنا.,قررنا لسة.,لحد الان.,بعد .,قررنا بعد.,ما قررناش.,الى الان.,قررنا .,ماقد قررناش.,مخذيناش قرار.,ما قررناش.,ما قررناش.
3928,وانفشكت أجرو.,الكاحل بتاعه.,دارت رجلو.,عنده التواء بالكاحل.,بتاعه اتلوى.,وانلوت ركبته.,عده التواء بالكاحل.,لوى كاحلو .,لوا كراعه.,التواء في الانكل .,ولوا كاحله.,ولوى كاحله.,ليه الكاحل ديالو.,والتوا مفصله.,التوى كاحلو.,لوا كاحله.,ولوا كاحلو.,كاحله .,والتواء كاحله.,تلوات ليه رجليه.,لوى كاحله.,معو التواء بالكاحل .,وعسف كاحله.,ساقو تلوات.,لوي رجله.,فصع ساقو.
3936,أجرب البوظة.,هجرب شربات.,المثلجات.,عصير غازي.,كريم فواكه.,شوية شربت.,فد شربت.,بوظة .,شوية مشروبات.,فواكة .,دوق السلاش.,شربت.,ديال شيربيت.,العصير.,أجرب العصير.,بعض العصير.,شوية شربت.,الشراب المثلج .,بعض شيربيت.,نجرب الشيربات.,شربات.,شربات .,شويه شربات.,نجرب القلاس.,شوية شربت.,شوية شربات.
3961,تايلندي قريب؟,تايلاندى قريب؟,في النواحي؟,تايلندي قريب؟,تايلاندي قريب؟,تايلندي قريب؟,تايلندي قريب؟,تايلاندي قريب؟,تايلندي قريب؟,تايلاندي قريبة؟,تايلاندي قريب؟,تايلندي قريب؟,مطعم تايلاندي قريب؟,تأيلندي قريب؟,قريب من هون؟,تايلندية قريبة؟,تايلندي قغيب؟,قريب من هنا ؟,تايلاندي قريب؟,مطعم تايلاندي قريب؟,تايلندية قريبة؟,تايلندي قريب؟,تايلندي قريب؟,تايلندي بجنبنا؟,قريب من هنايا؟,موش بعيد؟
3972,يلي جيت منو لعند الإشارة. بعدين، عويج عاليسار.,جيت منه لحد إشارات المرور. بعد كدة، لف شمال.,للاشارات الضوئية، امبعد دور على اليسار.,اجيت منه لعند ما تلاقي الاشارات. وبعدها روح يسار.,جيت منه لغاية إشارة المرور. وبعدين إحود شمال.,اجيت لحد إشارة التقاطع. بعدين، اخذ يسره.,اجيت منه لاشارة المرور، بعدين اكسر يسرى.,لحتى إشارة المرور . بعدين، بروم عالشمال .,جيت منها لعند إشارة المرور. بعدها، لف على اليسار.,ما تقابل اشارات مرور . و بعدين، أحود شمال .,اجيت منه لعند إشارات المرور. بعدين، لف عاليسار.,جيت منه لين توصل الاشارة. بعدها، لف يسار.,الي جيتي منها حتى لإشارات المرور. ثم، اتجه لليسار.,اللي جيت منه لين الاشارة وبعدها روح يسار.,لعند الرمزور. بعدين، لف على الشمال.,الجيت بيه لغاية الإشارة. ثم، لف للشمال.,بينو حتى تصل اشارة المرور. بعدين، ديوغ لليسار.,منه حتى إشارة المرور . ثم اتجه يساراً .,منها حتى إشارات المرور. ثم، اتجه إلى اليسار.,منها تاتوصل للضو الحمر. مراها دور على ليصر.,جيت منه حتى تصل للإشارة. بعدها، لف يسار.,اجيت منو حتى الاشارة و بعدين روح شمال .,منه لوما توصل عند اشاره المرور. بعدين، لف يسار.,بعد دور على الليسار.,منها لغيت ما توصل للسيمافرو. بعدين، لف يسار.,جيت حتى للضوء. بعد، دور عاليسار.
3974,أنجلس بكرة الصبح بكير.,أنجلوس بكرة الصبح بدرى.,أنجلس بكري بزاف غدوا صبح.,أنجلوس بكرا الصبح بكير.,انجلوس بكرة الصبح بدري.,انجلوس باجر الصبح.,باجر الصبح من وقت.,أنجلوس بكرا الصبح بكير.,انجلس بكرة الصبح بدري.,بكرة الصبح بدري .,أنجلوس بكرا الصبح بكير.,بكرة الصبح من وقت.,انجليس غدا فصباح بكري.,صباح بكرة من بدري.,أنجلوس بكر الصبح بكير.,أنجلس بدري صباح بكرة.,غدا الصبح من وقت.,أنجليس باكر صباح غد .,انجليس باجر الصبح في وقت مبكر.,انجلوس غدا فالصباح بكري.,انجليس بكرة بداية الصبح.,بكرا الصبح بكير .,انجلس بكره الصبح بدري.,انجلس بكري غدوة الصباح.,بكري لي لوس انجلس.,انجلس غدوة الصباح بكري.
3988,"فرانسيسكو"". بتعطيك الخلاصة عن سان فرانسيسكو.",دى. دة هيوريك الخطوط العريضة لسان فرانسيسكو.,راح تعطيلك نظرة عامة على سان فرنسيسكو.,رح تعطيك لمحة عن سان فرانسيسكو.,دي. دي هتديك فكرة عامة عن سان فرانسيسكو.,تنطيك معلومات عن المخطط مال سان فرانسيسكو.,"فرانسيسكو"". وهي تراويك الشكل الرئيسي لسان فرانسيسكو.",هيدي بتعرفك شكل سان فرانسيكو .,هضي. هضي تعطيك الملخص عن سان فرانسيسكو.,. ديه حتديك فكرة عامة عن سان فرانسيسكو .,هي. هون بتلاقي مخطط سان فرانسيسكو.,هذي بتعطيك فكرة عن سان فرانسيسكو.,"سان فرانسيسكو"". هادا كيعلمك شكل سان فرانسيسكو.",هادي تعلمك مخطط لسان فرانسيسكو.,هدا بيعرف شكل سان فرانسيسكو.,دي بتعرفك الخطوط العريضة لسان فرانسيسكو.,هذا يعغفك الشكل مال سان فرانسيسكو.,. فهذا يعطيك فكره عن سان فرانسيسكو .,هذا يعطيك الخطوط العريضة ل سان فرانسيسكو.,"فرانسيسكو"". كتعطيك ملخص على سان فرانسيسكو.",هذي بتخبرك الخطوط العريضة لسان فرانسيسكو.,. رح تعطيك لمحة عن سان فرانسيسكو .,هذا يدي لك الخطوط العريضة حق سان فرانسيسكو.,هاذي. تعطيك نضرة شاملة على سان فرانسيسكو.,هادي. حتعطيك فكره كويسه علي سان فرانسيسكو.,تعطيك اهم ما فما في سان فرانسيسكو.
3991,أعمل تأمين.,آخد تأمين.,بشركة تأمين.,أعمل تأمين.,أعمل تأمين.,احصل تأمين.,اخذ تأمين.,تأمين .,نحصل تأمين.,تأمين .,تأمين.,اسوي تأمين.,ناخد التأمين.,تامين.,أخد تأمين.,على تأمين.,على تأمين.,تأمين .,على التأمين.,ناخد تأمين.,على تأمين.,التأمين .,احصل ضمان.,نكلم سيقورتة.,ندير تأمين.,نعمل تأمين.
3995,مشان يروح الوجع.,علشان تخفف الألم.,باش انقص الوجع.,عشان يخف الوجع.,علشان نخفف الألم.,حتى نخفف الألم.,حتى نخفف الالم.,لنخفف الوجع .,عشان تخفف الألم.,علشان نخفف الالم .,باردة لنخفف الوجع.,عشان يخف الألم.,باش تخفف الألم.,عشان يخفف الألم.,باردة لتخفيف الوجع.,باردة لتخفيف الألم.,حتى نخفف الالم.,لتخفيف الألم .,لتخفيف الألم.,باش نحيدو الآلام.,عشان يزول الألم.,حتى نهدي الوجع .,عسب يسير الوجع.,باش تخفف الوجيعة.,باش ينقص الالم.,باش تنقص الوجيعة.
4013,تشتري فستان.,تشترى فستان.,تشري فستان.,تشتري فستان.,تشتري فستان.,تشتري فستان.,تشتري بدلة.,فستان .,تشري قفطان.,فستان .,تشتري فستان.,تشتري فستان.,تشري فستان.,تشتري لبس.,تشتري فستان.,تشتري فستان.,تشتغي فستان.,ثوبا .,تشتري فستان.,تشري كسوة.,تشتري فستان.,فستان .,تشتري فستان.,تشري روبة.,تشري قفطان.,تشري روبة.
4016,التكسي لهالفندق؟,للأوتيل دة؟,يديني لهاذ الفندق؟,لعند الفندق؟,فلوس لغاية الفندق؟,لهذا الفندق؟,التكسي للفندق؟,التاكسي عهالأوتيل؟,للهوتيل هضا؟,يوصلني للفندق ده؟,هاد الأوتيل؟,التكسي لهالفندق؟,طاكسي للفندق؟,لدا الفندق؟,لهدا الأوتيل؟,للفندق دا؟,لهذا الفندق؟,هذا الفندق ؟,إلى هالفندق؟,لهاد الفندق؟,هذا الفندق؟,لهاد الفندق ؟,التاكسي للفندق؟,هذا بالتكسي؟,للهوتيل هدا؟,للوتيل هذا؟
4017,الحمامات؟,التواليت؟,نصيب المرحاض؟,الحمام؟,الحمام؟,المرافق؟,التواليت؟,التواليت؟,الحمام؟,الحوض؟,الحمام؟,الحمام؟,كاين المرحاض؟,الحمام؟,الحمام؟,المرحاض؟,المرافق؟,الحمام ؟,المرحاض؟,هو المرحاض؟,الحمام؟,الحمام؟,هو الحمام؟,بيت الراحة؟,الحمام؟,بيت البانو؟
4034,الدخلة عهالبناية؟,علشان ندخل المبنى دة؟,المبنى بالدراهم؟,أدخل هاي البناية؟,ده بفلوس؟,الدخولية للفندق؟,لهاي البناية؟,على هالمبنى؟,دخول المبنى هضا؟,أخش المبنى ده؟,على هالمبنى؟,دخلة هالمبنى؟,الدخول لهاد المبنى؟,اخش المبنى؟,ندخل هاي العمارة؟,عشان ادخل المبنى دا؟,دخول هذي البنايه؟,المبنى أي أموال ؟,لدخول هالمبنى؟,الدخول لهاد المبنى؟,لهذا المبنى؟,دخولية للمبنى؟,عسب ادخل لهذه العماره؟,هذه بالفلوس؟,الخشه للمبنى هدا؟,للبنية هاذي؟
4036,بتريد.,ف طريقك.,كيما تحب.,بطريقتك.,مانت عايز.,بطريقتك.,على طريقتك.,بطريقتك .,في طريقك.,بطريقتك .,ما بدك.,كيفك.,بطريقتك.,بطريقتك.,على طريقتك.,في طريقك.,بطريقتك.,بطريقتك .,بطريقتك.,بطريقتك.,بطريقتك.,بطريقك .,بطريقتك.,كيفما تحب.,بطريقتك.,تحب.
4082,شي رسمي.,حاجة أنيقة.,لبسة تكون أنيقة.,اشي أنيق.,حاجة شيك.,شي مثير.,شي مثير.,مرتب .,حاجة أنيقة.,شيك .,شي مرتب.,شي راقي.,حاجة مثيرة.,شيء انيق.,اشي مرتب.,شي متانق.,شي مثير.,شيء أنيق .,شي مميز.,حاجة أنيقة.,شيء انيق.,مرتب .,شي انيق.,حاجة نلبسها.,حاجة رسمية.,حاجة مذخمة.
4104,مسدود.,مزحوم.,راهي حاصلة.,عليه أزمة.,محشور.,حاشر.,معلك.,معلق .,هضا زاحم.,عارف احركه .,علقان.,مشيرة.,واحل.,عالق.,مسكر.,اتسد.,عيلق.,محشورة .,متشغشه.,مبلوكي.,معلقة.,خربان .,حانبه.,تبلاكات.,حاصل.,واحل.
4109,من يونيون سكوير؟,من يونيون سكوير؟,جاي يونين سكوير؟,يونيون سكوير بكون؟,في يونيون سكوير؟,من يونين سكوير؟,يونيون سكوير هو؟,اليونيون سكوير هوي؟,يونين سكوير هو؟,من يونيون سكوير؟,موجود بيونيون سكوير؟,يونيون سكوير هو؟,يونيون سكوير هو؟,في يونيون سكوير؟,من يونيون سكوير؟,يونين اسكوير هو؟,يونيون سكوير هو؟,ميدان الاتحاد هي ؟,يونيون سكوير هو؟,يونيون سكوير جا؟,من يونيون سكوير؟,من يونيون سكوير؟,في يونيون سكوير؟,ثم يونيون سكوير؟,يونيون سكوير موجود؟,من يونيون سكوار؟
4119,رقم خمسة، إذا سمحت.,رقم خمسة، من فضلك.,رقم خمسة، من فضلك.,رقم خمسة، لو سمحت.,خمسة، لو سمحت.,عطر شانيل، رجاءً.,رقم خمسة، رجاءا.,خمسة، عمول معروف .,رقم خمسة، لو سمحت.,خمسة، إذا سمحت .,خمسة، لو سمحت.,خمسة، لو سمحت.,رقم خمسة، عافاك.,رقم خمسة، لو سمحت.,رقم خمسة، لو سمحت.,رقم خمسة، من فضلك.,رقم خمسي، رجاءا.,خمسة من فضلك .,رقم خمسة، من فضلك.,رقم خمسة، عافاك.,رقم خمسة، لو سمحت.,خمسة، لو سمحت .,رقم خمسه، لو سمحت.,نومرو خمسة، يعيشك.,رقم خمسة، من فضلك.,شانيل خمسة، يعيشك.
4129,رأيك بقهوة؟,شوية قهوة؟,في قهوة؟,بشوية قهوة؟,شوية قهوة؟,بشوية كهوة؟,بشوي كهوة؟,بشوية قهوة؟,شوية قهوة؟,شوية قهوة؟,بفنجان قهوة؟,بقهوة؟,قهيوة؟,رأيك بقهوة؟,رأيك بقهوة؟,بعض القهوة؟,شوية قهوي؟,بعض القهوة ؟,بعض القهوة؟,القهوة؟,رايك بقهوة؟,بشوية القهوة؟,ب قهوة؟,تاخذ قهيوة؟,شوية قهوة؟,شوية قهوة؟
4143,معي بطاقة؟,محتاج تذكرة؟,لازملي تذكرة؟,تذكرة؟,اقطع تذكرة؟,تذكره؟,بطاقة؟,عايز بطاقة؟,محتاج تذكرة؟,اقطع تذكرة؟,تذكرة؟,تذكرة؟,غنحتاج لتذكرة؟,عندي تذكرة؟,تزكرة؟,لي تزكرة؟,احتاج تذكره؟,إلى تذكرة ؟,تحتاج تذكرة؟,خاصني ورقة؟,تذكرة؟,تذكرة؟,تذكره؟,تسكرة؟,محتاجه تذكرة؟,تسكرة؟
4182,كلفة الخدمة؟,رسوم الخدمة؟,تسوا الخدمة؟,بتكلف الخدمة؟,الخدة دي؟,كلفة الخدمة؟,تكلفة الخدمة؟,تسعيرة الخدمة؟,رسم الخدمة؟,تكلفني رسوم الخدمة؟,الخدمة تقريباً؟,الخدمة تقريباً؟,رسوم الخدمة؟,الخدمة تقريباً؟,رسوم الخدمة؟,سعر الخدمة؟,رسوم الخدمه؟,الخدمة تقريبا ؟,رسوم الخدمة؟,هاد الخدمة؟,رسوم الخدمة؟,رسوم الخدمة؟,تكلفه الخدمه؟,الخدمة؟,الخدمه تكلف؟,حسب التقريب؟
4185,من هون؟,من هنا؟,من هنا؟,عن هون؟,من هنا؟,منا؟,البعد منا؟,من هون؟,من هنا؟,من هنا؟,من هون؟,من هني؟,من هنا؟,من هنا؟,من هون؟,من هنا؟,من هوني؟,من هنا ؟,من هنا؟,من هنا؟,من هنا؟,من هون؟,من هانا؟,من هوني؟,من هنايا؟,من هوني؟
4187,وسكر؟,وسكر؟,و السكر؟,كريمة وسكر؟,وسكر؟,وشكر؟,وشكر؟,و سكر؟,و سكر؟,سكر ؟,وسكر؟,وسكر؟,وسكر؟,وسكر؟,و سكر؟,و سكر؟,وشكر؟,وسكر ؟,وسكر؟,و السكر؟,و سكر؟,والسكر؟,وسكر؟,و سكر؟,و سكر؟,و سكر؟
4193,تخفيضات للأعضاء؟,تخفيض للأعضاء؟,تخفيض للأعضاء؟,لقيمة الرقم؟,في عدد الأعضاء؟,التخفيض للأعضاء؟,تخفيضات للاعضاء؟,تخفيض للأعضاء؟,تخفيض للأعضاء؟,خصم للأعضاء؟,تخفيض للأعضاء؟,حق الأعضاء؟,معدل تخفيض للأعضاء؟,تخفيض للأعضاء؟,تنزيلات للأعضاء؟,نقصان للأعضاء؟,تخفيض لهل الارقام؟,للأعضاء المشاركين ؟,معدل تخفيض للأعضاء؟,تخفيض للاعضاء؟,تخفيض للاعضاء؟,تخفيض للاعضاء؟,تخفيض للاعضاء؟,تخفيض للمشاركين؟,تخفيض للأعضاء؟,تخفيض للاعضاء؟
4219,بالتسعة ونص؟,الساعة تسعة ونص؟,التسعة و نص؟,الساعة تسعة ونص؟,تسعة ونص؟,بالتسعة ونص؟,بالتسعة ونص؟,عالتسعة و نص؟,التسعة و نص؟,عالساعة تسعة و نص؟,عالساعة تسعة ونص؟,الساعة تسع ونص؟,اكسبريس فالتاسعة نص؟,على تسعة ونص؟,الساعة تسعة ونص؟,تسعة و نص؟,عد التسعه ونص؟,في التاسعة والنصف ؟,في تسعة ونص؟,مع التسعود و نص؟,الساعة تسعة و نص؟,التسعة و نص؟,على تسع ونص؟,التسعة و نصف؟,الساعة تسعة ونص؟,التسعة و نص؟
4221,محركك هيئتو كأنو معطل.,بتاعك واضح إنه تقريبا اتعطل.,المحرك ديالك يبان راح يحبس.,الموتور. موتورك شكله تقريباً معطل.,الموتور بتاعك شكله عطلان.,مالتك يبدو وكأنه متوقف.,محركك يبين تقريبا واكف.,الموتور تبعك هيئتو رح يتعطل .,المحرك بتاعك باين تقريبا واقف.,. الموتور شكله غالبا عطلان .,محركك شكله شبه واقف.,شكلها خلاص كلش بتوقف.,والمحرك. محركك كيبان تقريبا واقف.,والمكينة. مكينتك كانها متوقفة.,المطور. شكلو المطور موقف.,. محركك شكله خلاص وقف.,محركك يبين تقريبا متوقف.,سيارتك قد أوشك علي التوقف .,والمحرك. جانه المحرك مايتحرك .,المحرك ديالك بان ليا قريب يتكولا.,محركك شكله تقريبا وقف.,محركك شكلو بيماطل تقريبا.,شكل مكينتك قديه خاربه.,موتورك ضاهرلي باش يعوق.,الماطور. الماطور شكله قريب يوقف.,الموطور متاعك قريب يسكت.
4224,كان غلطي.,مكانتش غلطتى.,الغلطة ديالي.,كان غلطي.,كانت غلطتي.,جان خطأي.,غلطتي.,غلطتي .,غلطي.,غلطتي .,كان خطأي.,كانت غلطتي.,الغلط ديالي.,كان غلطي.,كانت غلطتي.,كان غلطي.,كانت غلطتي.,خطئي .,يكن خطأي.,الغلطة ديالي.,كان ذنبي.,كان خطأي.,كانتش غلطتي.,غلطتي.,غلطتي.,غلطتي.
4262,كهربا.,كهربا.,التريسيتي.,في كهربا.,قاطع.,كهرباء.,كهرباء.,كهربا .,ضي.,كهربا .,كهربا.,كهربا.,الكهرباء.,كهرباء.,في كهربا.,في كهرباء.,كهرب.,كهرباء .,هناك كهرباء.,الضو هنا.,فيه كهرباء.,في كهرباء.,كهرباء.,متاع ضوء.,كهرباء.,مقصوص.
4263,الشرطة بالموضوع.,دة للبوليس.,للشرطة عليه.,هاد للشرطة.,عن الموضوع ده.,بهذا الشي.,هذا للشرطة.,للشرطة .,هضا للشرطة.,للشرطة .,الشرطة بهالشي.,عند الشرطة.,الشرطة بهادشي.,الشرطة.,تقرير للشرطة.,دا للشرطة.,هذا للشرطه.,بذلك .,الشرطة بذلك.,هادشي للبوليس.,بهذا للشرطة.,احكي للشرطة.,هذا للشرطه.,الشرطة.,عليه للبوليس.,نبلغ للشرطة.
4269,يدفع عن مشاريبو؟,هيدفع للمشروبات بتاعته؟,يخلص الاستهلاك ديالو؟,يدفع عن اللي شربه؟,يدفع المشاريب بتاعته؟,يدفع المشروب مالته؟,يدفع لمشروبه؟,يدفعوا لمشروباتن؟,حيدفع للمشروب بتاعه؟,يدفع تمن مشروباته؟,يدفع عن مشروباته؟,يدفع حق مشروباته؟,واحد على المشروب ديالو؟,يدفع للشراب حقه؟,يدفع عن مشروباتو؟,يدفع لي مشروباتو؟,ويحد يدفع لشرابو؟,على مشروباته منفردا ؟,المشروب الخاص فيه؟,على داكشي للي شرب؟,يدفع فلوس شرابه؟,حق شرابه الخاص؟,على مشروبه؟,يخلص ماكلته؟,حيخلص المشاريب متاعه؟,يخلص مشروباته؟
4275,وخمسين دولار بالليلة.,لخمسين دولار فى الليلة.,و خمسون دولار لليلة.,لخمسين دولار لكل ليلة.,لخمسين دولار في الليلة.,الى خمسين دولار بالليلة.,لخمسين دولار لليلة.,لخمسين دولار بالليلة .,ثلاثين دولار لليلة.,دولار في الليله .,دولار بالليلة.,خمسين دولار حق الليلة.,ثلاثين لخمسين دولار لليلة.,لخمسين دولار لليلة.,لخمسين دولار بالليلة.,لخمسين دولار لليلة.,والخمسين لكل ليلي.,خمسين دولارا لليلة .,إلى خمسين دولار لليلة.,لخمسين دولار لليلة.,خمسين دولار في الليلة.,إلى خمسين دولار لليلة.,الى خمسين دولار بالليله.,ثلاثين و خمسين دولار الليلة.,خمسين دولار في الليلة.,خمسين دولار الليلة.
4278,صلحلي هاد.,صلح دة.,صلحلي هذا.,زبط هاد.,صلح دي.,بليه زحمة.,هذا .,هيدا .,صلح هضا.,صلحة .,إذا سمحت.,صلح هذي.,صلح هادشي.,صلح دا.,صلحلي هدا.,صلح دا.,صلح هذا.,اصلح هذه .,إصلاح هذا.,صايب هادا.,صلح هذي.,صلح هذا.,صلح ذيه.,صلحلي هذه.,صلح هدا.,عيشك.
4284,العراس، حفلات التكريم أو الجنازات.,قاعات الافراح، حفلات الجوايز أو الجنازات.,حفلات تقديم الجوائز ولا الجنائز.,استقبال الأعراس، حفلات توزيع الجوائزأو العزا.,زي الأفراح وحفلات التكريم والجنازات.,حفلات توزيع الجوائز او مجالس العزاء.,الزواج، توزيع الجوائز و الجنائز.,حفلات الأعراس، حفلات توزيع الجوايز و المآتم.,قاعات الافراح، مراسم تكريم او الجنازات.,خفلات الزفاف، حقلات توزيع الجوايز او الجنازات .,العرس، وحفلات توزيع الجوائز أوالجنايز.,مثل استقبالات الاعراس، وحفلات الجوائز والجنازات.,حفلات الأعراس، احتفالات الولائم أو الجنازات.,الزواج، مراسم التكريم او الجنازات.,الأعراس، حفلات التكريم أو الجنازات.,استقبال العرس، حفلات الجائزة أو العزاء.,الزواج، مراسيم توزيع الجوائز او الجنازات.,الزواج ومراسم منح الجوائز أو في العزاء .,حفلات الزفاف، احتفالات الجنازات أو الجنازات.,استقبالات الأعراس، احتفالات التكريمات و الجنائز.,استقبال العرس، حفل توزيع جوائز او جنازة.,حفلات الاعراس، حفلات الجوائز او الجنازات .,حفلات الزفاف، حفلات التكريم و العزاء.,العراس و توزيع الجوائز او الجنازات.,زي الأعراس، حفلات الجوائز و الجنازات.,كيما العروسات، تشليم الجوائز ولا الزنازات.
4285,إذا سمحت.,من فضلك.,من فضلك.,لو سمحت.,لو سمحت.,إضافي رجاءً.,زيادة، رجاءا.,معروف .,لو سمحت.,فضلك .,إذا سمحت.,لو سمحت.,زايد، عافاك.,لو سمحت.,لو سمحت.,من فضلك.,اضافي، رجاءا.,من فضلك .,من فضلك.,الموطارد، عافاك.,لو سمحت.,سمحت .,لو سمحت.,موتارد، يعيشك.,لو سمحت.,موتارد عيشك.
4305,بتعطيها هدية؟,متديلهاش هدية؟,متهديلوش هدية؟,تعطيها هدية؟,هدية ليه؟,تنطيها هدية؟,نطيها نسبة؟,بتعطيا هدية؟,تعطيهش هدية؟,اديتهاش هدية؟,بتعطيها هدية؟,تعطيها هدية؟,ماتعطيهاش هدية؟,تعطيها هدية؟,تعطيها هدية؟,تديها هدية؟,تعطيها هديي؟,هدية ؟,واهو حاضر؟,تعطيهاش شي هدية؟,تعطيها هدية؟,تعطيها هديتها؟,لها هديه؟,تهديهش هدية؟,تعطيهاش هدية؟,تعطيهاش هدية؟
4321,فيلم بتنصح؟,فيلم ترشحه؟,تنصحني بيه؟,بتنصحني فيه؟,بفيلم أيه؟,تنصح بيه؟,فلم تفضل؟,فيلم بتنصح؟,تنصح بيه؟,اتفرج عليه؟,فيلم بتنصح؟,فلم تقترح؟,تنصح بيه؟,تنصح فيه؟,فيلم بتقترح؟,انت بتزكي؟,انت تنصح؟,به ؟,تنصح فيه؟,كا تنصحني؟,تنصح فيه؟,بتنصح فيه؟,فلم تشتي؟,تنصحني بيه؟,تنصح بيه؟,تنصح بيه؟
4324,فراطة، إذا سمحت.,دولار باقى، لو سمحت.,زوج دولار، من فضلك.,الباقي، لو سمحت.,دولارين، لو سمحت.,دولارين صرافة، رجاءً.,دولارين، رجاءا.,الباقي، عمول معروف .,دولار بدل، لو سمحت.,باقي دولارين، من فضلك.,فراطة، لو سمحت.,دولارين، لو سمحت.,دولارات صرف، عافاك.,دولارين، لو سمحت.,صرافة دولارين، لو سمحت.,دولارين بقشيش، من فضلك.,دولارين صرافه، رجاءا.,دولارين من فضلك .,الدولارات للصرف، من فضلك.,دولار في الصرف، عافاك.,دولارين فكه، لو سمحت.,دولارفكة، لو سمحت .,اثنين دولار، لو سمحت.,رجعلي زوز دولارات، يعيشك.,زوز دولار، لو سمحت.,زوز دولارات صرف، عيشك.
4326,عالطرف.,بالجنب.,من الجانب.,من الجنب.,من الجنب.,من الجانب.,من الجانب.,من الجنب.,من الجنب.,بالجنب.,طرقتني.,من الجانب.,من الجنب.,من الجمب.,بالجنب.,ضربتني بالجنبة.,بالجانب.,ضمنا .,ضربتني.,من الجنب.,في الجنب.,بالجنب.,ضربتني بالجمب.,في الجنب.,من الجنب.,في الجنب.
4335,أجي عالتنتين.,الساعة اتنين.,الزوج بعد الظهر.,على الساعة تنتين.,الساعة اتنين.,الساعة ثنتين.,اجي بالثنيتن.,إجي عالتنتين.,على الاثنين.,عالساعة اتنين .,عالساعة تنتين.,الساعة ثنتين.,من جوج.,على اتنين.,على التنتين.,عند التانية.,اجي بالثنتين.,الساعة الثانية .,على الثنتين.,مع الجوج.,الساعة ثنتين.,الثنتين .,على ثنتين.,نجي الساعتين.,الساعة اتنين.,مع الساعتين.
4341,أيه ال صفر واحد؟,جيه إيه إل زيرو واحد؟,إيه إل صفر واحد؟,جيه ايه إل صفر واحد؟,إيه إل زيرو واحد؟,إيه إل صفر واحد؟,ايه ال صفر واحد؟,إيه إل صفر واحد؟,إيه ال صفر واحد؟,إيه إل زيرو واحد؟,إل رقم صفر واحد؟,إيه إل صفر واحد؟,جيه ايه ال صفر واحد؟,إيه إل صفر واحد؟,إل رقم صفر واحد؟,ايه ال صفر واحد؟,ايه ال صفر واحد؟,جال صفر واحد ؟,إيه ال صفر واحد؟,جيه إيه إل صفر واحد؟,إيه أل صفر واحد؟,ايه ال صفر واحد؟,إيه إل صفر واحد؟,إيه إل صفر واحد؟,جي ايه ال صفر واحد؟,إيه إل صفر واحد؟
4346,إلي ع باريس.,ليا لباريس.,لي نحو باريس.,الأولى لباريس.,ليا لباريس.,الي لباريس.,الاولى لباريس.,إلي عباريس.,ليا لباريس.,ليا لباريس .,إلي على باريس.,لي لباريس.,رحلة لي لباريس.,لي لباريس.,الي لباريس.,الأولى لباريس.,اللي لباريس.,إلى باريس .,لي إلى باريس.,ديالي لباريس.,لي لباريس.,إلي لباريس.,الاولى لباريس.,لولة لباريس.,ليا لي باريس.,تمشي لباريز.
4348,ما تبدا شغل عليه؟,ما تبدأ الشغل فيه؟,قبل ما نبداو الخدمة؟,ما تبدا شغل فيه؟,أيه قبل متبتدي شغل؟,لا تبدي تشتغل؟,لا تشتغل عليه؟,ما تبلش تشتغل عليها؟,ما تبدى تشتغل عليه؟,ما تبدأ تشتغل فيها؟,ما تبلش تشتغله؟,ما تبتدي تشتغل فيه؟,ما تبدا الخدمة فيه؟,ما تبدا تشتغل عليه؟,ما تبلش شغل؟,ما تبدأ الشغل فيه؟,ما تبدي تشتغل علينو؟,أن تبدأ العمل فيها ؟,في العمل على ذلك؟,قبل متبدا فيه الخدمة؟,ما تشتغل عليه؟,ما تبلش شغل؟,ما تبدا تشتغل عليه؟,قبل ما نبدا نخدم؟,قبل ما تبدأ الخدمه؟,قبل ما تبدى تخدم؟
4358,إذا سمحت.,من فضلك.,من فضلك.,لو سمحت.,لو سمحت.,رجاءً.,رجاءا.,معروف .,لو سمحت.,فضلك .,رجاءً.,حياك.,عافاك.,لو سمحت.,لو سمحت.,من فضلك.,رجاءا.,فضلك .,من فضلك.,عافاك.,لو سمحت.,سمحت .,لو سمحت.,من فضلك.,تفضل.,يعيشك.
4364,تكون حلوة كتير.,تكون ممتعة جدا.,تكون هايلة.,يكون فيها كتير متعة.,تبقى مليانة متعة.,لازم تكون هوايه ممتعة.,تكون ممتعة كلش.,لازم تكون كتير بتسلي.,يكون فيها جو بكل.,تكون مليانه بالمتعة .,برحلة المشي.,بتكون واجد حلوة.,يكون فيها بزاف ديال المرح.,تكون فيها بسطة كثير.,لازم تكون مسلية.,تكون متعة شديد.,تكون كلش ممتعه.,تكون ممتعة .,لمسافات طويلة لكثير من المرح.,غاتكون ممتعة بزاف.,فلة مرة.,تكون ممتعة .,المفروض توقع ممتعه قوي.,تكون هايلة.,حتكون جو مليح.,تكون جو عالاخر.
4365,منطلع عالقارب؟,المركب فين؟,نطلعو للباخرة؟,نصف القارب؟,المركب فين؟,نوكف القارب؟,ننزل البلم؟,منركب اللانج؟,نركبو القارب؟,ناخد المركب؟,منركب بالقارب؟,نركب القارب؟,نركب القارب؟,نصعد للسفينة؟,نركب القارب؟,نركب القارب؟,نركن القارب؟,القارب ؟,نركب القارب؟,نركنو القارب؟,نصعد للقارب؟,على القارب؟,نطلع للقارب؟,نطلعوا للبابور؟,نركبو المركب؟,في البطو؟
4373,رح أحطو بهالكيس الكبير.,فى الشنطة البلاستيك الكبيرة دى.,هاد الساك الكبير تع البلاستيك.,راح أحطها في شنتة البلاستيك الكبيرة هاي.,فنحطها فى الكيس البلستيك الكبير ده.,راح اخليها بهاي العلاكة.,راح اخليها بعلاكة بلاستيكية.,بهالكيس البلاستيك الكبير .,في شكارة البلاستيك هضي.,حأحطهم في شنطة بلاستيك كبيرة .,حطه بهاد الكيس النايلون الكبير.,في هالكيس البلاستيكي الكبير.,نديروه فهاد الحقيبة البلاستيكية الكبيرة.,في دا الكيس البلاستيك الكبير.,أحطهم في كيس بلاستيك كبير.,اخته في الشنطة البلاستيكية الكبيرة دي.,غاح احطم بهذا الجنطة البلاستيكي الكبيغه.,في هذه الحقيبة البلاستيكية الكبيرة .,في الحقيبة البلاستيكية الكبيرة.,غانديروه فكيس كبير ديال ميكة.,في هذي الشنطة البلاستيكية الكبيرة.,احطهم بهاد الكيس البلاستيك الكبير .,شا اطرحهن في علاقيه بلاستيك كبيره.,في الساك الكبير هذا متاع البلاستيك.,نحطه في هادي الشكاره البلاستيك الكبيرة.,نحطلك في الشكارة البلاستيك الكبيرة هاذي.
4374,ألعب تنس.,ألعب تنس.,نلعب تنس.,ألعب تنس.,ألعب تنس.,العب تنس.,العب تنس.,تينيس .,نلعب تنس.,تنس .,العب تنس.,العب تنس.,نلعب التنس.,العب تنس.,ألعب تنس.,العب تنس.,العب تنس.,التنس .,العب التنس.,نلعب تنيس.,العب تنس.,تنس .,العب تنس.,نلعب تنس.,نلعب تنس.,نلعب تنس.
4375,برتقان وبندورة.,برتقان وطماطم.,التشينا و عصير الطوماطيش.,وعصير بندورة.,وبرتكان وطماطم.,وعصير طماطة.,وبرتقال وطماطة.,و عصير بندورة.,و عصير طماطم.,. و أوطة .,وبردقان وبندورة.,وبرتقال وطماط.,وعصير الطماطم.,وبرتقال وطماطم.,و عصير يندورة.,و عصير طماطم.,برتقال، وطماطه.,وبرتقال وطماطم .,وعصير الطماطم.,اللتشين ولا مطيشة.,و عصير طماط.,وعصير بندورة.,برتقال و طماط.,قارس و عصير طماطم.,ليم، و طماطم.,و عصير طماطم.
4377,اليسار، جنب المصعد.,قريب من السلم الكهربا.,قريب من السلم المتحرك.,قريب من الدرج الكهربائي.,جنب السلم الكهربائي.,هذا الطابق، يم المصعد.,الطابق، يم الدرج الكهربائي.,حد درج الكهربا.,هضي، قريب من الدروج.,ده، جنب الاسانسير .,جنب درج الكهربا.,هالطابق، يم اللفت.,الطابق، قريب من المصعد.,الدور، جمب السلم الكهربائي.,الطابق، جنب الأصانصير.,دا، جنب المصعد.,على الدرج الكهربائي.,الدور بجوار المصعد .,بالقرب من المصعد.,الطابق، حدا المصعد.,الطابق، جنب الدرج الكهربائي.,هاد الطابق .,قريب من الدرج الكهربائي.,بجنب الدروج الي يتحركوا.,هدا، بحدا الاصنصير.,عايسار، بحذى الدروج.
4382,بقاعة الحفلات؟,قاعة الحفلات الموسيقية النهاردة؟,صالة الحفلة اليوم؟,الحفلات الموسيقية اليوم؟,قاعة الحفلة إنهاردة؟,بقاعة الحفلات الموسيقية؟,بقاعة الحفلات اليوم؟,بصالة الحفلات اليوم؟,قاعة الحفلات اليوم؟,قاعة الحفلات الموسيقية النهاردة؟,الحفلات الموسيقية اليوم؟,قاعة الحفلات اليوم؟,قاعة الحفلات الموسيقية اليوم؟,اللي شغالة؟,بقاعة الحفلات اليوم؟,قاعة الموسيقى اليوم؟,زاويه البنايي اليوم؟,الحفلات الموسيقية اليوم ؟,قاعة الحفلات الموسيقية اليوم؟,الحفلات الموسيقية اليوم؟,في قاعة الاحتفالات؟,بحفلة اليوم بالقاعة؟,بصاله الاحتفالات؟,صالة العرض اليوم؟,قاعة الحفلات اليوم؟,المسرح ليوم؟
4409,غير فيلم؟,فيلم مختلف؟,فيلم واحدأوخر؟,بداله فيلم تاني؟,فيلم تاني؟,فلم مختلف؟,فلم مختلف؟,فيلم تاني؟,تشوف فيلم مختلف؟,فيلم تاني؟,فيلم غيره؟,فلم ثاني احسن؟,تتفرج ففيلم مختلف؟,فلم تاني؟,فيلم تاني؟,تشوف فلم مختلف؟,فلم مختلف؟,فيلم آخر ؟,ذلك مشاهدة فيلم مختلف؟,فيلم مختلف؟,فيلم ثاني؟,فيلم ثاني؟,فلم ثاني؟,فيلم آخر؟,نشوفو فيلم تاني مختلف؟,في فيلم اخر؟
4418,السفر هاد كاش.,السياحى دة لكاش.,تع السفر الى سيولة نقدية.,الشيك السياحي كاش.,الشيك السياحي ده.,الترافل جيك.,الصك السياحي.,السياحي لنقدي .,المسافر هضا لكاش.,السياحية ديه .,الشيك السياحي بكاش.,هالجيك السياحي خله كاش.,شيك السياحي بالفلوس.,المسافر دا لكاش.,السياحي هدا كاش.,المسافر دا لكاش.,مال السفر الى كاش.,المسافرين إلي نقود .,من المسافرين نقدا.,الشيك ديال المسافر.,المسافر هذا الى كاش.,المسافر هاد لكاش .,الشيك السياحي ل كاش.,السفر هذا بفلوس.,"شيك"" هدا لي فلوس كاش.",السفر هذا.
4432,بكرة، إذا سمحت.,الكورس بكرة، من فضلك.,الدرس غدوة، من فضلك.,الدورة بكرا، لو سمحت.,التدريب بكرة، لو سمحت.,باجر رجاءً.,الكورس باجر، رجاءا.,بكرا، عمول معروف .,بكرة، لو سمحت.,بكرة، إذا سمحت .,بكرى، لو سمحت.,بكرة، لو سمحت.,غدا، عافاك.,بكرة، لو سمحت.,بكرا، لو سمحت.,بكرة، من فضلك.,نفس الدوره غدا، رجاءا.,نفس الدورة غدا .,الدورة غدا، من فضلك.,الدرس غدا.,بكرة، لو سمحت.,بكرا، لو سمحت.,غطوه، لو سمحت.,بيده غدوة، يعيشك.,الكورس غدوة، لو ممكن.,الدرس، غدوة.
4450,أحسن بعد كم عرض.,أفضل لدة بعد عرضين.,و لا زوج واحدوخرين.,هاد بعد ما أشوفه مرتين.,أحسن لده بعد عرضين.,بعد كم عرض.,على ذاك بعد كم عرض.,بعد كزا عرض .,لهضا بعد كم عرض.,سؤالك بعد ما اتفرج.,هالشي بعد كم عرض.,بعد كم عرض.,من بعد شوية ديال العروض.,بعد كم عرض.,بعد أكتر من عرض.,لداك بعد جوز من العروض.,احسن لهاذا بعد شويه عروض.,تلك بعد عرضين .,على ذلك بعد جم عرض.,من بعد العروض الجايين.,لهذاك بعد عدة عروض.,بعد شوية عروض .,لهذا بعد عدد من العروضات.,وحدة و الى زوز تقديمات.,احسن بعد كم عرض.,بعد زوز ولا تلاثة عروض.
4451,ذكرى سنوية.,لذكرى سنوية.,لذكرى سنوية.,هدية لمناسبة.,لذكرى سنوية.,ذكرى سنويه.,لذكرى سنوية.,لذكرى سنوية.,لذكرى سنوية.,سنوية .,لذكرى سنوية.,ذكرى سنوية.,لذكرى سنوية.,لذكرى سنوية.,لذكرى سنوية.,لذكري سنوية.,لذكرى سنويي.,الذكرى السنوية .,لذكرى سنوية.,ذكرى سنوية.,لذكرى سنوية.,سنوية .,لذكرى سنوية.,لذكرى سنوية.,لذكرى سنوية.,ذكرى سنوية.
4464,موسيقية هلئ؟,اللى شغالة دلوقتى؟,لي راهم يلعبو دوكا؟,موسيقية فاتحة هلأ؟,مسرحيات موسيقية دلوقتي؟,الموجوده هسه؟,المعروضة هسه؟,اللي عمتنعرض هلأ؟,قاعدات حاليا؟,بتتعزف دلوقتي؟,يللي عم تنعرض هلأ؟,اللي تنعرض الحين؟,الموسيقية الموجودة دابا؟,اللي شغالة دحين؟,موسيقية هلأ؟,شغالة أسى؟,عتشتغل هسا؟,المعروضة حاليا ؟,الموسيقية الموجودة الآن؟,كاينين دابا؟,اللي تنعرض الان؟,الموجودة هلا؟,موسيقيه بتنعرض الان؟,الي تلعب تو؟,الي تنعرض توا؟,المدة هاذي؟
4475,مراية؟,مراية؟,مراية؟,مراية؟,مراية؟,مرايه؟,مراية؟,مراية؟,مراية؟,مراية؟,مراية؟,منظرة؟,عندك مراية؟,مرأيا؟,عندك مراي؟,عندك مراية؟,مغيي؟,مرآة ؟,لديك جامة؟,شي مراية؟,مراية؟,مراية؟,مرايه؟,مراية؟,مرايا؟,مراية؟
4478,الطريق. خرج تساعدني؟,ضيعت طريقى. ممكن تساعدنى؟,ضايع؟ تقدرتعاوني؟,طريقي. ممكن تساعدني؟,ممكن تساعدني؟,دربي. تكدر تساعدني؟,طريقي. تكدر تساعدني؟,طريقي . فيك تساعدني؟,طريقي. تقدر تساعدني؟,. ممكن تساعدني؟,طريقي. فيك تساعدني؟,ضيعت الطريق. ممكن تساعدني؟,طريقي. واس ميمكن تساعدني؟,ممكن تساعدني؟,الطريق، بتقدر تساعدني؟,طريقي. ممكن تساعدني؟,طريقي. تطيق تساعدني؟,هل لك أن تساعدني ؟,هل تقدر تساعدني؟,واش يمكن ليك تعاوني؟,تقدر تساعدني؟,بتقدر تساعدني؟,ضعت. عتقدر تساعدني؟,تنجم تعاوني؟,ممكن تساعدني؟,تعاوني عيشك؟
4479,إذا سمحت.,لو سمحت.,من فضلك.,لو سمحت.,لو سمحت.,هذا، رجاءً.,هذا، رجاءا.,عمول معروف .,لو سمحت.,سمحت .,إذا سمحت.,لو سمحت.,الواحد، عافاك.,لو سمحت.,لو سمحت.,دا، من فضلك.,الويحد، رجاءا.,من فضلك .,من فضلك.,هادي، عافاك.,لو سمحت.,هاي، لو سمحت .,لو سمحت.,هذا، يعيشك.,من فضلك.,هاذي، عيشك.
4497,ألعاب نارية عكندا.,ألعاب نارية لكندا.,الألعاب النارية لكندا.,نارية على كندا.,نارية لكندا.,العاب نارية لكندا.,الالعاب النارية لكندا.,فرقيع على كندا.,ألعاب نارية لكندا.,العاب نارية .,نارية على كندا.,العاب نارية لكندا.,الألعاب النارية لكندا.,معاك لكندا.,ألعاب نارية لكندا.,نارية إلى كندا.,العاب ناريي لكندا.,النارية إلى كندا .,النارية إلى كندا.,الألعاب النارية لكندا.,العاب نارية لكندا.,نارية لكندا .,ناريه لداخل كندا.,فوشيك لكندا.,العاب ناريه لكندا.,فوشيك لكانادا.
4501,معلمة طبخ.,طباخة رائعة.,طباخة هايلة.,طباخة رائعة.,طباخة رائعة.,ماهرة زوجتك.,طباخة رائعة.,مرتك .,شاطرة مراتك.,طباخة شاطرة .,ماهرة كتير.,تعرف تطبخ.,ديال زوجتك.,طباخة ممتازة.,طباخة شاطرة.,من طباخة.,رائعه مغتك.,من طاهية .,طباخ حرمتك.,طباخة مزيانة.,طباخة ماهرة.,مرتك بيجنن .,رائعه هي زوجتك.,صنافة هايلة.,اتطيب مليح.,صنافة مرتك.
4503,مساعدة شي؟,أى مساعدة؟,معاونة؟,أي مساعدة؟,مساعدتي؟,أي مساعدة؟,اي مساعدة؟,أي مساعدة؟,أي مساعدة؟,اى مساعدة؟,مساعدة؟,مساعدة؟,لشي مساعدة؟,مساعدة؟,مساعدة؟,أي مساعدة؟,اي مساعده؟,مساعدة ؟,أي مساعده؟,لشي مساعدة؟,مساعدة؟,اي مساعدة؟,اي مساعده؟,معاونة؟,اي مساعدة؟,مساعدة؟
4505,الصبح، إذا سمحت؟,بكرة الصبح، لو سمحت؟,على الستة، من فضلك؟,بكرا الصبح، لو سمحت؟,ستة الصبح، لو سمحت؟,الستة الصبح، بلية زحمة؟,بالستة الصبح، رجاءا؟,ستة الصبح، عمول معروف؟,الصبح بكرة، لو سمحت؟,الساعة سته، من فضلك؟,عالساعة ستة، لو سمحت؟,ست الصبح، لو سمحت؟,ديال صباح الغد، عافاك؟,ستة الصباح، لو سمحت؟,الساعة ستة، لو سمحت؟,صباح بكرة، من فضلك؟,الستي غدا الصبح، رجاءا؟,"غد , من فضلك ؟",باجر الصبح، من فضلك؟,غدا مع الستة ديال الصباح، عافاك؟,بكرة الصبح، لو سمحت؟,ستة، لو سمحت ؟,الصبح بكره، لو سمحت؟,متاع الصباح، يعيشك؟,ستة الصبح، من فضلك؟,مالناس لغدوة الصباح، عيشك؟
4510,وجبتك الرئيسية؟,الطبق الرئيسى بتاعك؟,مع المقبلة ديالك؟,طبقك الرئيسي؟,مع الوجبة الرئيسية؟,ويه الدخولية مالتك؟,ويه دخولك؟,طبقك الرئيسي؟,طبقك الرئيسي؟,الطبق الرئيسي؟,طبقك الرئيسي؟,الطبق الرئيسي؟,مع الدخول ديالك؟,الطبق الرئيسي حقك؟,وجبتك الرئيسية؟,مع دخولك؟,طبقك الرئيسي؟,طبقك الرئيسي .,المدخل الخاص فيك؟,المقبلات ديالك؟,مع دخولك؟,مع دخوليتك؟,ب دخلتك؟,كيف تدخل؟,ماكلتك الرئيسية؟,المتفتحات متاعك؟
4540,قريب من هون؟,من هنا؟,ماشي بعيد؟,من هون؟,من هنا؟,نسائية قريب منا؟,قريب منا؟,قريب من هون؟,من هنا؟,من هنا؟,من هون؟,من هني؟,بوتيك هنا؟,بوتيك ورد قريب؟,من هون؟,حوالي هنا؟,قغيب حولنه؟,من هنا ؟,بوتيك هنا؟,بوتيك هنايا؟,قريب هنا؟,من هون؟,قريب من هانا؟,بعيد من هوني؟,الجيهة هادي؟,من هوني؟
4549,ناس، ما؟,ناس، مش كدة؟,البلاصة، و لا لالا؟,ناس، مش هيك؟,بالناس، مش كدة؟,ناس، مو؟,ناس، مو؟,عالم، ما هيك؟,ناس، مش صح؟,. كش كده؟,عالم، مو؟,اوادم، ها؟,بالناس، واش بصح؟,مزحوم، صح؟,ناس، صح؟,بالناس، ول لا؟,بالناس، ما تمام؟,، أليس كذلك ؟,الناس، أليس كذلك؟,بالناس، ياك؟,بالناس، صح؟,ناس، صح؟,ناس، صح؟,هوني، موش هكا؟,بالناس، و الا؟,بالعباد، موش هكة؟
4558,حوالي خمس دقايق.,فى حوالى خمس دقايق.,خمسة دقائق تقريبا.,خلال خمس دقايق.,في خمس دقايق.,خلال خمس دقايق.,بحدو خمس دقايق.,بحوالي الخمس دقايق .,خلال خمس دقايق.,خلال خمس دقايق .,بعد خمس دقايق تقريباً.,خلال خمس دقايق.,فتقريبا خمسة دقايق.,في خمس دقأيق.,خلال خمس دقايق.,في حوالي خمسة دقايق.,بحوالي خمس دقايق.,غضون خمس دقائق .,حوالي خمس دقائق.,في خمسة ديال الدقايق.,خلال خمس دقائق.,جاهزين بخمس دقايق .,حوالي خمس دقايق.,في دريج.,خمسة دقايق تقريبا.,درج اخر.
4588,وأنا نايم.,وقت النوم.,كي رقدت.,برقبتي وأنا نايم.,انا ونايم.,بركبتي اثناء النوم.,بركبتي من نمت.,و نايم .,رقبتي لما رقدت.,و انا نايم .,وأنا نايم.,وانا نايم.,ملي كنت ناعس.,وانا نأيم.,أنا نايم.,رقبتي أثناء النوم.,من كنتو نيم.,الرقبة أثناء نومي ؟,وانا نايم.,باش كنت ناعس.,رقبتي خلال النوم.,انا نايم .,رقبتي وانا راقد.,كرومتي كيف رقدت.,اني راقد.,انا راقد.
4594,خرج شوف جوازك؟,أشوف الباسبور بتاعك؟,نشوف جواز السفر ديالك؟,ممكن أشوف جواز سفرك؟,اشوف الباسبو بتاعك؟,ممكن اشوف جوازك؟,ممكن اشوف جوازك؟,فيي شوف باسبورك؟,نشوف جواز سفرك؟,ممكن اشوف جواز سفرك؟,ممكن شوف بسبورك؟,ممكن اشوف جوازك؟,ممكن نشوف البسبور ديالك؟,اشوف جواز سفرك؟,بقدر أشوف جوازك؟,ممكن اشوف جوازك؟,اشوف جواز سفرك؟,الممكن أن أرى جواز سفرك ؟,اقدر اشوف جوازك؟,نشوف جواز السفر ديالك؟,اقدر اشوف جوازك؟,بقدر اشوف جواز سفرك؟,ممكن ابسر جوازك؟,انجم نشوف باسبورك؟,ممكن نشوف باسبورتك؟,انجم نشوف باسبورك؟
4615,معي مصاري.,أى فلوس.,الدراهم.,مصاري بالمرة.,أي فلوس.,أي فلوس.,اي فلوس.,مصاري .,أي فلوس.,فلوس .,مصاري أبداً.,فلوس كلش.,الفلوس.,فلوس.,معي مصاري.,اي قروش.,اي فلوس.,نقود .,أي أموال.,الفلوس.,أي فلوس.,مصاري .,معي زلط.,عنديش فلوس.,اي فلوس.,حتى فرنك.
4624,أكون بالمحطة؟,المحطة الساعة كام؟,نكون فالمحطة؟,أكون بالمحطة؟,المحطة الساعة كام؟,أكون بالمحطة؟,اكون بالمحطة؟,كون بالمحطة؟,في المحطة؟,موجود في المحطة؟,كون بالمحطة؟,اكون في المحطة؟,نكون فالمحطة؟,هنا في المحطة؟,أكون بالمحطة؟,اكون في المحطة؟,اكون عند المحطه؟,أكون في المحطة ؟,أكون في المحطة؟,نكون فالمحطة؟,أكون بالمحطة؟,اكون بالمحطة؟,المفروض اكون بالمحطه؟,نكون في المحطة؟,نكزن في المحطة؟,في المحطة؟
4630,مطاعم هون.,قريبة من هنا.,المطاعم فالزاوية.,مطاعم بالمنطقة.,قريبة من هنا.,مطاعم بالمنطقة.,مطاعم هنا.,المطاعم هون .,قريب من هنا.,المنطقة هنا .,قريبين من هون.,مطاعم هني.,المطاعم فهاد النواحي.,قريبة من هنا.,قريبة من هون.,حوالي هنا.,مطاعم حولنه.,من هنا .,في جميع أنحاء اهني.,المطاعم هنا .,قريبة من هنا.,من هون .,مطاعم خيرات.,هايل هوني.,مطاعم هنايا.,في البقعة هاذي.
4635,غرفة الامانات.,اوضة الامانات.,غرفة الامانات.,غرفة الامانات.,أوضة الامانات.,لغرفة الامانات.,غرفة الامانات.,أوضة الامانات.,دار الامانات.,الامانات .,غرفة الأمانات.,حجرة الامانات.,غرفة الامانات.,غرفة الامانات.,غرفة الامانات.,غرفة الامانات.,غرفة الامانات.,الإيداع .,حجرة الامانات.,بيت الامانات.,غرفة الامانات.,غرفة الامانات.,غرفة الامانات.,بيت الامانات.,دار الامانات.,بيت الامانات.
4640,بالحديث معك.,اتكلمت معاك.,حكيت معاك.,بالحكي معك.,كويس ليك.,حجيت وياك.,بالسوالف وياك.,معك .,الهدرزة معاك.,معاك .,بالحديث معك.,وانا اكلمك.,بالكلام معاك.,هرجت معاك.,بالحكي معك.,سمح معاك.,الكلام معاك.,أن أتحدث معك .,بالكلام معك.,معاك .,التحدذ معك.,العفو.,بمعرفتك.,بالحديث معاك.,بالكلام معاك.,الحديث معاك.
4644,بعد الضهر؟,بعد الضهر؟,منتصف النهار؟,بعد الظهر؟,بعد الضهر؟,وره الظهر؟,جولة العصر؟,بعد الضهر؟,بعد الظهر؟,بعد الضهر؟,بعد الضهر؟,بعد الظهر؟,بعد الظهر؟,بعد الظهر؟,بعد الظهر؟,سياحية بعد الظهر؟,بعد الظهغ؟,بعد الظهر ؟,بعد الظهر؟,رحلة مورا الضوهر؟,بعد الظهر؟,جولة العصر؟,بعد الظهر؟,نصف النهار؟,سياحيه بعد الظهر؟,في العشية؟
4648,مع رفقاتي.,مع أصحابى.,مع صحابي.,مع اصحابي.,مع صحابي.,ويه صديقي.,ويه اصدقائي.,رفقاتي .,مع اصحابي.,صاحبي .,مع رفقاتي.,مع ربعي.,مع اصحابي.,مع أصحابي.,مع صحابي.,مع أصحابي.,مع اصدقائي.,أصدقائي .,مع ربعي.,مع صحابي.,مع صديقي.,صاحبي .,مع اصحابي.,مع صحابي.,مع صحابي.,مع صحابي.
4653,شكراً إلك.,شكرا ليك.,الإقامة. صحا.,شكراً الك.,بالقعدة. متشكر.,شكراً الك.,ببقائي. شكرا.,يسلمو .,قعدتي. شكرا.,أشكرك .,شكراً الك.,اقامتي. مشكور.,بإقامتي. شكرا.,جلسوي، شكراً.,بزيارتي. شكراً.,قعدتي. شكرا.,شكرا الك.,شكراً لك .,بإقامتي. شكرا.,بوقتي، شكراً.,شكرا لك.,شكرا الك .,شكرا لك.,الخرجة. يعيشك.,بقعدتي. صحيت.,متاعي. عيشك.
4654,اش منظر حلو.,أد إيه المنظر جميل.,شابين المناظر الطبيعية.,شو منظر بجنن.,المنظر الحلو ده.,شلون منظر حلو.,من منظر حلو.,شو هالمنظر الحلو .,عليك منظر حلو.,ايه منظر جميل ز.,هالمنظر حلو كتير.,واجد جميل.,لتحت. منظر زوين.,منظر حلو.,أحلى المنظر.,أجمله من منظر.,اشقد منظر حلو.,من منظر رائع .,مشهد جميل.,منظر واعر.,منظر جميل.,ما احلى المنظر .,ما احلى المنظر.,ملا منظر سمح.,طول. منظر يهبل.,منضر هايل.
4658,هو. تفضلي، إذا سمحتي.,أهو. اتفضلى، لو سمحتى.,هايليك. اتفضلي، من فضلك.,هون. اتفضلي، لو سمحتي.,هنا. إتفضلي، لو سمحتي.,ماكجواير. هياته. تفضلي، رجاءً.,هذا هو. تفضلي، رجاءا.,. تفضلي، ازا بتريدي.,هو. تفضلي، لو سمحتي.,جه، اتفضلي، إذا سمحتي .,وصل. تفضلي، لو سمحتي.,ماكقواير. تفضلي. حياجي.,ها هوا. اتفضلي، عافاكي.,اهو. تفضلي، لو سمحتي.,هيو. تفضلي، لو سمحتي.,هنا. اتفضلي. من فضلك.,غوري. هيانو، تفضلي، رجاءا.,هاك هو . امض من فضلك .,هنا. تفصلي، لو سمحتي.,ها هو. تفضلي، عافاكي.,هذا هو. تفضلي، لو سمحتي.,تفضلي، لو سمحتي .,هوذا هوه. اتفضلي، لو سمحتي.,ماكغير. اهو، تفضلي، يعيشك.,جي. تفضلي، لو سمحتي.,هاو هوني. تفضلي، يعيشك.
4662,هوية صورية؟,بطاقة شخصية؟,شخصية للهوية؟,معرف الصورة؟,صورة للبطاقة؟,مال هويه؟,صورة هوية؟,صورة هوية؟,صورة هوية؟,عليها صورتك؟,عن الهوية؟,فيها صورة؟,صورة شخصية؟,صورة هوية؟,صورة هوية؟,فيها صورة؟,بيها صوره؟,لبطاقة هوية ؟,صورة شخصية؟,ديال التصويرة؟,صورة لبطاقتك؟,صورة للهوية؟,صوره بطاقه؟,متاع هوية؟,فيها صوره؟,تصويرة نص؟
4671,إذا سمحت.,لو سمحت.,من فضلك.,لو سمحت.,لو سمحت.,رجاءً.,رجاءا.,معروف .,لو سمحت.,تكرمت .,لو سمحت.,لو سمحت.,عافاك.,لو سمحت.,لو سمحت.,من فضلك.,رجاءا.,فضلك .,لو سمحت.,عافاك.,لو سمحت.,سمحت .,لو سمحت.,يعيشك.,من فضلك.,عيشك.
4674,إيمت بكون جاهز؟,للمغسلة. إمتى هيكون جاهز؟,للمغسلة. وقتاش يكون واجد؟,متى بكون جاهز؟,للمغسلة. هيبقى جاهز إمتى؟,للغسيل. شوكت يجهز؟,يمته يكن جاهز؟,أمتين رح يكون جاهز؟,امتى حيكون واتي؟,امتى حيكون جاهز ؟,إيمتا بكون جاهز؟,متى بيكون جاهز؟,فوقاش يكون واجد؟,للمغسلة. متى يجهز؟,الغسيل. ايمتا بيجهز؟,متين ح يكون جاهز؟,ايمتي غاح يكون جاهز؟,. متى ستكون جاهزة ؟,الغسيل. متى بيكون جاهز؟,وقتاش ايكون واجد؟,للغسيل. متى بيجهز؟,للغسيل. متى بيجهز؟,ايحين عيوقع جاهز؟,للغسالة. وقتاش يحضر؟,امتى حيكون واتي؟,للدافان. وقتاش يجهز؟
4685,بنطلون مخطط.,بنطلون مخطط.,سروال مخطط.,بنطلون مخطط.,بنطلون مقلم.,بنطرون مخطط.,بنطرون مخطط.,بنطلون مزيح.,سروال مخطط.,مقلم .,بنطلون مخطط.,بنطلون مخطط.,سروال مخطط.,بنطلون مخطط.,بنطلون مألم.,بنطلون مخطط.,بنطرون مقلم.,البنطلون .,بنطلون مخطط.,سروال مخطط.,بنطلون مخطط.,مخططة .,بنطلون مخطط.,سروال مخطط.,سروال مخطط.,سروال مخطط.
4699,هلئ. خرج تشوف الموضوع، إذا سمحت؟,حالا. ممكن تشوفها، لو سمحت؟,ديالي؟ تقدر تتحقق، من فضلك؟,هلأ. ممكن تشوفها، لو سمحت؟,ممكن تشوف الموضوع ده، لو سمحت؟,هسه. ممكن تجيك الموضوع رجاءً؟,هسه. راح تجيكها، رجاءا؟,. فيك تتأكد منن، عمول معروف؟,هض. تقدر تشوفها، لو سمحت؟,. ممكن تراجع ده، من فضلك؟,غرفتي بهاللحظة. ممكن تشوفها، رجاءً؟,وصلوها لغرفتي. ممكن تجيكها؟,ديالي دابا. تحقق من داكشي، عافاك؟,ممكن تشيك، لو سمحت؟,هلأ. بتقدر تفحص، لو سمحت؟,شوية . ممكن تراجعه، من فضلك؟,لغرفتي هسا. ممكن تجيكا، رجاءا؟,فضلك ، هل من الممكن أن تقوم بفحصها ؟,غرفتي. ممكن تتحقق من هذا، من فضلك؟,دابا، واش ممكن تشوف منين الخطأ؟,تقدر تتأكد من الامر، لو سمحت؟,بتقدر تتأكد منهم، لو سمحت؟,الان. ممكن تبسر كيف، لو سمحت؟,متاعي. تنجم تثبت، يعيشك؟,لداري. ممكن تجي تشوفها، لو سمحت؟,توا توا. تتأكد منه، عيشك؟
4714,بتفصيل أكتر؟,دة بالتفصيل؟,بالتفصيل كتر؟,أكتر مع التفاصيل؟,بتفاصيل اكتر؟,بتفاصيل اكثر؟,اكثر بالتفاصيل؟,أكتر بالتفاصيل؟,بتفاصيل اكثر؟,مشروحة اكتر بالتفاصيل؟,اياه بالتفصيل؟,بتفصيل اكثر؟,داكشي بالتفصيل؟,زيادة بالتفاصيل؟,تفاصيل أكتر؟,موضح أكتر بالتفصيل؟,بتفاصيل اكثر؟,تفصل أكثر ؟,أشرح ذلك بالتفصيل؟,بتفاصيل أكثر عافاك؟,اكثر بالتفاصيل؟,مع تفاصيل؟,بتفاصيل اكثر؟,بازيد معلومات؟,بتفاصيل أكتر؟,باكثر تفاصيل؟
4729,منيح؟,كويس؟,مليح؟,منيح؟,نمت كويس؟,زين؟,زين؟,منيح؟,كويس؟,كويس؟,منيح؟,زين؟,نعستي مزيان؟,كويس؟,منيح؟,نوم كويس؟,نمت مليح؟,نومك ؟,رقدت زين؟,نعستي مزيان؟,بنوم جيد؟,منيح؟,سوا؟,بالباهي؟,كويس؟,بالقدا؟
4733,زر التصوير؟,زرار التصوير؟,زر الالتقاط؟,كبسة التصوير؟,زرار التوصير؟,زر التصوير؟,زر التصوير؟,عزر التصوير؟,بطمة التصوير؟,زرار التصوير؟,زر التصوير؟,زر التصوير؟,زر التصوير؟,زر التصوير؟,زر التصوير؟,زر التصوير؟,زر التصوير؟,مصراع النافذة ؟,زر التصوير؟,على زر الكاميرا؟,زر التصوير؟,كبسة التصوير؟,زر التصوير؟,قرص التصوير؟,بطمة التصوير؟,فلسة التصوير؟
4740,إذا سمحت.,لو سمحت.,من فضلك.,لو سمحت.,لو سمحت.,رجاءً.,رجاءا.,معروف .,لو سمحت.,سمحت .,لو سمحت.,لو سمحت.,مفاتح، عافاك.,لو سمحت.,لو سمحت.,من فضلك.,رجاءا.,فضلك ؟,من فضلك.,الله يخليك.,لو سمحت.,سمحت .,لو سمحت.,مفاتح، يعيشك.,لو سمحت.,مفاتح، عيشك.
4742,لمبديرة.,لمبة.,مصباح.,لمبة.,عايز لمبة.,مصباح.,ضوا.,لمبة .,لامبة.,لمبة .,لمبة.,ابجورة.,مصباح.,لمبة.,ضو.,لمبة.,كلوب.,مصباحاً .,مصباح.,مصباح.,مصباح.,لمبة .,لمبه.,لمبوبة.,لامبه.,امبوبة.
4744,بآخر الممر.,نهاية الكوريدور.,الكولواغ.,آخر الممر.,أخر الطرقة.,بنهاية الممر.,بنهاية الممر.,الكوريدور .,نهاية الممر.,الطرقة .,بآخر الكوريدور.,نهاية الممر.,ديال الممر.,نهأية السيب.,بأخر الكوريدور.,نهاية الممر.,بنهاية الممر.,الممر .,نهاية الممر.,ديال الرواق.,نهاية الرواق.,الكريدور .,نهايه الممر.,اخر الكولوار.,نهاية الممر.,اخر الكولوار.
4773,ورق مسودة.,ورق مفكرات.,تع برية.,شوية دفاتر.,مفكرة.,مال ملاحظات.,اوراق ملاحظات.,أجندا.,ورق ملاحظات.,مفكرة .,ورقة ملاحظات.,اوراق نوتات.,شي مذكرة.,ورق ملاحظات.,ورق ملاحظات.,ورق الملاحظات.,اوراق ملاحظات.,بعض ورق الرسائل .,بعض المفكرة.,مذكرة.,ورق ملاحظات.,ملاحظات .,مفكره.,اوراق جوابات.,ورق ملاحظات.,نكتب عليهم.
4788,نروح بالباص؟,رايحين بالأتوبيس؟,نروحوا فالحافلة؟,نروح بالباص؟,هنروح بالأتوبيس؟,تروح بالباص؟,نروح بالباص؟,بالباص؟,ماشيين بالحافلة؟,بالاوتوبيس؟,بالباص؟,بالباص؟,نمشيو فالطوبيس؟,بالباص؟,نروح بالباص؟,ماشين بالبص؟,تغوح بالباص؟,بالحافلة ؟,رايحين بالحافلة؟,انمشيو بالطوبيس؟,بالباص؟,نروح بالباص؟,بباص؟,بالكار؟,ماشيين بالباص؟,نمشيو بالكار؟
4790,ع طوكيو بكرة؟,ماشى لطوكيو بكرة؟,رايح لطوكيو غدوة؟,على طوكيو بكرا؟,هتروح طوكيو بكرة؟,تغادر لطوكيو باجر؟,تروح لطوكيو باجر؟,عطوكيو بكرا؟,ماشي لطوكيو بكرة؟,و رايح لطوكيو بكرة؟,على طوكيو بكرا؟,طوكيو بكرة؟,تمشي لطوكيو غدا؟,رأيح لطوكيو بكرة؟,على طوكيو بكرا؟,إلى توكيو بكرة؟,تغوح لطوكيو غدا؟,إلى طوكيو غدا ؟,إلى طوكيو غدا؟,تمشي لطوكيو غدا؟,لطوكيو بكرة؟,ل طوكيو بكرا؟,عتسافر غطوة طوكيو؟,لطوكيو غدوة؟,ماشي لطوكيو غدوه؟,لطوكيو غدوة؟
4795,للساعة تسعة.,الساعة تسعة.,حتى التسعة.,للساعة تسعة.,الساعة تسعة.,لساعة تسعة.,الساعة تسعة.,تسعة .,التسعة بالضبط.,تسعة .,للساعة تسعة.,الساعة تسع.,للتاسع ديال الصباح.,لين تسعة.,للساعة تسعة.,الساعة تسعة.,ساعه تسعه.,التاسعة .,حتى الساعة تسع.,حتى لتسعود.,الساعة تسعة بالضبط.,تسعة .,للساعه تسع.,نرقد للتسعة.,للساعة تسعة.,حتى للتسعة.
4801,واحد صفر صفر. ممكن؟,زيرو زيرو. دة ممكن؟,دوبلوفي. اذا كاين امكانية؟,واحد صفر صفر. ممكن؟,زيرو زيرو. ده ممكن؟,واحد صفر صفر. ممكن؟,صفر صفر. هذا ممكن؟,صفر صفر . ممكن؟,صفر صفر. هضا ممكن؟,واحد زيرو زيرو . ينفع؟,واحد صفر صفر. هالشي ممكن؟,دبليو مية. ممكن؟,و واحد صفر صفر. واش ممكن؟,واحد صفر صفر. ممكن؟,صفر صفر. في مجال؟,صفر صفر. هل ممكن؟,صفر صفر، هل هذا الشي ممكن؟,صفر . هل هذا ممكن ؟,صفر صفر. هل ممكن؟,صفر صفر . واش ممكن؟,صفر صفر. هل هذا ممكن؟,صفر صفر . ممكن؟,صفر صفر. هلو هو ممكن؟,صفر صفر. ممكن؟,واحد صفر صفر. نقدر؟,و ميا. ممكن؟
4813,لعبتك هالأيام؟,الأيام دى؟,ديالك هاذ اليامات؟,هاي الأيام؟,اليومين دول؟,هاي الأيام؟,هاي الايام؟,لعبتك هالإيام؟,الأيام هضينا؟,الايام ديه؟,لعبتك هالأيام؟,لعبتك هالأيام؟,هاد الايام؟,الايام دي؟,هدول الأيام؟,الأيام دي؟,هذي الايام؟,هذه الأيام ؟,اللعبة هالأيام؟,هاد اليامات؟,هذي الأيام؟,لعبتك هالايام؟,هذا الايام؟,لعبتك هالليام؟,معاك اليومين هادو؟,مليح الايامات؟
4814,عم يضيق.,نفسى إتكتم.,بصدري ضيق.,صدري مسكر.,صدري طابق عليا.,صدري مقبط.,روحي مخنوك.,عصدري .,صدري مصكر.,عليا .,بضيق بالصدر.,على صدري.,من الصدر.,بضيقة بصدري.,صدري مسكر.,في الصدر.,في الصدر.,الصدر .,في الصدر.,من الصدر.,في الصدر.,بالصدر .,في صدري.,في صدري.,مغلوق في صدري.,قابض عليا.
4826,عنا يوم خاص مفتوح بأول جمعة من كل شهر.,أوبن داى خاص فى الجمعة الأولى من كل شهر.,يوم خاص أبواب مفتوحة في الأول من كل شهر.,احنا عنا يوم مميز مفتوح بأول جمعة من كل شهر.,إحنا عندينا يوم مفتوح في أول جمعة كل شهر.,لأنه عدنا يوم مفتوح خاص بأول جمعة من كل شهر.,يوم مفتوح خاص كل اول جمعة من كل شهر.,يوم مميز مفتوح كل أول يوم جمعة من كل أول شهر.,يوم مفتوح خاص على اول جمعه من كل شهر.,بيكون عندنا يوم مفتوح في اول جمعة من كل شهر .,يوم مفتوح مميز كل أول جمعة من كل شهر.,نسوي يوم مفتوح خاص أول جمعة من كل شهر.,لأن عندنا يوم مفتوح خاص الجمعة الاولى من كل شهر.,عندنا يوم مفتوح مميز كل جمعة من كل شهر.,في عنا يوم مفتوح بأول جمعة من كل شهر.,عندنا يوم خاص مفتوح في أول جمعة من كل شهر.,عدنه يوم خاص باول جمعه من كل شهغ.,لأن عندنا يوماً خاصاً مفتوحاً أول يوم جمعة من كل شهر .,عندنا يوم مفتوح مخصوص في الجمعة الاولى من كل شهر.,يوم افتتاح خاص كل أول جمعة من كل شهر.,يوم مفتوح مميز في كل اول جمعة من كل شهر.,عنا يوم مفتوح خاص بأول جمعه من كل شهر .,معانا يوم مفتوح خاص في اول جمعه من كل شهر.,عنا نهار مزيان البيبان محلولة كل نهار جمعة من اول شهر.,عندنا ديمه عرض مميز كل اول جمعه من كل شهر.,خاطر عنا يوم مفتوح كل اول نهار جمعة مالشهر.
4828,جولات شي؟,جولة تانية؟,رحلة أخرى؟,رحلات تانية؟,جولة تانية؟,جولة أخرى؟,غير جولة؟,جولة تانية؟,جولة أخرى؟,رحلة تانية؟,جولة تانية؟,جولة ثانية؟,جولة أخرى؟,سياحية تانية؟,جولات تانية؟,جولة تانية؟,جوله اللخ؟,سياحية أخرى ؟,جولة أخرى؟,جولة أخرى؟,جولات ثانية؟,جولة ثانية؟,جوله ثانيه؟,جولة اخرى؟,رحلات تانيه؟,سياحية اخرين؟
4836,بمالية. منيح؟,خصم. دة كويس؟,بالمئة. يساعدك هكذا؟,بالمية. بمشي معك؟,تخفيض. كدة كويس؟,بالمية. ماشي؟,بالمية . مقبولة؟,. بيمشي الحال؟,المية. هكي اوكي؟,خصم . كده كويس؟,بالمية. هيك منيح؟,بالمية. زين؟,واش مقبول؟,تخفيض، كدا كويس؟,خصم. منيح؟,المية خصم. كدا اوكي؟,هل هذا اوكي؟,. هل يوافقك لك ؟,هل هذا مقبول؟,خمسة فالمائة، مزيان؟,خصم. اوك؟,بالمية، اوك؟,هل هذا سابر؟,بالمية. يمشي معاك؟,الميه. هكي تمام؟,بالميا. باهي؟
4845,ع باريس.,رايح باريس.,لباريس.,على باريس.,رايح باريس.,رايح لباريس.,رايح لباريس.,عباريس .,ماشي لباريس.,باريس .,على باريس.,بروح باريس.,غادي لباريس.,رأيح باريس.,على باريس.,لي باريس.,اغوح لباريس.,باريس .,الى باريس.,غادي لباريس.,لباريس.,باريس .,ساير باريس.,لباريس.,ماشي لباريس.,لباريز.
4848,موديل، ما؟,موديل، صح؟,نوع، ياك؟,الأخير، صح؟,موديل، مش كدة؟,موديل، مو؟,موديل، مو؟,ما هيك؟,موديل، صح؟,نموذج، مش كده؟,موديل، صحيح؟,موديل، صح؟,ياك بصح؟,موديل، صح؟,موديل، صح؟,موديل، ول لا؟,موديل، ما تمام؟,، أليس كذلك ؟,طراز، صح؟,النموذج الاخر ياك؟,موديل، صح؟,موديل، صح؟,موديل، اولا؟,موش هكا؟,موديل، و الا؟,موديل، موش هكا؟
4857,المسا بالتوقيت المحلي.,ونص بالليل بالتوقيت المحلى.,والنصف، بالوقت المحلي.,ونص المسا بالتوقيت المحلي.,ونص بليل بالتوقيت المحلي.,بالليل بالتوقيت المحلي.,ونص بالتوقيت المحلي.,عشية بالتوقيت المحلي.,في الليل بالتوقيت المحلي.,نص بلليل بالتوقيت المحلي .,المسا بالتوقيت المحلي.,ثمان ونص بالتوقيت المحلي.,فالليل بالتوقيت المحلي.,المساء بالتوقيف المحلي.,نص المسا بالتوقيت المحلي.,في المساء توقيت محلي.,بالمغب بالتوقيت المحلي.,مساءْ بالتوقيت المحلي .,في المساء بالتوقيت المحلي.,ديال العشية بالتوقيت المحلي.,مساء حسب التوقيت المحلي.,مسا بالتوقيت المحلي .,في الليل حسب التوقيت المحلي.,نصف، بالوقت المحلي.,في العشيه بالتوقيت المحلي.,متاع الليل بالتوقيت المحلي.
4889,معنا، إذا سمحت.,معانا، لو سمحت.,المبنى، من فضلك.,معنا، لو سمحت.,معانا، لو سمحت.,ويانه، رجاءً.,ويانه، رجاءا.,عمول معروف .,معانا، لو سمحت.,من فضلك .,هاد المبنى، رجاءً.,لو سمحت.,مع هادا، عافاك.,المبنى معانا.,معنا، لو سمحت.,معانا، من فضلك.,معانه، رجاءا.,", من فضلك .",من فضلك.,معانا، عافك.,معنا، لو سمحت.,لو سمحت .,معانا، لو سمحت.,البنية هذه، يعيشك.,معانا، لو ممكن.,معانا، عيشك.
4894,وسط وكرات رز.,متوسط وبولة رز.,بولة واحدة تع الروز.,وسط و طابة رز.,رز وسط.,وسط وطوبة تمن.,وسط وكرات تمن.,و طابة رز .,يديم و كرة رز.,رز وسط .,وسط وطابة رز.,متوسطة وكرة عيش.,​​الحجم وكرة الروز.,متوسط وكورة رز.,و طبة رز.,متوسط و كورة رز.,حجم وسط وطبة تمن.,المتوسط ، وكرات الأرز .,الحجم وكرة الأرز.,الصوبا وكرات الروز .,و كرة رز.,و كرة رز .,متوسطه و كره رز.,و كفتة روز.,و كركوبة رز.,و كعبورة روز.
4901,هالمنظر؟,إيه؟,تشبه؟,شكله؟,شكله ايه؟,يبدو؟,هذا؟,هالشكل؟,اللوك هضا؟,في شكله؟,طالع؟,بهالشكل؟,كاتبان هادي؟,شكله؟,هدا اللوك؟,يبدو هذا؟,هذا الكتاب؟,هذا ؟,تبدو هذه؟,جيت؟,شكله؟,طالع؟,هذا اللوك؟,منضر شنوة؟,شكله هدا؟,فيه؟
4924,بالشباك، إذا سمحت.,الشباك دة، لو سمحت.,راهو فالواجهة، من فضلك.,على العرض، لو سمحت.,في إطار، لو سمحت.,بالشباك، رجاءً.,البشباج، رجاءا.,بالشباك، عمول معروف .,في الروشن، لو سمحت.,الشباك، من فضلك .,عالواجهة، إذا بتريد.,على الدريشة، لو سمحت.,اللي فالسرجم، عافاك.,بالشباك، لو سمحت.,بالفترينا، لو سمحت.,في النافذة، من فضلك.,الويحد بالشباك، رجاءا.,العرض ، من فضلك .,الدريشة، من فضلك.,لي فسرجم، عافاك.,الدريشة، لو سمحت.,لو سمحت .,الطاقه، لو سمحت.,معلق البرا، يعيشك.,في الفترينه، لو ممكن.,في الفترينة، يعيشك.
4945,عالبيسبول عالتلفزيون. بدي أروح أشوف مسرحية.,على بيسبول فى التليفزيون. انا عاوز أروح أشوف مسرحية.,البيسبول. راني حاب نروح نشوف المقابلة الحقيقية.,على البيسبول في التلفزيون. بدي أروح أحضر مسرحية.,ماتش بيسبول في التليفزيون. أنا عايز اروح اشوف مسرحية.,واتفرج بالبايسبول بالتلفزيون. اريد اطلع اشوف مسرحية.,بيسبول ع التلفزيون. اريد اروح اشوف مسرحية.,و أحضر بايسبول عالتلفزيون. بدي روح أحضر مسرحية.,على البيسبول على التلفزيون. أنا نبي نمشي نشوف مسرحية.,في التليفزيون . انا عايز اخرج اتفرج على مسرحية .,بيسبول عالتلفزيون. بدي روح احضر مسرحية.,واطالع بيسبول في التلفزيون. ابغي اروح اشوف مسرحية.,ونتفرج فالبيسبول فالتلفزيون. أريد أن أرى مسرحية.,مباراة بيسبول. أبا اخرط اتفرج مسرحية.,أحضر بيسبول على التلفزيون. بدي أروح أحضر مسرحية.,و أشاهد بيسبول في التلفزيون. داير أمشي أحضر مسرحية.,على كره سله عالتلفزيون. اغيد اغوح اشوف مسرحيه.,البيسبول في التلفاز . أريد الذهاب لمشاهدة مسرحية .,واشوف البيسبول على شاشة التلفزيون. أبغا اشوف مسرحية.,فكرة السلة فالتلفزة، بغيت نمشي نشوف المسرحية.,مشاهدة البايسبول على التلفزيون. ابغى اروح اشوف مسرحية.,تنس على التلفزيون . بدي اطلع اشوف اللعبة .,البيسبول في التلفزيون. اشتي اسير ابسر اللعب.,البايز بول في التلفزة. نحب نمشي نشوف الماتش على البلاصة.,بيسبول في التلفزيون. نبي نطلع نتفرج علي مسرحية.,كرة المضرب في التلفزة. نحب نمشي نتفرج في مسرحية.
4957,أدقرو؟,ألمسه؟,نمس؟,ألمسه؟,ألمسها؟,ألزمهة؟,الزمه؟,إدأرو؟,نلمسه؟,المسه؟,إلمسه؟,المسه؟,نقدر نلمسها؟,المسه؟,أمسكها؟,ألمسه؟,المسو؟,اللمس ؟,المس؟,نقيسو؟,المسه؟,المسو؟,اعسه؟,نشده؟,نمسه؟,نمسو؟
4974,لهون تصلحو؟,علشان تصلحه؟,تجي تصلحو؟,عشان اتصلحه؟,علشان تصلحها؟,تجي تصلحها؟,حتى تصلحه؟,لهون لتصلحو؟,و تصلحه؟,علشان نصلحه؟,لهون تصلحه؟,عشان تصلحه؟,باش تصلحو؟,عشان تصلحه؟,هون تصلحها؟,عشان تصلحوا؟,حتى تصلحو؟,هنا لإصلاحه ؟,إلى اهني لإصلاحه؟,باش تصايبو؟,عشان تصلحه؟,هون تصلحه؟,هانا تصلحه؟,تجيبلنا الماكلة؟,باش تصلحه؟,بش تصلحو؟
4983,ألياف صنعية.,ألياف صناعية.,الألياف الاصطناعية.,ألياف اصطناعية.,فايبر صناعي.,ألياف صناعية.,الياف صناعية.,صناعية .,خيط صناعي.,صتاعية .,ليف صناعي.,الياف صناعية.,خيوط اصطناعية.,الالياف الصناعية.,خيطان.,الفايبر الصناعي.,الياف اصطناعيه.,الصناعية .,الألياف الاصطناعية.,حلفة إصطناعية.,الياف صناعية.,الياف صناعية.,الياف اصطناعيه.,الفيبر الاصطناعي.,الياف صناعية.,خيوط اصطناعية.
4985,عندي حجز.,عندى حجز.,طانو طاناكا.,عندي حجز.,أنا حاجز.,عندي حجز.,عندي حجز.,عندي حجز .,تاناكا. عندي حجز.,عندي حجز .,عندي حجز.,عندي حجز.,عندي حجز.,عندي حجز.,في باسمي حجز.,عندي حجز.,تاناكا. عندي حجز.,لدي حجز مسبق .,عندي حجز.,عندي حجز.,عندي حجز.,عندي حجز.,تانكا. معي حجز.,تارو تاناكا.,و عندي حجز.,عندي حجز.
4990,كريم تنضيف.,كريم تنضيف.,لي تنحي الماكياج.,كريم منظف.,كريم تطهير.,كريم تنظيف.,كريم تنظيف.,للتنضيف .,كريم تطهير.,بيه الماكياج .,كريم تطهير.,كريم تنظيف.,كريم التطهير.,كريم تطهير.,كريم تطهير.,كريم التطهير.,كريمات تطهير.,كريم التنظيف .,كريم التنظيف.,كريمة منظفة.,كريم مطهر.,مطهر .,كريم مطهر.,للتنظيف .,كريمة تنظيف.,متاع تنضيف.
5004,كم طويل.,بأكمام طويلة.,بيدين طوال.,كم طويل.,بكمام طويلة.,ردان طويلة.,بردانات طويلة.,كمام طوال .,اكمام اطوال .,حمالات .,كمامها طوال.,يدها طويلة.,بلكمام طوال.,باكمام طويلة.,كم طويل.,أكمام طويلة.,بغدين طويلي.,أكمام طويلة .,اكمام طويلة.,كمام طوال.,بكموم طويلة.,كمام .,اكمام طوال.,يديه طوال.,كمامها طوال.,رياضة باليدين.
5009,مني شنتايتي.,اتسرقت منى.,الساك ديالي.,انسرقت محفظتي.,شنطتي اتسرقت.,انباكت.,جنطي.,شنطتي .,انسرقت مني.,شنطني .,شنتايتي.,شنطتي.,الحقيبة ديالي.,من شنطتي.,من شنتتي.,مني شنطتي.,جنطتي.,حقيبتي .,من حقيبتي.,الحقيبة ديالي.,شنطتي.,من شنتتي.,من شنطتي.,ساكي.,انخنبت مني.,ساكي.
5017,كذا مرة، ما هيك؟,كتير، مش كدة؟,و لا لالا؟,كتير مرات، مش هيك؟,كدة ولا ايه؟,من مرة، مو؟,تتقاطع هواي، مو؟,مرات، ما هيك؟,و لا لا؟,كتير، مش كده؟,مرة، ما هيك؟,تجمعنا، ها؟,ديال المرات، ماشي هاكا؟,كثير، صح؟,كتير، صح؟,كتيرة. ول لا؟,مرات، مو بله؟,، أليس كذلك ؟,مرات، ما كذاك؟,بحال، ياك؟,متكرر، اليس كذلك؟,من مرة، صح؟,خيرات مرات، صح؟,تتلاقى ديما؟,من مره، و الا؟,برشة مرات، موش هكة؟
5035,أشوف المنيو؟,المنيو تانى؟,لائحة الطلبات؟,مرة تانية؟,المنيو تاني؟,مرة لخ؟,من جديد؟,المنيو؟ ؟,مرة أخرى؟,المينيو تاني؟,مرة تانية؟,مرة ثانية؟,مرة اخرى؟,مرة ثانية؟,كمان مرة؟,القائمة تاني؟,مره اللخ؟,على قائمة الطعام ؟,مرة أخرى؟,نشوف لموني؟,الطعام مجددا؟,مرة ثانية؟,مرة ثانية؟,شعندكم ماكلا؟,المينيو مره تانيه؟,نشوف الموني؟
5045,خضر شوي.,خضر شوية.,يبانو مبتدئين.,خضار شوي.,قلالة خبرة.,خضر شوية.,خضار شوي.,شوي. .,اخضر شوية.,قللات خبرة .,خضر شوي.,خضر شوي.,شوية خضرا.,خضرة شوية.,أخضر شوي.,خضر شوية.,شويه خضغ.,المرض وشحوبة الوجه .,جانها خضراء.,باقين فتيين.,شكلها اخضر.,شوي .,خضر شوية.,مازال مبتدئ.,شويه خضر.,مبتدئين شويا.
5082,شقد؟,إيه؟,شحال؟,العدد؟,كام؟,شكد؟,شكد؟,؟,كم؟,ايه؟,واحد؟,واحد؟,العدد؟,العدد؟,قديش؟,عدد؟,اشقد؟,عددها ؟,العدد؟,بشحال؟,كم؟,العدد؟,كم؟,قداش؟,واحد؟,قداش؟
5083,إذا سمحت.,من فضلك.,من فضلك.,لو سمحت.,لو سمحت.,بلا زحمة.,رجاءا.,. .,لو سمحت.,سمحت .,لو سمحت.,لو سمحت.,عافاك.,لو سمحت.,لو سمحت.,من فضلك.,رجاءا.,فضلك .,لو سمحت.,عفاك.,لو سمحت.,لو سمحت.,لوسمحت.,يغيشك.,من فضلك.,يعيشك.
5090,تلات الاف وسبعمية وستوسبعين متر.,على تلاتلاف سبعمية ستة وسبعين متر.,بثلاثة آلاف وسبعمئة وثلاثة وسبعون متر.,سبع ألاف وسبعمية وسبعة وستين متر.,سبعتلاف سبعماية ستة وسبعين متر.,تلتالاف وسبع مية وستة وسبعين متر.,تلت الاف وسبعمية وستة وسبعين متر.,سبعمية و سبعة و ستين متر. .,و سبع ميه وستة سبعين متر.,و سبعميه و سته و سبعين متر .,تلات آلاف وسبعمية وستة وسبعين متر.,ثلاثة آلاف وسبعمية وستة وسبعين متر.,ثلاثة آلاف وسبعمائة وستة وسبعين متر.,تلاتة الاف وسبمعمية وستة وسبعين متر.,الاف و سبعمية و ستة و سبعين متر.,ألف و سبعمائة ستة وسبعين متر.,ثلاثتالاف وسبعمي وستي وسبعين متر.,يبلغ ارتفاعها ثلاثة آلاف وسبعمائة وستون مترا .,ثلاثة آلاف وسبعمائة وستة وسبعين مترا.,تلتالاف و تسعمية و ستين ميترو.,و سبع مئة و ستة و سبعين متر.,و سبعمية و ستة و سبعين متر .,الف وسبعميه وسته وسبعين متر.,مية و ستة و سبعين ميترو.,الاف و سبعمية و سته و سبعين ميترو.,لاف وسبع ميا وست وسبعين ميترو.
5091,كتير شغلات للتنقاية.,كتير أختار منه.,بزاف الاختيارات.,عشان تختار منه.,علشان اختار منهم.,اكو هواية خيارات.,هاي حتى تختار منهم.,اشيا ننقي منا. .,واجد تختار منهم.,حأختار من بينها .,كتير خيارات.,وايد اختيارات.,تختار من بينهم.,اختيارات كتيرة بينهم.,كتير أنقي منهم.,كمية تختار منهم.,حتى نختار منو.,الكثير نختار فيه .,للاختيار من بينهم.,بزاف د الاختيارات.,أشياء كثيرة للاختيار.,كثير خيارات .,خيرات للإختيار منهم.,فما برشا اختيارات.,هلبه حاجات بنختار منهم.,برشا شوا.
5098,كريم ليلي.,كريم ليل.,كريمة لليل.,كريم ليلي.,كريم ليلي.,كريم ليلي.,كريم ليلي.,كريم لليل.,كريم ليلي.,مسائي .,كريم ليلي.,كريم ليلي.,كريم الليل.,كريم الليل.,كريم لليل.,كريم الليل.,كريمات ليل.,مسائي للبشرة .,كريم الليل.,د اليل.,كريم ليلي.,ليلي .,كريم ليلي.,كريمة الليل.,متاع الليل.,متاع ليل.
5104,المخبز والقصاب.,ومحل الجزار.,و الجزار.,المخبز والملحمة.,المخبز والجزار.,المخبز والكصاب.,المخبر والكصاب.,و الملحمة.,و محل الجزار.,و الجزار .,ومحل لحام.,الخباز والقصاب.,ومحل الجزار.,المخبز والجزار.,و اللحام.,و دكان الجزار.,معجنات وقصاب.,ومحل الجزارة .,و الجزار.,و الجزار.,و محل الجزار.,و اللحام .,المخبز والجزار.,و الجزار.,و الكوشه.,الكوشة والمجزرة.
5116,تقصر الكمام؟,الأكمام دى؟,تنقصلي فاليدين؟,تقصر أكمامه؟,تقصر الكمام؟,تكصر الردان؟,تكصر الردانات؟,الكمام؟ ؟,تقصر الاكمام؟,الاكمام ديه؟,تقصر الاكمام؟,تقصر اليد؟,تقصر الأكمام؟,تقصر الاكمام؟,تقصر الكمام؟,تقصر الأكمام؟,تقصغ الغدان؟,تقصّر الأكمام ؟,تقصر الاكمام؟,من لكمام؟,تقصر الكموم؟,تقصر الكمام؟,تقصر الأكمام؟,في اليدين؟,تنقص الاكمام؟,تقصرلي ليدين؟
5117,غولف هون.,قريب من هنا.,للجولف فالنواحي.,جولف بالمنطقة هون.,قريب من هنا.,كولف هنا.,كولف هنا.,ملعب غولف هون.,غولف قريب من هنا.,ملعب جولف قريب .,قريب من هون.,ملاعب قولف هني.,للجولف هنا.,قريب من هنا.,قريب من هون.,قولف قريب هنا.,مال كولف حولنه.,دورة لتعليم الجولف .,ملعب للجولف هنا.,ديال الغولف فهاد الجوايه.,غولف قريب من هنا.,قريب من هون .,غولف هانا.,ملعب قولف قريب.,قريب من هنايا.,قولف في لحواز.
5121,خاتم عاليسار؟,من على الشمال؟,كي تروح من اليسار؟,التانية من اليسار؟,التاني من الشمال؟,حلقة على اليسرة؟,الثانية من اليسار؟,خاتم عالشمال؟,خاتم على اليسار؟,التاني من الشمال؟,التاني من عاليسار؟,خاتم من اليسار؟,الثانية من اليسار؟,التاني من اليسار؟,خاتم على اليمين؟,التاني من الشمال؟,حلقه من اليساغ؟,من جهة اليسار ؟,الثاني من اليسار؟,الثاني على اليسار؟,خاتم من اليسار؟,الثاني من الشمال؟,خاتم من اليسار؟,خاتم من الليسار؟,خاتم من اليسار؟,إلى على ليسار؟
5124,تقلو يدقلي؟,منه يكلمنى؟,يتصل بيا؟,يتصل في؟,تقوله يكلمني؟,تكلة يخابرني؟,منه يخابرني؟,يتلفنلي؟ ؟,منه يكلمني؟,تقوله يكلمني؟,يتصل فيني؟,يتصل لي؟,يتصل بيا؟,يتصل عليا؟,يتصل علي؟,يتصل علي؟,ان يخابرني؟,يتصل بي ؟,أن يتصل فيني؟,يعيط ليا؟,تطلبه يكلمني؟,يتصل علي؟,تقوله يتصلي؟,تقله يكلمني؟,انه يكلم؟,تقلو يكلمني؟
5138,علق معك شي؟,مكالمة دولية، وصلت؟,تتصل للخارج من قبل؟,زبطت معك لهلأ؟,دولية. الخط إتوصل؟,دولية، طبيت لو بعد؟,كدرت تعبر بعدك؟,. قدرت تعلق؟,خشيت فيها توا؟,. الخط اتوصل؟,قدرت تتصل ولا لسه؟,شبكت ولا للحين؟,لم تحصل واش دازت؟,دولية. قدرت توصل؟,ما وصلتك التحويلة؟,مكالمة دولية؟,هل حصلت لو بعد؟,نجح ذلك معك من قبل ؟,ماصارت حتى الآن؟,واش وصلتي؟,دولية. هل وصلتك؟,ما زبطت لسه ؟,دولي. قد وصلت؟,للبرا. وصلتوا؟,قدرت تحصل الخط؟,ياخي إنت أصلا وصلت؟
5148,خطأ.,غلط.,غالط.,غلط.,غلط.,غلط.,جان غلط.,غلط.,غلط.,غلط.,خطأ.,غلط.,غلط.,غلط.,خطأ.,غلط.,خطأ.,خطأ .,غلط.,غلاط.,خطأ.,خطأ.,غلط.,غالط.,غلط.,غالط.
5175,العلم قدام مكتب البريد.,تشوف العلم قدام مكتب البريد.,علام مقابل لمقر البريد.,العلم مقابل مكتب البريد.,تشوف العلم قدام البوستة.,العلم كبال مكتب البريد.,تشوف العلم كدام البريد.,حد مكتب البريد. .,العلم قدام مكتب البريد.,العلم قدام مكتب البريد .,العلم قدام مكتب البريد.,العلم قدام مكتب البريد.,تشوف الراية قدام مكتب البريد.,علم قدام مكتب البريد.,العلم قدام البريد.,العلم في مقدمة مكتب البريد.,العلم قدام مكتب البريد.,ترى العلم أمام مكتب البريد .,العلم جدام مكتب البريد.,الراية مقابلة معا البوصطا.,العلم مقابل مكتب البريد.,العلم قدام مكتب البريد .,قدام مكتب البريد.,في العلم قدام البوستة.,تشوف العلم قدام مكتب البريد.,في العلم قدام البوسطة.
5207,ما هيك؟,هتبعتهم، صح؟,أكيد، ياك؟,تبعتهم، صح؟,هتبعتهم، صح؟,ادزهة، مو؟,ترسلهم بالتاكيد؟,صح؟ ؟,حتدزهم، صح؟,مش كده؟,عالأكيد، صح؟,بتطرشهم، صح؟,ترسلهوم، ياك بصح؟,حترسله، صح؟,تبعتهم، صح؟,ترسلهم، صاح؟,ترسلم، صح؟,أليس كذلك ؟,لهم، صح؟,تسيفتهوم. ياك؟,اكيد، صح؟,ترسللهم، صح؟,اكيد، صح؟,غلطة، موش هكا؟,و الا؟,غير أغلاط، صحيح؟
5219,ببطاقة ائتمان.,تليفون بالكريديت كارد.,هاتفي ببطاقة الائتمان.,طريق بطاقة البنك.,تليفون بالبطاقة الإئتمانية.,هاتفية بالكردت كارد.,بطاقة الائتمان.,بكريدت كارد. .,باستعمال الكرديت كارد.,يالكريديت كارد .,طريق بطاقة الإئتمان.,بالكردت كارد.,هاتفية بالبطاقة دلائتمان.,الكريدت كارد حقتي.,عن طريق الفيزا.,مستخدما كردت كارد.,باستخدام بطاقة الائتمان.,باستخدام بطاقة ائتمان .,بطاقة الائتمان.,كارط كريدي.,باستخدام البطاقة الائتمانية.,ببطاقة الصراف .,بطاقة الإئتمان حقي.,باكارطة متاع البانكا.,بالكرت الائتماني.,بالكارت كريدي.
5224,تبعي يروح.,بتاعى يروح.,نديه معايا.,حابب أروح.,عايزه برة.,مالتي يروح.,مالتي يروح.,لبرا. .,حاجتي تمشي.,امشي .,تبعي لبرا.,تيك اوي.,ديالي تمشي.,حقي سفري.,أخدها معي.,حقي يمشي.,اخذمالتي معاي.,لكي أرحل .,أن أذهب.,نديه معايا.,حقي بعد.,اروح .,حقي يسير.,باش نهزه.,نبيه برا.,نهز متاعي.
5245,مشان ينشحن لعنوان بيتك.,نشحنه لعنوان بيتك.,بيتك من عندنا.,حق الشحن لعنوان بيتك.,على عنوان بيتك.,ندفع الشحن لعنوان بيتكم.,حتى نشحنه لعنوانك.,لنشحنو ععنوان بيتك. .,عشان نوصلوه لعنوان حوشك.,نشحنه لبيتك .,لنشحنه على عنوان بيتك.,نشحنه عنوان بيتك.,حتى للععنوان ديال الدار.,تنشحن لعنوان بيتك.,ياه على عنوان بيتك.,نشحنوا إلى عنوان منزلك.,حتى نرسلا لعنوان بيتك.,شحنها إلى عنوان منزلك .,إلى عنوان منزلك.,ل الدار على حسابنا.,نشحنه لعنوان بيتك.,لشحنها لعنوان بيتك .,نوصلها لا عنوان بيتك.,للعنوان متاعك على حسابنا.,باش نبعتوها لعنوان حوشك.,عنوان بيتك على حسابنا.
5246,دائماً بالشغل.,بستخدم الكمبيوتر فى الشغل.,الكمبيوتر فالخدمة دايمن.,بستخدم الكمبيوتر بالشغل.,على طول في الشغل.,استعمل الحاسبة بالشغل.,استخدم الكمبيوتر بالشغل.,كمبيوتر بالشغل. .,في الكمبيوتر في الشغل.,الكمبيوتر في الشغل .,كمبيوتر بالشغل.,الكمبيوتر في الشغل.,كنخدام الكمبيوتر في العمل.,كمبيوتر في الشغل.,الكمبيوتر في الشغل.,كمبيوتر في الشغل.,استخدم حاسبه بالشغل.,دائم في العمل .,جهاز كمبيوتر في العمل.,ديما ف البيسي.,الكمبيوتر في العمل.,الكمبيوتر بالشغل .,كمبيوتر في العمل.,ديما كمبيوتر في الخدمة.,في كمبيوتر في الخدمه.,كمبيوتر في الخدمة.
5250,رح أجي لعندك.,انا هاجى مكانك.,فاهم. نجي عندكم.,راح آجي عندك.,انا هاجي عندك.,راح اجي لبيتكم.,راح اجي لمكانك.,جاي لعندك. .,حنجي لحوشك.,حاجيلك المكان .,رح إجي لعندك.,بجي عندك.,نجي لبلاصتك.,حجي لعندك.,رح أجي عندك.,اجي لي محلك.,غاح اجي لمكانك.,سوف آتي إلى مكانك .,إلى مكانك.,انا جاي عندكم.,بجي لمكانك.,إلى مكانك.,انا لا بقعتك.,تو نجي بحذاك.,اني نجي لحوشك.,تو نجي بحذاك.
5259,بكفي هيك.,دة كفاية.,هاذا يكفي.,هيك بكفي.,كدة كفاية.,كافي عاد.,ذاك كافي.,بكفي. .,هكي ساد.,كده .,هيك بكفي.,هذي كفاية.,ما يكفيش.,كدا كفأية.,هيك بكفي.,داك كفاية.,هذا كافي.,يكفي .,هذا يكفي.,صافي باراكا.,هذا كافي.,هذا يكفي.,هذا يكفي.,هذا يكفي.,مش كفايه.,هذا يكفي.
5261,حرام ومخدة؟,بطانية ومخدة؟,غطاء و مخدة؟,مخدة وحرام؟,بطانية ومخدة؟,بطانية ومخدة؟,مخدة وبطانية؟,و مخدة؟ ؟,و مخدة؟,و مخدة؟,بطانية ومخدة؟,لحاف وموسدة؟,ناخد بطانية وخدية؟,مخدة وبطانية؟,و مخدة؟,و مخدة؟,بطانيي ومخدي؟,بطانية ووسادة ؟,بطانية ووسادة؟,مخدا و لغطا؟,بطانية و مخدة؟,و مخدة؟,و وسادة؟,و مخدة؟,و مخده؟,غطاء ومخدة؟
5262,وقت ممكن، إذا سمحت؟,قدر الإمكان، لو سمحت؟,بسرعة، من فضلك؟,وقت، لو سمحت؟,قد ماتقدر، لو سمحت؟,باسرع وقت رجائا؟,وقت ممكن، رجاءا؟,وقت لو سمحت؟ ؟,ما يمكن، لو سمحت؟,تقدر بسرعة، من فضلك؟,وقت ممكن، رجاءً؟,ممكن، لو سمحت؟,فأقرب وقت، عافاك؟,لو سمحت؟,وقت ممكن، لو سمحت؟,قدر الإمكان، من فضلك؟,ما يمكن، رجاءا؟,المستطاع ، من فضلك ؟,وقت ممكن، من فضلك؟,دغيا، عفاك؟,ما يمكن، لو سمحت؟,بأقرب وقت؟,أقرب وقت، لوسمحت؟,لهوني فيسع؟,ما يمكن، من فضلك؟,ما يمكن، يعيشك؟
5263,إذا سمحت.,لو سمحت.,من فضلك.,لو سمحت.,لو سمحت.,بلا زحمة.,كهوة، رجاءا.,سمحت. .,لو سمحت.,سمحت .,لو سمحت.,لو سمحت.,القهوة عافاك.,لو سمحت.,لو سمحت.,من فضلك.,قهوي، رجاءا.,من فضلك .,لو سمحت.,لقهوة، عفاك.,لو سمحت.,لو سمحت.,قهوة، لوسمحت.,قهوة، يعيشك.,لو سمحت.,قهوة، يعيشك.
5267,يكونوا شغل هاواي.,زى اللى من هاواى.,تع هاواي خصيصا.,يكونوا دارجيين بهاواي.,كروت تذكارية لهاواي.,هاواي بصوره عامة.,كارتات بالعادة هواوية.,هاواي خصيصا .,الي هن تقليديا هاواي.,لهاواي .,كروت موديل هاواي.,في هاواي.,هاواي نموذجية.,هواوية اصلية.,يكونو من هاواي.,الهواوية نموذجيا.,هم بالضبط مال هواي.,طبيعة جزر هاواي .,التي مالت هاواي.,تكون ديال هاواي.,تقليدية من هاواي.,من هاواي .,اللي هن عادة هاواويات.,كارطة بالهاوايان.,كروت من هاواي.,بالذات هوايية.
5272,تلاتة سنتي؟,تلاتة سنتيمتر؟,بثلاثة سنتيمتر؟,تلاتة سانتي؟,كام سنتي؟,تلث سانتي مترات؟,بتلث سنتيمات؟,تلاتة سنتي؟ ؟,بثلاثة سنتيمتر؟,ب تلاته سانتي؟,تلاتة سانتي؟,ثلاثة سنتي؟,بمقدار ثلاثة سنتيمترات؟,تلاتة سنتيميترات؟,تلاتة سنتيمتر؟,تلاتة سنتيمترات؟,ثلاث سانتيمترات؟,منطقة الوسط سنتيمترات ؟,بثلاثة سنتيمترات؟,تلاتة د السانتيم؟,بمقدار ثلاث سنتيمتر؟,ثلاثة سنتيميتر؟,ثلاثة سنتي متر؟,بثلاثة صنتيم؟,تلاته سانتيمترات؟,القياس بتلاثا صنتمتر؟
5289,بنفس العمر.,نفس العمر.,نفس العمر.,بنفس العمر.,نفس العمر.,نفس العمر.,نفس العمر.,العمر. .,نفس العمر.,السن .,نفس العمر.,بنفس العمر.,نفس العمر.,نفس العمر.,بنفس العمر.,نفس العمر.,نفس العمغ.,السن .,العمر.,نفس لعمر.,بنفس العمر.,نفس العمر.,نفس العمر.,نفس العمر.,نفس العمر.,نفس العمر.
5300,قهوة؟,تجيبلى قهوة؟,تجيبلي قهوة؟,تجبلي قهوة؟,شوية قهوة؟,تجيبلي كهوة؟,تجيبلي كهوة؟,قهوة؟ ؟,شوية قهوة؟,شويه قهوة؟,فنجان قهوة؟,لي قهوة؟,شوية ديال القهوة؟,تجبلي قهوة؟,تجيبلي قهوة؟,بعض القهوة؟,شويه قهوي؟,بعض القهوة ؟,بعض القهوة؟,شي قهيوا؟,لي قهوة؟,شوية قهوة؟,لي قهوة؟,تجيبلي قهوة؟,شوية قهوة؟,تجيبلي قهوة؟
5307,هاد فوق ميزانيتي.,فوق الميزانية بتاعتى.,هاذا فوق الامكانيات دياولي.,أعلى من ميزانيتي.,اكتر من ميزانيتي.,هاي فوك امكانيتي.,هذا فوك ميزانيتي.,هيدا فوق ميزانيتي. .,هضا اكثر من ميزانيتي.,ده فوق ميزانيتي .,هالشي فوق ميزانيتي.,اكثر من ميزانيتي.,كثر من الميزانية ديالي.,فوق ميزانيتي.,أكتر من ميزانيتي.,داك فوق ميزانيتي.,هذا فوق ميزانيتي.,هذا يفوق ميزانيتي .,أكثر من ميزانيتي.,راه كتر من طاقتي.,هذا فوق ميزانيتي.,اكثر من ميزانيتي .,اكثر من ميزانيتي.,راهو فوق الي عندي.,هدا فوق الميزانيه متاعي.,هذا أكثر من إمكانياتي.
5323,رح أبعتها لمجلس إدارتنا بكرة الصبح.,وصلنا لاستنتاج، هبعته لمجلس الإدارة بتاعنا بكرة الصبح.,راح نقولها لمجلس الإدارة ديالنا من غدوة صباح.,للنتيجة، اللي راح أبعتها لمجلس ادارتنا بكرا الصبح.,وصلنا لحل، وهبعته لمجلس الإدارة بتاعنا بكرة الصبح.,الي اني راح ادزهة لمجلس ادارتنا باجر الصبح.,وراح ادزها لمجلس ادارتنا باجر الصبح.,رح ابعتا لمجلس الادارة تبعنا بكرا الصبح.,الي هي حندز لمجلس الإدارة بتاعنا بكرة الصبح.,لنتيجة، واللي حأوصلها لمجلس الادارة بتاعنا بكرة الصبح .,لنتيجة، ورح ابعتها لمجلس إدارتنا بكرا الصبح.,لنتيجة، بطرشها لمجلس الادارة باجر الصبح.,وأنا غادي نرسله إلى مجلس إدارتنا صباح الغد.,نتيجة، وبرسلها الى مجلس ادراتنا الصبح بكرة.,رح أبعتها لمجلس ادارتنا بكرا الصبح.,لخاتمة ال ح أرسلها لمجلس ادارتنا صباح بكرة.,واللي غاح ارسلو الى مجلس ادارتنا غدا الصبح.,"أننا قد وصلنا إلى نتيجة , سأقوم بإرسالها إلى مجلس إدارتنا صباح غد .",النتيجة، وبطرشها لمجلس الادارة صباح الغد.,نقدرو نعطيوها ل مجلس الإدارة ديالنا من غدا في الصباح.,نتيجة، واللي برسلها لمجلس ادارتنا بكرة الصبح.,و رح افرجيها لمجلس ادارتنا بكرا الصبح .,لخلاصه، شا ارسلها ل مجلس ادارتنا بكرة الصبح.,كوني باش نقول لمجلس ادارتنا غدوة الصباح.,للنتيجه، الي حنبعتها لمجلس إدارتنا غدوة الصبح.,بش نبعثه لمجلس إدارتنا من غدوة الصباح.
5334,فنادق رخيصة؟,أى فنادق رخيصة؟,كاين فنادق رخيصة؟,أي فنادق رخيصة؟,فنادق رخيصة؟,فادق رخيصة؟,اي فندق رخيص؟,اوتيلات رخيصة؟ ؟,أي هوتيلات رخيصة؟,اوتيلات مش غاليه؟,أوتيلات رخيصة؟,اي فنادق رخيصة؟,كاين فنادق رخيصة؟,فندق رخيص؟,أوتيلات رخيصة؟,هناك أي فنادق رخيصة؟,اي فنادق غخيصه؟,أي فنادق رخيصة الأسعار ؟,فنادق رخيصة؟,ديال شي وطيلات رخاص؟,فنادق رخيصة؟,فنادق رخيصة؟,اي فنادق رخيصة؟,وتلا رخاص؟,في اي هوتيلات رخيصه؟,وتلا رخاص؟
5361,نمت منيح؟,نمت كويس؟,رقدت مليح؟,نمت منيح؟,نمت كويس؟,نمت زين؟,نمت زين؟,منيح؟ ؟,رقدت كويس؟,نمت كويس؟,نمت منيح؟,نمت زين؟,نعستي مزيان؟,نمت كويس؟,نمت منيح؟,نمت كويس؟,نمت مليح؟,استرحت في نومك ؟,رقدت عدل؟,نعستي مزيان؟,بشكل جيد؟,نمت منيح؟,رقدت سوا؟,رقدت بالباهي؟,رقدت كويس؟,رقدت بالقدا؟
5364,بس تخلص مدرستك؟,ما تخلص مدرسة؟,كي تكمل الدراسة؟,ما تخلص مدرسة؟,ما تخلص مدرسة؟,ما تخلص مدرسة؟,ما تخلص مدرسة؟,ما تخلص مدرسة؟ ؟,بعد تكمل المدرسة؟,ما تخلص المدرسة؟,ما تخلص مدرسة؟,عقب المدرسة؟,ملي تسالي المدرسة؟,ما تخلص دراسة؟,بس تخلص مدرسة؟,بعد أن تنهي المدرسة؟,ما تخلص مدرسي؟,من المدرسة . ؟,ماتخلص المدرسة؟,ملي تسالي لقرايا؟,ما تخلص دراستك؟,ما تخلص مدرسة؟,لما تتم المدرسة؟,تكمل المدرسة؟,ما تكمل المدرسة؟,ما تكمل قرايتك؟
5366,الكتف بالشارع.,منى فى الشارع.,ديالي فالطريق.,كتفي بالشارع.,انا وفي الشارع.,جنطتي بالشارع.,الجتف بالشارع.,لبكتفي بالشارع .,بتاعي في الشارع.,انا في الشارع .,كتفي بالشارع.,في الشارع.,اليد فالشارع.,كتفي في الشارع.,الكتف تبعتي بالشارع.,بتاعتي في الشارع.,الكتف بالشارع.,الشارع .,حقيبة في الشارع.,ف الزنقة.,في الشارع.,مني بالشارع .,كتفي في الشارع.,في الشارع.,مني في الشارع.,في الطريق.
5367,غير الفطور الصبح؟,جنب الفطار النهاردة الصبح؟,غير فطور الصباح؟,تانية غير فطور الصبح؟,غير الفطار الصبح؟,غير الريوك الصبح؟,بجانب الريوك هذا الصبح؟,الترويقة اليوم الصبح؟ ؟,الفطور الصبح هضا؟,الفطر النهاردة الصبح؟,غير الفطور الصبح؟,غير الريوق الصبح؟,مع الفطور هاد الصباح؟,مع الفطور الصباح دا؟,مع الفطور الصبح؟,بجانب الفطور الصباح دا؟,الى التغيوقه هذا الصبح؟,جانب طعام الإفطار هذا الصباح ؟,جانب الريوق هذا الصباح؟,غير الفطور هاد الصباح؟,غير الفطور هذا الصباح؟,الفطور بهاد الصبح؟,الصبوح اليوم الصبح؟,فطور الصباح في الصباح؟,غير الفطور اليوم الصبح؟,فطور الصباح اليوم الصباح؟
5407,بيضا، إذا سمحت.,بيضا، لو سمحت.,حليب، من فضلك.,لو سمحت.,بحليب، لو سمحت.,بيضة، رجائا.,بيضه، رجاءا.,بيضا إذا بتريد.,بيضة، لو سمحت.,من فضلك .,بيضا، لو سمحت.,بيضة، لو سمحت.,القهوة البيضاء، عافاك.,بيضا، لو سمحت.,بيضا، لو سمحت.,بيضاء، من فضلك.,القهوي البيضا، رجاءا.,من القهوة البيضاء .,البيضاء، من فضلك.,ب لحليب، عفاك.,البيضاء، لو سمحت.,لو سمحت .,بيضاء، لوسمحت.,حليب، يعيشك.,بيضه، من فضلك.,بالحليب، يعيشك.
5410,هون شي؟,مكان قريب من هناك؟,الشيراطون فالنواحي؟,بالمنطقة هون؟,قريب من هنا؟,الشيراتون هناك؟,قريب منا؟,قريب من هونيك؟,قريب من هنا؟,قريب من هنا؟,قريب من هون؟,قريب من هناك؟,شيراتون تما؟,الشيراتون هناك؟,قريب من هون؟,الشيراتون حوالي هنا؟,قغيب من هوني؟,قريب من هناك ؟,شيراتون هناك؟,كاين غي هنايا؟,قريب من هنا؟,قريب من هون؟,شيراتون هاناك؟,قريب من هوني؟,الجيهة هادي؟,موجود في الحواز؟
5411,كتير تعبان.,تعبان أوى.,بزاف عيان.,كتير تعبان.,مش تعبان.,مو تعبان.,كلش تعبان.,كتير تعبان.,تعبان واجد.,تكونش تعبان .,تعبان كتير.,مو تعبان واجد.,عيان بزاف.,تعبان مرة.,كتير تعبان.,تعبان شديد.,ما كلش تعبان.,متعبا جدا .,ماتعبان وايد.,عييان بزاف.,غير مرهق.,تعبان كثير .,تاعب قوي.,ماتكونش تاعب بارشا.,ما تكونش تعبان.,تاعب برشا.
5431,هالنوع شغلة يومين.,الفئة دى لمدة يومين.,من هاذ الطراز ليومين.,هاد النوع لمدة يومين.,الفئة دي لمدة يومين.,هذي الفئة ليومين.,هذا النوع ليومين.,من هالنوع ليومين.,النوعية هضي ليومين.,ديه لمده اسبوعين .,هالنوع لمدة يومين.,هالنوع لمدة يومين.,هاد النوع لمدة يومين.,نفس الفئة ليومين.,هدا النوع ليومين.,النوع دا ليومين.,من هالصنف ليومين.,الطراز لمدة يومين .,هالنوع لمدة يومين.,هاد النوع ل يوماين.,هذي الفئة ليومين.,هاد النوع ليومين .,هذا النوع ليومين.,المودال هذا على نهارين.,للفئة هادي ليومين.,النوع هذا لنهارين.
5436,جاك دانيلز.,لجاك دانيالز.,جاك دانيال.,لجاك دانييلز.,من جاك دانييل.,جاك دانيال.,من جاك دانييل.,جاك دانيلز.,جاك دانيلز.,دانيالز .,جاك دانييلز.,كوب صغير.,من جاك دانيلز.,لجاك دانيالز.,من جاك دانييل.,بتاعت جاك دانيلس.,مال جاك دانيلز.,دانيلز .,من جاك دانيلز.,جاك دانييل.,جاك دانيلز.,جاك دانيلز .,لجاك دانيلز.,جاك دانيالز.,جاك دانيلز، لو سمحت.,جاك دانيال.
5437,إذا سمحت.,لو سمحت.,الماييز، من فضلك.,لو سمحت.,فشار، لو سمحت.,شامية، رجائا.,شامية، رجاءا.,إذا بتريد.,لو سمحت.,من فضلك .,لو سمحت.,لو سمحت.,الدرى، عافاك.,لو سمحت.,لو سمحت.,فشار من فضلك.,شاميه، رجاءا.,، من فضلك .,الفشار، من فضلك.,لغليا، عفاك.,لو سمحت.,لو سمحت .,تنفاش، لوسمحت.,قتانيا، يعيشك.,لو سمحت.,قطانيا، يعيشك.
5447,عصاية تزلج.,تزحلق عالجليد.,تع التزحلق.,عصاية التزلج.,الزحلقة على الجليد.,عصا سكي.,عصا تزلج.,عصاية التزلج.,عصاة تزلج.,وقعت مني .,عصاية تزلج.,عصا التزلج.,ديال التزلج.,عصا التزلج.,عصاية تزلج.,عصا تزلج.,عصا التزلج.,عصى التزلج .,عصا للتزلج.,لعصا ديال سكي.,عصا التزلج.,عصاية تزلج.,عصا التزلج.,عصا التزحليق.,عصاة تزلج.,متاع السكي.
5455,بدالون، بجيبوا الضيوف مصاري.,بدل كدة، الضيوف بيجيبوا فلوس نقدية.,مكانه، الضياف يهديو الدراهم.,وبدالها، الزبون بدفع كاش.,من كدة الضيوف نقضت.,للعازم، الخطار يجيبون فلوس.,الخطار جابو فلوس كاش.,الزوار بجيبو مصاري.,هكي، الضيوف يجيبو كاش.,بدل كده، الضيوف بينقطوا بفلوس .,الضيوف بجيبوا مصاري.,بس الضيوف يجيبون فلوس.,هادا، الضيوف كيجيبو الفلوس.,كدا، الضيف يجيب كاش.,بالمقابل، الضيوف بيجيبو كاش.,كبديل، الضيوف بجيبوا كاش.,مبداله، الضيوف يجيبون فلوس كاش.,من ذلك يحضر الضيوف أموالاً نقدية .,عن ذلك الضيوف يعطون فلوس.,بلاصتو الناس كايعطيو لفلوس.,هذا، الضيوف يجيبون كاش.,بدال هيك، الضيوف بيجيو كاش .,الاستقبال. بالمقابل، الضيوف يدو كاش.,هذا، الي جاو عطاو فلوس.,بدل الهدايا، الضيوف يجيبو فلوس.,ع البلاصة، المستدعين يعطيو الفلوس.
5458,الأرضي او البحري.,البريد البري او البحري.,البري او البحري.,البريد البري او البحري.,بالبريد البري او البحري.,البريد البري او البحري.,البري او البحري.,البري او البحري.,البري او البحري.,البري او البحري.,البريد البري او البحري.,البري او البحري.,البري او البحري.,البريد البري او البحري.,البري او الجوي.,البري او البحري.,البري او البحري.,طريق البريد .,البريد البري او البحري.,البري اولا البحري.,البري او البحري.,البريد البري او البحري.,البري او البحري.,البري او البحري.,البري او البحري.,البريد البري او البحري.
5492,بسبب التلج القوي.,بسبب التلج الكتير.,جال عاصفة ثلجية كبيرة.,عشان التلوج القوية.,علشان التلج الكتير.,لان هواية ثلج.,بسبب الثلج الثكيل.,كرمال التلج القوي.,بسبب الثلج الكثيف.,عاصفة ثلجية .,بسبب التلج الغزير.,بسبب الثلوج الكثيفة.,بسباب الثلوج الكثيفة.,عشان الثلج.,عشان التلج الكتير.,بسبب الثلج الثقيل.,بسبب الثلج الكثيغ.,الثلج الكثيف .,بسبب الثلوج الكثيفة.,شي عاصفة ديال التلج.,الثلج الكثيف.,بسبب الثلوج الكثيفة.,بسبب الثلج الكثيف.,حيت فما عاصفة ثلجية.,خاطر التلج كان هلبه.,العاصفة القوية متاع الثلج.
5518,إذا سمحت.,من فضلك.,من فضلك.,لو سمحت.,لو سمحت.,رجائا.,رجاءا.,بتريد .,من فضلك.,من فضلك.,رجاءً.,لو سمحت.,عافاك.,لو سمحت.,لو سمحت.,من فضلك.,رجاءا.,فضلك ؟,لو سمحت.,عفاك.,لو سمحت.,لو سمحت.,لوسمحت.,يعيشك.,من فضلك.,يعيشك.
5521,إذا سمحت؟,من فضلك؟,من فضلك؟,لو سمحت؟,لو سمحت؟,رسالة، رجائا؟,رسالة، رجاءا؟,إذا بتريد؟,لو سمحت؟,من فضلك؟,لو سمحت؟,لو سمحت؟,رسالة، عافاك؟,لو سمحت؟,لو سمحت؟,من فضلك؟,رساله، رجاءا؟,أن تتلقى رسالة ؟,من فضلك؟,معاك، عفاك؟,لو سمحت؟,لو سمحت ؟,رسالة، لوسمحت؟,رسالة، يعيشك؟,رسالة، من فضلك؟,الميساج، يعيشك؟
5540,حضرتك أبطأ شوي، إذا ممكن؟,أبطأ شوية، من فضلك؟,تهدر بالشوية، من فضلك؟,تحكي ابطأ شوي، لو سمحت؟,بالراحة شوية، لو سمحت؟,حجيك، احجي على كيفك؟,تحجي شوي بطئ، رجاءا؟,تحكي ابطء شوي إذا بتريد؟,قريب من هنا؟,تتكلم بشويش شوية، من فضلك؟,أبطئ بشوي، إذا ممكن؟,تتكلم ابطأ شوي، لو سمحت؟,ممكن تهدر بشوية، عافاك؟,تهرج ببطء، لو سمحت؟,أبطأ شوي، لو سمحت؟,أبطأ قليلا، من فضلك؟,تحكي شويه ابطأ، رجاءا؟,أن تتحدث ببطء أكثر من فضلك .,ببطء قليلا، من فضلك؟,واخا تهدر غي بشوييا، عفاك؟,غولف قريبة من هنا؟,شوي ابطأ، لو سمحت ؟,تتحاكى ابطأ شوية، لوسمحت؟,تتكلم اكثر بالشوية، يعيشك؟,ممكن تتكلم بالشويه، من فضلك؟,تتكلم بالشوية بالشوية، يعيشك؟
5549,بقدر أفرجيك؟,أفرجك إيه؟,نقدر نوريلك؟,ممكن أورجيك؟,أوريك أيه؟,أشوفك؟,اكدر اراويك؟,فيي فرجيك؟,نقدر نوريك؟,اقدر اوريهولك؟,فيني ورجيك؟,ممكن اوريك؟,ممكن نوريك؟,ممكن اوريك؟,بقدر أفرجيك؟,أوريك شنو؟,اطيق اشوفك؟,أريك ؟,اقدر اراويك؟,بغيتي نوريك؟,اقدر اوريك؟,بقدر افرجيك؟,ممكن ارويك؟,انجم نوريك؟,نقدر نوريك؟,نجم نوريك؟
5559,أصور؟,آخد صور؟,ناخذ تصاور؟,آخد صورة؟,آخد صور؟,اخذ صور؟,اخذ صور؟,اخد صور؟,ناخذ صور؟,اخد صورة؟,آخد صور؟,اصور؟,شي صورة؟,اصور؟,أصور؟,اخد صور؟,اخذ صور؟,بعض الصور ؟,التقط الصور؟,نصور؟,اخذ صورة؟,اصور؟,أصور؟,ناخذ تصاور؟,ناخد صور؟,نعمل تصاور؟
5570,مية.,أصل مية.,مئة.,أصل مية.,من مية.,مية.,اصل مية.,مية .,مية.,ميه .,مية.,مية.,أصل مية.,المية.,أصل مية.,المئة.,ميي.,مائة .,أصل مائة.,لميا.,المئة.,أصل مية.,ميه.,مية.,من ميه.,ميا.
5584,وتمانين لطوكيو بإدعش آذار.,لطوكيو فى حداشر مارس.,ثمانون لطوكيو فالإحد عشر من مارس.,وتمنين لطوكيو في احدعش مارس.,لطوكيو يوم حيداشر مارس.,الى طوكيو اذار يوم دعش.,وثمانين لطوكيو باهدعش اذار.,وتمانين لطوكيو ب حداعش اذار.,ثمانين لطوكيو يوم احداش ثلاثة.,رايحة اليابان في حداشر مارس .,على توكيو بإدعش آذار .,لطوكيو بتاريخ احدعش مارس.,لطوكيو في الحادي عشر من مارس.,لطوكيو في حداعشر مارس.,تمانين لطوكيو في احداعش مارس.,في الحادي عشر من مارس.,تسعه لليابان بايدعش من اذار.,طوكيو في الحادي عشر من مارس .,لطوكيو في الحادي عشر من مارس.,ل اليابان نهار حضاش مارس.,لطوكيو في الحادي عشر من مارس.,وثمانين لطوكيو ب اهدعش ثلاث.,ل طوكيو في حداعش مارس.,ثمانين لطوكيو نهار احداش مارس.,تمانين لطوكيو يوم حداش مارس.,وثمانين لطوكيو نهار أحداش مارس.
5585,هداك الطبق؟,اللى زى دة؟,نفس الطبق؟,الصحن اللي هناك؟,زي ده؟,هذا ألصحن؟,الطبق مثل ذاك؟,الصحن متل هيداك؟,الي زي هضكي؟,تاني زى ده؟,هديك الوجبة؟,نفس هالطبق؟,الطبق بحال هاداك؟,الطبق داك؟,هداك الصحن؟,الصحن زي داك؟,الطبق مثل هذاك؟,آخر مثل هذا ؟,اخر مثل هذا؟,فحال هاد لماكلا؟,الطبق مثل هذاك؟,الطبق هداك؟,ساع هذا؟,نفس الماكلة؟,الوجبه زي هديكا؟,البلا هذا؟
5594,غيرو؟,واحد تانى؟,عندكم واحدأوخر؟,واحد تاني؟,واحد تاني؟,واحد ثاني؟,غير واحد؟,واحد تاني؟,واحد اخر؟,واحد تاني؟,واحد تاني؟,وحدة ثانية؟,واخد اخور؟,وحدة تانية؟,كمان واحد؟,واحد تاني؟,ويحد اللاخ؟,أخرى ؟,واحد غير؟,وحدا خرا؟,شيء ثاني؟,واحد ثاني؟,واحدة ثانية؟,واحد آخر؟,واحد تاني؟,واحد آخر؟
5596,غرفتي عالسبعة الصبح بكرة.,أوضتى الساعة سبعة بكرة الصبح.,ديالي على السبعة تع الصبح.,بكرا الساعة سبعة الصبح.,بكرة الساعة سبعة الصبح.,لغرفتي ساعة سبعة الصبح.,لغرفتي بالسبعة باجر.,عغرفتي عالسبعة الصبح بكرا.,لداري السبعة الصبح بكرة.,بكرة سبعة الصبح .,بكرا الصبح عالساعة سبعة.,باجر الصبح الساعة سبع.,في السبعة ديال الصباح.,الساعة سبعة الصباح بكرة.,بكرا الصبح الساعة سبعة.,عند السابعة صباح بكرة.,ساعه سبعه الصبح غدا.,في السابعة من صباح الغد .,في السابعة باجر الصبح.,معا السبعة د الصباح.,الساعة سبعة صباحا بكرة.,بكرا الساعة سبعة الصبح .,بكرة الساعة سبع الصبح.,لبيتي السبعة متاع الصباح.,الساعه سبعة الصبح غدوه.,مع السبعا غدوة الصباح.
5615,يطلع شي شوي.,فوق حالا.,شوية يطلع.,قرب يوصل.,على طول.,يجي بعد شوية.,فوك بعد شوي.,بعد شوي.,حيجي قريب.,الصيانه حالا .,صيانة بعد شوي.,بيجي قريب.,غاكون هنا قريب.,حيجي قريب.,الصيانة كمان شوي.,يجي قريب.,يكون موجود قريبا.,في الحال .,بايي قريبا.,السيد ديال المانطونونس.,بعد شوي.,بعد شوي .,هانا قريب.,بعد شوية.,عندك علي طول.,يطلع بعد شوية.
5617,برجع بعدين.,هرجع تانى بعدين.,نجي ممبعد.,أرجع بعدين.,هاجي تاني بعدين.,ارجع بعدن.,ارجع بعدين.,بجي بعدين.,نرد بعدين.,حأرجعلك بعدين.,برجع بعدين.,برجع بعدين.,نجي من بعد.,حرجع بعدين.,أرجع بعدين.,اجي راجع لاحقا.,ارجع بعدين.,لاحقاً .,برجع لاحقا.,بعد او نرجع.,برجع بعدين.,ارجع بعدين .,شارجع بعدين.,نرجع بعد.,حنجي بعدين.,نرجع بعد.
5640,بقدر آخدو؟,أقدر أخده؟,نقدرنديه؟,بقدر آخده؟,ازاي دي؟,راح أخذهة؟,اكدر اخذه؟,فيي اخدو؟,نقدر ناخذه؟,أقدر أخده؟,فيني آخده؟,اقدر اخذه؟,تقدر نشدها؟,ممكن اخذها؟,بقدر أخدو؟,ممكن أخده؟,اطيق اخذا؟,أستقلها ؟,أن أخذه؟,نقدر الناخدو؟,اقدر اخذه؟,بقدر اخده؟,ممكن اشلها؟,باش ناخذه؟,نقدر ناخده؟,نجم ناخذو؟
5648,بجولة يوم الخميس؟,فى جولة الخميس؟,للرحلة تع الخميس؟,برحلة يوم الخميس؟,جولة يوم الخميس؟,بجولة الخميس؟,برحلة الخميس؟,فجولة الخميس؟,في جولة الخميس؟,رحلة يوم الخميس؟,بجولة الخميس؟,جولة الخميس السياحية؟,لرحلة يوم الخميس؟,في جولة الثلاثاء؟,لجولة الخميس؟,في جولة الخميس؟,بالجوله مال الخميس؟,بالنسبة لرحلة الخميس ؟,رحلة الخميس؟,الرحلة ديال نهار الخميس؟,على رحلة الخميس؟,بجولة الخميس؟,جوله يوم الخميس؟,متاع نهار الخميس؟,للجوله متاع يوم الخميس؟,نهار الخميس؟
5657,معلش أعدي؟,ممكن أعدى؟,نقدر نجوز؟,بقدر امر؟,ممكن أعدي؟,ممكن افوت؟,اقدر اكمل؟,فيي امرق؟,نقدر نمر؟,ممكن أعدي؟,ممكن امرق؟,ممكن اتصرف؟,نقدر ندوز؟,ممكن امشي؟,بقدر أمرق؟,ممكن أمر؟,ممكن اعبغ؟,لي بالمرور ؟,ممكن امشي؟,وخا ندوز؟,ممكن اكمل؟,بقدر امر؟,ممكن أعدي؟,نجم نمشي؟,ممكن نمر؟,نجم نتعدى؟
5680,نباتات وفواكه؟,نباتات وفواكه؟,و فواكه؟,خضار وفواكه؟,خضروات وفاكهة؟,او فواكه؟,نباتات وفواكه؟,و فواكه؟,أو فواكه؟,أو فاكهة؟,نباتات وفواكي؟,او فواكه؟,نباتات ولا فواكه؟,ولا فواكه؟,و فواكه؟,نبتات و فواكه؟,نباتات و فواكه؟,أو فواكه ؟,نباتات وفواكه؟,و شي ديسير؟,و فواكه؟,زريعة و فواكه؟,أو فواكة؟,و غلة؟,و فواكه؟,نبتات وغلة؟
5684,بعبي بطاقة الخروج؟,أملا بطاقة النزول؟,نعمر بطاقة الهبوط؟,كيف أعبي بطاقة النزول؟,املى استمارة النزول دي؟,اترس طاقة النزول؟,بطاقة النزول هاي؟,بعبي كرت الدخول؟,كيف نعبي بطاقة النزول؟,املى استمارة النزول ديه؟,بدي عبي بطاقة النزول؟,املي بطاقة النزول هذي؟,نعمر بطاقة النزول؟,املي بيانات بطاقة النزول؟,أعبي بطاقة المغادرة؟,املأ بطاقة النزول؟,املي بطاقة النزول؟,النزول إلى البر ؟,امليء بطاقة النزول؟,هاد الورقة د لومباركومو؟,اعبي بطاقة النزول؟,اعبي بطاقة النزول؟,كيف اعبي بطاقه النزول؟,نعمر كارطة الهبوط؟,كيف نعبي كرت النزول؟,نعمر بطاقة الهبوط؟
5695,الخمس تالاف دولار.,حوالى خمستلاف دولار.,بحوالي خمسة آلاف دولار.,حوالي خمس الآف دولار.,تستاهل حوالي حمستلاف دولار.,خمستالاف دولار.,خمسة الاف دولار.,خمستلاف دولار.,حوالي خمسة الاف دولار.,حوالي خمستلاف دولار .,حوالي خمس تالاف دولار.,تقريباً خمسة آلاف دولار.,شي خمسة آلاف دولار.,خمسة الاف دولار.,خمس الاف دولار.,حوالي خمسة آلاف دولار.,ال خمستالاف دولار.,خمسة آلاف دولارا .,حوالي خمسة آلاف دولار.,ديك خمسالاف دولار.,خمسة الاف دولار.,حوالي خمستالاف دولار .,حوالي خمسة ألف دولار.,خمسة الاف دولار.,تقريبا خمسة الاف دولار.,حدود خمسا لاف دولار.
5706,قليل السعرات؟,سعراته قليلة؟,بسعرات حرارية قليلة؟,كتير سعرات حرارية؟,سعراته الحرارية قليلة؟,قليل السعرات؟,السعرات الحرارية؟,بالسعرات الحرارية؟,سعرات حرارية منخفضة؟,منخفض السعرات؟,سعرات حرارية قليلة؟,في هالأكل؟,منخفض فالسعرات الحرارية؟,في سعراته؟,سعرات حرارية قليلة؟,في السعرات الحرارية؟,قليل السعرات الحراريه؟,السعرات الحرارية ؟,في السعرات الحرارية؟,لماكلا مكاتغلضش؟,السعرات الحرارية؟,سعراتو قليلة؟,قليل السعرات الحرارية؟,فيهاش كالوري؟,كالورياتها واطيه؟,مافيهاش سعرات؟
5717,آخد لأروح للمحطة؟,عشان أروح المحطة؟,نديها باش نروح للمحطة؟,عشان أروح على المحطة؟,علشان اروح المحطة؟,حتى أوصل للمحطة؟,حتى اروح للمحطة؟,اخد لروح عالمحطة؟,عشان نمشي للمحطة؟,أخده للمحطة؟,آخد لروح هالمحطة؟,حق اروح المحطة؟,نشد باش نمشي للمحطة؟,عشان أوصل للمحطة؟,أروح على المحطة؟,عشان أمشي المحطة؟,حتى اصل للمحطة؟,آخذ إلى المحطة ؟,إليها للذهاب إلى المحطة؟,غار خاصني نشد؟,عشان اروح للمحطة؟,اخذ للمحطة؟,اشل عاسب اسير المحطة؟,باش نوصل للمحطة؟,باش نمشي للمحطة؟,ناخوها باش نمشي للمحطة؟
5723,وتضل عهالطريق لحتى توصل عالطريق ستة وستين.,فى الشارع دة لحد ما توصل للطريق ستة وستين.,تكمل في هاذ الطريق حتى للطريق ستة و ستون.,بنفس الشارع لعند ما توصل طريق ستة وستين.,ماشي فى الشارع لغاية متوصل طريق ستة وستين.,وتكمل كبل لحد ما توصل شارع ستة وستين.,ذاك الطريق لحد ما توصل للطريق ستة وستين.,عنفس الشارع لتوصل لطريق ستة و ستين.,تكمل في هضكي الشارع لعند تطق لشارع ستة وستين.,في الشارع لحد ما توصل لطريق سته و ستين .,نفس الشارع لحد ما توصل عالطريق ستة وستين.,الشارع لين ما توصل طريق ستة وستين.,وتبقى فهاد الشارع حتى توصل للطريق ستة وستين.,بنفس الشارع لين ما يجيك طريق ستة وستين.,على الشارع لتوصل لطريق رقم ستة و ستين.,تبقى في الشارع داك لغاية تجي للشارع ستة وستين.,بالشارع الى ان تصل الى طريق ستي وستين.,في ذلك الشارع حتى تصل إلى الطريق رقم ستة وستين .,وابقى في هالشارع حتى توصل للطريق ستة وستين.,ف ديك الطريق حتال توصل ل طريق ستا وستين.,الشارع حتى توصل طريق ستة و ستين.,على هداك الشارع حتى توصل لطريق ستة و ستين .,اخطا طوالي لما تجي لا شارع سته وستين.,الثنية هذه لين توصل للثنية نومرو ستة و ستين.,في الطريق لين توصل لي شارع سته وستين.,في النهج هذا حتى الطريق ست وستين.
5733,آخد دوا، إذا سمحت.,أخد الدوا، من فضلك.,نشرب الدوا، من فضلك.,آخد الدوا، لو سمحت.,اخد الدوا، لو سمحت.,أخذ الدوة، رجائا.,اخذ دوا، رجاءا.,الدوا إذا بتريد.,شوية دواء، لو سمحت.,الدوا، من فضلك .,دوا، لو سمحت.,اخذ الدوا، لو سمحت.,ناخذ شي دوا، عافاك.,اخذ الدواء، لو سمحت.,أخد الدوا، لو سمحت.,بعض الدواء، من فضلك.,اخذ شويه ادويه، رجاءا.,"الدواء , من فضلك .",بعض الدواء، من فضلك.,نشرب بيه دوا، عفاك.,اخذ دواء، لو سمحت.,الدوا، لو سمحت .,اشرب العلاج، لوسمحت.,ناخذ الدواء، يعيشك.,شوية أدويه، من فضلك.,نشرب الدواء، يعيشك.
5761,بتاخدني عالشاطئ.,لو أخدتنى للشاطئ.,توصلني للبحر.,لو تاخدني لعند الشط.,لو اخدتني للشاطئ.,أذا تاخذني للشاطي.,اذا اخذتني للشاطئ.,اخدتني عالبحر .,لو خذيتني للبحر.,اخدتني للشاطئ .,إذا أخدتني عالشط.,جان بتوديني الساحل.,ديتيني للشاطئ.,لو اخذتني للشاطيء.,ازا بتاخدني على الشط.,إذا اخدتني معاك للشاطي.,اذا تاخذني للشاطي.,أخذتني إلى الشاطئ .,خذتني الى الشاطى.,لا بلاج.,خذيتني للشاطئ.,اخذتني على الشاطئ .,لو تشلني للشاطئ.,توصلني للشط.,لو رفعتني للبحر.,تهزني للبحر.
5772,غلط. هون تانكيوشا بريس.,الغلط. دى تانكيوشا برس.,معك تانكييوشا برس.,معك تانكيوشا بريس.,هنا تانكيويشا برس.,الغلط، احنة تانكيشا بريس.,غلط، هذا تانكيوشا بريس.,تانكيوشا برس .,الغلط. هضي تانكيوشا بريس.,غلط . ديه تانكيوشا برس.,هون تانكيوشا بريس.,الغلط. هذي تانكيوشا برس.,هادا هو تانكيوشا بريس.,معاك تانكيوشا برس.,معك تانكيوشا برس.,غلط. دي تانكيوشا بريس.,هذا تانكيوشا بريس.,هذه وكالة تانكيوشا الصحفية .,هاذي تانكيوشا بريس.,وقع. هادي طانكيوشا برس.,الخطأ. هذا تانميوشا بريس.,. معك تانكيوشا بريس.,هذه تانكيوشا برس.,معاك تاناشا برس.,غلط. هدا تانكيوشا بريس.,هذا تانكوشا برس.
5779,عم نطلع.,تشيك آوت.,نسجل خروج.,خارجين.,ماشيين.,راح نطلع.,طالعين.,تشيك اوت.,طالعين.,تشيك اوت.,طالعين.,جيك اوت.,كنغادروا.,خارجين.,نسجل خروج.,بنغادر.,عنسجل خروج.,ونغادر .,خروج.,نخرجوا.,بنغادر.,بنطلع.,عنخرج.,نمشيو.,طالعين.,خروج.
5830,هالموسيقى؟,الموسيقى دى؟,هاذ الموسيقى؟,هاي الموسيقى؟,الموسيقى دي؟,هاي ألموسيقى؟,هاي الموسيقى؟,هالموسيقى؟,الموسيقى هضي؟,المزيكا ديه؟,هي الموسيقى؟,الموسيقى؟,هاد الموسيقى؟,الموسيقى دي؟,هاي الموسيقى؟,موسيقى شنو؟,هاذي الموسيقى؟,الموسيقى ؟,هالموسيقى؟,هي الموسيقا؟,هذي الموسيقى؟,هاي الموسيقى؟,هذه الموسيقى؟,الموسيقى هذه؟,الموسيقى هادي؟,الموزيكا هاذي؟
5847,وحدة، بعد كل وجبة.,لإبنك، جرعة، بعد كل وجبة.,مقدار واحد بعد الأكل.,جرعة وحدة، بعد كل وجبة.,جرعة واحدة بعد الأكل.,وحدة بعد كل وجبة.,قياس واد، بعد كل وجبة.,مرة بعد كل وجبة.,جرعة وحدة، بعد كل وجبة.,واحدة، بعد كل وجبة .,وحدة، بعد كل وجبة.,وحدة، عقب كل وجبة.,مقياس واحد، بعد كل وجبة.,وحدة، بعد كل وجبة.,معلقة وحدة، بعد كل وجبة.,مقاس واحد، بعد كل وجبة.,ويحد، بعد كل وجبي.,جرعة واحدة بعد كل وجبة .,واحد، بعد كل وجبة.,معيلقا مورا الماكلا.,وحدة واحدة، بعد كل وجبة.,واحد بعد كل وجبة .,واحد، بعد كل وجبة.,لولدك، مغرفة بعد الماكلة.,واحد، بعدك كل وجبة.,دوزة بعد كل وجبة.
5848,واحد وتلاتين وخمسة وتلاتين سنتيمتر.,واحد وتلاتين وخمسة وتلاتين سنتيمتر.,واحد وثلاثون وخمسة و ثلاثون سنتمتر.,وعشرين، واحد وتلاتين وخمسة وتلاتين سانتي.,واحد وتلاتين وخمسة وتلاتين سنتي.,وتلاثين و خمسة و تلاثين سنتيميتر.,وتلاثين وخمسة وتلاثين سنتيمتر.,تلاتين، و خمسة و تلاتين سنتي.,ثلاثين و خمسة و ثلاثين سنتيمتر.,و مقاس خمسه تلاتين سانتي .,واحد وتلاتين وخمسة وتلاتين سنتيمتر.,وواحد وثلاثين وخمسة وثلاثين سنتي.,وثلاثين وثلاثة وخمسين سنتيمتر .,وتلاتين وخمسة وتلاتين سنتيميتر.,و تلاتين و خمسة و تلاتين سنتيمتر.,وتلاتين و خمسة وتلاتين سنتيمتر .,وثلاثين و خمسي وثلاثين سانتيميتر.,وواحد وثلاثين وخمسة وثلاثين سنتيمترا .,وثلاثين وخمسة وتلاتين سنتيمتر الأحجام.,و تلاتين و الخمساوتلاتين.,ثلاثين و خمس و ثلاثين سنتيمتر .,و ثلاثين و خمسة وثلاثين سنتميتر .,واحد وثلاثين وخمسة وثلاثين سنتيمتر.,ثلاثين و خمسة و ثلاثين صانتيماتر.,عشرين، واحدوتلاتين، و خمسة و تلاتين سانتيمتر.,الواحد وثلاثين والخمسا وتلاثين صنتمتر.
5875,هيئتو كتير.,كأنه كتير.,يشبه بزاف.,مألوف علي.,شكله كتير.,جنهة هواية.,مبين هواي.,كتير .,باين واجد.,كتير .,كتير كأن.,شكله واجد.,كيبان بزاف.,كأنه كتير.,شكلو كتير.,أن كثير.,يبين كثيغ.,كأنه قرعة .,كانه عالي.,هادشي بزاف.,يبدو كثير.,كثيير .,شكله خيرات.,يشبهلي بارشا.,شكله هلبه.,يشبهني برشا.
5898,أستعمل تلفونك؟,أستخدم تليفونك؟,ديالك، من فضلك؟,أستخدم تلفونك؟,استخدم تليفونك؟,استعمل تلفونك؟,استخدم تلفونك؟,استعمل تلفونك؟,نستعمل تليفونك؟,أستعمل تليفونك؟,استعمل تلفونك؟,استخدم تلفونك؟,الهاتف ديالك؟,استخدم تلفونك؟,أستعمل تلفونك؟,استخدم تلفونك؟,استخدم تليفونك؟,أستعمل هاتفك ؟,استخدام هاتفك؟,نعيط بيه، عفاك؟,استخدم تيليفونك؟,استعمل تلفونك؟,استخدم تلفونك؟,تاليفونك، يعيشك؟,نستخدم تلفونك؟,تاليفونك، يعيشك؟
5902,طيبة. شقد سعرو؟,جدا، دة بكام؟,شحال تسوا؟,حلوة. كيف سعره؟,جدا. بكام ده؟,طيبة، ابيش؟,ببيش هو؟,. اديه حقو؟,بكل. بكم هو؟,. تمنه كام؟,أديش سعره؟,حلوة. بكم؟,بشحال الثمن ديالو؟,حلوة، بكم؟,قديش حقو؟,كم سعره؟,طيبي، اشقد سعرو؟,كم ثمنه ؟,كم سعره؟,بشحال هادشي؟,جدا. بكم؟,. كم حقه؟,بكم هو؟,بقداش سومه؟,حلوه. بقداش؟,قداش زعما يتكلف؟
5906,ع شيكاغو بسبطعش الشهر.,لشيكاجو يوم سبعتاشر.,ديالي لشيكاقو فالسابع عشر.,لتشيكاغو في سبعطعش الشهر.,رحلتي لشيكاغو يوم سبعتاشر.,الى شيكاكو يوم سباطعش.,لشيكاكو يوم سبعطعش.,ب سبعتاعش الشهر.,رحلتي لشيكاغو يوم سبعطاش.,شيكاغو يوم سبعتاشر .,على شيكاغو بسبطعش الشهر.,لشيكاغو تاريخ سبعطعش.,ديالي لشيكاغو نها سبعة عشر.,لشيكاغو يوم سبعطشر.,لشيكاغو في سبعتاش الشهر.,لشيكاغو يوم سبعتاشر.,الى شيكاغو يوم سباطعش.,شيكاغو في السابع عشر .,يوم سبعة عشر.,نهار سبعطاش ف الشهر.,لشيكاغو يوم سبعة عشر.,شيكاغو ب سبعطعش .,لا شيكاغو في سبعطعش.,لشيكاغو نهار سبعطاش.,طيارتي لشيكاجو يوم سبعطاش.,لشيكاغو نهار سبعطاش.
5913,كتير شوي.,كتير شوية.,شوية بزاف.,شوي بالأكل.,كتير شوية.,شوية هواية.,شوي هواي.,زيادة .,شوية .,من اللازم .,كتير.,الأكل شوي.,من اللازم.,كتير.,عن اللزوم.,شديد شوية.,شويه كثيغ.,ما .,من اللازم.,بزاف.,بشراهة شوي.,زيادة .,شوية خيرات.,كليت بارشا.,كليت هلبه.,ما برشا.
5914,آنسة براون؟,الآنسة براون؟,السيد براون؟,الآنسة براون؟,انسة براون؟,الست براون؟,السيد براون؟,السيد يراون؟,انسة براون؟,مس براون؟,الآنسة براون؟,سيدة براون؟,مع السيد براون؟,مس براون؟,الانسة براون؟,مس براون؟,السيد براون؟,إلى السيدة براون ؟,السيدة براون؟,السي براون؟,السيدة براون؟,السيدة براون؟,الآنسة براون؟,سي براون؟,السيد براون؟,سي. براون؟
5916,للعيش، ما هيك؟,للعيشة فيه، مش كدة؟,في هاذ الدار، ياك؟,العيش فيه، مش هيك؟,العيشة فيه، مش كدة؟,مريح بالعيشة، مو؟,للي يعيش بي، مو؟,مريح، صح؟,عشان تعيش فيه، صح؟,يعيش فيه، مش كده؟,مريحة، مو؟,هالبيت مريحة، صح؟,للسكن، ياك بصح؟,مريح تعيش فيه، صح؟,للعيشة فيه، صح؟,للمعيشة فيه، ول لا؟,للعيشي بينو، ما تمام؟,", أليس كذلك ؟",للسكن، ما كذاك؟,هنايا، ياك؟,للعيش فيه، اليس كذلك؟,للعيشة، صح؟,للمعيشه به، صح؟,الدار هذه، موش هكا؟,للعيشه فيه، و الا؟,في ها البيت، صحيح؟
5934,صفر تمانة ستة بخمسة الشهر.,رحلة زيرو تمانية ستة ليوم خمسة.,صفر ستة و ثمانون نهار خمسة.,رقم صفر تمنية ستة في خمسطعش الشهر.,رقم صفر تمانية ستة يوم خمسة.,رقم صفر ثمانية ستة بيوم خمسة.,صفر ثمانية ستة يوم خمسة.,زيرو ستة ل خمسة الشهر .,صفر ثمانية ستة يوم خمسة.,زيرو تمانية سته ليوم خمسة.,صفر تمانة ستة تبع خمسة الشهر.,رقم صفر ثمانية ستة تاريخ خمسة.,الرحلة صفر ثمانية ستة نهار خمسة.,صفر تمانية ستة يوم خمسة.,تمنية ستة في خمستاعش الشهر.,صفر تمانية ستة يوم خمسة.,برحله صفر ثميني ستي يوم خمسه.,رقم صفر ثمانية ستة في الخامس .,الرحلة صفر ثمانية ستة ليوم خمسة.,زيرو ستاوتمانين نهار خمسا ف الشهر.,رقم صفر ثمانية ستة يوم خمسة.,صفر ثمنية ستة ليوم خمسة.,صفر ثمانيه سته لخمسه الشهر.,صفر ستة و ثمانين لنهار خمسة.,رقم صفر تمانية سته ليوم خمسة.,نومرو صفر ستا وثمانين لنهار خمسا.
5940,شخصية تانية.,شخصية تانية.,و أغراض شخصية أخرى.,وثبوتات شخصية تانية.,وحاجاتي الشخصية.,الشغلات الخصوصية.,الممكتلكات الشخصية.,شخصية غير .,ممتلكات شخصية أخرى.,من الحاجات الشخصية .,الشخصية التانية.,شخصية ثانية.,والأمتعة الشخصية الأخرى.,واشيائي الخاصة التانية.,أشياء شخصية تانية.,جوازي.,وممتلكات شخصيه اخرى.,ومتعلقات شخصية أخرى .,والأمتعة الشخصية الأخرى.,شي حوايج ديالي.,أغراض شخصية أخرى.,شخصية ثانية .,شخصية ثانية.,حوايج متاعي اخرين.,حاجات تانية شخصية.,وحاجات أخرى خاصة.
5956,بتسكر؟,إمتى؟,تغلقو؟,بتسكر؟,إمتى؟,تعزل؟,تعزل؟,ساعة بتسكر؟,تصكر؟,بتقفل؟,بتسكر؟,تسكرون؟,كتسد؟,تقفلوا؟,بتسكر؟,بتقفل؟,تغلقون؟,تغلقون ؟,تصك؟,كاتسدو؟,تسكر؟,بتسكر؟,تغلق؟,تسكروا؟,تسكرو؟,تسكر؟
5974,تركتو بالحمام.,سيبته فى الحمام.,نسيتو فالمرحاض.,أكون تركته بالحمام.,أكون سيبته فى الحمام.,عفتهة بالمرافق.,نسيته بالحمام.,بالحمام .,سيبته في الحمام.,سبته في الحمام .,نسيته بالحمام.,نسيته في الحمام.,نكون نسيتو فالحمام.,سبته في الحمام.,تركتها في الحمام.,خليته في غرفة الراحة.,عفتوها بالحمام.,تركته في غرفة الاستراحة .,تركته في الحمام.,نسيتو ف الطواليط.,خليته في الحمام.,تركته بالحمام .,فلته في الحمام.,في التواليت.,خليته في الحمام.,نسيتو في التواليت.
5987,رح أقول.,كنت هقوله.,كنت حاب نقول.,كنت بدي أحكيه.,هقوله بالظبط.,جنت اريد اكولة.,ردت اكوله.,رح قولو.,كنت حنقوله.,كنت حأقولة .,رح قوله.,كنت بقوله.,غادي نقول.,كنت حقوله.,بدي أحكيه.,ح اقولوا.,غاح اقولو.,كنت سأقوله .,كنت بأقول.,كنت باغي نقول.,كنت بقوله.,بدي احكيه .,كنت شاقوله.,شنو قلت.,كنت بنقول.,كنت باش نقولو.
5988,بظن هيك.,أفتكر كدة.,فيه أنا تاني.,بتوقع هيك.,متهيئلي كدة.,أظن.,اعتقد.,بعتقد.,انضني.,متهيألي .,بظن هيك.,اظن.,اللي كنظن.,اعتقد ده.,بتوقع.,أظن كدا.,اعتقد همين.,ذلك .,أعتقد ذلك.,كايبالي هاكاك.,اعتقد.,اتوقع .,اعتقد.,نتصور هكا.,أظني هكي.,نظنو زاد.
5997,كم غرفة؟,كام اوضة؟,فيها من غرفة؟,غرفة فيه؟,كام اوضة؟,شكم غرفة؟,كم غرفة؟,كم غرفة؟,فيه ديار؟,كام أوضه ؟,كم غرفة؟,كم غرفة؟,عدد الغرف؟,غرفة فيه؟,كم غرفة؟,كم غرفة؟,كم غرفة؟,عدد الغرف ؟,عدد الغرف؟,فيها من بيت؟,كم غرفة؟,كم غرفة؟,كم به غرف؟,من بيت؟,فيه دار؟,فيها من بيت؟
6006,بالعشا.,استمتعنا بالعشا.,العشا.,بالغدا.,إستمتعنا بالعشا.,بالعشة.,بالعشا.,العشا .,استمتعنا بالعشاء.,ده .,العشا.,العشا.,بالعشاء.,في العشاء.,العشا.,بالعشاء.,بالعشويي.,بالعشاء .,بالعشاء.,لعشا.,بالعشاء.,بالعشا .,بالعشاء.,العشاء.,جو العشي.,العشاء.
6024,بقدر أقوله.,مقدرش أقوله.,منقدرش نقوله.,مش قادرة أحكيه.,مقدرش اقول كدة.,أكدر أكوله.,اكدر اكوله.,فيي قولو.,قادر نقوله.,اقدرش اتكلم .,بقدر قوله.,ماقدر اقوله.,منقدرش نقوله.,مقدر أقوله.,بقدرش أحكيه.,ما بقدر أقوله.,اطيق اقوله.,أستطيع أن أقولها .,ماقدر اقوله.,مكانعرف نقولهه.,اقدر أقوله.,ما بقدر احكيه.,ماسترش اقوله.,نجمش نقله.,نقدرش نقوله.,نجمش نقولو.
6047,ما يصير معون دوار البحر.,بس ميجيلهومش دوار البحر.,برك مايجيهومش دوار البحر.,بتمنى ما يصيبهم دوار البحر.,ريت ميجيلهومش دوار البحر.,انه مايصير بيهم دوار البحر.,يصير عدهم دوار البحر.,يصير عندن دوخة بالبحر .,ما يحصلوش دوار بحر.,بأتمنى ما يجيلهومش دوار بحر.,ما يصير معهن دوار بحر.,ما يصيدهم دوار البحر.,جاهوم دوخة ديال البحر.,ما يجيهم دوار البحر.,ما يصيبهم دوار البحر.,بتمنى ما يصيبهم دوار البحر.,يصيغ بيهم دوار البحر.,أن لا يصابوا بدوار البحر .,مايصيدهم دوار البحر.,الدوخة ديال لبحر.,ما يجيبهم دوار البحر.,يصير معهم دوار البحر .,مايصابوش بدوار البحر.,متجيهمش دوخة بالبحر.,الله ما يدوخوش من البحر.,ما تجيهمش دوخة البحر.
6056,إذا سمحت.,لو سمحت.,من فضلك.,لو سمحت.,لو سمحت.,رجائا.,رجاءا.,إذا بتريد.,لو سمحت.,سمحت .,لو سمحت.,لو سمحت.,عافاك.,لو سمحت.,لو سمحت.,من فضلك.,طوكيو، رجاءا.,من فضلك .,لو سمحت.,طوكيو، عفاك.,لو سمحت.,سمحت .,طوكيو، لوسمحت.,يعيشك.,من فضلك.,يعيشك.
6073,منوصل تقريباً؟,المتوقع لوصولنا؟,اللي نوصلو فيه؟,متوقع نوصل؟,وصولنا المتوقع؟,وصولنا المتوقع؟,المتوقع للوصول؟,متوقع نوصل؟,وقت وصولنا؟,المفترض بتاعنا؟,المتوقع لنوصل؟,وصولنا المتوقع؟,المتوقع ديالنا؟,وصولنا المتوقع؟,وصولنا المتوقع؟,حقنا شنو؟,متوقع وصولنا؟,وصولنا المقدر ؟,وصولنا المتوقع؟,غادي نوصلو؟,الوصول المتوقع حقنا؟,المتوقع تبعنا؟,حقنا للوصول؟,باش نوصلوا؟,وصولنا المتوقع؟,المتوقع لوصولنا؟
6086,بقا بدي أدفع هلئ.,فعايز أدفع دلوقتى.,لهذا حبيت نخلص دوك.,هيك حابب أدفع هلأ.,انا عايز ادفع دلوقتي.,لذلك أريد أدفع هسة.,ذلك اريد ادفع هسه.,بدي ادفع هلق .,بهكي نبي ندفع توا:.,حابب أدفع دلوقتي .,حابب ادفع هلأ.,وقت، فأبغي ادفع الحين.,لاش بغيت نخلص دابا.,فأبا ادفع دحين.,هيك حابب أدفع هلأ.,كده داير ادفع أسى.,لذلك اغيد ادفع هسا.,أن أدفع الآن .,باجر، ابغا أدفع الآن.,من أحسن نخلص دابا.,ابغى ادفع الان.,بدي ادفع هلا .,اشتي ادفع ذلحين.,علاش نحب نخلص توة.,فا نبي نخلص توا.,مالا ماضبيا نخلص توا.
6100,إذا سمحت.,لو سمحت.,من فضلك.,لو سمحت.,لو سمحت.,شيري، رجائا.,شيري، رجاءا.,بتريد .,لو سمحت.,سمحت .,لو سمحت.,لو سمحت.,شيري، عافاك.,لو سمحت.,لو سمحت.,من فضلك.,شيري، رجاءا.,من فضلك .,من فضلك.,شري، عفاك.,لو سمحت.,سمحت .,لو سمحت.,شيري، يعيشك.,لو ممكن.,جاف، يعيشك.
6109,إذا سمحت.,من فضلك.,من فضلك.,المدخنين، لو سمحت.,بالتدخين، لو سمحت.,المدخنين، رجائا.,مدخنين، رجاءا.,إذا بتريد .,لو سمحت.,لو سمحت .,المدخنين، رجاءً.,لو سمحت.,المدخنين عافاك.,لو سمحت.,تدخين، لو سمحت.,من فضلك.,المدخنين، رجاءا.,، من فضلك .,من فضلك.,فيها، عفاك.,لو سمحت.,لو سمحت .,المدخنين، لوسمحت.,فيها، يعيشك.,مدخنين، لو سمحت.,تدخين، يعيشك.
6156,مشغول هلئ.,مشغول دلوقتى.,مشغول دوكا.,مشغول هلأ.,دلوقتي.,مشغول هسة.,مشغول هسه.,هلق .,مشغول توا.,دلوقتي .,مشغول هلأ.,هو مشغول.,مشغول دابا.,مشغول دحين.,مشغول هلأ.,مشغول الآن.,مشغول هسه.,الآن .,مشغول الحين.,هاد الساعة.,مشغول الان.,هلا .,مشغول ذلحين.,توة.,فاضي توا.,اللحظة هذي.
6167,للكتب يلي بهالمكتبة؟,اللى فى المكتبة دى؟,الكتابات في هاذ المكتبة؟,الكتب بهاي المكتبة؟,على الكتب في المكتبة؟,لهذه المكتبة؟,للكتببهاي المكتبة؟,كتب بهالمكتبة ؟,للكتب في المكتبة هضي؟,في المكتبة ديه؟,الكتب بهي المكتبة؟,كتب من هالمكتبة؟,لهدا الكتب فالمكتبة؟,في دي المكتبة؟,في هاي المكتبة؟,للكتب في المكتبة دي؟,يصلون للكتب بالمكتبه؟,الكتب في المكتبة ؟,الكتب في هذه المكتبة؟,ياخدو لكتوبا ديال المكتابا؟,الدخول لهذه المكتبة؟,للكتب بهاي المكتبة؟,في هذه المكتبة؟,كتب من المكتبة؟,يخشو للمكتبه؟,الكتب في المكتبة هاذي؟
6179,للساعة تنتين بعد الضهر؟,لحد اتنين بعد الضهر؟,الساعة الثانية بعد الزوال؟,للساعة تنتين المسا؟,لغاية الساعة اتنين الضهر؟,ساعة ثنتين الظهر؟,للثنتين ورا الظهر؟,للساعة تنتين بعد الظهر؟,لعندي الاثنين بعد الظهر؟,غرفتي لحد اتنين الضهر؟,تنتين بعد الضهر؟,لي ثنتين الظهر؟,حتى الجوج مور الظهر؟,الساعة اتنين المساء؟,تنتين بعد الظهر؟,لغاية اتنين بعد الظهر؟,الساعه ثنتين بعد الظهغ؟,غرفتي حتى الثانية مساءً ؟,الساعة الثانية بعد الظهر؟,حتى الجوج ديال الزوال؟,الى الساعة ثنتين المساء؟,للساعة ثنتين المسا؟,الساعة ثنتين بعد الظهر؟,للساعتين متاع القايلة؟,الساعة اتنين بعد الظهر؟,الماضي ساعتين متاع القايلة؟
6190,توقيتك. ما مشكلة.,بالوقت بتاعك. مفيش مشكلة.,في وقتك. اتفقنا.,بوقتك. طيب.,بتوقيتك. كدة ماشي.,بوقتك، عادي.,بوقتك. اوكي.,بوقتك . معليه.,بتوقيتك. مش مشكلة.,. كده كويس .,عتوقيتك. مو مشكلة.,بتوقيتك. ماعليه.,الخيرلوقتك. راه بخير.,بوقتك. عادي.,بتوقيتك. أوكي.,وقتك. اوكي.,وقتك. هو اوكي.,إنه على ما يرام .,بوقتك. انه بخير.,مبروك. كون هاني.,بوقتك. هو اوك.,. اوك تمام .,الخير. عادي.,في وقته. متفاهمين.,انت. لكن تمام.,من توا. متفقين.
6193,هاد لهي الكاميرا، إذا سمحت.,ده للكاميرا دى، من فضلك.,إس إيه لهاذ آلة التصوير، من فضلك.,ايه لهاي الكاميرا، لو سمحت.,ده للكاميرا دي، لو سمحت.,اس ايه لهذي الكامرة، رجاء.,ايه هذا لهاي الكاميرا، رجاءا.,إيه اس إيه لهاد الكاميرا، عفاك.,هضا للكاميرا هضي، لو سمحت .,ده للكاميرا دي، من فضلك.,هاد لهي الكاميرا، لو سمحت.,حق هالكاميرا، لو سمحت.,اس ايه لهاد الكاميرا، عافاك.,إيه لدي الكاميرا، لو سمحت.,إس لهاي الكاميرا، لو سمحت.,ايه ده للكاميرا دي، من فضلك.,ايه لهل الكامره، رجاءا.,لهذه الكاميرا ، من فضلك .,هذا لهذه الكاميرا، من فضلك.,لهاد لاباراي ديال التصاور، عفاك.,هذا لهذه الكاميرا، لو سمحت.,ايه لهاي الكاميرا، لو سمحت .,اس ايه لهذه الكيمره، لو سمحت.,ايه هذا للمصورة هذه، يعيشك.,هدا للكاميرا هادي، من فضلك.,إيه هاذا للمصورة هذي، يعيشك.
6205,لوحات مونيت؟,لوحات مونيت؟,لوحات موني؟,اللوحات المونية؟,رسومات مونت؟,لوحات مونه؟,لوحات مونيه؟,لوحات مونيت؟,رسمات مونتي؟,لوحات مونيه؟,لوحات مونيت؟,رسومات مونيت؟,ديال مونيه؟,رسمات مونينت؟,رسمات مونت؟,دهانات مونت؟,لوحات مونيتس؟,مونيت ؟,لوحات مونيه؟,ديال موني؟,رسمات مونتي؟,رسمات مونيت؟,حق مونت؟,تصاور مونيه؟,رسمات مونيه؟,طابلوات موني؟
6214,مين ساواها؟,مين عملها؟,شكون دارها؟,مين عملها؟,مين اللي عملها؟,منو مسويهة؟,منو مسويها؟,مين عملا؟,من دارها؟,. مين عملها؟,مين عملها؟,من سواها؟,شكون صوبها؟,مين سواها؟,مين عملها؟,العملها منو؟,منو عملا؟,من صنعها ؟,شو مسوايه؟,شكون دارها؟,من طبخها؟,مين عملها؟,من فعلها؟,شكون عملها؟,من دارها؟,شكون طيبها؟
6221,طعمة هالطبق؟,زى إيه؟,تع هاذ الطبق؟,هاد الأكل؟,زي ايه؟,هذي الاكلة؟,يشبه شنو؟,طعمتو هالصحن؟,الاكله هضي؟,الاكل ده ايه؟,طعمة هالوجبة؟,طعمه هالطبق؟,كيشبه هاد الطبق؟,الاكل دا؟,هدا الطبق؟,الصحن دا؟,هذا الطبق؟,هذا الطبق ؟,طعم هالطبق؟,هاد لماكلا؟,هذا الطبق؟,هاد الطبق؟,هذا الطبق؟,الصحن هذا؟,الأكله هادي؟,ها البلا؟
6227,هنن غاليات.,هما غاليين.,بزاف غاليين.,كمان غاليين.,دول غاليين.,هن غاليات.,هم غاليين.,كمان .,هما غاليين.,غاليين .,غاليين.,هم غاليين.,هادوك غالين.,سعرهم غالي.,غاليين.,هم غالين.,همه مغاليين.,غاليين .,غالية.,هوما غاليين.,هم غالين.,غاليين .,غاليات.,زادة غاليين.,هما غاليين.,غالين برشا.
6228,الجاي ع بوسطن؟,رايح بوسطن هيمشى؟,الموالي لبوستون؟,الجاي على بوسطن؟,رايح بوسطن هيمشي امتى؟,الجاي لبوسطن؟,لبوستون الجاي يطلع؟,تراين عبوسطن؟,الجاي لبوستن؟,اللي رايح بوستون؟,الجاية على بوسطن؟,الجاي حق بوسطن؟,الجاي لبوسطن؟,بيمشي من بوستن؟,بوسطن التاني؟,التالي إلى بوسطن؟,الثاني لبوسطن؟,إلى بوسطن ؟,الياي لبوسطن؟,لاخور ل بوستون؟,يغادر لبوسطن؟,الجاي ل بوسطن؟,الثاني لا بوسطن؟,الجاي من بوستن؟,الجاي لبوسطن؟,من بعد لبوسطن؟
6232,أتعلم غولف.,أتعلم الجولف.,نلعب الغولف.,أتعلم جولف.,أتعلم جولف.,اتلم كولف.,اتعلم كولف.,غولف .,نتعلم غولف.,جولف .,اتعلم غولف.,اتعلم قولف.,نتعلم الغولف.,اتعلم قولف.,أتعلم غولف.,لتعلم القولف.,اتعلم كولف.,الجولف .,تعلم الغولف.,نلعب الغولف.,لاتعلم الغولف.,غولف .,اتعلم غولف.,نتعلم القولف.,نتعلم قولف.,نلعب الغولف.
6247,مشروب تاني.,مشروب تانى.,كأس واحدوأخر.,أشرب مرة تانية.,مشروب تاني.,ثاني، رجائا.,شراب ثاني.,مشروب تاني .,مشروب اخر.,كاس تاني .,لو سمحت.,شراب ثاني.,مشروب أخور.,شراب تاني.,كمان كاسة.,مشروب تاني.,شراب اللاخ.,مشروباً أخر .,مشروب آخر.,كاس آخور.,شراب ثاني.,شراب ثاني .,مشروب ثاني.,كاس اخر.,مشروب تاني.,كاس آخر.
6253,متزلج معلم.,دة حلو.,المتزحلق على الماء.,أمواج شاطر.,ده جامد.,جيد.,كلش زين.,راكب الأمواج.,كويس بكل.,قوي .,الأمواج هاد.,واجد زين.,زوين.,امواج ممتاز.,أمواج شاطر.,جيد جدا.,امواج مليح.,ماهر للأمواج .,جيد.,زوين بزاف.,امواج جيد.,كويس .,متزلج رهيب.,موج هايل.,امواج مليح.,موج تحفون.
6272,قصار كتير.,قصيرة أوى.,قصار بزاف.,كتير قصيرة.,قصيرة خالص.,كلش كصيرة.,كصيرة كلش.,قصار .,قصار بكل.,قوي .,قصار كتير.,واجد قصيرة.,قصار بزاف.,قصيرة مرة.,كتير قصار.,قصيرة جدا.,كلش قصاغ.,قصيرة جدا .,قصيرة جدا.,مقزبين بزاف.,صغيرة جدا.,قصار .,قصار قوي.,قصار بارشا.,قصار هلبة.,قصار برشا.
6283,أعبي البنزين؟,أملا بنزين؟,تحط البترول؟,أحط بنزين؟,أحط البنزين؟,احط البنزين؟,تعبي بانزين؟,بعبي البنزين؟,نعبي البنزينة؟,بنزين في العربية؟,بحط البنزين؟,اصب البترول؟,ندير الوقود؟,احط البنزين؟,أعبي البنزين؟,أخت البنزين؟,اخلي البانزين؟,كيف أضع الغاز ؟,كيف اصب الوقود؟,كاتحط الليسونس؟,تحط البنزين؟,احط البنزين؟,أعبي بترول؟,تحط الليسونس؟,نحط البنزينة؟,تحط المازوت؟
6285,بتتضمن الفطور؟,شاملة الفطار؟,داخل فالسعر تع الفندق؟,شاملة الفطور؟,تشمل الفطار؟,تتضمن الريوك؟,تشمل الريوك؟,ضمنا الترويقة؟,تضمن الفطور؟,للفندق شامل الفطار؟,بيتضمن الفطور؟,تشمل الريوق؟,داخل فيه الفطور؟,رسوم على الفطور؟,بيشمل الفطور؟,بتشمل الفطور؟,تتضمن التغيوقه؟,تضم الإفطار ؟,الفندق وجبة الإفطار؟,داخل فيه لفطور؟,تتضمن الفطور؟,بتشمل الفطور؟,تتضمن الصبوح؟,فيه فطور الصباح؟,حتى حق الفطور؟,فطور الصباح؟
6287,كل شي؟,كل حاجة؟,ماكان؟,كل اشي؟,كل حاجة؟,كلشي؟,كلشي؟,كل شي؟,كل شي؟,كل حاجه؟,كلشي؟,كل شي؟,هادا كلشي؟,كل شيء؟,كل اشي؟,كل شي؟,كل ش؟,شيء ؟,كل شي؟,لي كاين؟,كل شيء؟,كل شي؟,هذا كله؟,كل شيء؟,كل شي؟,كل شي؟
6291,بآخر هالشارع.,الطريق دة.,هاذ الطريق.,هاد الطريق.,اخر الطريق.,هذا الطريق.,هذا الشارع.,الشارع .,الطريق هضا.,الطريق ده.,بأخر هالشارع.,في هالطريق.,هاد الطريق.,الشارع.,أخر الشارع.,الطريق دا.,هذا الطريق.,هذا الطريق .,الطريق هذا.,هاد الطريق.,هذا الطريق.,هاد الطريق.,هذا الطريق.,الطريق هذا.,نهاية الشارع.,الطريق هذا.
6339,شغل العداد.,شغل العداد.,تشغل العداد.,شغل العداد.,شغل العداد.,ابدي العداد.,شغل العداد.,بلش العداد.,شغل العداد.,العداد .,شغل العداد.,شغل العداد.,العداد واجد.,شغل العداد.,افتح العداد.,أبدا العداد.,ابدي العداد.,العداد .,شغل العداد.,تخدم الكونطور.,شغل العداد.,بلش العداد.,شغل العداد.,العداد يمشي.,شغل العداد.,خدم العداد.
6363,كتير باردة.,ساقعة جدا.,فالغرفة ديالي.,كتير باردة.,برد جداً.,كلش باردة.,كلش باردة.,باردة .,مسقعة بكل.,قوي .,باردة كتير.,واجد باردة.,باردة بزاف.,مرة باردة.,كتير باردة.,باردة شديد.,كلش بيغدي.,اللازم .,واجد بارده.,لابيت عندي.,باردة جدا.,كثير .,باردة قوي.,في بيتي.,مصقعه هلبه.,باردة برشا.
6411,بتكون زحمتنا أخف.,أقل من كدة.,غير نتفرغ شوية.,نبطل مشغوليين كتير.,مش مشغول قوي.,اكون كلش مشغول.,نكول ما مشغولين.,عنا شوي .,لما نكونو مشغولين أقل.,مشغوليتك أقل .,نفضى شوي.,نفضى شوي.,منكونش مشغول بزاف.,نفضى شوي.,نفضى شوي.,نكون مشغولين أقل.,نكون ما كلش مشغولين.,أقل انشغالاً .,انكون أقل انشغالا.,وانا معاك.,صرنا اقل انشغال.,مش مشغول .,نفضى شوية.,ما نكونش لاهي.,مش مشغول هلبه.,نكون مش مشغول برشا.
6413,واحد أكبر؟,واحد أكبر؟,واحد كبير؟,واحد أكبر؟,من ده؟,وحدة أكبر؟,واحد اكبر؟,واحد اكبر؟,وحدة أكبر؟,حاجة اكبر؟,واحد أكبر؟,واحد اكبر؟,كبر منو؟,وحدة اكبر؟,واحد أكبر؟,واحد أكبر؟,وحدي اكبغ؟,أكبر ؟,اكبر؟,واحد اكبر؟,اكبر؟,وحدة اكبر؟,واحدة أكير؟,ما اكبر؟,واحد اكبر؟,ما أكبر؟
6418,أحسن.,إنى أحسن.,بروحي أفضل.,حالي أحسن.,نفسي أحسن.,هواية احسن.,بتحسن.,احسن .,اني احسن.,احسن .,حالي أحسن.,اني احسن.,بتحسن.,اني احسن.,حالي أحسن.,بتحسن.,بتحسن.,بتحسن .,زين.,دابا حسن.,بتحسن.,احسن .,احسن.,بروحي ابرك.,احسن.,روحي خير.
6430,جغرافيا اليابان؟,بجغرافية اليابان؟,تع اليابان؟,جغرافية اليابان؟,عن جغرافية اليابان؟,جغرافية اليابان؟,بجغرافية اليابان؟,بجغرافيا باليابان؟,الجغرافيا بتاع اليابان؟,فاهم جغرفية اليابان؟,بجغرافية اليابان؟,جغرافيا اليابان؟,ديال اليابان؟,الطبيعة الجغرافية لليأبان؟,جغرافية اليابان؟,مع جغرافية اليابان؟,مال اليابان؟,بجغرافيا اليابان ؟,بجغرافية اليابان؟,ديال اليابان؟,بجغرافية اليابان؟,بجغرافية اليابان؟,على جغرافية اليابان؟,الجغرافيا اليابانية؟,علي جغرافية اليابان؟,جغرافيا اليابان؟
6436,وين أنا عهالخريطة.,فين على الخريطة دى.,راني على هاذ المخطط.,أنا موجود بالخريطة هاي.,فين على الخريطة دي.,وين بهذي الخريطة.,على هاي الخريطة.,وين عهالخريطة .,أنا في الخريطة هضي.,فين عالخريطة ديه .,أنا عالخريطة.,وين على هالخريطة.,أنا فهاد الخريطة.,على دي الخريطة.,أنا على هاي الخارطة.,اكون في الخريطة دي.,وين بهالخريطة.,على هذه الخريطة .,في هذه الخريطة.,ف هاد لخريطا.,انا في هذه الخريطة.,انا بالخريطة .,انا في هذه الخريطة.,وين في الخريطة.,في الخريطة هادي.,موجود على الخريطة هاذي.
6437,بالمية قطن.,المية قطن.,بالمئة قطن.,مية بالمية.,المية قطن.,بالمية قطن.,بالمية كطن.,قطن .,المية قطن.,قطن .,مية بالمية.,بالمية قطن.,فالمئة قطن.,بالمية قطن.,بالمية قطن.,المئة قطن.,بالميي قطن.,قطن .,بالمئه قطن.,قطن.,مئة بالمئة.,قطن .,المية قطن.,بالمية قطن.,الميه قطن.,بالميا قطن.
6466,في شي كلفة إضافية؟,المحيط. فى أى رسوم إضافية؟,على المحيط. كاين إضافة؟,في أي دفع اضافي؟,المحيط. فيه تكلفة زيادة؟,البحر، اكو كلف اضافية؟,المحيط. اكو تكاليف اضافية؟,. في دفع زيادة؟,هل في اي رسوم إضافية؟,اى مبلغ أضافي مفروض ادفعه؟,عالمحيط. في تكاليف إضافية؟,المحيط. في رسوم اضافية؟,الحيط واش كتزاد شي رسوم؟,المحيط. فيه أي رسوم زيادة؟,المحيط. بدفع اشي زيادة؟,هل هناك اي مصاريف إضافية؟,هل اكو اي رسوم اضافيي؟,هل توجد أي رسوم إضافية ؟,المحيط. في رسوم إضافية؟,على لبحر. خاصني نزيد شي حاجا؟,هل فيه تكلفة إضافية؟,. في تكلة اضافية؟,هل به اي رسوم إضافية؟,على الواد. فما زيادة؟,هل في زياده في السعر؟,عل المحيط. فما زيادة؟
6472,اللوح لنص يوم؟,على متن السفينة؟,اللوحة لنص نهار؟,لمدة نص يوم؟,يوم للوح؟,التزلج لنص يوم؟,يوم للوحة؟,نص نهار؟,يوم للمائدة؟,السباحه ده لنص يوم؟,اللوح لنص يوم؟,حق نص يوم؟,يوم نكري لوح؟,اللوح لنص يوم؟,لنص يوم؟,لوحة نص يوم؟,المجلس لنص يوم؟,يوم للوحة ؟,استئجار المجلس؟,غي نص نهار؟,نصف يوم للوح؟,يوم للوحة ؟,لنص يوم؟,لشطر نهار؟,نص نهار؟,لوحة لنص نهار؟
6481,تشرين التاني.,نوفمبر.,نوفمبر.,نوفمبر.,نوفمبر.,دعش.,تشرين الثاني.,التاني .,احداش.,نوفمبر .,تشرين التاني.,نوفمبر.,نونبر.,نوفمبر.,نوفمبر.,نوفمبر.,عشغه.,نوفمبر .,نوفمبر.,عشرا نونبر.,نوفمبر.,اهدعش .,نوفمبر.,عشرة نوفمبر.,نوفمبر.,نوفمبر.
6484,آلة كاتبة.,آلة كاتبة.,لآلة كتابة.,آلة كاتبة.,آلة كاتبة.,آلة كتابة.,شريط طابعة.,لطابعة .,شريط طابعة.,كاتبه .,آلة كاتبة.,آلة طباعة.,الآلة الكاتبة.,لالة الكتابة.,اسطوانة طباعة.,آلة طباعة.,الاله الكاتبه.,الكاتبة .,الآلة الكاتبة.,ديال لكتابا ديالي.,كاتبة بشريط.,كاتبة .,الة الكتابه.,ماكينة كتيبة.,الاله الطابعه.,ريبون للدكتيلو.
6492,طيب.,لذيذ جدا.,ذوق بزاف.,زاكي.,حلو جداً.,طيبة.,كلش طيب.,طيب .,سمحة بكل.,قوي .,طيب.,واجد لذيذ.,بزاف.,طعم.,زاكي.,طاعم جدا.,طيب.,جداً .,جدا.,لمداق ديالو.,جدا.,زاكية .,قوي.,بارشا مطعم.,مليحه هلبه.,برشا ذوق.
6497,رح ننطلق؟,إمتى؟,نقلعو؟,راح نقلع؟,هنطير إمتى؟,راح نقلع؟,نقلع؟,حنقلع؟,حنطلعو؟,في الجو؟,رح نأقلع؟,بنطير؟,غادي نقلعو؟,حنقلع؟,رح نتحرك؟,مغادرين متين؟,غاح نقلع؟,سنقلع ؟,نأخذ؟,غادي نقلعو؟,بنقلع؟,رح نقلع؟,عنقلع؟,باش هطيروا؟,بنطلعو؟,باش نقلعو؟
6498,وين بدك تنزل؟,لما بتعوز تنزل؟,بلي حبيت نهبط؟,لما بدك تنزل؟,لما كنت عايز تنزل؟,من تريد تنزل؟,يعرف من تريد تنزل؟,ايمتى بدك تنزل؟,امتى تبي تنزل؟,تعوز تنزل من العربية؟,وين بدك تنزل؟,انك تبغي تنزل؟,امتا غادي تهبط؟,متى تبا تنزل؟,وين بدك تنزل؟,لم تكن داير تنزل؟,لمن نغيد نطلع؟,تريد أن تنزل ؟,متى تريد النزول؟,بلي باغي تنزل؟,متى تنزل؟,متى رح تنزل؟,لما تشتي تنزل؟,الي انت تحب تحبط؟,امتى تبي توقف؟,إنو تحب تهبط؟
6513,بدك كمان؟,عاوز زيادة؟,دولار. حبيت كثر؟,بدك كمان؟,إنت عايز اكتر؟,تريد بعد؟,تريد اكثر؟,. بدك اكتر؟,تبي أخرى؟,. عايز اكتر؟,بدك أكتر؟,تبغي اكثر؟,واش تبغي كثر؟,تبا زيادة؟,دولار. بدك كمان؟,. داير زيادة؟,تغيد اكثغ؟,هل تريد المزيد ؟,هل تبغا المزيد؟,بغيتي كتر؟,دولار. تبغى زيادة؟,. بدك كمان؟,تشتي أكثر؟,دولار. تحب اكثر؟,دولار. تبي زياده؟,تحب أكثر؟
6515,من شهر.,طوكيو من شهر فات.,عندها شهر.,طوكيو قبل شهر.,طوكيو من شهر.,بطوكيو قبل شهر.,قبل شهر.,من شهر .,طوكيو قبل شهر.,من شهر .,من شهر.,طوكيو قبل شهر.,قبل شهر واحد.,طوكيو قبل شهر.,قبل شهر.,طوكيو قبل شهر.,من قبل شهغ.,منذ شهر .,طوكيو قبل شهر واحد.,الريزيرفاسيو ل طوكيو.,طوكيو قبل شهر.,شهر .,من قبل شهر .,تو عندي شهر.,من شهر فات.,توا شهر.
6517,كل قلبي.,كل قلبى.,أعماق قلبي.,كل قلبي.,كل قلبي.,كل قلبي.,اعماق قلبي.,قلبي .,كل قلبي.,قلبي .,كل قلبي.,ما قصرت.,ديال قلبي.,أعماق قلبي.,كل قلبي.,أعماق قلبي.,اعماق قلبي.,قلبي .,كل قلبي.,خالص القلب.,أعماق قلبي.,قلبي .,وسط قلبي.,اعماق قلبي.,وسط قلبي.,أعماق قلبي.
6525,مركز روك فيلر؟,لمركز روكيفيلر؟,نروح لمركز روكفيلر؟,على مركز روكفلر؟,علشان أروح مركز روكيفيلير؟,عل روكفلر سنتر؟,لمركز روكفلر؟,عسنتر روكفلر؟,بتاع روكيفلر؟,اروح سنتر روكفلر؟,روكفيلر سينتر؟,اروح روكيفيلر سنتر؟,هنا لمركز روكفلر؟,مركز روك فلر؟,أوصل مركز روكفلر؟,للروكتفلر سنتر؟,علمود مركز الروكيفيلر؟,لمركز روكفيلر ؟,اهني إلى مركز روكفلر؟,بغيت نمشي ل روكفلير؟,لمركز روكفيلر؟,عند مركز روكفيلر؟,هانا لمركز روكفيلر؟,باش نمشي لمركز روكفلر؟,لي مركز روكوفيلير؟,نمشي لروكفلر سنتر؟
6539,قياس بوطي.,مقاس الشوز بتاعى.,نلبس في رجلي.,مقاس كندرتي.,مقاس الجزمة بتاعتي.,حذائي، رجائا.,حجم حذائي.,قياس صباطي .,مقاس كندرتي.,رجلي علشان الحذاء .,نمرة بوطي.,مقاس جوتيي.,الصباط ديالي.,مقاس جزمتي.,قياس كندرتي.,مقاس حذائي.,مقاس حذائي.,حجم حذائي .,مقاس حذائي.,قياس رجلي.,قياس جزمتي.,حجم بوتي .,مقاس جزمتي.,قيس صدري.,مقاس رجلي.,خوذ قياسي.
6547,رائع.,رائع.,روعة.,روعة.,روعة.,تخبل.,رائع.,بعقد.,خيال.,رائع .,كتير.,عجيب.,رائع.,روعة.,بيجنن.,رائع.,رائع.,رائعة .,رائع.,مخيرا.,رائع.,حلو .,يجنن.,بارشا.,مش عادي.,رايع.
6550,بموعد معي؟,موعد معايا؟,تخرج معايا؟,معي بموعد؟,في ميعاد غرامي؟,بموعد وياية؟,وياي بموعد؟,معي بموعد؟,موعد معايا؟,في ميعاد رومانسي؟,معي بموعد؟,في موعد؟,معاي فموعد؟,في ديت؟,معي مشوار؟,في موعد؟,معاي بموعد؟,للخروج معي ؟,موعد معي؟,معايا؟,بموعد غرامي؟,معي ؟,في موعد؟,تخرج معايا؟,مع بعض؟,تخرج معايا؟
6552,نضف عالمانطو.,البالطو دة.,هاذ المنوطو.,هاد الكبوت.,البالطو ده.,هذا القبوط.,هذا الكوت.,هالكبوت .,الكبوط هضا.,البالطو ده .,إذا بتريد.,نظف هالكوت.,هاد المعطف.,المعطف دا.,نظفلي هالكبوط.,الجاكيت دا.,هذا الكبوط.,هذا المعطف .,نظف هالمعطف.,هاد الكبوط.,هذا المعطف.,هاد الكبوت .,هذا الكوت.,نضفلي الكبوط.,الكبوط هدا.,الكبوط هذا.
6553,أستأجر لانش.,قارب بخارى.,سفينة بمحرك.,قارب سريع.,آجر لنش.,ابو المحرك.,أأجر زورق.,استأجر زورق.,قارب موتو.,بموتور .,استأجر لنش.,أأجر طراد.,نكري مركب.,مركب بمحرك.,قارب آلي.,مركب بمحرك.,استأجر قارب.,قارب بمحرك .,استئجار قارب.,باطو عندو لموطور.,زورق الي.,قارب .,استأجر قارب.,فلوكة بالموتور.,بي ماطور.,باطو بموتور.
6574,قسم السيدات؟,قسم السيدات؟,تع النسا؟,قسم البنات؟,قسم الحريم؟,قسم النساء؟,قسم السيدات؟,قسم النسوان؟,قسم السيدات؟,قسم السيدات؟,قسم النسواني؟,قسم الحريم؟,ديال النساء؟,قسم السيدات؟,شقة الصبايا؟,قسم السيدات؟,قسم النسوان؟,السيدات ؟,قسم الحريم؟,حوايج لعيالات؟,شقة السيدات؟,قسم السيدات؟,قسم النسوان؟,دبش النساء؟,جيهة النساوين؟,لبسة النسا؟
6581,مي مشمولة؟,من ضمن؟,ماشي داخلة؟,مش مشمولة؟,مبيشملش قهوة؟,من ضمنهة؟,ما مشمولة؟,من ضمنن؟,مش محسوبة؟,شامل القهوة؟,مو مشمولة؟,مو وياه؟,مداخلاش فلحساب؟,داخلة معاها؟,مش محسوبة؟,قهوة؟,ما مشمولي؟,محسوبة .,حاطين القهوة؟,مداخلاش؟,غير مشمولة؟,مش مشمولة؟,قهوة؟,هياش داخلة؟,مش محسوبه؟,موش محسوبة؟
6593,هو من قبل؟,مجال إيه؟,كان من قبل؟,كان قبل؟,ايه قبل كدة؟,جان قبل؟,هو قبل؟,كان قبل؟,كان فيه من قبل؟,مجال قبل كده؟,من قبل؟,كان قبل؟,من قبل؟,هو كان؟,هو من قبل؟,كان هو؟,هو قبل؟,من قبل ؟,عليه في السابق؟,شحال هادي؟,مجال كان؟,كان فيه زمان؟,من أول؟,كان الاول؟,كان هو قبل؟,كان قبل؟
6602,تعودت ع وجها.,كدة. أنا أتعودت على وشها.,اللعنة. والفت وجهها.,تعودت كتير على وجهها.,ابو كدة. انا اتعودت على وشها.,لعنة على. تعودت على وجهها.,تعودت على وجهها.,تعودت عوشا .,نبتت اعتد على وجها.,. اتعودت على وشها .,تعودت على وشها.,تعودت على وجهها.,تعودت على الوجه ديالها.,اتعودت على شكلها.,اتعودنا على وجهها.,اتعودت على وجهها.,لعنة علي. اعتدت على وجا.,لقد كبرت معتاداً على وجهها .,اعتدت على وجهها.,ولفت وجهها.,. اعتدنا على وجهها.,اتعودت على وجهها .,اتعودت على وجهها.,جويد. متعود بوجهها.,وليت متعود علي وجها.,تعودت على وجهها.
6609,لما بدخل ع مبنى؟,الإضافية لما أدخل المبنى؟,ندخل لهاذ البناية؟,بس أدخل على مبنى؟,زيادة لما أدخل مبنى؟,من ادخل البناية؟,من ادخل للبناية؟,بس فوت عالمبنى؟,لما نخش لمبنى؟,اضافيه لما ادخل المبنى؟,وقت فوت على مبنى؟,لما ادخل المبنى؟,اضافية ملي ندخل للمبنى؟,لما اخش المبنى؟,لما أدخل العمارة؟,لم ادخل المبنى؟,الاضافي من ادخل البنايه؟,عندما أدخل مبنى ؟,إضافية عند دخول المبنى؟,بغيت ندخل ل المبنى؟,اذا دخلت المبنى؟,بس افوت على المبنى؟,لما ادخل البناية؟,باش ندخل للبنية؟,الزياده لما نخش المبنى؟,باش ندخل للبناية؟
6613,تفضل، لو سمحت.,الخط. اتفضل، لو سمحت.,متصل. تكلم، من فضلك.,الخط. تفضل، لو سمحت.,الخط. إتفضل، لو سمحت.,عالخط، تفضل، رجائا.,الخط، تفضل، رجاءا.,تفضل، إذا بتريد .,الخط. تفضل، لو سمحت.,من فضلك .,اتفضل، لو سمحت.,الخط. تفضل، لو سمحت.,الخط. اتفضل، عافاك.,الخط. تفضل، لو سمحت.,الخط. تفضل، لو سمحت.,الخط. اتفضل، من فضلك.,على الخط. اتفضل، رجاءا.,هيا ، من فضلك .,الخط. تفضل، لو سمحت.,تقدر تهدر معاه، آ سيدي.,الخط. تفضل، لوسمحت.,. تفضل، لو سمحت .,من هانا، لو سمحت.,على الخط. تفضل، يعيشك.,الخط. تفضل، من فضلك.,عل الخط. تحدث، يعيشك.
6625,عم يوجعني.,بيوجعنى.,ديالي وجعني.,بنزف.,بتاعي بيألم.,ياذيني.,يأذيني.,عميوجعني .,يوجع.,وجعاني .,يوجعني جرحي.,يعورني.,كيضر.,يعورني.,بيوجعني.,تؤلم.,يوجع.,يؤلمني .,يعورني.,ديالي كاضرني.,يؤلم.,بيوجع .,بيوجعني.,توجع.,يوجع.,يوجع فيا.
6635,المحطة؟,المحطة؟,راهي المحطة؟,المحطة؟,المحطة؟,المحطة؟,المحطة؟,المحطة؟,المحطة؟,المحطة؟,المحطة؟,المحطة؟,المحطة؟,المحطة؟,المحطة؟,المحطة؟,المحطه؟,المحطة ؟,المحطة؟,لمحطا؟,المحطة؟,المحطة؟,المحطة؟,المحطة؟,المحطة؟,المحطة؟
6657,برجف.,مقشعر.,و رجفة.,قشعريرة.,قشعريرة.,مكزبر.,برد وقشعريرة.,.,قشعريرة.,بارتجف .,قشعريرة.,قشعريرة.,البرد والرجفة.,قشعريرة.,مقشعر.,قشعريرة.,بغد وقشعريره.,قشعريرة .,قشعريرة.,تبوريشا.,قشعريرة.,رجفة .,وفيني رجفه.,الرعدة.,برده.,رجفة.
6659,أيام.,أيام.,أيام.,أيام.,تيام.,تيام.,ايام.,ايام .,أيام.,تيام .,تيام.,ايام.,ايام.,أيام.,أيام.,أيام.,ايام.,أيام .,أيام.,تلتييام.,أيام.,ايام.,ايام.,ايام.,ايام.,أيام.
6660,المكتبة ع طرف اليسار.,المكتبة ناحية إيدك الشمال.,المكتبة على اليسار ديالك.,المكتبة على ايدك الشمال.,المكتبة على إيدك الشما.,المكتبة على ايدك اليسرة.,المكتبة على الجانب الايسر.,المكتبة عايدك الشمال .,المكتبة على جهة يدك اليسار.,على ايدك الشمال .,المكتبة على إيدك اليسار.,المكتبة على يدك اليسار.,المكتبة على يديك ديال اليسار.,المكتبة على الجهة اليسار.,المكتبة على ايدك الشمال.,المكتبة على جانب يدك الشمال.,المكتبه على ايدك اليسرى.,المكتبة على يدك اليسرى .,المكتبة على الجانب الأيسر.,تلقا لمكتابا على يديك ليسر.,المكتبة على يسارك.,المكتبة على جهة ايدك الشمال .,المكتبة على يدك الشمال.,تلقى المكتبة على يسارك.,المكتبه علي ايديك اليسار.,تلقى المكتبة على يسارك.
6692,مرشد بيحكي ياباني.,مرشد بيتكلم يابانى.,لي يهدر اليابانية.,دليل بحكي ياباني.,مرشد بيتكلم ياباني.,تحدث اليابانية.,دليل يحجي ياباني.,دليل بيحكي ياباني .,مرشد يحكي ياباني.,سياحي بيتكلم ياباني.,مرشد بيحكي ياباني.,مرشد يتكلم ياباني.,مرشد كيتكلم اليابانية.,مرشد يتكلم يأباني.,مرشد بحكي ياباني.,دليل كلام ياباني.,دليل يحكي ياباني.,مرشد يتحدث اليابانية .,مترجم ياباني.,كايهدر ب اليابانيا.,المرشد اللي يتكلم ياباني.,دليل بيحكي ياباني .,مرشد يتحاكى ياباني.,مساعد يتكلم ياباني.,مرشد يتكلم ياباني.,قيد يحكي اليابانية.
6699,واحد كبير.,واحد ضخم.,واحد ضخم.,واح ضخم.,واحد ضخم.,واحد جبير.,واحد ضخم.,ضخم .,وحدة مسخطه.,الكبيرة .,واحد دبج.,واحد ضخم.,وحدة كبيرة بزاف.,شيء ضخم.,واحد ضخم.,واحد كبير.,ويحد ضخم.,ضخمة .,ابغا ضخمة.,حاجا تعييني.,وحدة ضخمة.,ضخمة .,واحدة ضخمة.,اتعب.,واحد ضخم.,واحد كبير.
6700,تأخير شوي.,تأجيل طفيف.,تأخر صغير.,تأخير بسيط.,تاخير بسيط.,تاخير قليل.,تأخر قليل.,شوي تاخير .,تأخير بسيط.,تأخير .,تأخير بسيط.,تأخير بسيط.,ديال التأخير.,تأخير بسيط.,تأخير شوي.,تأخير طفيف.,تاخير خفيف.,بسيط .,تأخير خفيف.,الروطار خفيف.,تأخير بسيط.,تأخير بسيط .,شوية تأخير.,توخير صغير.,تاخير شويه.,شوية تأخير.
6715,هدول الفنادق؟,الفنادق دى؟,بين هاذ الفنادق؟,هدول الفنادق؟,الفنادق دي؟,هذي الفنادق؟,ذول الفناق؟,هوليك الاوتيلات؟,الهوتيلات هضينا؟,بين الفنادق ديه؟,هدول الأوتيلات؟,بين هالفنادق؟,هاد الفنادق؟,دول الفنادق؟,هدول الأوتيلات؟,هذه الفنادق؟,هذولي الفنادق؟,هذه الفنادق ؟,بين هالفنادق؟,بين هاد لوطيلات؟,هذي الفنادق؟,هدول الفنادق؟,بين هولا الفنادق؟,الوتلا هاذم؟,الهوتيلات هادو؟,الوتلا هاذم؟
6724,موقفي.,المحطة بتاعتى.,الموقف ديالي.,على الموقف.,بتاعتى فاتتني.,موقفي.,محطة نزولي.,تبعيتي .,محطتي.,مفروض انزل فيه .,عليي المحطة.,محطتي.,الوقوف ديالي.,الوقوف حقتي.,علي الموقف.,فوت استوبي.,مكان توقفي.,محطتي .,موقفي.,فلمحطا ديالي.,محطة توقفي.,اوقف فيه .,النقطه حقي.,باش نهبط فيها.,بنوقف فيه.,محطتي.
6736,شكراً إلك.,رائع. شكرا.,هايلة، صحا.,شكراً الك.,عظيم. متشكر.,حلوة، شكرا.,رائع. شكرا.,شكرا الك.,روعة. شكرا.,. أشكرك .,شكراً الك.,عجيب. شكراً.,عظيم شكرا.,كويس. شكراً.,بيجنن. شكراً.,شكرا ليك.,عظيم. شكرا.,شكراً .,عظيم. مشكور.,الله يحفداك.,شكرا لك.,شكرا .,يجنن. شكرا.,بارشا، يعيشك.,مليح. صحيت.,هايل. يعيشك.
6740,الساعة ستة المسا.,حوالى ستة بالليل.,الساعة الستة.,الساعة ستة المسا.,الساعة ستة بليل.,بالستة بالليل.,بحدود الستة بالليل.,الستة المسا .,الستة في الليل.,سته الصبح .,الساعة ستة المسا.,ست المسا.,الستة ديال الليل.,ستة تقريباً المساء.,على الستة المسا.,السادسة في المساء.,الستي هذي المغبيي.,السادسة مساءً .,ستة في المساء.,ستا د لعشيا.,الساعة ستة المساء.,ستة المسا .,ست الليل.,مع الستة.,السته العشيه.,مع الستا متاع العشية.
6746,أطول شوي؟,أطول شوية؟,طويلة شوية؟,أطول شوي؟,أطول شوية؟,شي اطول؟,شوي اطول؟,شي اطول؟,شوية أخرى؟,اطول شويه؟,أطول بشوي؟,أطول شوي؟,حاجة اطول؟,أطول بشوي؟,أطول شوي؟,شي أطول شوية؟,شويه اطول؟,لفترة أطول قليلاً ؟,شيء أطول شويه؟,طول من هادي؟,أطول شوي؟,اطول شوي؟,أطول شوية؟,اطول شوية؟,أطول شويه؟,أطول شوية؟
6766,ألف تسعمية تسعة وتسعين.,تسعمية تسعة وتسعين.,و تسعة و تسعون.,ألف وتسعمية وتسعة وتسعين.,الف تسعماية تسعة وتسعين.,وتسعمية وتسعة وتسعين.,الف وتسعمية وتسعة وتسعين.,تسعة و تسعين .,تسعميه و تسعة و تسعين.,تسعه و تسعين .,ألف وتسعمية وتعسة وتسعين.,وتسعمية وتسعة وتسعين.,الف تسعمائة تسعة وتسعين.,وتسعمية وتسعة وتسعين .,و تسعة و تسعين.,تسعمية تسعة وتسعين.,الف وتسعمي وتسعه وتسعين.,مارس تسعة وتسعين .,و تسعمئة وتسعة وتسعين.,آلف وتسعميا و تسعين.,مئة و تسع و تسعين.,تسعمية و تسعة و تسعين .,الف وتسعمية وتسعه وتسعين.,و تسعة و تسعين.,مارس تسعه و تسعين.,وتسعا ميا وتسعا وتسعين.
6780,كان؟,أخباره إيه؟,كان؟,كان؟,إزاي ده؟,جان؟,جان؟,كان؟,كان؟,كان ازاي؟,كان؟,كان؟,لقيتيه؟,كان؟,كان؟,كان؟,كان هو؟,كانت ؟,وجدته؟,داير؟,كان؟,كان؟,كان؟,كانت؟,كان؟,كان؟
6800,كازينوهات كويسة؟,كازينوهات كويسة؟,كازينو مليح؟,كازينوهات حلوة؟,حلوة هنا؟,كازينوات زينة؟,كازينوات زينة؟,كازينو مناح؟,كازيونات كويسات؟,كويسه موجوده؟,كازينوهات ظريفة؟,كازينوهات زينة؟,كازينوهات مزيانة؟,كازينوات كويسة؟,كازينوهات منيحة؟,كازينوهات جيدة؟,كازينوات مليحه؟,كازينوهات جيدة ؟,كازينوهات جيدة؟,كازينووات مزيانين؟,كازينوات جيدة؟,كازينوهات كويسة؟,كازنوهات حاليه؟,قمار سماح؟,كازينوات كويسه؟,ملاهي باهية؟
6810,الحبر. ورقة مية دولار.,فاتورة بميت دولار.,الحبر. ورقة مئة دولار.,المدور. فاتورة بميت دولار.,فاتورة بمية دولار.,الجاف، ميت دولار.,فاتورة بمية دولار.,مية دولار .,ورقة بميه دولار.,ورقة بميه دولار .,فاتور بميت دولار.,مية دولار نوط.,الحبر. مئة دولار.,الحبر. فاتورة مية دولار.,فاتورتو مية دولار.,فاتورة مئة دولار.,نقديي فئة المية دولار.,فاتورة بمائة دولار .,مائة دولار فاتورة.,ورقا ديال ميات دولار.,الجافة. ورقة مئة دولار.,فاتورة مية دولار .,الاقلام. فاتوره بميه دولار.,ورقة بو مية دولار.,مدور. ورقة مية دولار.,ورقة بميات دولار.
6812,قسم السيدات؟,قسم السيدات؟,تع النسا؟,"قسم ""البنات""؟",قسم السيدات؟,قسم النساء؟,قسم السيدات؟,قسم النسواني؟,مكان الصبايا؟,قسم السيدات؟,قسم النسواني؟,قسم الحريم؟,قسم السيدات؟,قسم السيدات؟,قسم الصبايا؟,قطاع السيدات؟,جزء النسوان؟,السيدات ؟,قسم الحريم؟,حوايج لعيالات؟,قسم النساء؟,قسم السيدات؟,قسم السيدات؟,دبش النساء؟,جيهة النساوين؟,لبسة النسا؟
6825,أطلع عالقارب؟,أركن المركب؟,نقدر نومباركي؟,أصف القارب؟,أركب مركب؟,لوح التزلج؟,انزل البلم؟,اطلع عاالشختورة؟,نركب القارب؟,المركب ده؟,اطلع بالقارب؟,اركب الطراد؟,نركب المركب؟,اركب السفينة؟,أصف القارب؟,اركب القارب؟,اركن القارب؟,أركب القارب ؟,اركب القارب؟,نطلع؟,اصعد القارب؟,اركب القارب؟,قسم النسوان؟,نطلع؟,نركب المركب؟,نجم نطلع؟
6832,مصاب.,اتصاب.,راهو مجروح.,إنجرح.,اتعورو.,تعور.,انصاب.,انجرح .,مجروح.,اتعور .,منصاب.,متعور.,تجرح.,مصاب.,مصاب.,اتجرح.,انصاب.,مصاب .,تعور.,تبليسا.,مصاب.,انصاب .,موجوع.,مضروب.,انصاب.,تضرب.
6835,منيح.,كويس.,شباب.,منيح.,كويس.,زين.,بحالة زينة.,منيح .,باين كويس.,كويس .,منيح.,بعافية.,بحالو مزيانة.,حلو.,حلو.,بخير.,مليح.,جيدة .,بخير.,معاك.,جيد.,منيح .,بخير.,عليك.,كويس.,يواتيك بالقدا.
6836,مفتوح بكرة؟,فاتح بكرة؟,مفتوح غدوة؟,المحل فاتح بكرا؟,هيبقى مفتوح الصبح؟,يفتح باج؟,يفتح باجر؟,هالمحل بكرا؟,حيقعد مفتوح بكرة؟,حيفتح بكرة؟,المحل بكرا؟,فاتح بكرة؟,يكون مفتوح غدا؟,فاتح بكرة؟,بتفتح بكرا؟,يكون فاتح بكرة؟,يكون مفتوح غدا؟,مفتوحاً غداً ؟,هالمحل باجر؟,كايحل غدا؟,المحل بكرة؟,يفتح بكرا؟,المحل غطوة؟,محلول غدوة؟,حيكون مفتوح غدوه؟,يكون محلول غدوة؟
6862,بآخر هالممر.,اخر القاعة.,نهاية الهول.,اخر القاعة.,في نهاية القاعة.,في نهاية القاعة.,بنهاية القاعة.,القاعة.,اخر القاعة.,القاعة .,بآخر القاعة.,آخر الممر.,نهاية القاعة.,أخر القاعة.,بأخر القاعة.,اخر القاعة.,بنهاية القاعه.,لنهاية البهو .,في نهاية القاعة.,اخر الكولوار.,نهاية القاعة.,القاعة .,في نهايه القاعه.,آخر الصالة.,اخر القاعة.,آخر الهول.
6864,إذا سمحت؟,تقلم شنبى؟,تحففلي الشلاغم؟,ترتبلي شواربي؟,تظبطلي شنبي؟,تحدد شواربي؟,تترتب شاربي؟,تقصلي شواربي ؟,تخفف شناباتي؟,تظبط شنبي؟,تخففلي شواربي؟,تخفف شنبي؟,تقادلي الشارب؟,تقص شنبي؟,تحلقلي شواربي؟,فضلك تقلم الشنب؟,شويغبك رجاءا؟,تشذب شاربي ؟,عدلي الشنب؟,لموسطاش شوييا؟,تقصر شاربي؟,تبط شواربي؟,لي شنبي؟,قياس الشلغوم؟,من شناباتي؟,تقلملي شلاغمي؟
6866,البطاطا المخبوزة أو البطاطا المقلية.,بين بطاطس مخبوزة أو بطاطس محمرة.,البطاطا المشوية والبطاطا المقلية.,البطاطا المهروسة أو البطاطا مقلية.,بطاطس مخبوزة أو فرنسية مقلية.,من بتيته مخبوزه ومقالي فرنسية.,البتيتة المطبوخة او الاصابع الفرنسية.,بطاطا مشوية او مقلية .,بطاطا محمرة و لا بطاطا مقلية.,مشوية او بطاطس محمرة .,لتشكيلة بطاطا مشوية أو مقلية.,البطاطس بالفرن او مقلية.,البطاطا المخبوزة أو البطاطا المقلية.,البطاطس المهروسة او البطاطس المقلية.,بطاطا مقلية أو بطاطا مقلية.,بتاع بطاطس محمصة أو مقليات فرنسية.,البطاطه المخبوزي او البطاطا المقليي.,البطاطس المشوية أو المحمرة .,المخبوزة أو البطاطا المقلية.,بطاطا ف الفراو ولا فريت.,بطاطس بافرن او بطاطس مقلية.,بطاطا مشوية او فرنش مقلية .,بطاط مشوي او شبس .,بطاطة هسموطة و بطاطة مقلية.,معه يا بطاطا مطبوخه يا بطاطا مقليه.,بطاطا في الفور ولا فريت.
6875,أشتري طنجرة؟,وعاء منين؟,نشري الفخار؟,أجيب أصيص؟,أشتري حلة؟,اشتري جدر؟,اشتري قوري؟,وين بشتري؟,نشري طنجرة؟,أشتري حلة؟,اشتري حشيش؟,اشتري غوري؟,نشري وعاء؟,اشتري قدور؟,أشتري طنجرة؟,اشتري قدر؟,اشتغي وعاء؟,أشتري إبريقاً ؟,اشتري وعاء؟,كايتباع لفخار؟,اشتري وعاء؟,اشتري بكرج؟,اشتري طاسة؟,نشري الفخار؟,نشري طنجرة؟,نشري الفخار؟
6914,هاد بدون وصفة.,من غير روشتة.,بلا وصفة.,من دون وصفة طبية.,من غير روشتة.,بدون وصفة طبية.,بغير وصفة.,بلا وصفة .,بدون وصفة طبية.,بدون روشته .,دون وصفة.,بدون وصفة.,بلا وصفة طبية.,بدون وصفة طبية.,بدون وصفة.,دا بدون وصفة.,بدون وصفي طبيي.,هذه دون روشتة .,وصفة طبية.,ورقا ديال الطبيب.,هذا بدون وصفة.,دون وصفة طبية .,بدون روشته .,بلاش وصفة طبية.,غير وصفه طبيه.,من غير أوردوننس.
6917,سوا بنفس الصف؟,بعض فى نفس الصف؟,في نفس الصف؟,جنب بعض بنفس الصف؟,بعض في نفس الصف؟,مقاعد بنفس السره؟,مقاعد بنفس الصف؟,مع بعض بنفس الصف؟,بعضهن في نفس الصف؟,بعض في نفس الصف؟,جنب بعض بنفس الصف؟,بعض في نفس الصفة؟,بلايص مجموعين فنفس الصف؟,كراسي ورا بعض؟,جنب بعض بنفس الصف؟,سوا في نفس الصف؟,سوى بنفس الصف؟,في الصف نفسه .,معا في نفس الصف؟,ف نفس الصف؟,على نفس الصف؟,بعض على نفس الصف؟,سوا في نفس البقعة؟,بلايص بحذا بعضهم؟,بعض في نفس الصفه؟,في نفس الصف؟
6923,إذا سمحت؟,لو سمحت؟,الجر، من فضلك؟,بترفع الحبل، لو سمحت؟,لو سمحت؟,السحب، بلية زحمة؟,سحب، رجاءا؟,إذا بتريد؟,ربط، لو سمحت؟,جر، إذا سمحت؟,سحب، إذا ممكن؟,لو سمحت؟,كابل سحب، عافاك؟,لو سمحت؟,للجر، لو سمحت؟,السحب، من فضلك؟,حبلين، رجاءا؟,، من فضلك ؟,لو سمحت؟,نجر بيه، عفاك؟,لو سمحت؟,الكتان، لو سمحت؟,لو سمحت؟,متاع تكركير، يعيشك؟,للجبد، من فضلك؟,روموركاج، يعيشك؟
6944,عدد أميال أحسن؟,أحسن مسافات؟,هي الأكثر اقتصادية؟,أحسن عدد ميلات؟,تدي اميال احسن؟,ناحية استهلاك البنزين؟,صرفيتها احسن؟,احسن استهلاك بنزين؟,سيارة اقتصادية؟,في توفير البنزين؟,أميال أطول؟,احسن كمية أميال؟,اميال كثر؟,افضل صرفية بنزين؟,أحسن عدد ميلات؟,أحسن مسافة بالأميال؟,بالنسبه لاستهلاك الوقود؟,أداء أفضل ؟,أميال اكثر؟,اقتصادي اكتر؟,افضل اميال؟,اميال احسن؟,تقطع اكثر اميال؟,ما تاكلش ايسونس؟,ميلات احسن؟,لقتصادية أكثر؟
6960,قد ما حاولت.,مهما حاولت بصعوبة.,مكالاه لا تصر.,ما حاولت مش مهم.,لو عملت ايه.,خصم لو شما حاولت.,تخفيضات مهما حاولت.,ما حاولت .,كنت تحاول بصعوبة.,مهما حاولت جامد .,قد ما حاولت.,لو شتسوي.,خصم مهما غتدير.,أيش ما تسوي.,قد ما تحاول.,مهما حاولت بصعوبة.,لو اشقد ما تحاول.,مهما حاولت .,خصم مهما حاولت.,غي بلاما تحكر.,خصم مهما حاولت.,شو ما حاولت .,لو حاولت قوي.,غير ما تلح.,مهما تحاول.,تخفيض، زايد تكبش.
6966,اش في عندك هون؟,سمحت؟ معاك إيه فيها؟,فضلك؟ واش عنك لداخل؟,شو لقيت فيها هون؟,إنت معاك ايه هنا؟,زحمة. شنو عندك بيها؟,شنو عندك هنا؟,بتريد؟ شوفي بقلبا؟,شن عندك فيها جوا؟,فضلك؟ عندك ايه فيها؟,شو حاطت فيها؟,سمحت؟ شعندك فيها؟,عافاك؟ شنو عندك فيها؟,سمحت؟ أيش عندك هنا؟,سمحت؟ شو في هون؟,فضلك؟ عندك شنو هنا؟,رجاءا؟ اش عندك بداخلا؟,؟ ماذا يوجد هنا .,فضلك؟ ماذا لديك اهني؟,عفاك؟ آش عندك فيه؟,سمحت؟ وش عندك هنا؟,سمحت؟ شو فيها؟,لوسمحت؟ ايش معاك هانا؟,يعيشك؟ شعندك فيه؟,سمحت؟ شن عندك هنايا؟,شنيا عندك في وسطو؟
6970,لفندق هيلتون ببوسطن.,لفندق هيلتون فى بوسطن.,لفندق هيلتون في بوسطن.,على فتدق الهلتون في بوسطن.,لفندق هيلتون في بوسطن.,لفندق الهيلتون ببوسطن.,المدى لفندق هيلتون ببوستن.,لأوتيل هيلتون ببوسطن .,لهوتيل هيلتون في بوسطن.,هيلتون في بوستون .,لفندق هيلتون ببوسطن.,لفندق الهيلتون في بوسطن.,لفندق هيلتون في بوسطن.,لفندق الهيلتون في بوسطن.,لأوتيل هيلتون في بوسطن.,للهيلتون هوتل في بوسطن.,المسافه لفندق هيلتون ببوسطن.,فندق هيلتون في بوسطن .,فندق هيلتون في بوسطن.,لي كاين ف بوستون.,لفندق الهيلتون في بوسطن.,هيلتون ب بوسطن .,فندق هيلتون في بوسطن.,للوتيل هيلتون في بوسطن.,هوتيل اليي في بوسطن.,لوتيل هيلتون في بوسطن.
6984,النسوان بهالشي؟,بيقبلوا كدة؟,يقبلو بهاذا؟,بتقبلوا هاد؟,على كدة؟,بهذا الشي؟,يقبلن بهذا؟,بيقبلوا بهالشي؟,يقبلن هضا؟,بيقبلو ده؟,بيقبلوا هالشي؟,يقبلون هذي؟,هاداك الشي؟,السيدات بدا؟,بيقبلو؟,بقبلوا داك؟,يقبلون هالشي؟,هذا ؟,الحريم ذلك؟,على هادشي؟,النساء هذا؟,هاد الحكي؟,يقبلين هذا؟,تقبل بهذا؟,يرضو بهدا؟,قبلو هذا؟
6991,السقف واطي.,السقف واطى.,الأسقف هابطة.,السقف قصير.,السقف واطي.,حايط ناصي.,سكف ناصي.,واطي .,سقف واطي.,واطي .,السقف واطي.,السقف نازل.,سقف منخفض.,سقف منخفض.,السقف واطي.,سقف منخفض.,سقف ناصي.,السقف منخفض .,السقف نازل.,سقف هابط.,سقف منخفض.,واطي .,السقف واطي.,السقف واطي.,السقف واطي.,السقوفات واطين.
6999,منيح. بحسن أغير مقعدي شوي؟,كويس. أقدر أبدل الكراسى شوية؟,نقدر نبدل المكان دوكا؟,من هون. ممكن أغير مكاني شوي؟,هنا. ممكن أغير الكراسي شوية؟,منا. ممكن ابدل المقاعد لفتره؟,اكدر اغير الكرسي لفترة؟,هون فيي غير المقاعد شوي؟,كويس. نقدر نغير المقاعد شوية؟,. ممكن أغير الكراسي شويه؟,هون. معلش غير محلي شوي؟,ممكن اغير كرسيي شوي؟,ممكن نبدل المقعد ديالي لفترة؟,ممكن نتبادل المقاعد شوية؟,بقدر أبدل كراسي شوي؟,هنا. ممكن ابدل المقاعد لفترة؟,كثيغ. اطيق اغير المقاعد شويه؟,يمكنني تبديل المقاعد لبعض الوقت ؟,هل يمكنني تغيير المقاعد لفترة من الوقت؟,واخا نبدل لبلاصا؟,هنا. اقدر اغير مقعدي لفترة؟,. بتقدر تغير الكراسي شوي؟,لأول مرة؟,هوني. انجم نبدل بلاصتي؟,هل نقدر نغير الكرسي متاعي شويه؟,هوني. نجم نبدل البلاصة للحظة؟
7030,لأول مرة.,العظمى لاول مرة.,الكبرى للمرة الأولى.,بزور البحيرات العظيمة.,لايكس لاول مرة.,العظيمة لأول مره.,للمرة الاولى.,لأول مرة .,لأول مرة.,للمرة الاولى .,لأول مرة.,لأول مرة.,لأول مرة.,لأول مرة.,لأول مرة.,لأول مرة.,لاول مرة.,الكبرى لأول مرة .,الكبرى لأول مرة.,هاد الوديان لكبار.,لأول مرة.,لاول مرة .,العظيمة لاول مره.,لاول مرة.,العظيمه لأول مره.,لأول مرة.
7048,بماكينة البيع هي.,مكنة البيع دى.,الموزع الأوتوماتيكي.,بآلة البيع هاي.,ماكينة البيه دي.,البيع هاي.,بمكينة البيع.,بمكنة المشتريات .,الة البيع.,مكنة البيع ديه .,البيع هي.,مكينة البيع هذي.,المكينة ديال البيع.,الالة دي.,بماكنة الشرا هاي.,ماكينة البيع دي.,بألة البيع هاذي.,آلة التهوية هذه .,آلة البيع هذه.,ماخدامش واقيلا.,بآلة البيع.,البيع هاي .,الة البيع هذه.,الماكينة متاع الفلوس.,ماكينة البيع هادي.,الموزع الآلي.
7057,دكتور.,محتاج دكتور.,نشوف طبيب.,دكتور.,محتاج دكتور.,طبيب.,طبيب.,حكيم .,دكتور.,دكتور .,دكتور.,دكتور.,لطبيب.,دكتور.,دكتور.,لدكتور.,طبيب.,طيب .,طبيب.,ل طبيب.,دوكتور.,دكتور .,دكتور.,نشوف طبيب.,محتاج دكتور.,نشوف طبيب.
7070,بالمملكة المتحدة؟,فى المملكة المتحدة؟,قضاتها فالمملكة المتحدة؟,بالمملكة المتحدة؟,في المملكة المتحدة؟,بالمملكة المتحدة؟,بالمملكة المتحدة؟,الا ببريطانيا؟,المملكة المتحدة؟,في بريطانيا؟,بالمملكة المتحدة؟,في بريطانيا؟,فلمملكة المتحدة؟,في بريطانيا؟,في بريطانيا؟,في المملكة المتحدة؟,بالمملكة المتحدة؟,الآن في المملكة المتحدة ؟,في المملكة المتحدة؟,ف نغليز؟,المملكة المتحدة؟,بالمملكة المتحدة؟,المملكة المتحدة؟,في المملكة المتحدة؟,في بريطانيا؟,المملكة المتحدة؟
7081,بلوحات الهيبيش ومشهد موسيقى الشارع.,يستمتعوا بلوحات هيبيش ومنظر موسيقى الشارع.,بلوحات الهيبيش ومشهد موسيقى الشارع.,تستمتع بالرسم الهيبيش والموسيقى المعروضة بالشوارع.,رسومات الهيبز وموسيقى الشوارع .,بلوحات الهيبيش ومشهد موسيقى الشارع.,برسومات الهيبيش ومشهد الموسيقى فالشارع.,الهيبي و مشهد الموسيقى بالشارع .,بالرسومات الهيبيش و مشهد موسيقى الشارع.,الهيبز و مسرح موسيقى الشارع .,يستمتع باللوحات الهيبيش وبعرض موسيقى الشوارع.,رسومات الهيبي وعروض الشارع الموسيقية.,الهيبيش والفراجة ديال موسيقى الشارع.,لوحات الهيبيش وموسيقى الشوارع.,بالرسومات الهيبي و مشاهد موسيقى الشارع.,بلوحات الهيبيش و مشهد موسيقي الشارع.,يستمتعون بالرسومات الهيبيش ومشهد موسيقى الشارع.,الزيتية غير التقليدية وعروض الموسيقى بالشوارع .,لوحات الهيبيش وعروض الموسيقى بالشارع.,ديال الهيبيش و هاد لموزيكا ديال الشارع.,الهيبيش و مشاهد الموسيقى في الشارع.,رسومات الهيبيش و منظر موسيقي الشارع .,اللوحات الهييبيش وموسيقى الشارع.,ديال الهيبي و موسيقى الشارع.,الهيبيش و الاغاني الي تنعزف في الشوارع.,اللوحات من ستيل الهيبي وجو موزيكة الشارع.
7098,إيمت؟,كام؟,وقتاش؟,ساعة؟,إمتى؟,شوكت؟,وقت؟,ساعة؟,وقت؟,كام؟,ساعة؟,وقت؟,وقت؟,الوقت؟,ساعة؟,زمن؟,وقت؟,الوقت ؟,متى؟,الساعا؟,وقت؟,متى؟,ايحين؟,اما وقت؟,وقت؟,الوقت؟
7099,دوغ وكولا.,دوج وكولا.,واحد كوكا.,دوغ و ببسي.,دوج وكولا.,صوصج وكولا.,صوصج وكولا.,و كولا .,و قازوزة.,كولا .,دوغ و كولا.,سجق وكولا.,دوج وكوكا.,نقانق وكولا.,نقانق وكولا.,هوق و كولا.,نقانق وكولا.,وكولا .,و الكولا.,و كوكا.,و كولا.,و كولا .,نقانق وبيبسي.,دوجو كولا.,و كولا.,دوج وواحدة كوكا.
7104,للمكالمات الخارجية.,للمكالمات الدولية.,الخاص بالخارج.,المكالمات الخارجي.,التليفون الخارجي.,البدالة الخارجي.,المكالمات الخارجي.,الدولي .,البدالة الخارجي.,الخارجي .,التليفون الخارجي.,المكالمات الدولي.,في الخارج.,المكامات الخارجي.,التليفون الخارجي.,في الخارج.,البدالة الخارجي.,الربط الخارجي .,المكالمات الخارجي.,المكالمات الدولي.,المكالمات الخارجي.,المكالمات الخارجي.,المكالمات الخارجي.,المكالمات الخارجي.,البداله الخارجي.,المكالمات الخارجي.
7123,هو قدام هديك البناية.,هو قدام المبنى دة.,ياك؟ مقابل هاذ البناية.,هو مقابل هاي العمارة.,ده قدام المبنى ده.,هوه مقابيل هاي البناية.,هو كبال ذيج البناية.,هوي حدو .,بالضبط قدام هضكي المبنى.,ده قدام المبنى ده .,ليكه جنب هداك المبنى.,هو يصير جدام هالمبنى.,راه قدام هاد المبنى.,تراه قدام داك المبنى.,هو قدام هاي العمارة.,هو أمام المبنى داك.,هو مقابيل هذي البنايه.,؟ إنه أمام ذلك المبنى .,كذلك؟ إنه أمام هذا المبنى.,لا؟ را مقابلا معاها.,هو قدام هذاك المبنى.,قدام هداك المبنى .,هي قدام هذه البناية.,هكا؟ قدام هاكي البنية.,الا؟ هو مقابل المبنى.,هو مقابل البنية هاذي.
7130,إيمت؟,إمتى؟,وقتاش؟,متى؟,إمتى؟,شوكت؟,يمته؟,ايمتى؟,امتى؟,امتى؟,إيمتا؟,متى؟,امتى؟,متى؟,ايمتا؟,متين؟,ايمتي؟,متى ؟,متى؟,منيمتا؟,متى؟,متى؟,ايحين؟,وقتاش؟,امتى؟,وقتاش؟
7137,أصرح عنو.,حاجة أعلنها.,نصرح بيها.,اشي عشان أعلنه.,اعلن عنها.,اصرح بيه.,شي اعلن عنه.,للتصريح .,شي نعلنه.,عنها .,صرح عنه.,اصرح عنه.,حاجة نعلنها.,شيء أقوله.,اشي أحكيه.,شي اوضحه.,شي افصح عنو.,لكي أعلنه .,شيء ليعلن.,مانديكلاري.,شيء لاعلن عنه.,اشي اعلنه .,شي أصرحه.,ما نخبر.,حاجه نقول عليها.,نصرح بيه.
7198,أكتر من تلات قناني كحول؟,عندك أكتر من تلات أزايز خمرة؟,من ثلاث قرع تع الكحول؟,أكتر من تلت قناني كحول؟,تشتري اكتر من تلات جزايز كحول؟,اكثر من تلث بطالة مشروبات كحولية؟,اكثر من تلثابالة من الكحول؟,اكتر من تلت قناني الكول؟,أكثر من ثلاث شيش كحول؟,اكتر من تلات قزايز خمرة؟,أكتر من تلات قناني كحول؟,اكثر من ثلاث غراش كحول؟,كثر من ثلاث زجاجات من الكحول؟,فوق تلاتة علب كحول؟,أكتر من تلات قناني كحول؟,اكتر من تلاتة قارورات من الكحول؟,اكثغ من ثلاث ابطولي كحول؟,أكثر من ثلاثة زجاجات كحول ؟,أكثر من ثلاث زجاجات من الكحول؟,من تلاتا د لقراعي د الشراب؟,اكثر من ثلاثة علب من الكحول؟,اكثر من ثلاث قناني كحول؟,اكثر من ثلاث قوارير كحول؟,اكثر من ثلاثة دبابس شراب؟,أكتر من تلاته شيش شرب؟,أكثر ممن تلاثا دبابز ألكول؟
7206,تتصل بدكتور، إذا سمحت؟,تكلم دكتور، لو سمحت؟,تتصل بطبيب، من فضلك؟,تتصل بالدكتور، لو سمحت؟,تطلب دكتور، لو سمحت؟,تتصل بالطبيب، بلية زحمة؟,تخابر طبيب، رجاءا؟,تدق للحكيم إذا بتريد؟,تكلم دكتور، لو سمحت؟,تطلب دكتور، من فضلك؟,تتصل بدكتور، لو سمحت؟,له دكتور، لو سمحت؟,تستدعي الطبيب، عافاك؟,على طبيب، لو سمحت؟,مع الدكتور، لو سمحت؟,تتصل بدكتور، من فضلك؟,تتصل بطبيب، رجاءا؟,تطلب دكتور ، من فضلك ؟,ازقر الطبيب، من فضلك؟,تعيط ل طبيب، عفاك؟,تكلم طبيب، لو سمحت؟,مع دكتور، لو سمحت؟,تتصل لدكتور، لوسمحت؟,تكلم طبيب، يعيشك؟,تكلم دكتور، من فضلك؟,تكلم طبيب، يعيشك؟
7227,النبيذ. اش بناسب هالطبق؟,إيه الكويس للطبق دة؟,مليح مع هاذ الطبق؟,بنفع مع هاد الأكل؟,ايه المناسب للطبق ده؟,الي يناسب هاي الأكلة؟,شنو الزين لهذا الاكل؟,شو احسن شي مع هالطبق؟,كويس مع الأكلة هضي؟,ايه النوع الكويس للطبق ده؟,شو المناسب لهي الوجبة؟,شنو زين مع هالطبق؟,شنو مزيان لهاد الطبق؟,أيش الكويس للطبق دا؟,نوع زاكي مع هالوجبة؟,الكويس شنو للصحة دا؟,اشنو المناسب لهل طبق؟,ماذا يناسب هذا الطبق ؟,شو جيد لهذا الطبق؟,يجي معا هاد لماكلا؟,وش الجيد لهذا الطبق؟,شو المناسب لهاد الطبق؟,ايشو الأحسن لهذا الطبق؟,يمشي بالباهي مع الماكلة هذه؟,الي يمشي مع الأكله هادي؟,إلي يمشي خير مع البلا هذا؟
7233,بكير، إذا سمحت؟,بدرى، لو سمحت؟,بكري، من فضلك؟,بكير، لو سمحت؟,بدري، لو سمحت؟,من وكت، رجاءً؟,من وقت، رجاءا؟,بكير إذا بتريد؟,الصبح، لو سمحت؟,علشان تصحوني، من فضلك؟,الصبح بكير، رجاء؟,من وقت، لو سمحت؟,صباح بكري عافاك؟,بالصباح، لو سمحت؟,بكير، لو سمحت؟,بدري، من فضلك؟,من وقت، رجاءا؟,الباكر ، من فضلك ؟,الصبح، من فضلك؟,ف الصباح غدا، عفاك؟,بدري، لو سمحت؟,بكير، لو سمحت؟,بدري، لوسمحت؟,الصباح، يعيشك؟,غدوه، من فضلك؟,الصباح، يعيشك؟
7248,شارعين من هون.,بعد تقاطعين من هنا.,زوج شوارع من هنا.,شارعين من هون.,بعد تقاطعين من هنا.,مسافة بلوكين منا.,بعد بلوكين منا.,شارعين من هون .,شارعين من هنا.,بشارعين من هنا.,شارعين من هون.,مجمعين من هني.,جوج شوارع من هنا.,شارعين من هنا.,بلوكتين من هون.,بلكين من هنا.,بعد بلوكين من هوني.,سكنيين من هنا .,تقاطعين من هنا.,عن هنا بجوج شوارع.,بعد شارعين من هنا.,تقاطعين من هون .,شارعين من هانا.,شارعين من هوني.,زوز تقاطعات من هنايا.,زوز شوارع من هوني.
7253,عطل طويلة.,أجازات طويلة.,عطل طويلة.,بياخدوا عطل طويلة.,اجازات طويلة.,اجازات طويلة.,اجازة طويلة.,عطل طويلة .,في عطل طويلة.,اجازات طويله .,عطل طويلة.,اجازات طويلة.,عطلات طويلة.,تأخذ أجازات طويلة.,اجازات طويلة.,تنادي دكتور، من فضلك.,اجايز طويلي.,إجازات طويلة .,ياخذ عطلات طويلة.,عطلا طويلا.,اجازات طويلة.,كثير .,إجازات طويلة.,عطلة طويلة.,في إجازات طويله.,عطل طويلة.
7264,نادر أنو تشوف شخص ياباني؟,دى نادر إن واحد يابانى يتشاف؟,جاجة نادرة كي يشوفو يابانيين؟,الدرجة قليل تشوف واحد ياباني؟,مرة تشوف فيها واحد ياباني؟,من النادر ان تشوف ياباني؟,غريبة واحد يشوف ياباني؟,نادر انو تشوف شخص ياباني؟,من النادر انك تشوف حد ياباني؟,نادر كده انك تشوف شخص ياباني؟,نادر يشوفوا شخص ياباني؟,ان يشوفون واحد ياباني؟,واش نادرمايشوفو شخص ياباني؟,نادرا نشوف شخص يأباني؟,قليل ما يشوفو ياباني؟,هو نادر انك تشوف زول ياباني؟,هو كلش نادر شوفة ياباني؟,من النادر رؤية شخص ياباني ؟,النادر أن تشوف شخص ياباني؟,الدرجا قليل باش تلاقا شي ياباني؟,نادر رؤية شخص ياباني؟,ما يشوفو واحد ياباني؟,نادر انهم يبسرو واحد ياباني؟,موش ديما نارى ياباني؟,انه يشوفو حد ياباني؟,برشا إنو تشوف ياياني؟
7269,عم تقول إذا؟,بتقول لو؟,راك تقول هكذا؟,بتحكي اذا؟,ليه بتقول لو؟,تكول اذا؟,تكول اذا؟,عمتقول اذا؟,تقول لو؟,ليه بتقول كده؟,عم تقول إذا؟,تقول اذا؟,كتقول اذن؟,تقول اذا؟,بتحكي ازا؟,انت بتقول إذا؟,قلت هشكل؟,تقول إذا ؟,تقول إذا؟,علاش كاتقول هاكا؟,تقول اذا؟,ليش بتحكي اذا؟,بتقول لو؟,تقول هكا؟,تقول ممكن؟,تقول هذا؟
7270,مكتب البريد المركزي؟,لمكتب البريد المركزى؟,الدخلة للبريد المركزي؟,لمكتب البريد المركزي؟,يويديني للبوسطة المركزية؟,مكتب البريد المركزي؟,لمدخل البريد؟,مكتب البريد المركزي؟,لمكتب البريد الرئيسي؟,مكتب البريد الرئيسي؟,مكتب البريد المركزي؟,مكتب البريد المركزي؟,ديال مكتب البريد المركزي؟,مكتب سنترال البريدي؟,البريد المركزي؟,لمركز البريد المركزي؟,لمكتب البريد المركزي؟,مكتب البريد المركزي ؟,مكتب البريد المركزي؟,الدخلا ديال البوصطا؟,لمكتب الريد المركزي؟,مكتب البريد المركزي؟,المدخل لمكتب البريد الرئيسي؟,البوستا الكبيرة؟,مدخل البريد المركزي؟,مدخل البوسطة المركزية؟
7274,غرايهاوند بهالمدينة؟,هاوند فى المدينة دى؟,قرايهوند في هاذ المدينة؟,في هاي المدينة؟,في المدينة دي؟,السلوكي بهاي المدينة؟,كيهوند بالمدينة؟,غريهاوند بهالبلدة؟,في المدينة هضي؟,في البلد ديه؟,غريهاوند بهالبلدة؟,قريهاوند في هالمدينة؟,جريهوند فهاد البلدة؟,قريهاوند في المدينة دي؟,في هاي المدينة؟,في المدينة دي؟,الكريهاوند بهالمدينه؟,في هذه البلدة ؟,السلوقي في هالمدينة؟,غرايهاوند ف هاد لمدينا؟,غريهاوند في هالديرة؟,السلوقي بهاي القرية؟,في هذه المدينه؟,في البلاد هذه؟,الجريهاوند في المدينة هادي؟,غرايهوند في المدينة هاذي؟
7281,اليابانية بكيوتو غالية؟,فى كيوتو غالية؟,ماشي غاليين في كيوتو؟,في كيوتو غالية؟,غالية في كيوتو؟,اليابانية بكيوتو غاليه؟,اليابانية بكيوتو غالية؟,ب كيوتو غاليين؟,في كيوتو غالية؟,في كيوتو غالية؟,بكيوتو غالية؟,في كيوتو غالية؟,فكيوتو ماشي مكلفة؟,في كيوتو غالية؟,كيوتو مش غالية؟,في كيوتو غالية؟,الياباني بكيوتو غاليي؟,، بالرغم من ذلك ؟,في كيوتو غالية؟,ماغالينش ف كيوطو؟,كيوتو مو غالية؟,ب كيوتو غالية؟,اليابانيه في كيوتو غاليه؟,غاليين في كيوتو؟,الي كايوتو غاليه؟,غالين في كيوتو؟
7289,شوي بالنسبة إلي.,شوية بالنسبالى.,قوي عليا.,عالي بالنسبة الي.,شوية بالنسبالي.,عالية بالنسبة الي.,شوي بالنسبة الي.,لالي .,عالي شوية عليا.,عليا .,شوي بالنسبة إلي.,بالنسبة لي.,مرتفع بالنسبة ليا.,بالنسبة لي.,شوي بالنسبة الي.,بسيط بالنسبة لي.,عيلي بالنسبه لليي.,قليلا بالنسبة لي .,قليلا بالنسبة لي.,مجهد عليا.,شوي بالنسبة لي.,بالنسبة الي .,قوي عليا.,شوية علية.,عالي بالنسبه ليا.,شويا عليا.
7291,حمام بخمسة وتمانين دولار.,بحمام بخمسة وتمانين دولار.,سومتها خمسة و ثمانون دولار.,حمام بخمسة وتمنين دولار.,بحمام بخمسة وتمانين دولار.,حمام بخمسة وتسعين دولار.,بخمسة وثمانين دولار.,خمسة و تمانين دولار .,بخمسة و ثمانين دولار.,خمسة و عشرين دولار .,حمام بخمسة وتمانين دولار.,حمام بخمسة وثمانين دولار.,حمام بخمسة وثمانين دولار.,حمام بخمسة وتمانين دولار.,بخمسة و تمانين دولار.,بخمسة وتمنين دولار.,حمام بخمسي وثمانين دولار.,و ثمانين دولار .,حمام بخمسة وثمانين دولار.,فيها لبينوار كادير خمساوتمانين دولار.,بخمس و ثمانين دولار.,و ثمانين دولار .,حمام بخمسة وثمانين دولار.,بخمسة و ثمانين دولار.,خمسة و تمانين دولار.,دوش بخمسا وثمانين دولار.
7305,تقييم الكتاب.,سعر الكتاب.,الموصى به.,تقييم الكتاب.,تقييم الكتاب.,تقييم الكتاب.,تسعيرة الحجز.,الحجز .,الكتاب .,بخدمة البريد البوك ريت.,إرسال الكتب.,تقييم الكتاب.,معدل الكتاب.,تقييم الكتاب.,تقييم الكتاب.,معدل الكتاب.,نسبة الكتاب.,الكتاب .,معدل الكتاب.,التمن لمعقول.,سعر الكتاب.,الكتاب .,تقييم الكتاب.,السوم المشكور.,حق الكتاب.,المعمول بيها.
7314,مو برد لدرجة تتلج.,مش سقعة كفاية لنزول تلج.,بصح ماشي برد تع ثلج.,بس مش باردة لدرجة اتلج.,موصلتش انها تنزل تلج.,مو بارده كولش حتى تثلج.,مو كافية حتى يطيح ثلج.,برد لحد التلج .,مش صقع لدرجة تثلج.,سقعة كفاية علشان يعمل تلج .,مو لدرجة ينزل تلج.,مو لدرجة ان ينزل الثلج.,ولكن ماشي بارد كفاية للثلج.,برد كافية عشان ينزل ثلج.,برد لدرجة انها تتلج.,لكن ما بارد كفاية للتلج.,مو كلش بيغدي حتى تثلج.,باردا بما يكفى لتساقط الثلج .,ليس باردا بما فيه الكفاية للثلج.,شحال ماتلاقينا.,مو بارد كفاية لهطول الثلج.,بس برد ثلج .,مش برد لدرجة الثلج.,بارد لدرجة كونه باش تصب الثلجج.,مش صقع لدرجة ينزل التلج.,أما موش بارد برشا لدرجة تثلج.
7321,بطاقة قطار أنفاق؟,تذكرة مترو؟,تذكرة مترو؟,أشتري بطاقة قطار؟,مترو من فين؟,تذكره مترو الانفاق؟,تذكرة مترو؟,اشتري بطاقة سابواي؟,تذكرة مترو؟,تذكرة مترو الانفاق؟,اشتري تذكرة مترو؟,تذكرة مترو؟,تذكرة مترو الأنفاق؟,تذكرة مترو؟,تزكرة للميترو؟,تزكرة مترو؟,مال قطار الانفاق؟,تذكرة للمترو ؟,تذكرة مترو الأنفاق؟,ديال لميطرو؟,تذكرة ميترو؟,اشتري تذكر المترو؟,تذكرة المترو؟,تسكرة للميترو؟,نشري تذكرة ميترو؟,تسكرة مترو؟
7335,رجال الأعمال، صح؟,رجال أعمال، صح؟,درجة الأعمال، ياك؟,رجال الأعمال، صح؟,كلاس، مش صح؟,رجال الأعمال، مو؟,رجال اعمال، صح؟,درجة اولى صح؟,كلاس، صح؟,الاعمال، مش كده؟,رجال أعمال، صح؟,درجة رجال الأعمال، صح؟,رجال الأعمال، ياك بصح؟,رجال الاعمال، صح؟,رجال الأعمال، صح؟,درجة رجال الاعمال، صاح؟,بدرجة رجال الاعمال، تمام؟,، أليس كذلك ؟,رجال الأعمال، أليس كذلك؟,ديال رجال لأعمال؟,رجال اعمال، صح؟,درجة رجال الاعمال، صح؟,رجال الأعمال، صح؟,اعمال، موش هكا؟,الاعمال، و الا؟,درجة الأعمال، هذا هو؟
7343,من هالفندق للمحطة؟,الأوتيل دة للمحطة؟,بين الفندق و المحطة؟,هاد الفندق للمحطة؟,من الفندق للمحطة؟,من الفندق للمحطة؟,من الفتدق لمحطة؟,من هالاوتيل للمحطة؟,الهوتيل هضا للمحطة؟,من هنا للمحطة؟,هاد الأوتيل عالمحطة؟,من هالفندق للمحطة؟,هاد الفندق إلى المحطة؟,دا الفندق للمحطة؟,هدا الأوتيل للمحطة؟,الفندق دا للمحطة؟,هذا الفندق الى المحطة؟,الفندق إلى المحطة ؟,من هالفندق إلى المحطة؟,من لوطيل لاغار؟,هذا الفندق الى المحطة؟,هاد الفندق للمحطة؟,هذا الفندق للمحطة؟,اللوتيل لمحطة الترينو؟,من الهوتيل للمحطة؟,بين اللوتيل هذا ولقار؟
7349,وهاد، إذا سمحت؟,ودة، لو سمحت؟,هاذا، من فضلك؟,وهاد، لو سمحت؟,وده، لو سمحت؟,وهاي، رجاءً؟,وهاي، رجاءا؟,هيدا إذا بتريد؟,هضا، لو سمحت؟,ديه، من فضلك؟,وهاد، لو سمحت؟,وهذي، لو سمحت؟,وهادا عافاك؟,ودا، لو سمحت؟,هدا، لو سمحت؟,دا، من فضلك؟,وهذا، رجاءا؟,، من فضلك ؟,وهذا، من فضلك؟,و هادا، عفاك؟,هذا، لو سمحت؟,و ها، لو سمحت؟,وهذه، لوسمحت؟,و هذا، يعيشك؟,هدا، لو سمحت؟,وهذا، يعيشك؟
7381,غني كتير.,غنية جدا.,بلد غني باف.,بلد غني.,بلد غنية جداً.,غني جداً.,كلش غني.,كتير غني.,اليابان بلاد غنية.,غني قوي .,غني كتير.,دولة غنية واجد.,دولة غنية بزاف.,بلد عني مرة.,دولة غنية.,غني شديد.,غني كثيغ.,غنية جداً .,دولة غنية جدا.,بلد غني.,غني جدا.,دولة غنية كثير.,غنية قوي.,بلاد غنية.,بلاد غنية.,بلاد غنية برشا.
7386,فاضية بعربة النوم؟,فى عربية النوم؟,فعربات النوم؟,مجانية بعربايات النوم؟,في عربية النوم؟,بسيارة النوم؟,اليابانبلد غني؟,بسيارة النوم؟,في عربة النوم؟,في عربية النوم؟,بسيارة النوم؟,في عربة النوم؟,مجانية فالسيارة ديال النعاس؟,في سيارة النوم؟,بسيارة النوم؟,فاضية في سيارة النوم؟,مجانيي بسيارة النوم؟,في عربة النوم ؟,مجانية في السيارة النائمة؟,ف بلاصت الناموسيات؟,في سيارة النوم؟,بسيارة النوم؟,فاضيه ب الكارافان؟,الكراهب متاع النومان؟,في سيارة النوم؟,في فاقونات النوم؟
7391,دولار، إذا سمحت؟,دولار، لو سمحت؟,عشرون دولار، من فضلك؟,دولار، لو سمحت؟,دولار، لو سمحت؟,عشرين دولار، رجاءً؟,دولار، رجاءا؟,دولار إذا بتريد؟,العشرين دولار، لو سمحت؟,دولار، من فضلك؟,دولار، لو سمحت؟,دولار، لو سمحت؟,لعشرين دولارا، عافاك؟,دولار، لو سمحت؟,دولار، لو سمحت؟,دولار، من فضلك؟,عشين دولار، رجاءا؟,، من فضلك ؟,دولار، من فضلك؟,عشرين دولار، عفاك؟,دولار، لو سمحت؟,دولار، لو سمحت؟,عشرين دولار، لوسمحت؟,لعشرين دولار، يعيشك؟,دولار، لو ممكن؟,لعشرين دولار، يعيشك؟
7395,هدية لصديق.,هدية لصديق.,هدية لصديق.,هدية لصاحبي.,لواحد صاحبي.,الى صديق.,هدية صديق.,هدية لرفيق.,هدية لصديق.,لصديق .,هدية لرفيقي.,هدية لرفيجي.,هدية لصديق.,هدية لصاحبي.,هدية لصاحبي.,من صديق.,هديي لصديق.,لصديق .,هدية لصديق.,لواحد صاحبي.,هدية لصديق.,لصاحبي .,هدية لصاحب.,لواحد صاحبي.,هدية لصاحبي.,هدية لصاحب.
7412,الطريق بزحلق.,الطريق مزحلق.,الطريق تزلق.,الطريق يزحلق.,الطريق بيزحلق.,الطريق زلك.,الطريق زلك.,يزحط .,الطريق تزحلق.,مزحلق .,الطريق يزحط.,الدرب يزحلق.,الطريق زلق.,الطريق يزحلق.,الممر يزحلق.,الممر منزلق.,الطريق زلق.,زلق .,الطريق زلق.,الطريق كاتزلق.,الحمام زلق.,بيزحلق .,الطريق مطاحسه.,الثنية تتزحلق.,الطريق تزلق.,الطريق يزلق.
7414,لاقي كاميرتي.,الكاميرا بتاعتى.,التصوير ديالي.,بلاقي الكاميرا تبعتي.,الكاميرا بتاعتي.,الكه كامرتي.,الكى الكامرا.,كاميرتي .,نلقى كاميرتي.,بتاعتي .,الكاميرا تبعي.,محصل كاميرتي.,نلقى الكاميرا.,الاقي كاميرتي.,ملاقي كاميرتي.,القي كاميرتي.,القي كامرتي.,أجد كاميرتي .,احصل كيمرتي.,التصاور ديالي.,القى كاميرتي.,الكاميرا .,حقي الكاميرا.,قيتش مصورتي.,الكاميرا متاعي.,لقيتش مصورتي.
7416,لحم خنزير.,لحم خنزير.,بلحم الخنزير.,سندويشات لحم الخنزير.,من لحمة الخنزير.,لحم خنزير.,لفتين لحم.,لحمة .,لحم خنزير.,خنزير .,سندويشتين هام.,لحم خنزير.,سندويشات لحم الخنزير.,بلحم خنزير.,سندويشة هام.,سندوتشات لحم الخنزير.,لحم خنزير.,فخذ الخنزير .,السندويشات لحم الخنزير.,ب لحم لحلوف.,ساندويش الخنزير.,لحم خنزير .,لحم الخنزير.,كسكروتات بالسلامين.,لحم حلوف.,كسكروتات بالجمبون.
7438,تصرح عنو؟,حاجة تعلنها؟,تصرح بيها؟,عشان تحكيه؟,حاجة عايزتوضحها؟,تصرح بيه؟,شي تكوله؟,شي للتصريح؟,شي تعلنه؟,تبلغ عنها؟,تصرح عنه؟,تصرح فيه؟,حاجة لتعلن؟,شيء تقوله؟,بدك تحكيه؟,شي للتوضيح؟,شي تفصح عنو؟,شئ لإعلانه ؟,شيء لتقوله؟,تصرح بيها؟,للافحاص عنه؟,تعلن عنه؟,شي توضحه؟,تخبر عليها؟,تبي تقول عليها؟,تصرح بيها؟
7439,حطيتو ع هالكرسي.,حاطه على الكرسى دة.,فوق هاذ الكرسي.,على هاد الكرسي.,حطيته على الكرسي.,خليته على هذا الكرسي.,على هذا الكرسي.,حطيتو عهالكرسي .,هنا على الكرسي هضا.,حطيتة عالكرسي ده .,على هاد الكرسي.,حطيته على هالكرسي.,حطيتو على هاد الكرسي.,حطيته على الكرسي انا.,على هدا الكرسي.,ختيته على الكرسي دا.,خليتونو على هاي الكغسي.,على هذا الكرسي .,حطيته على هذا الكرسي.,حطيتو على هاد الكرسي.,على هذا الكرسي.,على هاد الكرسي .,في هذا الكرسي.,حطيته على الكرسي.,حطيته علي الكرسي هدا.,على الكرسي هذا.
7470,عطرف الشارع.,على الطريق.,الجهة الأخرى من الشارع.,بس تقطع الشارع.,الشارع الناحية التانية.,عبر الشارع.,بتاطع الطريق.,تقطع الشارع .,مقابل الزنقة.,التاني من الشارع .,التاني من الشارع.,على الشارع.,في جميع أنحاء الشارع.,مقابل المجمع.,قبال الشارع.,زهور عبر الشارع.,وغد عبغ الشارع.,في الطريق .,في جميع أنحاء الشارع.,جيها لخرا ديال الشاريع.,مقابل السبيل.,على الشارع .,على هذا طريق.,الشيرة الاخرى من الشارع.,مقابل الشارع.,الجنب لاخر من الشارع.
7478,من طوكيو.,من طوكيو.,من طوكيو.,من طوكيو.,من طوكيو.,من طوكيو.,من طوكيو.,من طوكيو.,من طوكيو.,طوكيو .,من طوكيو.,من طوكيو.,من طوكيو.,من طوكيو.,من طوكيو.,من طوكيو.,من طوكيو.,طوكيو .,من طوكيو.,من طوكيو.,من طوكيو.,من طوكيو.,من طوكيو.,من طوكيو.,من طوكيو.,من طوكيو.
7479,بلسم ريفلون.,كريم ريفلون.,بلسم روفلون.,غسول ريفلون.,غسيل ريفلون.,مال الغسل.,مال الغسل.,رفلون .,غسول ريفلون.,ريفلون .,غسيل ريفلون.,بلسم ريفلون.,ريفلون للتشطيف.,حق الغسول.,ريفلون للغسيل.,شطف ريفلون.,تنظيف ريفلون.,كريم ريفلون .,غسيل ريفلون.,ديميلور ريفلو.,الغسول رفلون.,ريفلون .,ريفلون .,الغسيل ريفلون.,كريمة ريفلون.,تراتمون ريفلون.
7485,غراض للغسيل.,هدوم للغسيل.,حوايج للغسيل.,أغراض للغسيل.,حاجة للغسيل.,اشياء للغسيل.,شغلة للغسيل.,للغسيل .,حاجات للغسيل.,للغسيل .,قطعة للغسيل.,حق الغسيل.,حوايج للغسيل.,أشياء للغسيل.,أغراض بدهم غسيل.,حاجات للغسيل.,اشياء للغسيل.,للمغسلة .,حق الغسيل.,ديال التصبين.,الأشياء للغسيل.,غسيل .,اشياء للغسيل.,حوايج للغسيل.,حاجة للغسيل.,حوايج للغسيل.
7507,من زمان.,وقت طويل.,مدة كبيرة.,من زمان.,من بدري.,فتره طويله.,من زمان.,زمان .,من زمان.,وقت طويل .,من زمان.,من زمان.,هادي مدة.,من زمان.,من زمان.,زمن طويل.,وقت طويل.,وقت طويل .,وقت طويل.,شحال هادي.,وقت طويل.,زمان .,وقت طويل.,عندي بارشا.,مده طويله.,مدة طويلة برشا.
7533,ع غرفتي عالستة الصبح؟,لأوضتى الساعة ستة الصبح؟,الستة تع الصبح، من فضلك؟,غرفتي الساعة ستة الصبح؟,الساعة ستة الصبح؟,الساعة ستة الصبح؟,لغرفتي بالستة الصبح؟,نقال عغرفتي عالستة الصبح؟,لداري على ستة الصبح؟,البواب لأوضتي سته الصبح؟,غرفتي عالساعة ستة الصبح؟,غرفتي الساعة ست الصبح؟,ديالي فالساعة السادسة صباح؟,على ستة الصباح؟,على الساعة ستة الصبح؟,عتال لغرفتي ستة صباحا؟,لغرفتي بالستي الصبح؟,إلى غرفتي في السادسة صباحاً ؟,في الساعة السادسة صباحا؟,معا الستا دالنهار، عفاك؟,الساعة ستة صباحا؟,الساعة ستة الصبح؟,الساعة ست الصبح؟,متاع الصباح، يعيشك؟,داري السته الصبح؟,الستا متاع الصباح، يعيشك؟
7549,هوت شوكليت.,هوت تشوكليت.,شكولاطة ساخنة.,هوت شوكليت.,هوت شوكوليت.,كاكاو حار.,هوت جوكلت.,شوكلت .,شكلاطة ساخنة.,سخنه .,شوكولا سخنة.,هوت جوكلت.,شكلاط سخون.,شوكولاته حارة.,شوكو سخن.,شوكولاتة سخنة.,شوكلاته حاغه.,ساخنة .,الشوكولاته الساخنة.,شوكولا شو.,شوكولاته ساخنة.,تشوكليت .,هوت تشوكلت.,شكلاطة سخونة.,شكلاطه سخونه.,شوكولا شو.
7550,غرفك تتنضف.,الأوض بتاعتك تتنضف.,ننظفو الغرفة ديالك.,عشان انظف غرفك.,علشان ننضفلك أوضتك.,تنظيف غرفتك.,ننظف غرفتك.,ننضفلك غرفك.,نخلو دياركم يتنظفن.,ننضف اوضك .,لتنضيف غرفتكن.,تنظيف غرفك.,تكون غرفتك نقية.,ننظف غرفتك.,عشان انظفلك غرفتك.,غرفتك نضيفة.,تتنظف غرفتك.,لتنظيف غرفاتكم .,غرفك نظيفة.,باش نقيو ليكل بيت.,لتنظيف غرفتك.,غرفك نظاف .,ينظفين غرفك.,بتنظيف بيتك.,باش انظفولك دارك.,نظفو بيتك.
7574,إذا سمحت.,لو سمحت.,من فضلك.,لو سمحت.,لو سمحت.,اذا امكن.,رجاءا.,بتريد .,لو سمحت.,فضلك .,إذا سمحت.,لو سمحت.,عافاك.,لو سمحت.,لو سمحت.,من فضلك.,رجاءا.,فضلك .,من فضلك.,عفاك.,لو سمحت.,من فضلك.,لوسمحت.,يعيشك.,من فضلك.,خاص، يعيشك.
7583,فندق سي؟,فندق سى؟,للفندق سي؟,للفندق سي؟,فندق سي؟,لفندق سي؟,لفندق سي؟,أوتيل سي؟,لهوتيل سي؟,لفندق سي ؟,فندق سي؟,لفندق سي؟,للفندق س؟,فندق سي؟,لأوتيل سي؟,الفندق سي؟,الفندق سي؟,فندق سي ؟,فندق سي؟,لوطيل سي؟,فندق سي؟,لفندق سي؟,لافندق سي؟,للوتيل سي؟,هوتيل سي؟,للوتيل سي؟
7612,بطاقة مزدوجة؟,تذكرة متعددة؟,تذاكر متعددة؟,بطاقة متعددة؟,بيها كذا مرة ؟,تذاكر مزدوجة؟,تذكرة متعددة؟,كذا تكت؟,تذكرة مضاعفة؟,تذكرو متعدده؟,تذكرة متعددة؟,لعدة سفرات؟,على تذكرة متعددة؟,من تذكرة؟,تزكرة متعددة؟,تزكرة متعددة؟,تذكره متعدده؟,تذكرة متعددة الاستخدام ؟,تذكرة متعددة؟,تيكي مدوبل؟,تذكرة متعددة؟,اكثر من مرة؟,تذكرة متعددة؟,تسكرة دوبل؟,مجموعة تذاكر؟,تسكرة متعددة؟
7622,عالساعة سبعة، إذا سمحت.,الساعة سبعة، لو سمحت.,الزوال حتى السابعة مساءا، من فضلك.,الساعة سبعة، لو سمحت.,الساعة سبعة، لو سمحت.,الساعة سبعة، رجاءً.,لشخصين باسبعة، رجاءا.,عالسبعة، إذا بتريد .,على السبعة، لو سمحت.,سبعة، إذا سمحت .,عالساعة سبعة، لو سمحت.,الساعة سبع، لو سمحت.,في سبعة، عافاك.,على سبعة، لو سمحت.,الساعة السبعة، لو سمحت.,عند السابعة، من فضلك.,ساعه سبعه، رجاءا.,"السابعة , من فضلك .",على السبع، من فضلك.,معا السبعا د لعشيا، عفاك.,الساعة سبعة، لو سمحت.,السبعة، لو سمحت .,الساعة سبع، لوسمحت.,لتسعة متاع الليل، يعيشك.,الساعة سبعه، لو ممكن.,السبعا متاع العشية، يعيشك.
7626,كريم ليلي.,كريم ليل.,كريمة ليلية.,كريم ليلي.,كريم ليلي.,كريم مسائي.,كريم ليلي.,لليل .,كريم ليلي.,بشرة مسائي.,كريم ليلي.,كريم ليلي.,الكريم الليلي.,كريم الليل.,كريم ليلي.,كريم الليل.,كريمات ليل.,الليلي .,كريم ليل.,ديال لليل.,كريم ليلي.,ليلي .,كريم ليلي.,كريمة الليل.,متاع الليل.,متاع ليل.
7627,هاد كهدية؟,دة هدية؟,تغلفلي الهدية؟,هاد هدية؟,لفة هدايا؟,هاي كهدية؟,على اساس هدية؟,ياه هدية؟,هضي كهدية؟,لفه هديه؟,هاد هدية؟,هذي كهدية؟,هادي بحال هدية؟,تغلقها كهدية؟,ياه هدية؟,زي هدية؟,هذا كهديي؟,هذه كالهدية ؟,تلفه كهدية؟,بابيي كادو؟,هذي كهدية؟,تلفها كهدية؟,لي كهدية؟,بغلاف هدية؟,تغلفه كهدية؟,غلاف للهدية؟
7636,تلاتة وربع.,وربع.,الربع بعد الزوال.,تلاتة وربع.,وربع.,تلاثة وربع.,بتلاثة وربع.,ربع .,و ربع.,ربع .,تلاتة وربع.,ثلاث وربع.,قل ربع.,تلاتة وربع.,و ربع.,و ربع.,بعد ثلاثي.,والربع .,وربع.,و ربع.,و ربع.,ربع .,ثلاث وربع.,و ربع.,و ربع.,وربع متاع الصباح.
7650,قلي عنوان واسم الشخص المسؤول.,فضلك قوللى عنوان وإسم الشخص المسئول.,من فضلك أعطني عنوان واسم الشخص المسؤول.,لو سمحت أعطيني عنوان واسم الشخص المسؤول.,فلوسمحت قولي عنوان واسم الشخص المسئول.,رجاء، انطيني اسم الشخص المسؤول وعنوانه.,رجاءا، انطيني اسم وعنوان الشخص المسؤول.,عنوان و اسم الشخص المسؤول .,قولي عنوان و اسم الشخص المسؤول.,عنوان و اسم الشخص المسئول .,قلي عنوان واسم الشخص المسؤول.,سمحت عطني عنوان واسم الشخص المسؤول.,قل لي عنوان واسم الشخص المسؤول.,لو سمحت العنوان واسم الشخص المسؤول.,سمحت أعطيني عنوان و اسم الشخص المسؤول.,العنوان و الاسم بتاع الزول المسؤول.,رجاءا قلي عنوان واسم الشخص المسؤول.,العنوان و اسم الشخص المسئول من فضلك .,اعطني عنوان واسم الشخص المسؤول.,و سميت السيد لي مكلف ب هادشي.,علمني العنوان و الاسم للشخص المسؤول.,سمحت احكيلي عنوان و اسم الشخص المسؤول.,قل لي عنوان واسم الشخص المسؤول.,عنوان و اسم الشخص المسؤول.,فضلك اعطيني عنوان و اسم الشخص المسئول.,أعطيني عنوان وإسم الشخص المسؤول.
7656,إنكليزي بطلاقة.,نتكلم إنجليزى بطلاقة.,نهدرو الانجليزية بطلاقة.,انجليزي بطلاقة.,إنجليزي بطلاقة.,إنكليزي بطلاقة.,انكليزي بطلاقة .,انكليزي بطلاقة .,انجليزي بطلاقة.,انجليزي برابانت .,انجليزي بطلاقة.,انجليزي بطلاقة.,باللغة الإنجليزية بطلاقة.,انجليزي بطلاقة.,انجليزي بطلاقة.,ان نتكلم انجليزي بطلاقة.,نتكلم الانكليزي بطلاقه.,نتحدث الإنجليزية بطلاقة .,باللغة الإنجليزية بطلاقة.,ب لونغلي مزيان.,بالنجليزية بطلاقة.,انجليزي بطلاقة .,انجليزي بطلاقة.,نحكيو الانقليزية.,نتكلمو انجليزي بطلاقه.,نحكيو أنقلي بطلاقة.
7662,التصميم بكعب أعلى؟,التصميم بكعب أعلى؟,بكعب عالي كثر؟,الموديل بس كعب أعلى؟,الشكل بس بكعوب اعلى؟,التصميم بس بكعب عالي؟,التصميم بس كعب اعلى؟,الموديل بس كعب أعلى؟,مع كعب عالي؟,الشكل مع كعب أعلى؟,الموديل مع كعب أعلى؟,بس بكعب اعلى؟,و الكعب العالي؟,بس بكعب اعلى؟,الموديل بس بكعب أعلى؟,التصميم مع كعوب أعلى؟,التصميم وبكعب اعلى؟,التصميم بكعب أعلى ؟,التصميم مع الكعب العالي؟,و يكون فيها الطالون؟,لكن بكعب اعلى؟,التصميم كعب اعلى؟,بس بكعب اعلى؟,نفس النوع بكعب اعلى؟,الموديل لكن كعب عالي؟,الموديل مع قدم أعلى؟
7663,عمرو عشر سنين.,عنده عشر سنين.,عندو عشر سنين.,عمره عشر سنين.,عنده عشر سنين.,عمره عشر سنين.,بعمر عشر سنوات.,عشر سنين .,عمره عشر سنوات.,عشر سنين .,عمره عشر سنين.,عمره عشر سنوات.,عندو عشرة سنوات.,عمره عشر سنين.,عمرو عشر سنين.,عمره عشرة سنوات.,بعمغ العش سنين.,العاشرة من العمر .,من العمر عشر سنوات.,ولد عندو عشر سنين.,بعمر عشر سنوات.,عشر سنين .,عمرة عشر سنين.,عمره عشرة سنين.,عمر عشرة سنين.,عمرو عشر سنين.
7671,آبي، إذا سمحت.,لو سمحت.,راود، من فضلك.,آبي، لو سمحت.,لو سمحت.,آبي، رجاءً.,ابي، رجاءا.,إذا بتريد .,لو سمحت.,بعد إذنك .,رود، لو سمحت.,لو سمحت.,آبي، عافاك.,لو سمحت.,أبي، لو سمحت.,من فضلك.,ابيي، رجاءا.,", من فضلك .",ابي، من فضلك.,رود، عفاك.,لو سمحت.,لو سمحت .,أببي، لوسمحت.,ابباي، يعيشك.,من فضلك.,رود، يعيشك.
7684,شكراً عالانتظار.,شكرا لانتظارك.,شكرا على صبرك.,شكراً لأنك استنيت.,انك استنيت.,الك لى الانتظار.,شكرا لانتظارك.,انك نطرت .,عشان راجيت.,اشكرك عالانتظار .,شكراً عالانتظار.,لأنك انتظرت.,ليك على الانتظار.,شكراً للانتظار.,انك استنيت.,شكرا للانتظار.,شكرا لانتضارك.,شكراً لانتظارك .,لك على الانتظار.,تعطلنا عليك.,لك على الانتظار.,انو استنيت .,شكرا لإنتظارك.,شكرا على استنيتك.,لانك استنيت.,يعيشك على صبرك.
7693,عندي حجز.,عندى حجز.,بلي حجزت.,الي حجز.,انا حاجز.,عندي حجز.,احصل حجز.,حجز .,عندي حجز.,عندي حجز .,عندي حجز.,عندي حجز.,عندي حجز.,عندي حجز.,عندي حجز.,عندي حجز.,عندي حجز.,لدى حجز .,أن لدي حجز.,متأكد ريسيرفيت.,عندي حجز.,عندي حجز .,معي حجز.,كوني حجزت.,عندي حجز.,إني حجزت.
7708,استنا هون إذا سمحت.,استنى هنا.,حبيت تستنا هنا.,استنى هون لو سمحت.,هنا لو سمحت.,ارجوك انتظر هنا.,لذلك انتظر هنا.,بتريد نطرني هون .,سمحت راجي هنا.,هنا .,هون إذا بتريد.,هني لو سمحت.,اذن تسنى هنا.,انتظر هنا.,هون لو سمحت.,انتظر هنا من فضلك.,انتظر هوني راجاءا.,فضلك انتظر هنا .,سمحت انتظر.,بغيتي تسنا هنايا.,سمحت انتظر هنا.,هيك استنى هون .,لوسمحت راعي هانا.,تحب استنى هوني.,استنى هنايا.,تحب إستنى هوني.
7712,لمدة يوم.,لمدة يوم.,ليوم واحد.,من يوم.,يوم .,هنا ليوم.,هنا ليوم.,نهار .,هنا ليوم.,يوم .,هون يوم.,بس يوم واحد.,لمدو يوم.,ليوم واحد.,هون ليوم.,هنا ليوم.,هوني ليوم.,يوم .,لمدة يوم.,نهار واحد.,هنا ليوم.,ليوم .,لمدة يوم.,على نهار.,ليوم واحد.,لنهار واحد.
7721,راس خفيف.,صداع خفيف.,صداع خفيف.,صداع خفيف.,صداع خفيف.,صداع بسيط.,راس خفيف.,راس خفيف.,صداع خفيف.,خفيف .,راسي شوي.,صداع خفيف.,راس طفيف.,صداع خفيف.,راس خفيف.,صداع خفيف.,صداع خفيف.,خفيف .,صداع خفيف.,ضارني.,صداع خفيف.,خفيف .,صداع خفيف.,في راسي.,صداع خفيف.,في راسي.
7736,بالوجبة كتير.,جدا بالوجبة.,بزاف الطبق.,استمتعت بالوجبة.,مية مية.,كولش هوايه.,كلش هواي.,كتير .,بالوجبة بكل.,كتير جدا .,الوجبة كتير.,حبيت الوجبة.,بالوجبة بواف.,الوجبة مرة.,الأكل كتير.,شديد بالوجبة.,بالوجبي كثيغ.,كثيراً جداً .,بالوجبة كثيرا.,لماكلا.,بالوجبة جدا.,كثير .,بالوجبه قوي.,بارشا الفطور.,الماكله هلبه.,برشا بالماكلة.
7756,عالكرسي واستنا. رح أرجع.,واستنى، انا هرجع حالا.,من فضلك. نرجع فالحين.,كرسي واستنى. راح أرجعلك.,انا هرجعلك على طول.,راح ارجع فوراً.,وانتظر. راح ارجع.,نطور. انا برجعلك .,راجي. حنرد على طول.,. انا حأرجعلك حالا .,رجاءً. رح ارجع فوراً.,عن اذنك شوي وبرجع.,وتسنى غادي نرجع دابا.,اجلس وانتظر. حرجعلك.,و استنى. رح أرجعلك.,. ح اجي راجع حالا.,غاخ ارجعلك حالا.,. سأعود بعد قليل .,مقعد وانتظر. سأعود حالا.,تسنى، عفاك. انا راجع.,و انتظر. برجع حالا.,. رح ارجع هلا .,وراعي. شا ارجع لك.,يعيشك. لحظة و نرجع.,استنى. و توا نرجعلك.,يعيشك. تو نرجع توا.
7761,أشوف السيارة؟,أشوف العربية؟,نشوف السيارة؟,أشوف السيارة؟,أشوف العربية؟,اشوف السيارة؟,اشوف السيارة؟,شوف السيارة؟,نشوف السيارة؟,اشوف العربية؟,شوف السيارة؟,اشوف السيارة؟,نشوف السيارة؟,اشوف السيارة؟,أشوف السيارة؟,اشوف العربية؟,اشوف السياره؟,أرى السيارة ؟,اشوف السيارة؟,الطوموبيل؟,اشوف السيارة؟,اشوف السيارة؟,ابسر السياره؟,نشوف الكرهبة؟,نشوف السياره؟,نشوف الكرهبة؟
7767,إذا سمحت؟,خريطة، لو سمحت؟,من فضلك؟,لو سمحت؟,لو سمحت؟,خريطة، رجاءً؟,ترسملي خريطة؟,إذا بتريد؟,لو سمحت؟,إذا سمحت؟,لو سمحت؟,خريطة، لو سمحت؟,خريطة، عافاك؟,لو سمحت؟,لو سمحت؟,خريطة، من فضلك؟,خريطة، رجاءا؟,", من فضلك ؟",خريطة، من فضلك؟,خريطا، عفاك؟,خريطة، لو سمحت؟,لو سمحت؟,الخريطه، لو سمحت؟,خريطة، يعيشك؟,خريطة، لو سمحت؟,خريطة، يعيشك؟
7789,لبين ما يجي الدكتور.,اوضتك لحد ما الدكتور ييجى.,ديالك حتى يجي الطبيب.,لعند ما يجي الدكتور.,ميجيلك الدكتور لو سمحت.,لحد ما يجي الطبيب.,لحد ما يجي الطبيب.,لحد ما يجي الحكيم .,دارك لعند ما يجي الدكتور.,لحد مال دكتور ييجي.,لبين ما يجي الدكتور.,غرفتك على ما يجي الدكتور.,ديالك حتى يجي الطبيب.,لين ما يجي الدكتور.,خليك بغرفتك ليجي الدكتور.,غرفتك لغاية الدكتور يجي.,الى ان يجي الطبيب.,غرفتك إلى أن يحضر الطبيب .,غرفتك حتى يأتي الطبيب.,ديال حتا يجي طبيب.,غرفتك الى ان يجيك الدكتور.,حتى يجي الدكاترة .,غرفتك لوما يجي الدكتور.,بيتك لين يجيك الطبيب.,في دارك ليين ايجي الدكتور.,بيتك حتى يجي الطبيب.
7811,سمحت تعا فوراً.,لو سمحت تيجى حالا.,ارواح دوكا من فضلك.,لو سمحت تعال بسرعة.,تعالالي حالاً لو سمحت.,وايمانالو. ارجول تعال فوراً.,رجاء تعال هسه.,بتريد تعا هلأ .,سمحت تعال على طول.,من فضلك تعالى حالا .,رجاءً تعال بسرعة.,تعال بسرعة لو سمحت.,عافاك آجي دابا.,لو سمحت تعال بسرعة.,لو سمحت تعال بسرعة.,من فضلك تعال الآن.,رجاءا تعال هسه.,من فضلك تعالى فوراً .,وايمانالو. يرجى تأتي الحين.,ويمانالو. اجي دابا عفاك.,لو سمحت تعال بسرعة.,سمحت تعال هلا .,لو سمحت جي ذاحين.,وايمانالو. ايجا توة، يعيشك.,ممكن تجيني علي طول.,بيتش. إيجا توا يعيشك.
7812,بمية دولار؟,ميت دولار؟,مئة دولار؟,بميت دولار؟,مية دولار؟,بميت دولار؟,مية دولار؟,بمية دولار؟,ميه دولار؟,ميه دولار؟,بميت دولار؟,بمية دولار؟,لمئة دولار؟,بمية دولار؟,بمية دولار؟,مية دولار؟,مية دولار؟,دولار ؟,مائة دولار؟,ميات دولار؟,بمئة دولار؟,لمية دولار؟,بميه دولار؟,بمية دولار؟,مية دولار؟,ميات دولار؟
7814,هاد يتغلف.,دة متعبى.,حابو مغلف.,هاي الحافظة.,ده علبة.,تلفلي هاي.,هاي تتجمع.,هيدا ملفوف.,هضا ملموم.,متقفل .,غلف هاد.,هذي معبأ.,هادي معبأة.,دا يتعبا.,ياه ملفوف.,دا محزوم.,هذا معبا.,معبئاً .,هذا معبأية.,مغطي.,هذي الحزمة.,مغلفة .,هذا مقرطس.,مغلفة.,معبي.,مغلف.
7831,إعادة إصدار.,طلب إعادة إصدار.,البطاقة ديالي.,مرة تانية.,إعادة إصدار.,اعادة اصدار.,اعادة اصدار.,اصدار .,الإصدار الجديد.,جديدة .,إعادة إصدار.,اعادة اصدار.,لإعادة إصدار.,أعادة اصدار.,كمان مرة.,لإعادة توزيع.,اعادة الاصدار.,على إصدار جديد .,لإعادة إصدار.,كارط ديالي.,إعادة اصدار.,اعادة اصدار .,اعاده اصدار.,نعاود كارطتي.,إعادة إصدار.,تجديد لبيطاقتي.
7834,تقدم الصناعات.,ترويج الصناعات.,النهوض بالصناعات.,ترقية الصناعات.,تطوير الصناعات.,تطوير الصناعات.,التخفيضات للصناعات.,ترقية الصناعات.,الترويج للصناعات.,الصناعات .,تقدم الصناعات.,تعزيز الصناعات.,تعزيز الصناعات.,تعزيز الصناعات.,الترويج للصناعات.,ترقية الصناعات.,تعزيز الصناعات.,تنمية الصناعات .,تعزيز الصناعات.,دعمات الصناعات.,تقدم الصناعة.,الصناعات .,تقدم المصانع.,في الصناعة.,تشجيع الصناعات.,تنمية الصناعات.
7838,سنة، بتوقع.,سنة، أنا بفترض.,خمسين سنة، نظن.,سنة، أنا بتوقع.,خمسين سنة، متهيئلي.,خمسين على ما اعتقد.,سنة، اعتقد.,خمسين بعتقد.,سنة، انضني.,سنه، متهيألي .,سنة، بظن.,خمسين سنة، اظن.,خمسين سنة، كنفترض.,سنة، أتوقع.,سنة، بتوقع.,سنة، افترض.,خمسين سني، اتوقع.,من خمسين سنة .,خمسين سنة، أفترض.,خمسين عام.,الخمسين، اعتقد.,سنة، اتوقع .,سنه، اتوقع.,الخمسين سنة.,سنه، هكي نفرض.,سنا، على ما نظن.
7858,لينعمل هالشي؟,يعمل كدة؟,باش نديرو؟,ممكن يعمل هاد؟,عمر لده؟,حتى تسوي هاي؟,حتى يسوي هذا؟,العمر تيعملو هالشي؟,عشان تدير هضا؟,ممكن يعمل ديه؟,فيه الشخص يعمل هيك؟,حق يسوي جذي؟,باش تدير داكشي؟,لدا الشيء؟,عشان نعمله؟,الاقل لفعل دا؟,للقيام بهالشي؟,للعمر لفعل ذلك ؟,للسن للقيام بذلك؟,باش الديرو؟,لفعل هذا؟,لعمل هاد؟,عسب تفعل هذا؟,باش نعملوه؟,ايدير الحاجه هادي؟,باش نعملو؟
7860,بسيطة للمدينة؟,بسيطة للمدينة؟,بسيط للمدينة؟,مبسطة للمدينة؟,بسيطة للمدينة؟,بسيطة للمدينة؟,بسيطة للمدينة؟,بسيطة للمدينة؟,بسيطة للمدينة؟,بسيطة للمدينة؟,بسيطة للمدينة؟,بسيطة للمدينة؟,بسيطة للمدينة؟,للمدينة دي؟,بسيطة للمدينة؟,بسيطة للمدينة؟,خرايط بسيطه للمدينه؟,بسيطة للمدينة ؟,بسيطة للمدينة؟,ديال لمدينا؟,مبسطة للمدينة؟,بسيطة للمدينة؟,بسيطه للمدينه؟,ساهلين للمدينة؟,خريطه بسيطه للمدينه؟,بسيطة للمدينة؟
7867,ما ينقلع السن.,أفضل مخلعش السنة.,متنحيليش الضرسة.,ما تخلع السن.,انك متقلعليش السنة.,ما اشلع سني.,ما اشلع السن.,ما شيل السن .,ما نبيش السن برا.,السن ما يتخلعش .,ما ينقلع السن.,ما تجلع الضرس.,ميكونش السن خارج.,أبا اخلع سنتي.,ما أخلع السن.,ما تقلع السن.,انو ينشلع السن.,أكن لأخلع السنّة .,لا يكون برع الضرس.,كنفضل ماتحيدش الضرسا.,ابغى اخلع الضرس.,ما يكون برا .,انه ما تبتعدش السنه.,ما تنحيش السنانة.,ما انحيهاش السن.,ما نقلعوش الزرسة.
7871,وحدة، ضربتين.,واحدة، وضربتين.,واحدة، ضربتين.,وحدة، وضربتين.,وحدة وضربتين.,وحده وهجمتين.,وحدة، ضربتين.,- ضربتين.,وحدة، ضربتين.,و اتنين سترايك .,وحدة، وضربتين.,وحدة، وضربتين.,وحدة، جوج ضربات.,واتنين برا.,و ضربتين.,واحدة، مضربين.,وحدي، محاولتين.,واحدة وضربتين .,واحدة، مضربين.,وحدا، جبنا جوج.,كورة، ضربتين.,و عصايتين .,ضربتين. **.,عندنا ضربتين.,واحده، و زوز ضربات.,وحدة، زوز ضربات.
7883,سان دييغو، إذا سمحت؟,الساعم كام، لو سمحت؟,دييقو، من فضلك؟,سان ديغو، لو سمحت؟,دييجو، لو سمحت؟,القطار لسان دييغو، رجاءً؟,لسان دييكو، رجاا؟,دييغو، إذا بتريد ؟,لسان دييغو، لو سمحت؟,دييجو، من فضلك؟,سان دييغو، لو سمحت؟,سان دييغو، لو سمحت؟,لسان دييغو، عافاك؟,لسان دييقو، لو سمحت؟,سان ديغو، لو سمحت؟,سان دييغو، من فضلك؟,القطار لسان دياغو، رجاءا؟,، من فضلك ؟,سان دييغو، من فضلك؟,ل سانديييغو، عفاك؟,سان دييغو، لو سمحت؟,لسان دييغو، لو سمحت؟,سان دييغو، لو سمحت؟,لسان دييغو، يعيشك؟,سان ديجو، من فضلك؟,التران لسان دياغو، يعيشك؟
7913,ع صندوقك.,على الصندوق بتاعك.,على البوكس ديالك.,نظرة على صندوقك.,على الصندوق بتاعك.,على الصندوق مالتك.,على صندوكك.,ععلبتك .,نشوف صندوقك.,عالصندوق بتاعك .,شوف علبتك.,اشوف صندوقك.,الصندوق ديالك.,على صندوقك.,العلبة تاعتك.,نظرة لصندوقك.,على صندوقك.,على صندوقك .,المربع الخاص بك.,على لودج ديلك.,اشوف صندوقك.,الصندوق تبعك .,لحقك الصندوق.,على بيت التبديل.,الصندوق متاعك.,على مقصورتك.
7925,شامبو.,عاوز شامبو.,حاب شامبوان.,شامبو.,عايز شامبو.,شامبو.,فد شامبو.,شامبو.,شوية شامبو.,شامبو .,شوية شامبو.,شامبو.,ديال الشامبوان.,شوية شامبو.,شامبو.,بعض الشامبو.,شوية شامبو.,الشامبو .,بعض الشامبو.,الشمبوان.,شامبو.,شامبو .,شويه شامبوه.,على الشامبوان.,شوية شامبو.,على شامبوا.
7947,بفندق هيلتون.,فندق هيلتون.,فندق الهيلتون.,بفندق الهلتون.,فندق الهيلتون.,بفندق الهيلتون.,بفندق هيلتون.,هيلتون .,هوتيل هيلتون.,فندق هيلتون .,بفندق هيلتون.,فندق الهيلتون.,ففندق هيلتون.,فندق الهيلتون.,بأوتيل الهيلتون.,فندق الهيلتون.,بفندق هيلتون.,فندق هيلتون .,فندق هيلتون.,وطيل هيلطون.,فندق الهيلتون.,الهيلتون .,فندق هيلتون.,لوتيل هيلتون.,هوتيل الهلتون.,وتيل هيلتون.
7948,وبقلبة معدة.,كويس وقرفان.,و عندي غثيان.,مرهق ومعصب.,كويس وهيغمى عليا.,ولعبان نفس.,بالغثيان.,و دايخ .,و نبي نرجع.,و حأرجع .,ولاعية نفسي.,زين ولايعة جبدي.,بالسوء والدوخة.,سيء وغثيث.,و بدي أستفرغ.,و مقيئ.,بالضيق والغثيان.,وغثيان .,بالسوء والغثيان.,فيا التقيا.,و الغثيان.,و معدتي بقلب .,بتعب وغاثي.,و نحب نرد.,كويس و دايخ.,موش لاباس وعندي دوخة.
7957,لشوفها عالساعة تنتين.,علشان أشوفها الساعة اتنين.,على الثانية بعد الزوال.,عشان أشوفها الساعة تنتين.,ميعاد الساعة اتنين.,حتى اشوفها الساعة ثنتين.,موعد اشوفها بالثتنين.,عالساعة تنتين .,نشوفها الساعة اثنين بالضبط.,اشوفها عالساعة اتنين .,معها الساعة تنتين.,اشوفها الساعة ثنتين.,نشوفها فالساعة الثانية.,اشوفها الساعة اتنين.,أشوفها على الساعة تنتين.,عشان اشوفها الساعة اتنين.,حتى اشوفها ساعه ثنتين.,في السّاعة الثّانية .,في الساعة الثانية.,معا الجوج.,للقائها الساعة ثنتين.,على الساعة ثنتين .,ابسرها الساعه ثنتين.,معاها مع الساعتين.,نشوفها الساعة اتنين.,ماضي ساعتين متاع العشية.
7972,ع إيدنبره؟,بتروح إدينبره؟,تروح لإيدنبره؟,على إيدنبيره؟,بتروح إدنبره؟,تروح لادينبرة؟,تروح لادنبرة؟,بتروح عأدينبرا؟,تمشي لادنبره؟,رايحة ايدينبره؟,على إدنبره؟,هالسيارة إدنبره؟,كتمشي ادنبره؟,تروح لأيدنبيرة؟,على ايدنبيرة؟,بتمشي إلى ادينبيره؟,تغوح لادنبره؟,إلى إدنبرة ؟,الى ادنبره؟,ل إيدينبره؟,تروح لادنبرة؟,على ايدنبيره؟,ل ايدنبره؟,ماشيا لادنبرة؟,لي إدنبره؟,ماشية لإدنبرة؟
7976,عبي هالاستمارة.,إملا الاستمارة دى.,عمر هاذ الاستمارة.,عبي هاد النموذج.,الفورمة دي.,هاي الاستماره.,هاي الاستمارة.,عبيلي هالورقة .,عبي النموذج هضا.,النموذج ده .,عبي هالطلب.,مل هالاستمارة.,عمرهاد النموذج.,لو سمحت.,عبي هدا الطلب.,املأ الفورمة دي.,هذي الاستماره.,هذه الاستمارة .,تعبئة هالنموذج.,هاد لورقا.,عب هذا المستند.,هاد النموذج .,عبي الاستمارة.,هذا المطلب.,عبي النموذج هدا.,المطبوعة هاذي.
7983,عالوزن الإضافي؟,للوزن الزيادة؟,للأمتعة الزائدة؟,الوزن الزايد؟,للوزن الزيادة؟,الوزن الزايد؟,الوزن الزايد؟,عالوزن الزايد؟,الوزن الزايد؟,للوزن الزيادة؟,عالوزن الزايد؟,الوزن الزايد؟,للوزن الزايد؟,الوزن الزأيد؟,الوزن الزايد؟,بيه للوزن الزائد؟,على الاوزان الاضافيه؟,للوزن الزائد ؟,للوزن الزائد؟,لباغاج للي زايد عندي؟,الوزن الزائد؟,الوزن الزيادة؟,للوزن الزايد؟,الباقاج الزايد؟,في الوزن؟,للدبش الزايد؟
7991,حجزي يوم الجمعة.,حجزى ليوم الجمعة.,الحجز تع نهار الجمعة.,حجزي ليوم الجمعة.,الغي حجزي يوم الجمعة.,الحجز مالتي يوم الجمعة.,الحجر مال اليوم.,الغي حجزي الجمعة.,نبي نلغي حجزي للجمعة.,بتاع يوم الجمعة .,حجزي تبع الجمعة.,حجزي حق يوم الجمعة.,الحجز يوم الجمعة.,حجزي حق يوم الجمعة.,حجزي ليوم الجمعة.,ألغى حجزي للجمعة.,الغي حجزي ليوم الجمعه.,الخاص بيوم الجمعة .,الحجز يوم الجمعة.,ديالي ديال نهار الجمعا.,حجزي ليوم الجمعة.,الحجز ليوم الجمعه .,اكنسل الحجز حق الجمعه.,حجزي متاع نهار الجمعة.,متاعي متاع يوم الجمعه.,الحجز متاعي لنهار الجمعة.
7996,نحلها. بتستنا حوالي تلاتين دقيقة؟,بنصلحها. ممكن تستنى حوالى نص ساعة؟,تقدر تصبر واحد الثلاثين دقيقة؟,منصلحها. ممكن تستنى حوالي تلاتين دقيقة؟,ممكن تستنى حوالي تلاتين دقيقة؟,نصلحها. ممكن تنتظر فد حوالي تلاثين دقيقة؟,نحلها. ممكن تنتظ لتلاثين دقيقة؟,فيك تنطر شي نص ساعة؟,نصلحو فيها. هل حترجى حاجة الثلاثين دقيقة؟,بنصلحها . ممكن تستنى نص ساعة؟,انصلحها. ممكن تنتظر شي نص ساعة؟,ممكن تنتظر نص ساعة تقريباً؟,ممكن تنتظر شي ثلاثين دقيقة؟,نحلها. ممكن تنتظر نص ساعة؟,نصلحها. بتقدر تستنى تقريباً تلاتين دقيقة؟,نعالجها. ممكن انتظر لحوالي تلاتين دقيقة؟,ممكن تنتظر حوالي ثلاثين دقيقه؟,، هل تتفضل بالانتظار لمدة ثلاثين دقيقة ؟,هل تنتظر حوالي ثلاثين دقيقة؟,واخا تسنا واحد نص ساعا؟,نصلحها الان. تقدر تنتظر لثلاثين دقيقة؟,فيها . بتقدر تستنى حوالي ثلاثين دقيقة ؟,احنا بنصلحها. عتراعي لحوالي ثلاثين دقيقه؟,حليناه. تنجم تصبر نصف ساعة؟,فيها. تقدر تستنى متاع تلاتين دقيقة؟,حليناها. تحب تستنى تلاثين دقيقة؟
8039,بحسن أطلع؟,آوت الساعة كام؟,نسجل خروج؟,خروج من الفندق؟,اوت امتى؟,جيك أوت؟,وقت اكدراطلع؟,اعمل شيك اوت؟,تشيك اوت؟,تشيك آوت؟,فيني اطلع؟,اسوي جيك اوت؟,نقدر نغادر؟,اسوي فيه خروج؟,بقدر أطلع؟,زمن المغادرة؟,اسجل خروجي؟,مغادرة الفندق ؟,اسوي خروج؟,نقدر نمشي؟,اسجل خروجي؟,بقدر اطلع؟,اقدر اخرج؟,انجم نخرج؟,نقدر نطلع؟,نجم نخرج؟
8050,مسكتو.,فهمت.,فهمت.,عليك.,فهمت.,فهمت.,لكفتها.,.,حصلته.,.,اياه.,خذته.,فهمت.,لقيته.,فهمت.,عليه.,عليها.,الأمر .,فهمت.,فهمت.,فهمت.,.,فهمت.,فهمت.,حصلته.,فهمت.
8058,أدق لحدا.,هكلم حد.,بكاش واحد.,مع حد.,هاتصل بواحد.,اتصل باحد.,بفد واحد.,لحدا .,حد.,حد .,اتصل بحدا.,احد.,بشي حد.,على واحد.,على حدا.,بي زول.,بشخص ما.,ما .,بشخص ما.,نعيط.,على واحد.,حدا .,ب واحد.,نكلم شكون.,نكلم حد.,نكلم شكون.
8067,الحساب هلئ؟,الفاتورة دلوقتى؟,الفاتورة ديالي دوكا؟,الفاتورة هلأ؟,الفاتورة دلوقتي؟,على الفاتوره هسه؟,الفاورة هسه؟,الفاتورة هلق؟,الفاتورة توا؟,الحساب دلوقتي؟,الفاتورة هلأ؟,الفاتورة الحين؟,الفاتورة دابا؟,الحساب دحين؟,الفاتورة هلأ؟,تسوي الفاتورة الآن؟,الفاتوره هسا؟,الفاتورة الآن ؟,الفاتورة الآن؟,تخلص دابا؟,الفاتورة الان؟,الفاتورة هلا؟,الفاتوره الان؟,العدد توة؟,الفاتورة توا؟,الفاتورة توا؟
8068,الطرف عند التقاطع.,الجنب عند التقاطع.,من جهة التقاطع.,جهة التقاطع.,جنب التقاطع.,من جهة التقاطع.,بجانب التقاطع.,الجنب عالتقاطع .,جهة التقاطع.,الحنب عند التقاطع .,عجنب عالمفرق.,صوب في التقاطع.,من الجنب فالتقاطع.,من جهة التقاطع.,الجنب عند المفرق.,الجانب في التقاطع.,من الجانب بالتقاطع.,الجانب عند التقاطع .,من الجانب عند التقاطع.,حدا الدورا.,الجانب على التقاطع.,جهة التقاطع .,من جهه التقاطع.,اخرى في المفترق.,الجنب في التقاطع.,جنب في التقاطع.
8094,صندوق موسيقى.,صندوق موسيقى.,علبة موسيقى.,صندوق موسيقى.,صندوق الموسيقى.,صندوق موسيقى.,صندوق موسيقي.,موسيقى .,صندوق موسيقي.,موسيقى .,صندوق موسيقى.,صندوق موسيقى.,صندوق موسيقى.,صندوق الموسيقى.,صندوق موسيقي.,صندوق موسيقى.,صندوق موسيقى.,موسيقى .,صندوق الموسيقى.,كاطلق لموسيقا.,موسيقى.,موسيقى .,صندوق موسيقي.,متاع موسيقى.,صندوق موسيقي.,صندوق موزيكا.
8095,الضاحية؟,الضاحية؟,جاية الضاحية؟,الضاحية؟,المنطقة دي؟,الضاحية؟,الضاحية؟,الضاحية؟,الضاحية؟,الضاحية؟,الضاحية؟,الضاحية؟,هيا الضواحي؟,ضاحية المدينة؟,ضاحية المدينة؟,الضاحية؟,هيه الضاحيه؟,الضاحية ؟,الضاحية؟,لبلايص الزوينين؟,الضاحية؟,ضاحية المدينة؟,هي الضاحيه؟,الاحياء؟,الضواحي؟,الضاحية؟
8098,بالباص للمدينة؟,أتوبيس للمدينة؟,للمدينة بالحافلة؟,سياحي بالبلد؟,جولة في المدينة؟,بالباص بالمدينة؟,جولة بالباصللمدينة؟,باص عالبلدة؟,في المدينة؟,بالاتوبيس للبلد؟,بالباص بهالمدينة؟,للمدينة بالباص؟,دورة بالحافلة فالمدينة؟,لجولة حول المدينة؟,جولة في المدينة؟,بص في المدينة؟,جولات بالمدينه؟,تجوب المدينة ؟,بالحافلة في المدينة؟,لمدينا بلكار؟,باص للمدينة؟,لجولة بالمدينة؟,بباص المدينه؟,للمدينة بالكار؟,بالباص للمدينه؟,للمدينة بالكار؟
8108,منبدا؟,الساعة كام؟,نبداو؟,راح نبدا؟,إمتى؟,نبدي؟,وقت نبدي؟,وقت منبلش؟,وقت حنبدو؟,لما ابتدينا؟,ساعة منبلش؟,كم نبتدي؟,وقت نبداو؟,نبدأ؟,بنبدا؟,ياتو زمن؟,احنه نبدي؟,نبدأ ؟,وقت نبدأ؟,غادي نبداو؟,نبدأ؟,ساعة بنبلش؟,وقت نبدا؟,وقت نبداو؟,لازم نبدو؟,ساعة نبداو؟
8114,عليك ميركوري سايبل. تمام هيك؟,ممكن نقدم لك ترمومتر. دة كويس؟,ماريكوري سابل، واش رايك؟,زئبق أسود. هيك منيح؟,نقدملك ميركري سابل، مشي كدة؟,"عليك ""ميركيوري سايبل"". ماشي؟",عليك زئبق. هذا زين؟,ميركوري سايبل. باثر شي؟,نوفرولك زئبق أسود. هضا تمام؟,فورد ميركيوري سابل . كده كويس؟,ميركوري سيبل. هيك منيح؟,نقدر تعطيك ميركوري سيبل، زينة؟,زئبق رمال. واش هكا مزيان؟,سيارة ميركوري. كدا تمام؟,بنقدر نقدملك زئيق. تمام؟,سمور زئبقي. هل داك كله تمام؟,اسود زئبقي. هل هذا تمام؟,"نوع "" ميركوري "" ، فهل ذلك يوافقك ؟",لكم سابل الزئبق. هل هذا صحيح؟,عاديا عندنا عطارد، مزيان؟,لك الزئبق. هل هذا جيد؟,بنقدر نعرضلك الزئبق، صح؟,ميركيوري سايبل. هل هذا سابر؟,عليك ماركيري سابل، مريقل؟,عليك سابيل زئبقيه. هل هكي كويس؟,عليك الزئبق لسود، هذا يناسبك؟
8116,عضلتك.,خبطت عضلة.,العضلة ديالك.,كدمة بالعضل.,في العضلة.,كدمة بالعضلة.,كدمة بالعضلة.,عضلة.,ضربت عضلة.,العضلات .,عضلتك.,العضلة.,كدمات العضلات.,كدمة بضعلتك.,كدمات بالعضل.,كدمة عضلة.,اصبت عضله.,كَدْمة بالعَضَلة .,في العضلات.,ليك لعصبا.,عضلة.,بالعضل .,عضله مدكومه.,في العضلات.,العضلة متاعك.,عظلة.
8141,الطابة، مو أنا. أوكيه؟,الكورة، مش أنا. أوكى؟,الكرة، ماشي أنا، موافق؟,الكرة، مش أنا. طيب؟,الكورة، مش أنا. ماشي؟,الطوبة، مو تضربني، ماشي؟,الطوبة مو انا. اوكي؟,مش انا . اوك؟,الكورة، مش أنا. اوكي؟,الكرة، مش انا . اتفقنا؟,الطابة، مو أنا. ماشي؟,الكرة، مو انا. انزين؟,الكرة ماشي انا واخا؟,الكورة، مو تشوتني. اوك؟,الطابة، مش تضربني. أوكي؟,ما انا . اوكي؟,الطبي، مو انا. اوكي؟,وليس أنا . موافق ؟,الكرة، وليس لي. انزين؟,لكورا، ماشي انا، صافي؟,الكورة، مو انا. اوك؟,الطابة، مش انا، اوك؟,الكره، مش انا. تمام؟,موش انا، باهي؟,الكوره، مش أني. اوكي؟,الكرة، موش أنا، باهي؟
8143,كمان لسا؟,بكام؟,شحال المسافة؟,الإضافة؟,قد ايه؟,بعد؟,ابعد؟,ادية؟,يبعد؟,اد ايه؟,لسه؟,بعد؟,من داكشي؟,باقي لسا؟,أبعد؟,كم تاني؟,اكثغ؟,يبعد أكثر ؟,من ذلك؟,بعيد؟,باقي؟,زيادة؟,هو ابعد؟,قداش المسافة؟,مازال؟,بعد قداش؟
8149,شوية كتان؟,أستلف كتان؟,نتسلف الحوايج؟,ملابس كتان؟,شوية بياضات؟,شوية كتان؟,استعير كتان؟,استعير كتان؟,شوية كتان؟,استلف كتان؟,شوية كتان؟,شوية كتان؟,ديال الكتان؟,شوية كتان؟,شوية قماش؟,بعض الكتان؟,شويه كتان؟,بعض البياضات ؟,بعض الكتان؟,نتسلف لحوايج؟,استعير الكتان؟,شوية كتان؟,شويه كتان؟,ناخذ الماكينة؟,شوية شراشيف؟,نتسلف حوايج؟
8156,مصنوعة منو هالشنتاية؟,منه شنطة السفر دى؟,تع هاذ الحقيبة؟,المعمول منه الشنطة؟,من جلد ايه؟,الجنطة مصنوعه منه؟,مصنوع منه الجنطة؟,منو شنطة التياب هيدي؟,مصنوعة منه الشنطة هضي؟,الشنطة ديه معموله منه؟,جلد مصنوعة هالشنتاية؟,الجلد مصنوعة هالشنطة؟,الجلد مصوبة هاد الحقيبة؟,مصنوع منه الشنطة؟,مصنوعة منه هاي الشنطة؟,منه الشنطة دي؟,الجلود هلي البدلي مصنوعه؟,صُنعت حقيبة السفر هذه ؟,الحقيبة مصنوعة من؟,مصاوبا هاد الباليزا؟,هذي الشنطة مصنوعة منه؟,منو هاي الشنتة؟,الشنطه هذه مصنوعه؟,جلد تصنعت الفاليز؟,مصنوعه الشنطة هادي؟,الجلد مصنوعة الفاليجة هاذي؟
8161,خرج تجبلي غيرها؟,ممكن تجيبلى واحدة تانية؟,نقي. تقدر تعطيني واحدأوخر؟,نظيفة. ممكن تجبلي وحدة تانية؟,ممكن تجيبلي واحدة تانية؟,ممكن تجيبلي وحده غيرها؟,نظيفة. تكدر تجيبلي غرها؟,. فيك تجبلي غيرا؟,تقدر تجيبلي واحد أخرى؟,ممكن تديني واحده تانيه؟,ممكن تجبلي غيرها؟,تجيب لي وحدة ثانية؟,ممكن تشوفلي شي وحدة اخرى؟,ممكن تجبلي وحدة تانية؟,بتقدر تجيبلي وحدة تانية؟,ممكن تجيب لي واحدة تانية؟,تطيق تجيبلي وحدي اللخ؟,أن تُحضر لي واحدة أخرى ؟,احصل على وحده ثانية؟,تعطيني شي واحد آخر؟,تجيب لي حدة ثانية؟,. بتقدر تعطيني وحدة ثانية؟,ممكن تدي لي واحده ثانيه؟,تنجم تعطني واحد اخر؟,ممكن تجيبلي واحد تاني؟,نظيفة. تنجم تعطيني واحدة أخرى؟
8164,بس بتبدل هاد بهاد؟,ممكن تبدل دة بدة؟,اذا تقدر تبدلهولي بهاذا؟,ممكن اتغيرلي هاد لهاد؟,إنت هتغيره علشان دي؟,بس ممكن تبدلياها؟,تكدر تبدل هاي بذيج؟,رح تبدل هيدا بهيداك؟,لكن ممكن تغيرله ليا؟,بس ممكن تغيرهالي بده؟,بس ممكن تبدله بهداك؟,ممكن تبدل ذي بذي؟,لحظة ممكن تبدلولي بهادا؟,تقدر تبدلي دا بداك؟,بتقدر تبدل هدا بهداك؟,تبدل دا بي داك؟,لكن ممكن تبدلها بهذيك؟,هلاً بدلت هذه بتلك ؟,هل يتغيير بالنسبة لذلك؟,واخا تبدلو ليا بهادا؟,تقدر تغير هذا لذاك؟,بتقدر تبدله بهاد؟,عتقدر تغير هذا بدل ذيك؟,تنجم تبدلهولي بهذا؟,هل نقدر نغيره بهدا؟,ياخي تنجم تبدلو بهذا؟
8173,بتفق مع هالشي.,متفق مع دة.,موافق مع هاذا.,مش موافق على هاد.,مش موافق على كدة.,اتفق ويه هذا الشي.,على ذاك.,مع هالشي .,نتفقش مع هضا.,موافق على ده .,مع هالشي.,على هالشي.,أتفق مع داكشي.,ما اتفق.,مش موافق.,ما موافق على داك.,اتفق مع هذاك الشي.,مع ذلك .,مع ذلك.,ولايني مامتافقش معاه.,اتفق مع ذاك.,موافق على هيك .,مع هذا.,معاك، مانيش موافق.,موافق معاك.,مانيش متفق مع هذا.
8177,لسنترال ستيشن؟,الصح للمحطة المركزية؟,الصحيح إلى البريد المركزي؟,للمحطة الرئيسية؟,الصح للمحطة الرئيسية؟,الصحيح للمحطة المركزية؟,للمحطة المركزية؟,للمحطة المركزية؟,للمحطة الرئيسية؟,للمحطة الرئيسيه؟,على سينترال ستيشن؟,لمحطة سنترال؟,الصحيح للمحطة المركزية؟,للمحطة المركزية؟,للمحطة المركزية؟,إلى سنترال استيشن؟,الصحيح للمحطه المركزيي؟,إلى المحطة المركزية ؟,إلى المحطة المركزية؟,طريق لمحطا لمركزيا؟,الحيح لمحطة سينترال؟,للمحطة المركزية؟,للمحطه المركزية؟,للمحطة الرسمية؟,صح للمحطة الرئيسية؟,للمحطة المركزية؟
8183,إذا سمحت.,لو سمحت.,من فضلك.,يسوقه، لو سمحت.,لو سمحت.,من فضلك.,ودليل، رجاءا.,إذا بتريد .,لو سمحت.,من فضلك .,لو سمحت.,لو سمحت.,دليل، عافاك.,لو سمحت.,لو سمحت.,من فضلك.,مرشد، رجاءا.,من فضلك .,من فضلك.,ديالو، عفاك.,لو سمحت.,لو سمحت .,لو سمحت.,دليل، يعيشك.,لو سمحت.,بالقيد، يعيشك.
8193,غامقة لإلي.,بلون غامق لنفسى.,بلون غامق ليا.,لونها غامق إلي.,بدلة غامقة ليا.,بلون قاتم الي.,بلون غامق الي.,غامقة لالي .,لونها غامق لروحي.,سودا ليا .,غامقة لإلي.,غامقة حقي.,لون اسود ليا.,لونها غامق لنفسي.,لونها غامق لألي.,بدلة غامضة اللون.,غامقة اللون لنفسي.,داكنة من أجلي .,الداكن لنفسي.,غامق ليا، عفاك.,بلون غامق لنفسي.,غامق الي .,غامقه لنفسي.,لونها غامق ليلي.,لونها داكن لي روحي.,غامق ليا أنا.
8194,هالشمسية كعصاية.,هتنفع لعصاية.,تكون كيما العصا.,تكون بدل العصاي.,بعمل العصاية.,تنفع كعصايه.,تشتغل كعودة.,كعصاية .,حتشمي دعامة.,عصايه .,حالها عصاية.,هالمظلة كعصا.,تصلاح عصا.,حتقوم بالخبطة.,مع عصاي.,تعمل لعصاية.,تعمل لعودي.,كعصا للسير .,تصير عصا.,يخدم فحال غصبا.,تكون عصا.,تكون كعصاية .,عتنفع عصية.,بالواجب كيما العكاز.,حتى عصايه.,تعوض العصا.
8202,شناتيي بغرفة الامانات؟,بتاعتى فى أوضة الامانات؟,دياولي في غرفة الامانات؟,شنطي بغرفة الامانات؟,بتاعتي فى أوضة الامانات؟,امتعتي بغرفة الامانات؟,كلها بغرفة الامانات؟,شناطي بغرفة الامانات؟,بتاعي في دار الامانات؟,شنطي في اوضة الامانات؟,شناتيي بغرفة الامانات؟,في غرفة الامانات؟,ديالي كاملين فغرفة الامانات؟,في غرفة الامانات؟,في غرفة الامانات؟,كله في غرفة الامانات؟,امتعتي بغرفة الامانات؟,في غرفة ترك المعاطف ؟,أمتعتي في غرفة الامانات؟,كولو عند غرفة الامانات؟,في غرفة الامانات؟,شناتي بغرفة الامانات؟,الشنط حقي بغرفة الامانات؟,في بيت الامانات؟,في دار الامانات؟,في بيت الامانات؟
8210,فرجيني جوازك.,الباسبور بتاعك.,ديالك، من فضلك.,جواز سفرك.,الباسبور بتاعك.,السفر مالتك.,راويني جوازك.,بسبورك .,جواز سفرك.,جواز سفرك .,لو سمحت.,ورني جوازك.,السفر ديالك.,جواز سفرك.,جواز سفرك.,وريني جوازك.,جواز سفرك.,جواز سفرك .,جوازك.,ديال، عفاك.,ورني جوازك.,جواز سفرك .,رويني جوازك.,اللسفر متاعك، يعيشك.,وريني باسبورتك.,بسبورك، يعيشك.
8227,غسيل أيام الأحد؟,غسيل يوم الحد؟,يغسلو لحوايج يوم الأحد؟,طلبات الغسيل أيام الأحد؟,غسيل ايام الحد؟,غسيل ايام الأحد؟,هدوم ايام الاحد؟,غسيل نهار الاحد؟,في غسيل يوم الاحد؟,غسيل يوم الحد؟,غسيل أيام الأحد؟,غسيل يوم الأحد؟,الغسيل في أيام الأحد؟,غسيل يوم الاحد؟,غسيل يوم الأحد؟,الغسيل في أيام الأحد؟,يقبل الغسيل يوم الاحد؟,في أيام الآحاد ؟,في أيام الأحد؟,فيها لحوايج نهار لحد؟,الغسيل أيام الاحد؟,الغسيل فيه ايام الاحد؟,يقبلو الغسيل ايام الاحد؟,الغسيل نهار الاحد؟,ياخد الغسيل يوم الاحد؟,الحوايج نهار الأحد؟
8233,إذا سمحت.,لو سمحت.,من فضلك.,لو سمحت.,لو سمحت.,تشيزبيرغر، رجاءً.,جيزبركر، رجاءا.,إذا بتريد.,لو سمحت.,من فضلك .,لو سمحت.,لو سمحت.,الجبن، عافاك.,لو سمحت.,جبنة، لو سمحت.,من فضلك.,بالجبن، رجاءا.,من فضلك .,لو سمحت.,بورغر، عفاك.,لو سمحت.,لو سمحت .,لو سمحت.,تشيزبورجرز، يعيشك.,لو سمحت.,بالجبن، يعيشك.
8234,ع ميامي؟,بيروح ميامى؟,تروح لميامي؟,على ميامي؟,بيروح لميامي؟,يروح لميامي؟,يروح لميامي؟,بروح عميامي؟,يمشي لميامي؟,بيروح ميامي؟,على ميامي؟,يروح ميامي؟,كايدي لميامي؟,حيروح لميامي؟,على ميامي؟,بمشي لميامي؟,يغوح لميامي؟,إلى ميامي ؟,تذهب إلى ميامي؟,كايمشي لمييامي؟,يروح لميامي؟,على ميامي؟,يسير ل ميامي؟,الخارجة لميامي؟,لي ميامي؟,تمشي لميامي؟
8236,ضرورة للبخشيش.,ضرورى تيبس.,ماهو لازم.,داعي للبقشيش.,متديش بقشيش.,داعي للبخشيش.,بقيش ضروري.,تعطي تبس.,هو ضرورة.,للبقشيش .,داعي للبخشيش.,لازم اكراميات.,أمر ضروري.,مو لازم.,مش ضروري.,ما ضروري.,يحتاج بقشيش.,لدفع بقشيش .,أمر ضروري.,نعطي لبوربوار.,يحتاج بقشيش.,للبقشيش ضروري .,مش ضروري.,ماهو لازم.,مش ضروروي.,ماهو ضروري.
8248,بصالة كارنيغي.,فى قاعة كارنيجى.,في كارنجي هول.,بقاعة كارنيجي.,في قاعة كارنيجي.,بقاعة كارنيجي.,بقاعة كارنكي.,بقاعة كارنيجي .,في كانيجي هول.,قاعة كارنيجي .,بقاعة كارنيجي.,في قاعة كارنيج.,وحدة فقاعة كارنيجي.,في قاعة كارنيجي.,في قاعة كارنيجي.,في قاعة كارنيغي.,بقاعة كارنيجي.,"كارينجي هول "" .",في قاعة كارنيجي.,ف لكارنيجي.,في قاعة كارنيغ.,بقاعة كارينجي.,في قاعه كارنيجي.,في صالة كارنيجي.,في صالة كارنيج.,في صالة كارنيجي.
8250,مالي مجاز.,مش متسجل.,غيرمعتمد.,مش مؤهل.,معايا شهادة.,مو مجاز.,ما مجاز.,موثق.,مش موثق.,شهادات .,مو معتمد.,مو معتمد.,ماشي معتمد.,مو معتمد.,مش مؤهل.,ما معتمد.,ما مؤهل.,قانونياً .,غير معتمد.,ماشي معتمد.,لست معتمد.,غير معتمد.,مش معتمد.,نيش موافق.,عنديش رخصة.,مانيش معتمد.
8271,ميزة البيت؟,تخصص البيت؟,تع البيت؟,ميزات البيت؟,تخصص البيت؟,تخصص المنزل؟,المميز بالبيت؟,اختصاص البيت؟,المميز للمطعم؟,المطعم المميز؟,اختصاص هالمطعم؟,في المطعم؟,هاد الدار؟,تخصص البيت؟,ميزة البيت؟,خصوصيات البيت؟,اختصاص البيت؟,المميز للمحل ؟,البيت الخاص؟,مختصين؟,ميزة البيت؟,تخصص المنزلي؟,خاصية البيت؟,خاصية الدار؟,حاجتكم المميزه؟,إختصاص الدار؟
8280,عند دكتور.,مع دكتور.,موعد عند الطبيب.,عند دكتور.,ميعاد عند الدكتور.,ويه الدكتور.,ويه الطبيب.,مع الحكيم.,مع دكتور.,مع دكتور .,مع دكتور.,موعد مع دكتور.,موعد مع طبيب.,مع الدكتور.,عند الدكتور.,مع دكتور.,مع طبيب.,مع طبيب .,مع طبيب.,عند واحد الطبيب.,مع دكتور.,مع الدكتور .,عند دكتور.,مع طبيب.,مع الدكتور.,مع طبيب.
8291,جنب الشباك عالسبعة المسا.,من الشباك لسبعة الليلة دى.,هاذ العشية على السبعة.,قريبة من الشباك الساعة سبعة المسا.,الشباك لسبع افراد إنهاردة بليل.,الشباك لسبعه هاي الليلة.,يم الشباج للسبعة الليلة.,الشباك لسبع اشخاص الليلة.,من الروشن لسبعة الليلة.,حتكون فاضية عالساعة سبعة بليل .,الشباك الليلة عالساعة سبعة.,متوفرة الليلة الساعة سبع.,هاد الليلة مع السبعة دليل.,الشباك على الساعة سبعة الليل.,الشباك على الساعة سبعة المسا.,متاحة جمب الشباك للسابعة الليلة.,الشباك متوفر هالليلي بالسبعه.,النافذة لسبعة أشخاص الليلة .,من نافذة لمدة سبعة ليالي.,الشرجم ل هاد ليلا.,فاضية للساعة سبعة الليلة.,الشباك على الساعة سبعة .,من الطاقه للساعه سبع الليله.,في السبعة متاع العشية.,الروشن الساعه سبعة الليله.,متاع العشية الليلة هاذي.
8295,أجي لعندك؟,آجى مكانك؟,جيت عندكم؟,المكان اللي انت فيه؟,اجي عندك؟,اجي لمكانك؟,اجي لمكانك؟,اجي لعندك؟,نجي لحوشك؟,اجيلك عندك؟,إذا اجيت لعندك؟,اجي بيتك؟,نجي لبلاصتك؟,الى مكان؟,أجي عندك؟,اجي مكانك؟,جيتي لمكانك؟,حضوري إلى منزلك ؟,اقعد مكانك؟,جيت عندك؟,قدومي لمنزلك؟,اجي عندك؟,اجي لعندك؟,نجي بحذاك؟,نجي عندك؟,نجي بحذاك؟
8305,مجال للتحسين.,محتاج تحسين.,يحتاج تحسن.,محتاج تحسين.,محتاج يتحسن.,مجال لبعض التحسينات.,مجال للتطوير.,للتحسين .,شوية مجال للتحسن.,يتحسن اكتر .,مجال للتحسين.,مجال للتطوير.,مجال للتحسن.,محتاج للتطوير.,مجال للتحسين.,مجال للتحسين.,مجال للتطوير.,مجالات للتحسينات .,مجال للتحسين.,محتاج تحسين.,محتاج للتحسين.,مجال للتحسين.,مجال للتحسين.,تقدم باش يتعمل.,مجال للتحسن.,يلزمها تتحسن.
8316,الأنفاق؟,تحت الأرض؟,جاي الميترو؟,البنية التحتية؟,المترو؟,النفق؟,قطار الانفاق؟,لتحت الأرض؟,قطار النفق؟,مترو الانفاق؟,المترو؟,الأنفاق؟,كاين القبو؟,النفق؟,تحت الأرض؟,التحت الواطة؟,قطار الانفاق؟,الأنفاق ؟,المترو؟,كاين لميطرو؟,الميترو؟,الارضي؟,قطار الانفاق؟,موجود الميترو؟,قطار الانفاق؟,موجود المترو؟
8334,بقياس أصغر؟,بحجم أصغر؟,صغير عليه؟,مقاس أصغر؟,اصغر شوية؟,حجم صغير؟,على حجم اصغر؟,بقياس اضغر؟,بمقاس اصغر؟,مقاس اصغر؟,قياس أصغر؟,بمقاس أصغر؟,فحجم صغير؟,حجم اصغر؟,قياس أصغر؟,في مقاس اصغر؟,بقياس اصغغ؟,بحجم أصغر ؟,حجم أصغر؟,ماصغر؟,بحجم صغير؟,حجم اصغر؟,بمقاس اصغر؟,ما أصغر؟,مقاس صغير؟,ما أصغر؟
8338,أجيب أسبرين؟,منين أسبرين؟,نصيب الأسبيرين؟,أجيب أسبيرين؟,من فين؟,احصل اسبرين؟,احصل اسبرين؟,جيب اسبيرين؟,شوية اسبرين؟,اجيب اسبرين؟,جيب أسبرين؟,احصل اسبرين؟,نلقى الاسبيرين؟,الاقي اسبرين؟,ألاقي أسبرين؟,على اسبرين؟,على اسبرين؟,على أسبرين ؟,على الأسبرين؟,نلقا لاسبيرين؟,اشتري اسبرين؟,اجيب اسبرين؟,احصل اسبرين؟,دواء الراس؟,نحصل اسبيرين؟,نلقى لسبيرين؟
8342,الحضيض؟,حد أدنى؟,الأقل كامل؟,أقل إشي؟,أقل حاجة؟,قعر الصخور؟,قاع الصخور؟,اخر شي؟,الحضيض؟,نهاية الانحدار؟,آخر شي؟,أقل شي؟,قاع الصخور؟,مستوى زفت؟,قاع؟,زر الروك؟,قاع الصخور؟,للسعر .,قاع الصخور؟,تمن عندكم؟,الحضيض؟,قاع الصخرة؟,قاع الصخره؟,ارخص سوم؟,هدا القاع؟,بالسوم لرخص؟
8349,إذن مرور لأسبوع.,كارت مرور لأسبوع.,بطاقة لأسبوع.,مرور لمدة أسبوع.,تصريح بمرور اسبوع.,واحد رجاءً.,مرور لاسبوع.,إذا بتريد.,مرور لأسبوع واحد.,اخلصة في اسبوع .,مرور لأسبوع.,تصريح لأسبوع.,ديال اسبوع واحد.,واحد اقضيه.,اجازة لمدة أسبوع.,مرور أسبوع واحد.,لمدة اسبوع.,سارياً لمدة أسبوع .,مرور أسبوع واحد.,ديال سيمانا.,تذكرة لاسبوع واحد.,اسبوع فاضي .,دخول لمده اسبوع.,كارطة بجمعة.,متاع اسبوع.,بطاقة الجمعة.
8355,زميلي.,زميلى.,زميلي.,زميلي.,زميلي.,زميلي.,كليتي.,زميلي .,زميلي.,زميلي .,زميلي.,زميلي.,زميلي.,زميلي.,زميلي.,كليتي.,رفيقي.,زميلي .,زميلي.,صاحبي.,جامعتي.,زميلي .,هو زميلي.,زميلي.,زميلي.,زميلي.
8358,ممتاز، عادي، ونقي؟,عادى و غير منقى؟,كاين؟ سوبر، عادي، منقى؟,هناك؟ ممتاز، عادي، ومنقى؟,ممتاز وعادي ومنقى؟,ممتاز، عادي وغير محسن؟,ممتاز، عادي، لو نقي؟,بريميوم، عادي، نقي؟,غادي؟ ممتاز، عادي، ونقي؟,عادي، و لا منقى؟,ممتاز، وعادي، ، ومنقى؟,هناك؟ ممتاز، وعادي، ونقي؟,تما؟ المزيان، العادي، والنقي؟,ممتاز، عادي، وغير منقى؟,ممتاز، عادي ومنقى؟,ممتاز، عادي، ونقي؟,هذا؟ ممتاز، اعتيادي، ونقي؟,العادي ، أما الخالي من الرصاص ؟,هناك؟ ممتاز، عادي، ونقي؟,عادي ولا صوبلومب؟,موجود؟ ممتاز، عادي، ومنقى؟,ممتاز، عادي و نقي؟,البترول؟ بريميم، عادي، ونقي؟,رفيع، عادي، نقي؟,ممتازه، و عاديه، ونقية؟,سوبر، عادي، منقى؟
8368,واحد.,أهو.,واحد.,واحد.,واحد اهو.,واحد.,واحد.,واحد .,وحده.,واحد .,واحد.,واحد.,واحد.,وحدة.,واحد.,واحد.,ويحد.,واحد .,واحد.,واحد.,واحد.,واحد.,هانا واحد.,واحد.,واحد.,هذا واحد.
8371,بترشح.,أخدت برد.,نزلة برد.,وشك أزكم.,هيجيني برد.,اصاب ببرد.,طحت بالنشلة.,عوارض رشح.,برد.,برد .,رح رشح.,ازكم.,البرد.,برد.,ماخد برد.,برد.,اصاب ببغد.,بنوبة برد .,بمرض بالزكام.,يضربني البرد.,برد.,برد .,زكام.,نلقط قريب.,حصلت برده.,يصيبني برد.
8409,الحال. بظن بيفتح من التسعة للخمسة.,أوكى. أفتكر هو فاتح من تسعة لخمسة.,مفتوح من التاسعة صباحا حتى الخمسة تع لعشية.,بتوقع أنه بفتح من التسعة للخمسة.,معاك. هو بيبقى فاتح من تسعة لخمسة.,مشكلة. اعتقد هوه مفتح من التسعة للخمسة.,اعتقد يفتح من التسعة للخمسة.,بعتقد بيفتح من التسعة للخمسة.,اوكي. انضني هو مفتوح من التسعة للخمسة.,متهيألي مفتوح من تسعة لخمسة .,بيفتح من الساعة تسعة للساعة خمسة.,انه يفتح من تسع لي خمس.,كنعتقد بلي مفتوح من تسعة إلى خمسة.,أتوقع انه مفتوح من تسعة لخمسة.,بتوقع بيكون فاتح من التسعة للخمسة.,اوكي. أعتقد أن بفتح من تسعة لخمسة.,اوكي. اتوقع هو مفتوح من التسعه للخمسي.,به . أعتقد أنه يُفتح من التاسعة حتى الخامسة .,أعتقد مفتوح من تسعة إلى خمسة.,كايحلو من التسعود د الصباح حتال لخمسا دلعشيا.,اعتقد يفتح من تسعة الى خمسة.,. اتوقع انو بفتح من التسعة للخمسة .,ما اعتقد انه مفتوح من تسع ل خمس.,نتصور محلول من التسعة للخمسة متاع العشية.,تمام. أظني يفتح من التسعه للخمسه.,محلول من التسعا متاع الصباح حتى للخمسا متاع العشية.
8418,خاصة فوق صحن رز.,مخصوص على وش طبق رز.,خاصة على الروز.,محطوطة فوق صحن الرز.,مخصوص على طبق رز كبير.,خاصة على ماعون تمن.,مميز فوكاه واناء تمن.,عوج كاسة رز.,مميزة فوق داقره رز.,محطوط فوق سلطانية رز .,خاص فوق صحن رز.,خاص مع ملة عيش.,على رأس وعاء من الأرز.,فوقه في صحن رز.,على الوجه وصحن رز.,في قمة صحن رز.,خاصه اعلى وعاء من التمن.,فوق سلطانية من الأرز .,على رأس وعاء من الأرز.,واحد لاصوص خاصا و الروز.,على وعاء من الرز.,خاصة مع صحن رز.,على راس طاسه الرز.,معاه صالصة بالروز.,خاصة فوق صونية رز.,فوق صحن متاع روز.
8435,وراح وما رجع أبداً وأنا علقت بفاتورة كبيرة.,ومشى ومارجعش تانى وكنت متورط فى فاتورة كبيرة.,بلاما يولي وانا صبت روحي حاصل بفاتورة كبيرة.,وراح وما رجع إجى أبداً وأنا تورطت بفاتورة كبيرة.,يعمل تليفون ومرجعش تاني وانا اتدبست في فاتورة كبيرة.,وغادر وبعد ما رجع وخلاني متورط بقائمة جبيره.,وبعد ما رجع ابد وخلاني بفاتورة جبيرة.,و راح وما رجع تركني ادفع فاتورة كبيرة .,و عدا معش رد و حصلت في فاتورة مسخطة.,مشي و مارجعش تاني و اتدبست انا في فاتورة كبيرة.,راح و ما رجع أبداً وانبليت بفاتروة كبيرة.,وبيرجع بس راح ولا رجع وانا توهقت بالفاتورة.,مكالمة هاتفية وغومشا ومرجعش وخلاني واحل بفاتورة كبيرة.,ولا رجع مرة تانية وورطني مع فاتورة كبيرة.,راح وما رجع وضليت أنا مع فاتورة كبيرة.,و نهائي ما جا راجع و أنا علقت مع فاتورة كبيرة.,وغاح وما رجع وانا بقيتو عيلق بفاتوره كبيغه.,ولم يعد أبداً وتحملت أنا وحدي عبء فاتورة ضخمة .,وبيرجع لكن ما رجع وانا توهقت بفاتورة ضخمة.,مابقا رجع و خلا ليا واحد لفاكتورا قدها قد الصخط.,ما عاد رجع و كنت ناشب بفاتورة كبيرة.,و ما رجع و علقت مع فاتورة كبيرة .,و خطي وماعد رجعش وانا حنبت بفاتوره غاليه.,من غير ما يرجع و خلاني واحل بفاتورة غالية.,و معاش جي و خلاني حاصل في فاتورة هكي كبرها.,ما رجع جملة ولقيت روحي متكونسيا قدام فاتورة غالية برشا.
8454,الغالون منو؟,للجالون؟,للغالون الواحد؟,الغلون الواحد؟,ده بكام؟,للغالون؟,لكل كالون؟,حق الغالون؟,للقلوني الواحد؟,للجالون؟,الغالون؟,الغالون؟,لكل غالون؟,الجالون منه؟,على الجالون؟,سعره للجالون؟,لكل كالون؟,لكل جالون ؟,لكل جالون؟,داير لغالون؟,لكل غالون؟,للغالون؟,لكل جالون؟,الجالون الواحد؟,الجالون؟,للغالون الواحد؟
8456,الائتمانية معي بالشنتاية.,كارد بتاعى فى شنطتى.,الائتمان دياولي فالساك ديالي.,وبطاقة البنك بشنطتي.,البنك في الشنطة بتاعتي.,الأئتمان بجنطتي.,وبطاقة الائتمان بالجنطة.,كارد بشنطتي .,الكريدت كارد في شنطتي.,معايا في الشنطة .,كانوا بشنتايتي.,كارد في الشنطة.,سفروبطاقة ائتمان فحقيبتي.,كارد في شنطتي.,الفيزا في شنتتي.,كارد في شنطتي.,ائتماني بجنطتي.,الائتمانية في جيبي .,وبطاقة ائتمان في حقيبتي.,كارط غيشي ف الصاك ديالي.,الائتمانية في شنطتي.,بطاقتي الصراف بشنتتي .,الائتمان في شنطتي.,و كارطة البانكا.,متاعي كانو في الشنطه.,كريدي متاعي في صاكي.
8485,باسم مانو.,تحت اسم مانو.,باسم مانو.,بإسم مانو.,باسم مانوي.,باسم مانو.,باسم مانو.,باسم مانوو .,تحت اسم مانو.,بأسم مانوو .,باسم مانو.,باسم مانو.,تحت اسم مانو.,سبعة، باسم مانو.,باسم مانو.,تحت اسم مانو.,باسم مانو.,تحت اسم مانو .,تحت اسم مانو.,ب سميات مانو.,باسم مانو.,اسم مانو .,تحت اسم مانوو.,باسم مانو.,تحت الاسم مانوو.,الصباح بإسم مانو.
8495,فنجان شاي؟,كوباية شاى؟,كاس شاي؟,كاسة شاي؟,كوباية شاي؟,كوب شاي؟,كلاص جاي؟,فنجان شاي؟,كباية شاهي؟,كوبايه شاي؟,كاسة شاي؟,كوب شاهي؟,كاس اتاي؟,كاسة شأي؟,كاسة شاي؟,كباية شاي؟,كوب جاي؟,فنجان شاي ؟,من الشاي؟,ديال أتاي؟,كوب شاهي؟,كاسة شاي؟,قلص شاهي؟,كويس تاي؟,طاسة شاهي؟,كاس تاي؟
8497,بلاقي القنصل الياباني؟,فين القنصلية اليابانية؟,السفارة تع اليابان؟,ألاقي القنصلية اليابانية؟,القنصلية اليابانية فين؟,الكه القنصلية اليابانية؟,الكه القنصلية اليابانية؟,لقيت القنصلية اليابانية؟,نلقى القنصلية اليابانية؟,الاقي القنصلية اليابانية؟,بلاقي القنصلية اليابانية؟,احصل القنصلية اليابانية؟,نلقى القنصلية اليابانية؟,الاقي القنصلية اليأبانية؟,بلاقي القنصلية اليابانية؟,ألقى القنصلية اليابانية؟,القي مستشار ياباني؟,أجد القنصلية اليابانية ؟,أين تجد القنصلية اليابانية؟,لقنصليا ديال اليابان؟,القى قنصلية اليابان؟,بلاقي القنصلية اليابانية؟,شا الاقي قنصليه اليابان؟,تجي سفارة اليابان؟,نلقى القنصلية اليابانيه؟,نلقى قنصلية اليابان؟
8509,أو واحد عالاتصال؟,واحد على اتصال؟,ولا تع الدوام؟,واحد ممكن نتواصل معاه؟,او واحد تعرفه؟,او واحد على الاتصال؟,واحد على اتصال؟,او حدا منحكيه؟,لا واحد على تواصل؟,او دكتور ينفع نوصله؟,واحد نتصل فيه؟,واحد على اتصال؟,أو واحد نتاصل بيه؟,طبيب حسب الاتصال؟,حدا نتواصل معه؟,أو واحد في الاتصال؟,او ويحد على اتصال؟,على صلة بالفندق .,أو واحد على اتصال؟,لوطيل ولا لبيرمانونس؟,او واحد بالاتصال؟,او واحد بالسماء؟,او اللذي بالعقد؟,ولا قاعد ديما؟,او حد يتصلو بيه؟,واحد على إتصال بيه؟
8516,بشارع بوند.,فى شارع بوند.,في بوند سشريت.,من شارع بوند.,من شارع بوند.,من شارع بوند.,بشارع بوند.,شارع بوند .,في بوند ستريت.,من شارع بوند .,بشارع بوند.,في شارع بوند.,فشارع بوند.,شارع بوند.,في شارع بوند.,في شارع بوند.,بشارع بوند.,""" بوند "" .",شارع بوند.,بوند ستريت.,شارع بوند.,بوند .,في شارع بوند.,في شارع بوند.,شارع بوند.,شارع بوند.
8527,إذا سمحت.,لو سمحت.,من فضلك.,لو سمحت.,لو سمحت.,انكليزي، رجاءً.,انكليزية، رجاءا.,بتريد .,لو سمحت.,سمحت .,لو سمحت.,لو سمحت.,الإنجليزية، عافاك.,لو سمحت.,لو سمحت.,من فضلك.,انكليزي، رجاءا.,، لطفاً .,لو سمحت.,لوغلي، عفاك.,لو سمحت.,سمحت .,لو سمحت.,انقليزية، يعيشك.,لو ممكن.,إنقليزية، يعيشك.
8535,بيعزف موسيقى ريفية؟,بيلعب موسيقى وطنية؟,فيه موسيقى البلد؟,بشغل أغاني وطنية؟,فيه موسيقى الريف؟,بيه موسيقى ريفية؟,موسيقى ريفية؟,بيحطوا كنتري ميوزك؟,في موسيقى كنتري؟,فيه موسيقى الكانتري؟,تنعزف فيه موسيقى ريفية؟,يشغلون موسيقى ريفية؟,الموسيقى ديال البلد؟,يشغل موسيقى ريفية؟,موسيقى وطنية؟,بشغل موسيقى ريفية؟,يشغلون بينو اغاني الريف؟,عزف الموسيقي الريفية ؟,مكانلعزف موسيقى؟,فيها كونتري ميزيك؟,موسيقية ريفية؟,بيعزف موسيقى وطنية؟,بيشغلو اغاني وطنيه؟,نلعبوا الموسيقى الريفية؟,في موسيقى الكانتري؟,نعزفو موزيكة البلاد؟
8539,غراضي القيمة.,الغالية بتاعتى.,الأغراض المهمة.,اشيائي الغالية.,الحاجات القيمة بتاعتي.,حاجاتي الغالية.,ممتلكاتي الثمينة.,الغالية .,حاجاتي الغالية.,حاجاتي الغالية .,غراضي الغالية.,اغراضي الغالية.,الحوايج الغالية ديالي.,على أغراضي.,أفقد أشيائي.,حاجاتي القيمة.,اغراضي الثميني.,الثمينة .,الأشياء الثمينة.,لي خفت نضيعهم.,الأشياء الثمينة.,القيمة تبعتي .,حاجاتي الثمينه.,حوايجي القديمة.,حاجاتي الغاليه.,حاجاتي الثمينة.
8543,كمان صوفيات؟,صوف تانى؟,من الصوف؟,صوف تانية؟,صوف تاني؟,صوفيه اخرى؟,واحد صوفي؟,شي صوف؟,صوف أكثر؟,تانية صوف؟,صوف كمان؟,من الصوف؟,محدين بالقطن؟,صوف زيادة؟,صوف اكتر؟,صوفية تانية؟,بعد مصوفين؟,أخرى ؟,الصوف تلك؟,آخرين ديال الصوفا؟,صوف اخر؟,كمان صوف؟,صوفيات ثانيات؟,اخرين صوف؟,صوف تانيات؟,أخرين بالصوف؟
8551,هو بالورقة؟,للورقة؟,للورقة؟,لكل ورقة؟,الصفحة الواحدة؟,لكل شيت؟,لكل شيت؟,عالصفحة؟,للشيت الواحد؟,للورقة؟,الطبق؟,الصفحة؟,لكل ورقة؟,الورقة الوحدة؟,الورقة؟,بي الشيت؟,لكل ورقه؟,الواحدة ؟,لكل ورقة؟,ل ورقا؟,لكل ورقة؟,للورقة؟,لكل ورقه؟,لكل ورقة؟,حقها بالورقه؟,ياخي للورقة؟
8574,بعدين رمز الدولة ورقم التلفون.,كدة كود البلد ورقم التليفون.,رمز البلد و رقم الهاتف.,وبعدين مفتاح البلد ورقم التلفون.,كدة كود البلد ورقم التليفون.,الكود مال البلد ورقم التلفون.,بعدين مقتاح البلد ورقم التلفون.,رمز البلد، بعدين رقم التلفون .,بعدها مفتاح الدولة و رقم التليفون.,كود البلد و رقم التليفون .,بعدين رمز البلد ورقم التلفون.,رمز الدولة وعقب رقم التلفون.,ثم رمز البلد ورقم الهاتف.,بعدين رمز الدولة ورقم الجوال.,كود الدولة و بعدين رقم التلفون.,ثم مفتاح الدولة و رقم الهاتف.,بعدين رمز الدوله ورقم التليفون.,الكود الخاص بالبلد ورقم الهاتف .,ثم رمز البلد ورقم الهاتف.,لانديكاتيف والتيليفون ديال لبلاد للي كاتعيط ليها.,بعدين رمز البلد و رقم التيليفون.,بعدين رمز البلد ورقم التلفون.,وبعدين رمز البلده و رقم التلفون.,نومرو البلاد و نومرو التاليفون.,مفتاح البلاد و بعدين رقم التلفون.,بعد رمز البلاد ونومرو التاليفون.
8577,كولا دايت؟,كولا دايت؟,الكولا لايت؟,كولا دايت؟,كولا دايت؟,كوكاكولا دايت؟,كولا مال رجيم؟,كولا دايت؟,قازوزة دايت؟,دايت ؟,كولا دايت؟,كولا دايت؟,كوكا دايت؟,غازي دأيت؟,كيك دايت؟,دايت كوكا؟,مال ريجيم؟,على كوكاكولا دايت ؟,على كوك دايت؟,شي كوكا لايت؟,دايت كولا؟,دايت كولا؟,كوك دايت؟,كولا بلاش سكر؟,كولا دايت؟,كولا لايت؟
8584,أسجل طلب؟,أعمل أوردر؟,ندير طلبية؟,أعمل طلب؟,أعمل طلبية؟,اطلب؟,اطلب؟,اعمل طلبية؟,ندير طلب؟,اتقدم بطلب؟,سجل طلب؟,اطلب؟,ندير طلب؟,اطلب؟,أطلب؟,أضع طلب؟,اعمل توصيه؟,طلبية ؟,مكان طلب؟,نكوموندي؟,اطلب؟,اطلب؟,اطلب طلب؟,نعدي المطلب؟,اندير طلبيه؟,نعدي كوموند؟
8595,إلنا. شكراً إلك.,فى السواقة. شكرا.,مليحة. صحا.,شكراً الك.,بالسواقة. متشكرين.,شكرا الك.,سياقة. شكرا.,شكرا الك .,جو. شكرا.,. نشكرك .,شكراً الك.,بالسياقة. شكراً.,مزيانة. شكرا.,حلوة. شكراً.,بالمشوار. شكراً.,شكرا ليك.,لطيفي. شكرا.,. شكراً لك .,لطيفة. شكرا.,لله يحفضك.,شكرا لك.,شكرا .,شكرا لك.,الثنية، يعيشك.,صحيت شكرا.,باهية. يعيشك.
8604,معلش أعدي؟,ممكن أعدى؟,نقدر نجوز؟,ممكن أمر؟,ممكن اعدي؟,ممكن افوت؟,ممكن اعبر؟,فيي امرق؟,نقدر نخطم؟,تسمحلي اعدي؟,ممكن مر؟,ممكن توصلني؟,لي نتجاوز؟,ممكن امر؟,بقدر أمرق؟,لي اعبر؟,ممكن اعبغ؟,من هذا الأمر ؟,احصل على؟,واخا ندوز؟,اقدر امر؟,بقدر امر؟,ممكن ادخل؟,منين نمشي؟,تخلوني نمر؟,نجم نتعدى؟
8610,حوالي مية وتلاتين مليون.,مية وتلاتين مليون.,مئة و ثلاثون مليون.,حوالي مية وتلاتين مليون.,مية وتلاتين مليون.,مية تلاثين مليون.,مية وتلاثين مليون نسمة.,مية و تلاتين مليون.,حوالي ميه و ثلاثين مليون.,تلاتين مليون نسمة .,تقريباً مية وتلاتين مليون.,اليابان مية وثلاثين مليون.,مائة وثلاثين مليون نسمة.,مية وتلاتين مليون.,مية و تلاتين مليون.,مئة و تلاتين مليون.,حوالي ميي وثلاثين مليون.,مائة وثلاثين مليوناً .,مائة وثلاثين مليون نسمة.,علاين مياوتلاتين نسما.,مئة وثلاثين مليون.,ثلاثين مليون .,حوالي ميه وثلاثين مليون.,و ثلاثين مليون.,و تلاتين مليون تقريبا.,ميا وتلاثين مليون.
8618,أستأجر شمسية.,أأجر مظلة.,نكري شمسية.,استأجر مظلة.,آجر شمسية.,مضلة شمسية.,أأر مظلة.,للشمس .,نأجر مظلة.,أأجر شمسية.,استأجر شمسية.,أأجر مظلة.,نكري مظل.,استارج مظلة.,استأجر مظلة.,أأجر شمسية.,استأجر مظله.,شمسية .,استآجر مظلة.,نكري باراسول.,واقي شمس.,مظلة .,استاجر مظله.,نكري مظلة.,نأجر شمسيه.,نكري بارصول.
8625,أعكس التكاليف.,أعكس الأدوار.,نعكس الرسوم.,أسجل التكاليف.,حساب اللى هتصل بيه.,اعكس الرسوم.,اعكس التكاليف.,اقلب الكلفة .,نعكس الرسومات.,حساب اللي بأكلمة .,اعكس الرسوم.,احول الرسوم.,نعكس التكاليف.,اعكس الرسوم.,أسترجع الرسوم.,داير أراجع الرسوم.,اعكس الخدمات.,على قيمة المكالمة .,اعكس الرسوم.,ب بسفي.,اعكس التهم.,اعكس الرسوم .,تعكس الرسوم.,حساب الي باش نكلمه.,نقلب التهم.,عل حساب المتلقي.
8636,دولار وبطاقتين ائتمان.,واتنين كريديت كارد.,و زوج بطاقات ائتمان.,دولار وبطاقتين إئتمان.,دولار وكارتين بنك.,دولار وبطاقتين ائتمان.,دولار وبطاقتين ائتمان.,و بطاقتين كردت .,و اثنين كريدت كارد.,و بطاقتين إئتمان .,دولار وبطاقتين إئتمان.,وثنتين كردت كارد.,وبطاقات الائتمان جوج.,دولار وبطاقتين ائتمانية.,و كرتين فيزا.,اتنين كردت كارد.,دولار وبطاقتين ائتمان.,وبطاقتان ائتمانيتان .,وبطاقات الائتمان اثنين.,ديال لي كارط كريدي.,و بطاقتين ائتمانيتين.,دولار وبطاقتين صراف.,و ثنتين بطايق ائتمان.,و زوز كوارط بانكا.,و زوز كروت إئتمانيه.,دولار وزوز كارت كريدي.
8637,كتير سخنة.,سخنة جدا.,سخون بزاف.,كتير سخنة.,سخنة خالص.,كولش حار.,كلش حار.,سخنة .,ساخنه بكل.,قوي .,كتير سخنة.,واجد حار.,سخون بزاف.,مرة حارة.,كتير سخنة.,ساخنة شديد.,كلش حاغ.,اللازم .,وايد حار.,سخون بزاف.,حار جدا.,كثير .,حامي.,سخون بارشا.,سخونه هلبه.,سخون برشا.
8675,هون.,هنا.,هنا.,هون.,هنا.,هنا.,هنا.,هون .,هنا.,هنا .,هون.,هني.,هنا.,هنا.,هون.,هنا.,هوني.,هنا .,اهني.,هنا.,هنا.,هون .,هانا.,هوني.,هنايا.,هوني.
8688,إذا سمحت.,لو سمحت.,من فضلك.,لو سمحت.,لو سمحت.,كهوه، رجاءً.,كهوة، رجاءا.,بتريد .,لو سمحت.,إذا سمحت .,لو سمحت.,لو سمحت.,القهوة، عافاك.,لو سمحت.,لو سمحت.,من فضلك.,قهوي، رجاءا.,، لطفاً .,من فضلك.,عفاك.,لو سمحت.,سمحت .,لو سمحت.,من فضلك.,من فضلك.,من فضلك.
8690,مو محتمل.,بعض خالص.,محتمل بزاف.,بنسبة كبيرة.,خالص.,مستبعد.,شبهه كلش.,من المحتمل.,بعيد بكل.,جدا .,وارد أبداً.,بسيط.,بزاف.,مرغوب فيه.,من مرا.,بشكل عالي.,يتشابه كلش.,كبيرة .,يشابه ابد.,موحال.,مشابه جدا.,بالمرة .,مابش شبه.,بارشا.,بكل.,برشا.
8696,بعد الوجبات.,بعد الوجبات.,بعد الأكل.,بعد الأكل.,بعد ماباكل.,وره الأكل.,بعد الوجبات.,الاكل .,بعد الوكال.,الاكل .,بعد الوجبات.,بعد الوجبات.,بعد وجبات الطعام.,بعد الوجبات.,بعد الأكل.,بعد الوجبات.,بعد الوجبات.,الوجبات .,بعد الاكل.,مورا لماكلا.,بعد الوجبات.,وجبات الاكل .,بعد الوجبات.,ماعدتي بعد الماكلة.,ما ناكل.,المعدة بعد الوجبات.
8734,هالمحل حلو.,مكان جميل.,شباب المكان.,مكان حلو.,مكان رائع.,مكان حلو.,مكان حلو.,حلو .,مكان حلو.,حلو .,حلو هالمكان.,المكان واجد حلو.,مكان زوين.,مكان جميل.,مكان حلو.,مكان جميل.,مكان لطيف.,مكان لطيف .,مكان غاوي.,شحال زوينا.,مكان رائع.,حلو .,مكان حالي.,بلاصة سمحة.,مكان حلو.,بلاصة مزيانة.
8741,انصمام هوائي.,عنده انسداد هوائى.,انسداد هواء.,صعوبة بالتنفس.,عنده إنصمام هوائي.,انسداد هوائي.,انسداد هوائي.,هوا .,انسداد في الهواء.,دخل الاورده عنده .,إنسداد هوائي.,انسداد هوائي.,انسداد جوي.,انسداد بالهواء.,جلطة هوا.,عنده جلطة.,انسداد جوي.,سّدَّة تنفسية .,انسداد هواء.,تخنق.,انسداد هواء.,جوي .,انسداد جوي.,غاز مطين.,انسداد في الهوا.,هواء محصور.
8749,قررت؟,قررت؟,قررت؟,قرار؟,قررت؟,قررت؟,بعدك؟,قررت؟,قررت؟,قررت؟,قررت؟,قررت؟,قررتي؟,قررت؟,قررت؟,قررت؟,قررت؟,قرّرتَ ؟,قررت؟,قررتي؟,قررت؟,قررت؟,قررت؟,قررتوا؟,قررت؟,قررت؟
8788,نرتاح هون.,نريح هنا.,نريحو هنا.,ممكن نستريح هون.,ممكن نستريح هنا.,نرتاح هنا.,نرتاح هنا.,نرتاح هون .,نقدرو نتريحو هنا.,ممكن نفضل هنا .,نرتاح هون.,اذا تبغي.,نقدرو نرتاحو هنا.,نستريح هنا.,نستريح هون.,نحجز هنا.,نستغيح هوني.,بإمكاننا الاستراحة هنا .,يمكن أن نستريح اهني.,لينا نبقاو هنا.,نريح هنا.,نستريح هون.,نقدر نريح هانا.,نرتاحوا هوني.,نرتاحو هنايا.,نرتاحو هوني.
8791,بريد مسجل.,البريد المسجل.,البريد المسجل.,رسالة مسجلة.,ايميل التسجيل فين.,البريد المسجل.,بالايميل المسجل.,مسجل .,ايميل مسجل.,خط سير البريد .,موصى عليه.,بريد مسجل.,البريد المسجل.,أيميل مسجل.,البريد المسجل.,بريد مسجل.,بريد مسجل.,بريد مسجّل .,الي مسجله.,ديال واحد البريد مسجل.,بريد مسجل.,المسجل .,بريد مسجل.,مضمون الوصول.,بريد مسجل.,جواب مسوقر.
8803,شغلك بسهولة.,وظيفتك بسهولة.,تبدل الخدمة.,شغلك ببساطة.,شغلك بسهولة.,وظيفتك بسهوله.,وظيفتك بسهولة.,شغلك بسهولة .,شغلك بسهولة.,شغلك بسهوله .,شغلك بسهولة.,وظيفتك بسهولة.,العمل بسهولة.,وظيفتك بسهولة.,شغلك بسهولة.,شغلك بسهولة.,شغلك بسهوله.,وظيفتك بسهولة .,وظيفتك بسهولة.,خدمتك بسهولة.,وظيفتك بسهولة.,شغلك بسهولة .,وظيفتك بسهوله.,تبدل الخدمة.,خدمتك بسهولة.,تبدل خدمتك.
8805,المحطة الجاية؟,المحطة الجاية؟,المحطة المقبلة؟,المحطة الجاي؟,اللي جاية؟,المحطة التالية؟,المحطة الجاية؟,المحطة الجاي؟,المحطة الجاية؟,المحطة الجاية؟,المحطة الجاية؟,المحطة الجاية؟,المحطة الجاية؟,المحطة الجأية؟,يلي بعدها؟,الجاية شنو؟,المحطة المقبله؟,التالية ؟,المحطة الجاية؟,المحطة الجاية؟,المحطة الجاية؟,المحطة التالية؟,اللي عتجي؟,المحطة الجاية؟,المحطة الجايه؟,المحطة الجايا؟
8811,الملعب. كتير شوب اليوم.,المكشوفة. حر أوى النهاردة.,برا، السخانة بزاف اليوم.,مكشوفة. اليوم كتير شوب.,المفتوحة. إنهاردة حر خالص.,الجو كولش حار اليوم.,كلش حارة اليوم.,كتير شوب اليوم .,الجو ساخن بكل اليوم.,الجو حر النهارده .,شوب كتير اليوم.,المدرجات. واجد حر اليوم.,حيت الصهد ليوم.,مرة حر اليوم.,كتير شوب اليوم.,هي حارة شديد اليوم.,كلش حاغه اليوم.,. فاليوم شديد الحرارة .,إنه حار جدا اليوم.,برا. اليوم الجو سخون بزاف.,المفتوح. حار جدا اليوم.,اليوم كثير شوب .,قوي حما اليوم.,المعرية، اليومة نهار سخون.,اليوم ناو هلبه.,الطقس اليوم سخون برشا.
8823,عالباص رقم ستة.,لأتوبيس رقم ستة.,إلى الحافلة رقم ستة.,باص رقم ستة.,أتوبيس رقم ستة.,باص رقم ستة.,للباص رقم ستة.,عالباص رقم ستة .,لحافلة رقم ستة.,اوتوبيس رقم سته .,عالباص رقم ستة.,للباص رقم ستة.,للحافلة رقم ستة.,لباص رقم ستة.,بباص رقم ستة.,اتحول لبص رقم ستة.,رقم رقم سته.,الحافلة رقم ستة .,الحافلة رقم ستة.,الطوبيس رقم ستة.,للباص رقم ستة.,الباص رقم ستة .,للباص رقم سته.,خوذ الكار نومرو ستة.,لباص رقم ستة.,نومرو ستا بترابط.
8824,الساعة عشرة الصبح.,عشرة الصبح.,العشرة تع الصبح.,الساعة عشرة الصبح.,الساعة عشرة الصبح.,العشرة الصبح.,طيارة العشرة الصبح.,العشرة الصبح.,طيارة العشرة الصبح.,عشرة الصبح .,الساعة عشرة الصبح.,الساعة عشر الصبح.,العشرة ديال صباح.,على الساعة عشرة الصباح.,الساعة عشرة الصبح.,عشرة صباحا.,العشغه الصبح.,العاشرة صباحاً .,على العشر صباحا.,ديال العشرة دالنهار.,الساعة عشرة الصباح.,العشرة الصبح .,عشر الصبح.,العشرة متاع الصباح.,الساعه عشرة الصبح.,متاع العشرا متاع الصباح.
8827,بدي أستفرغ.,عاوز أرجع.,راح نزيد نرقد.,بدي أستفرغ.,نفسي عايز ارجع.,اريد اتقيأ.,اريد اتقيء.,حاستفرغ .,نبي نرجع.,حأرجع .,بدي راجع.,اني برجع.,غادي نتقيا.,أبا ارجع.,بدي أستفرغ.,بنفسي بستفرغ.,عبالك عدزوع.,في القيء .,اني ابغا ارجع.,عاوتاني بالتقية.,اشعر بالغثيان.,بدي استفرغ .,انه اشتي ارجع.,باش نرد.,روحي بنرد.,نزيد نرد.
8833,شي كبير.,حاجة ضخمة.,حاجة كبيرة فالحجم.,اشي ضخم.,حاجة ضخمة.,شي ضخم.,شي ضخم.,ضخم .,شي مسخط.,حاجه ضخمة .,شي دبج.,شي ضخم.,حاجة ضخمة.,شيء ضخم.,اشي ضخم.,شي كبير.,شي ضخم.,يكون كبير الحجم .,شيء ضخم.,من الحجم الكبير.,شيء كبير.,ضخم .,شي ثقيل.,شيء كبير.,حاجه بكميات.,شي كبير برشا.
8840,إذا سمحت.,لو سمحت.,من فضلك.,لو سمحت.,لو سمحت.,رجاءً.,رجاءا.,بتريد .,لو سمحت.,فضلك .,لو سمحت.,لو سمحت.,تحقق.,لو سمحت.,لو سمحت.,من فضلك.,رجاءا.,فضلك .,من فضلك.,عافاك.,لو سمحت.,سمحت .,لو سمحت.,يعيشك.,من فضلك.,يعيشك.
8844,الفطر التازة؟,المشروم الطازة؟,الفطر الطازج؟,الفطر الطبيعي؟,الماشروم الطازة؟,الفطرالتازه؟,الطر الطازج؟,الفطر الطازة؟,الفطر الطازه؟,المشروم الطازه؟,الفطر التازا؟,المشروم الفرش؟,الفطر الطازج؟,المشروم الطازج؟,المشروم الطازا؟,فطر طازج؟,الفطر الطازج؟,الغراب الطازج ؟,المشروم الطازج؟,الفطر طري؟,الفطر الطازج؟,الفطر الطازج؟,الفطر الطري؟,الفطر الجديد؟,الفقاع الطازه؟,الفقاع الفرشك؟
8850,بتاخد فيزا؟,بتاخد فيزا؟,تاخذو بطاقات الفيزا؟,بتاخد فيزا؟,انتو بتقبلو فيزة؟,تاخذ فيزا؟,عندك فيزا؟,بتاخدو فيزا؟,أنت تأخذ فيزا؟,. بتقبلو فيزا؟,بتقبل فيزا؟,تاخذ الفيزا؟,كتاخذ تأشيرة؟,تقبلو الفيزا؟,سمحت. بتاخدو فيزا؟,بتاخد فيزا؟,تاخذ فيزا؟,تقبلون بطاقة فيزا ؟,هل تأخذ تأشيرة؟,كاتاخد بطاقة الفيزا؟,تقبل الفيزا؟,بتاخذ فيزا؟,انت بتاخذ فيزا؟,كوارط الفيزا؟,في كرت فيزا؟,الكوارت فيزا؟
8851,شلون الحي الصيني.,تشيناتون عاملة إزاى.,كيفاش دايرة شايناطاون.,كيف تشيناتوز بتكون.,الصيني ده عامل إزاي.,اشوف جايناتاون شلونها.,الصينية شلون صايرة.,هيي تشايناتاون .,شن شكل شايناتاون.,الصيني شكله ايه.,شوف الحي الصيني.,جايناتاون شلون شكلها.,داير حي الصين.,كيف الحي الصيني.,الحي الصيني كيف شكلو.,شايناتاون عاملة كيف.,اش تشبه القريه الصينيي.,يبدو الحيّ الصين .,يشبه الحي الصيني.,كيفاش داير الحي الصيني.,المدينة الصينية.,هيه القرية الصينية .,كيف مدينه الصين.,شنوة يشبه الحي الصيني.,شكلها القرية الصينيه.,شنيا يشبه الحي الصيني.
8880,ستة سبعة صفر صفر.,ستة سبعة زيرو زيرو.,ستة سبعة صفر صفر.,ستة سبعة صفر صفر.,ستة سبعة زيرو زيرو.,ستة سبعة صفر صفر.,ستة سبعة صفر صفر.,ستة سبعة صفر صفر.,ستة سبعة صفر صفر.,سته سبعه صفرين .,ستة سبعة صفر صفر.,ستة سبعة صفر صفر.,ستة سبعة صفر صفر.,ستة سبعة صفر صفر.,ستة سبعة صفر صفر.,ستة سبعة صفر صفر.,ستي سبعه صفر صفر.,ستة سبعة صفر صفر .,ستة سبعة صفر صفر.,ستة سبعة زيرو زيرو.,ستة سبعة صفر صفر.,ستة سبعة صفر صفر .,سته سبعه صفر صفر.,ستة سبعة صفر صفر.,سته سبعه صفر صفر.,ستا سبعا صفر صفر.
8900,سني ينقلع.,أخلع سنتى.,اناحي ضرسة.,أخلع سني.,أخلع سناني.,اشلع اسناني.,اشلع سني.,اقلع سناني.,نقلع سنوني.,تتقلع .,اقلع سني.,اجلع ضرسي.,شوية لبرا.,اقلع سنتي.,أخلع سناني.,سني تتقلع.,اشلع سني.,أسناني .,أسناني برع.,نقلع اسناني.,اخلع ضرسي.,ينسحبو .,سنتي تقتلع.,نقلع سناني.,تنحيلي سنوني.,نقلع سنيا.
8905,مستحضرات تجميل.,شنطة ماكياج.,حقيبة ماكياج.,لأغراض التجميل.,مستحضرات التجميل.,مستحضرات تجميل.,علبة كماليات.,تجميل .,مستحضرات تجميلية.,ماكياج .,شنتايت مكياج.,شنطة مكياج.,مستحضرات التجميل.,أدوات مكياج.,شنتة للمكياج.,شنطة كريمات.,مستحضرات تجميل.,مستحضرات تجميل .,مستحضرات التجميل.,صاك ماكياج.,حقيبة تجميل.,مكياج .,شنطه مكياج.,سطوش ماكياج.,متاع مكياج.,صطوش ماكياج.
8907,أترك بخشيش.,تيبس أد إيه.,لازم نخلي للبقشيش.,لازم أترك بغشيش.,اسيب تبس قد ايه.,بخشيش لازم اترك.,انطي بقشيش.,اترك تبس.,بقشيش لازم نخلي.,بقشيش اد ايه.,لازم اترك بخشيش.,اخلي اكرامية.,نخلي كتدويرة.,احط كبقشيش.,أحط بخشيش.,البقشيش مفروض اخلي.,لازم اخلي.,علىّ تركه كبقشيش ؟,نصيحة لازم أترك.,نخلي دالبقشيش.,اللي لازم اعطيه.,اترك بقشيش .,اطرح بقشيش.,لازمني نحط بوربوار.,بقشيش مفروض انخلي.,نخلي بوربوار.
8914,"""شبح الأوبرا""؟","صورة الأوبرا ""؟","""لوفونطوم دو لوبيرا""؟",""" شبح الأوبيرا""؟",رواية شبح الاوبرا؟,"فانتوم او ذي اوبرا""؟","اشوف""فنتوم الاوبرا""؟",فنتوم اوف ذا اوبرا؟,"فانتوم اوف ذا اوبرا""؟",""" شبح الاوبرا""؟","""شبح الأوبرا""؟","فانتوم اوف ذي اوبرا""؟","""فانتوم الأوبرا""؟","""وهم الاوبرا""؟","""شبح الأوبرا""؟","بتاع أوبرا""؟","""شبح الاوبرا""؟","شبح الأوبرا "" ؟","""فانتوم الأوبرا""؟","فانتوم أوف دي أوبرا""؟","""شبح الاوبرا""؟","""فانتوم الأوبرا""؟","ابسر ""الفانتوم اوبرا""؟","""شبح الأوبرا""؟",""" شبح الأوبرا""؟","""شبح الأوبيرا""؟"
8915,لرفقاتي. خرج تنصحني بشي؟,لأصحابى. ممكن ترشحلى؟,تذكارية لصحابي. تقدر تنصحني؟,لأصحابي. ممكن تنصحني بإشي؟,. ممكن تنصحني بحاجة؟,لأصدقائي. بشنو تنصح؟,لاصدقائي. تكدر تقترح شي؟,. فيك تنصحني؟,تقدر تنصح بكم حاجة؟,لأصحابي . ترشحلي حاجه؟,لرفقاتي. فيك تقترحلي شي؟,رفيجي. تقترح علي شي؟,ممكن توصيني بشي حاجة؟,لأصحابي. ممكن تقترح بشيء؟,لصحابي. بتقترح اشي؟,تذكارات لاصحابي؟,تطيق توصي بشي؟,أن تُوصي ببعض منها ؟,لأصدقائي. تقدر توصيني؟,تقدر تنصحني بشي واحد؟,تقدر توصي بشيء؟,. بتقدر تنصحني باشي؟,تقدر تنصحني ببعضهن؟,لصحابي. باش تنصحني؟,لصحابي. بي شيني تنصحني؟,لأصحابي. تنجم تنصحني؟
8918,إذا سمحت.,لو سمحت.,من فضلك.,لو سمحت.,لو سمحت.,بعد، رجاءً.,رجاءل.,بتريد .,لو سمحت.,سمحت .,لو سمحت.,لو سمحت.,شوية عافاك.,لو سمحت.,لو سمحت.,من فضلك.,رجاء.,من فضلك .,بطئ اكثر.,بشوية، عافاك.,لو سمحت.,سمحت .,لو سمحت.,يعيشك.,لو ممكن.,أكثر، يعيشك.
8919,الدولي تبعك كل شهر؟,بتاعتك كل شهر كام؟,للفاكس نحو الخارج؟,الدولي كل شهر؟,للفاكس الدولي كل شهر؟,الدولي كول شهر؟,الدولي لكل شهر؟,الدولية كل شهر عندكن؟,الدولية بتاعك كل شهر؟,الدولي عندك كل شهر؟,الدولية تبعك كل شهر؟,الدولي كل شهر؟,الخاصة بيك كل شهر؟,الفاكس شهريا؟,الدولي كل شهر؟,الفاكس العالمي شهريا؟,الدوليي كل شهغ؟,الدولي كل شهر ؟,الخاصة بك كل شهر؟,المتوسطة دالفاكس الدولي؟,الدولي حقك لكل شهر؟,الدولية تبعتك كل شهر؟,الدولي حقك كل شهر؟,في الشهر للفاكس للبرة؟,الدولي في الشهر؟,متاع الفاكس للخارج؟
8947,إذا سمحت.,لو سمحت.,من فضلك.,لو سمحت.,لو سمحت.,الجهتيم، رجاءً.,الجهتين، رجاءا.,بتريد .,لو سمحت.,فضلك .,لو سمحت.,لو سمحت.,بجوج، عافاك.,لو سمحت.,لو سمحت.,من فضلك.,عالجانبين، رجاءا.,من فضلك .,من فضلك.,جوايه، عافاك.,لو سمحت.,من فضلك.,لو سمحت.,الشيرتين، يعيشك.,لو سمحت.,الشيرتين، يعيشك.
8966,وابني، للاسف بدنا نضطر نعملك اختبار فحص التنفس.,بتاعتكم. وانت يابنى، للأسف هنضطر نعملك اختبار تنفس.,يا راجل، سامحني لازم ندير لك فحص الكحول.,وتسجيلكم. وبالنسبة للولد، اسف لازم نعملك إختبار تنفس.,والواد، للأسف إن إحنا هنضطر نعملك إختبار لقياس الكحول.,والتسجيلات. وابني، اسف راح نضطر نسويلك اختبار تنفس.,ابني، اسف لازم ننطيك اختبار تنفس.,وانت يا ابني، للاسف رح نعملك تحليل النفس.,و يا ولدي، اسف نحنا مضطرين نعطوك اختبار كحول.,العربية . و انت يابني، للأسف مضطرين نعملك اختبار الكحول .,ابني، للأسف شكلنا رح نضطر نعملك اختبار كحول.,مسامحة بس لازم نسوي لك فحص نسبة الكحول.,بيه والتسجيلات. أولد، متأسف خاصنا نديرولك اختبار التنفس.,وياابني، اسف انه لازم نسويلك اختبار التنفس.,و يا ابني، متأسف لازم نعطيك تعمل اختبار النفس.,و يا ولد، آسف لازم نعمل ليك اختبار تحليل تنفس.,والتسجيلات. وابني، اسف لازم نعطيك اختبار تنفس.,يا بُني ، يؤسفني أننا مضطرون لأن نجري لك اختباراً لفحص نسبة الكحول .,لازم نسوي لك اختبار تنفس لقياس نسبة الكحول.,ليك انتا ولدي، سمح ليا غادي نديرو ليك فحص الكحول.,الولد، انا اسف اننا لازم نسوي لك فحص تنفس.,تسجيلاتكو . ويابني، اسف مضطرين نعمللك اختبار التنفس.,يا ابني، اسف انه احنا عنضطر نعمل لك اختبار التنفس.,يا ولد، سامحني لازمنا نعمل لك تحليل الكحول.,ويا وليدي، للاسف لازم نديرلك الاختبار متاع النفس.,التسجيل. وبالنسبة ليك يا ولد، سامحني باش تعمل إختبار للكحول.
9011,بعد بكرة المسا.,بكرة مساءا.,غدوة مع العشية.,بعد بكرا المسا.,بعد بكرة بليل.,عكب باجر بالليل.,عكب باحر بالليل.,بكرا المسا .,بكرة في الليل.,بكرة بليل .,بعد بكرا المسا.,بكرة المسا.,غدا في الليل.,بعد بكرة في المساء.,بعد بكرا المسا.,بكرة في المساء.,بعد غدا المغب.,في المساء .,غد في المساء.,بعد غدا فالعشية.,بكرة في المساء.,بكرا المسا .,بكره في المساء.,غدوة في السهرية.,غدوه في العشيه.,غدوة في السهرية.
9022,من القطن؟,من القطن؟,من القطن؟,من القطن؟,من قطن؟,من الفطن؟,من القطن؟,من القطن؟,من القطن؟,من القطن؟,من القطن؟,من القطن؟,من القطن؟,من القطن؟,من القطن؟,من القطن؟,من القطن؟,من القطن ؟,من القطن؟,من القطن؟,من القطن؟,من القطن؟,من القطن؟,من القطن؟,من القطن؟,من القطن؟
9029,خاص فيني.,الدوا بتاعى.,الخاصة بيا.,دوا إلي.,الدوا بتاعي.,ادويتي الخاصة.,دواي الخاص.,تبعي .,دوايا الخاص.,بتاعي .,الدوا تبعي.,دواي الخاص.,دوايا.,الدواء حقي.,الدوا تاعي.,دواي الخاص.,دواي الخاص.,بي .,دواء.,أدويتي الخاصة.,دوائي الخاص.,دوا .,علاجي.,دوايا.,الدوا متاعي.,الخاصين بيا.
9034,بهديك الجولة؟,فى الجولة دى؟,في هاذ الرحلة؟,بهاي الرحلة؟,الجولة دي؟,بهاي الجولة؟,في ذيج الرحلة؟,فهيديك الجولة؟,في الجولة هضكي؟,اشوفة في الرحلة؟,بهديك الجولة؟,في هالجولة؟,فدلك الجولة؟,في ديك الجولة؟,في هاي الجولة؟,في الرحلة دي؟,اشوف بالجوله؟,في هذه الجولة ؟,في تلك الجولة؟,نشوف فهاد الجولة؟,في هذي الرحلة؟,بهديك الجولة؟,في هذك الجوله؟,هذه الرحلة؟,الجوله السياحيه؟,في الجولة هاذي؟
9041,واحد عالقليلة.,على الأقل.,الأقل مشروب واحد.,واحد على الأقل.,مشروب على الاقل.,واحد الحد الآدنى.,واحد بالقليل.,واحد بالأقل .,واحد اقل حاجة.,واحد عالاقل .,واحد على الأقل.,ادنى شراب واحد.,واحد الحد الأدنى.,واحد اقل شيء.,واحد على الأقل.,واحد على الأقل.,ويحد اقل شي.,على الأقل .,واحد كحد ادنى.,الأقل مشروب.,على الأقل.,على الاقل .,شي مشروب واحد.,فما حاجة تتشرب.,واحد أقل شي.,لقل مشروب واحد.
9051,لمدة يوم؟,لليوم؟,لنهار واحد؟,ليوم واح؟,في اليوم؟,تكلف لليوم؟,هو لليوم؟,عالنهار؟,في اليوم؟,كام ليوم؟,سعره اليوم؟,في اليوم؟,ليوم واحد؟,لليوم الواحد؟,على اليوم؟,في اليوم؟,ليوم ويحد؟,في اليوم ؟,ليوم واحد؟,لنهار واحد؟,لليوم؟,ليوم واحد؟,لليوم الواحد؟,النهار؟,في اليوم؟,لنهار واحد؟
9061,جنب الفندق؟,قريب من الاوتيل؟,عند الفندق؟,قريب من الفندق؟,بيوقف جنب الفندق؟,يم الفندق؟,قريب الفندق؟,حد الأوتيل؟,قريب من الهوتيل؟,جنب الفندق؟,جنب الأوتيل؟,صوب الفندق؟,بالقرب من الفندق؟,قريب للفندق؟,جنب الأوتيل؟,جنب الفندق؟,يقف قغيب عالفندق؟,بالقرب من الفندق ؟,بالقرب من الفندق؟,كايوقف حدا الأوطيل؟,قريب من الفندق؟,قريب من الفندق؟,قريب من الفندق؟,قريبة من اللوتيل؟,جنب الهوتيل؟,قريبة من لوتيل؟
9073,سي دي.,سي دي.,سي دي.,سي دي.,سي دي.,سي دي.,سي دي.,دي .,سي دي.,دي .,سي دي.,سيدي.,سي دي.,سي دي.,سي دي.,سي دي.,سي دي.,مدمجة .,سي دي.,سي دي.,سي دي.,دي .,سي دي.,سي دي.,سي دي.,سي دي.
9077,عالعشرة وخمسة وخمسين. بس، للأسف تنيناتون ملانات.,الساعة عشرة خمسة وخمسين. بس، للأسف الاتنين مليانين.,الحداش غير خمسة. بصح الرحلات بين زوج معمرين.,عشرة وخمسة وخمسين دقيقة. بس، للأسف الطيارتين معبين.,حيداشر إلا خمسة. بس للأسف الرحلتين مليانين.,دقيقة. بس مع الأسف كول الرحلات عليها محجوزة.,وخمسة وخمسين. بس لسوء الحظ اثنينهم مقبطين.,خمسة العصر، ممكن اخد شيك.,العشرة و خمسة وخمسين. لكن، للأسف الرحلتين ملينات.,خمسة . بس، للأسف الرحلتين مافهمش مكان .,وخسمة وخمسين دقيقة. بس، لسوء الحظ الرحلتين معبايين.,عشر وخمسة وخمسين. بس للأسف كلهم متروسين.,العاشرة وخمسة وخمسين. ولكن، للأسف الرحلات بجوج عامرين.,عشرة وخمسة وخمسين دقيقة، بس للأسف الرحلتين كاملين.,و خمسة و خمسين دقيقة. بس، للأسف الطيارتين مليانين.,و خمسة وخمسين. لكن، لسوء الحظ الرحلتين ملان.,وخمسي وخمسين دقيقه. لكن، للاسف الرحلتين مقبطات.,"وخمسين دقيقة . ولكن , للأسف كلتا الرحلتين محجوزتان .",وخمسة وخمسين، لكن على كل حال الرحلات ممتلئة.,خمسة و خمسين. بالحق الجوج رحلات عامرين للأسف.,عشر و خمس وخمسين. لكن، للأسف الرحلتين ممتلئة.,و خمسين . بس، لسوء الحظ الثنتين فل .,على عشر وخمسه-وخمسين. لكن، لسوء الحظ الرحلتين ملان.,غير درج. اما الله غالب الزوز مليانين.,و خمسه و خمسين دقيقة. لكن، للاسف الزوز معبيات.,لحداش غير درج. أما الرحلات الزوز خسارة معبين.
9094,منيح.,جدا.,مليح.,كويس.,يناسبني جداً.,عليه زين.,بصورة جيدة.,بالزبط.,عليا كويس.,بالظبط .,عليي منيح.,بالضبط.,مزبان.,مناسب عليا.,كتير.,بناسبني تمام.,مليح.,تماما .,لي جيدا.,واتاني.,جدا.,منيح .,عليا سوى.,عليا.,تمام.,وتاني.
9098,طاولة لخمسة؟,ترابيزة لخمسة؟,طاولة لخمسة أشخاص؟,لخمس أشخاص؟,طربيزة لخمسة؟,لخمسة اشخاص؟,لخمسة اشخاص؟,لخمس اشخاص؟,طاولة لخمسة؟,ترابيزه لخمسة؟,لخمس أشخاص؟,لخمس اشخاص؟,لخمسة دناس؟,لخمسة اشخاص؟,لخمس أشخاص؟,طربيزة لخمسة؟,طاولي لخمسي؟,طاولة لخمسة أشخاص ؟,لخمس اشخاص؟,على واحد الطاولة لخمسة؟,طاولة لخمسة؟,طاولة لخمسة؟,طاوله لخمسه؟,بو خمسة؟,طاوله لخمسة؟,لخمسا عباد؟
9100,إنكليزي بالمرة.,إنجليزى خالص.,والو الانجليزية.,إنجليزي بالمرة.,انجليزي خالص.,انجليزي على الاطلاق.,انكليزي ابد.,بالمرة .,انجليزي بكل .,الانجليزي خالص .,انجليزي بنوب.,انجليزي كلش.,الانجليزية ابدا.,انجليزي مرة.,انجليزي من مرة.,انجليزي نهائي.,عل الاطلاق.,الإنجليزية مطلقا .,انجليزي ابد.,الانجليزية فمرة.,انجليزي ابدا.,انجليزي بالمرة .,انجليزي بالخالص.,جملة من الانقليزية.,إنجليزي كويس.,جملة أنقلي.
9126,شيك سفر.,الشيك السياحى نقدى.,شيك سفر.,شيك سياحي.,الشيك السياحي ده.,الترافيل جك.,الصك السياحي.,بتشك السفر .,شيك مسافر.,الشيك السياحي .,شيك سياحي.,جيك سياحي.,شيك سياحي.,حق الشيك السياحي.,شك سياحي.,شيك مسافر.,مال مسافرين.,شيكا سياحيا .,الدفع نقدا.,هاد الشيك السياحي.,شيك المسافر.,شيك المسافر .,الشيك السياحي.,شاك السفر.,"المسافرين """"ترافلز شيك"".",شيك- السفر.
9150,الصبح لحوالي الساعة تلاتة؟,تسعة الصبح لحوالى تلاتة؟,حتى الثلاثة بعد الزوال تقريبا؟,الصبح لحوالي الساعة تلاتة؟,تسعة الصبح لغاية حوالي تلاتة؟,الصبح لحد حوالي التلاثة؟,التسعة الصبح لحدود التلاثة؟,التسعة الصبح لحوالي التلاتة؟,الصبح لحوالي ثلاثة؟,الصبح لحد حوالي تلاته؟,تسعة الصبح لقريب التلاتة؟,الصبح لي ثلاث تقريباً؟,ديال الصباح حتى الثالثة؟,تسعة الصباح لتلاتة تقريبا؟,التسعة الصبح للتلاتة تقريباً؟,صباحا إلى حوالي تلاتة؟,التسعه الصبح لحوالي الثلاثي؟,التاسعة صباحا حتى الثالثة ؟,صباحا إلى حوالي ثالثة؟,تسعود دالصباح حتى لجوايه التلاتة؟,صباحا الى قرابة ثلاثة؟,التسعة الصبح لحوالي الثلاثة؟,الصبح ل حوالي ثلاث؟,متاع الصباح لثلاثة هكاكة؟,من التسعة الصبح للتلاته؟,الصباح حتى لماضي تلاثا حسب التقريب؟
9160,الجوي لليابان؟,الجوى لليابان؟,البريد الجوي لليابان؟,الجوي لليابان؟,لغاية اليابان؟,الجوي لليابان؟,الجوي لليابان؟,الجو عاليابان؟,الجوي لليابان؟,الجوي لليابان؟,الجوي عاليابان؟,الجوي لليابان؟,إلى اليابان؟,الجوي لليأبان؟,الجوي لليابان؟,الجوي لليابان؟,الجوي لليابان؟,إلى اليابان ؟,إلى اليابان؟,الجوي لليابان؟,الجوي لليابان؟,الجوي لليابان؟,الجوي لليابان؟,بالطيارة لليابان؟,الجوي لليابان؟,بالطيارة لليابان؟
9176,بابي، إذا سمحت.,الباب بتاعى، لو سمحت.,تفتحلي بابي، من فضلك.,تفتحلي الباب، لو سمحت.,ممكن تفتحلي اباب، لو سمحت.,تفتح الباب، رجاءً.,الجوي لليابان.,بابي إذا بتريد.,تفتح بابي، لو سمحت.,ممكن تفتحلي الاوضه، من فضلك.,تفتحلي الباب، إذا سمحت.,تفتح لي، لو سمحت.,تفتح بابي، عافاك.,بابي، لو سمحت.,زرفيل الباب، لو سمحت.,بابي، من فضلك.,تفتح بابي، رجاءا.,"تفتح بابي , من فضلك ؟",بابي، من فضلك.,ليك تحل ليا الباب، عافاك.,لي بابي، لو سمحت.,بابي، لو سمحت .,الباب حقي، لو سمحت.,تحلي الباب، يعيشك.,تفتحلي الباب.,تحل الباب متاعي، يعيشك.
9211,يشوف المحلات المعروفة منيح؟,على الأماكن الأكتر شهرة؟,باش نشوف الأماكن الشهيرة؟,أشوف أكتر الأماكن المشهورة؟,فيها احسن الاماكن المعروفة؟,الاماكن الاكثر شهرة؟,يشوف احسن اماكن مشهورة؟,لشوف الأماكن المعروفة ؟,تشوف الأماكن الاحسن والمعروفة؟,اشوف اشهر الاماكن؟,لنشوف الأماكن المشهورة؟,اشوف اشهر المعالم؟,نشوف البلايص المعروفة؟,اشوف افضل الأماكن المعروفة؟,أشوف أكتر الأماكن المعروفة؟,احسن الأماكن المعروفة؟,تشووف احسن الاماكن؟,أرى أشهر الأماكن ؟,الأماكن الأكثر شهرة؟,نشوفو البلايص المعروفة؟,لرؤية الأماكن المعروفة؟,الأماكن الأكثر شهرة؟,نبسر احسن المناطق المعروفه؟,ناراو البلايص المعروفين؟,باش نشوف المكانات المعروفه؟,نشوف لبلايص المعروفين أكثر؟
9229,بتحكي ياباني؟,بتتكلم يابانى؟,اللغة اليابانية؟,بتحكي ياباني؟,بتتكلم إنجليزي؟,يحجون ياباني؟,تحجي ياباني؟,بتحكي ياباني؟,مضيفة تحكي ياباني؟,بتتكلم ياباني؟,بتحكي ياباني؟,تتكلم ياباني؟,متهدر باليابانية؟,يتكلم يأباني؟,بتحكي ياباني؟,مضيفه بتتكلم ياباني؟,مضيفات يحكون ياباني؟,يتحدثن اليابانية ؟,يتتكلم ياباني؟,مضيفة كاتهضر باليابانية؟,تتكلم ياباني؟,بتحكي اليابانية؟,مضيفه تتحاكى ياباني؟,تحكي ياباني؟,مضيف يتكلم ياباني؟,تحكي اليابانية؟
9242,أطالع عالطيارة؟,أجيبها على الطيارة؟,نقدر ندي فالطيارة؟,ممكن آخدها على الطيارة؟,معايا على الطيارة؟,اصعد على الطيارة؟,اصعد وياي للطيارة؟,طلع عالطيارة؟,نجيب على الطيارة؟,اخدها في الطيارة؟,طلع عالطيارة؟,اجيب على الطيارة؟,نقدر نجيب للطيارة؟,اقدر اجيبها للطيارة؟,أطلع على الطيارة؟,أجيبها في الطيارة؟,اجيب بداخل الطياغه؟,معي في الطائرة ؟,اشل على الطيارة؟,نطلع معايا للطيارة؟,ادخل للطائرة؟,اجيب على الطيارة؟,شنط لداخل الطايره؟,نهز معايا في الطيارة؟,معاي في الطياره؟,نهز في الطيارة؟
9263,محجوز. بس بكرة بصير.,محجوز بالكامل. بس بكرة أوكى.,محكوم كامل. بصح غدوة مليح.,كله محجوز. لكن بكرا ممكن.,محجوز. بس بكرة ماشي.,بس باجر بيها مجال.,بالكامل. بس باجر اوكي.,كلو محجوز. بس بكرا اوك .,بالكامل. لكن بكره اوكي.,. بس بكرة ينفع .,محجوز. بس، بكرا منيح.,محجوز. بس، بكرة اوكي.,محجوز. لكن غدا ممكن.,محجوز. لكن بكرة اوك.,محجوز. لكن بكرا ممكن.,كله . لكن بكرة اوكي.,محجوز . بس غدا اوكي.,ومع ذلك يمكن أن تحجز غدا .,بالكامل. لكن باجر تمام.,محجوز. بالحق غدا واخا.,محجوز بالكامل. لكن بكرة اوك.,محجوز . بس بكرا بيزبط.,كامل. بس بكره تمام.,معبي الكل. اما غدوة، باهي.,كله محجوز. لكن غدوه اوكي.,الكلو محجوز. أما غدوة، باهي.
9267,عن الأجرة الصح.,على الأجرة المظبوطة.,الصحيح من البواب.,عن الأجرة المزبوطة.,على الأجرة الصح.,على الأجرة الصحيحة.,ع الكلفة المناسبة.,الأجار المزبوط .,الأجرة الصح.,اللي مفروض ادفعه .,عن الأجرة المزبوطة.,الأجرة الصح.,البواب الأجرة الصحيحة.,الأجرة الصح.,عن الأجرة المزبوطة.,على الأجرة الصحيحة.,البواب عن الاجرة الصحيحي.,عن الأجرة المناسبة .,البواب الأجرة الصحيحة.,شي طريفة مزيانة.,الأجرة الصحيحة.,الاحرة الصحيحة .,عن الاجره بالضبط.,بالضبط للسباق للبواب.,التسعيرة المضبوطة.,السوم بالضبط البواب.
9303,جد، آسف.,بجد، آسف.,بزاف.,جد، آسفة.,حقيقي، متأسف.,كولش آسف.,صدك اسف.,عنجد بعتذر.,بجد، أسف.,أسف .,عنجد، آسف.,صج، آسف.,حقا، متأسف.,مرة اسف.,جد، متأسف.,حقيقة، آسف.,صدق، اسف.,آسف .,حقا، آسف.,بالصح، متأسف.,بحق اسف.,جد، آسف.,حقا، اسف.,والله متأسف.,اسف، هلبه.,بالحق نتأسف.
9308,ليش ما بتنضم إلنا؟,بالليل. ليه متنضمش لينا؟,الجمعة. تحب تلتحق بينا؟,بالليل. ليش ما تيجي؟,الجمعة بليل. متيجي معانا؟,ليش ما تجي؟,لي ما تنضم النا؟,ليه ما بتجي معنا؟,ليش ما تجيش معانا؟,ليه ما تنضمش لينا؟,المسا. ليش ما بتشاركنا؟,ليش ما تجي؟,الجمعة. علاش متنظم لينا؟,ليش ما تشاركنا؟,ليش ما تيجي معنا؟,لي ماتنضم لينا؟,بالليل. ليش ما تجي؟,لا تنضم لنا ؟,ليش ما تيي؟,بالليل. علاش ماتنضمش لينا؟,اللي ما تبغاه يجي؟,ليش ما تيجي معنا؟,ما تجي تنضم لنا؟,الليل. تنجم تجي بحذانا؟,الليل. علاش ما تجيش؟,الليل. تحب تجي بحذانا؟
9312,تمانة، آنسة. هي مفتاحك.,يا آنسة. مفتاحك أهو.,يا آنساتي. هاكو المفتاح ديالكم.,يا آنسة. هي مفتاحك.,يا أنسة. إتفضلي مفتاحك.,انسة. هذا المفتاح مالتج.,يا ست. هذا مفتاحج.,مس، هيدا مفتاحك .,يا انسة. هاكي مفتاحك.,. و ادي مفتاحك .,تمانة، آنسة. تفضلي المفتاح.,وثمانية، اختي. تفضلي مفتاحج.,وها هوا المفتاح الخاص بيكي.,تمانية، انسة، دا المفتاح.,صفر تمنية. هي مفتاحك.,يا انسة. دا مفتاحك.,صفر ثمانيه، هذا مفتاحك.,صفر ثمانية . هذا مفتاحك .,ثمانية، انسة، وهذا مفتاحك.,تمنية، انسة. هاهو ساروتك.,ثمانية، سيدتي. هذا مفتاحك.,يا انسة، وهي مفتاحك.,ثمانيه، آنسه. هوذا مفتاحش.,يا انسة. اهو مفتاحك.,يا أنسه. و هدا مفتاحك.,وثمانيا، مادوموازيل. هذا مفتاحك.
9316,الأولية يلي بتلزمنا للمشروع.,للمواد الخام اللى محتاجينها للمشروع.,المعدات الأساسية اللازمة للمشروع.,المواد اللي راح نحتاجها للمشروع.,الخام قبل منبتدي في المشروع.,المواد الخام الي نحتاجها بالمشروع.,الاولية الي نحتاجها للمشروع.,الأولية لبدنا ياهن للمشروع .,الخام الي نحنا نحتاجوهن للمشروع.,الخام اللي محتاجينها عشان المشروع .,للمواد الخام الازمة للمشروع.,الخام اللي نحتاجها حق المشروع.,للمواد الخام اللي نحتاجوها للمشروع.,للمواد اللي نحتاجها للمشروع.,يلي بدنا ياها للمشروع.,للمواد الخام البنحتاج ليها للمشروع.,الاوليي اللي نحتاجا للمشروع.,الخام التي نحتاجها في المشروع .,إلى المواد الخام التي نحتاجها للمشروع.,المعدات الأساسية اللي غادي نحتاجو للمشروع.,الأولية اللي نحتاجها لهذا المشروع.,الخام التي بنحتاجها للمشروع.,الخام الذي نحتاجها للمشروع.,نمشيو للماعون الرسمي للخدمة.,الخام الي محتاجينها للمشروع.,الماتريال الأساسي اللازم للمشروع.
9324,يا ضابط؟,حضرة الظابط؟,سيدي الضابط؟,إنت ضابط؟,ظابط؟,من رخصتك؟,سيادة الضابط؟,اذنك ضابط؟,يا ضابط؟,حضرة الظابط؟,ضابط؟,حضرة الضابط؟,اضابط؟,ضابط؟,يا موظف؟,ضابط؟,حضرة الشرطي؟,ضابط ؟,ضابط؟,لي، شرطي؟,ضابط؟,ضابط؟,فندم؟,سيدي الشرطي؟,يا ضابط؟,سي. العون؟
9325,على إدينبره؟,مباشر لإيدنبره؟,مباشرة إلى ايدينبرا؟,مباشرة على إيدنبرا؟,على إيدنبره مباشرة؟,مباشره الى أيدنبيره؟,كبل لادنبرة؟,دغري عأدينبرا؟,يمشي طول لادنبره؟,طوالي لأيدنبره؟,مباشرة على إدنبره؟,سيده إدنبره؟,كيمشي مباشرة لأدنبرة؟,مباشرة على أيدينبيرة؟,دغري على ايدنبيرة؟,مباشرة إلى ادينبره؟,مباشرة الى ادنبره؟,مباشرة إلى إدنبره ؟,مباشرة إلى أدنبرة؟,كايمشي مباشرة لإيدنبره؟,يروح مباشرة لادنبرة؟,مباشرة ل ايدنبيره؟,طوالي ل أدنبرة؟,طول لادنبره؟,طول لي إدنبره؟,مسترسل لإدنبرة؟
9329,الخالي من الضريبة؟,الحد من الضريبة؟,من الطاكس؟,إعفاء الضريبة؟,الاعفا من الضرايب؟,الاعفاء الضريبي؟,البلا ضرائب؟,التاكس فري؟,حدود الضريبة المعفية؟,الاعفاء الضريبي؟,بالإعفاء الضريبي؟,المعفيات من الضرايب؟,الخاوية من الضرائب؟,اللي بدون ضريبة؟,يلي بدون ضرائب؟,بتاع اعفاء الضرائب؟,المعفيي من الضريبه؟,المعفي من الضرائب ؟,الخالية من الضرائب؟,الإعفاء من الضريبة؟,المعفي من الضرائب؟,الضرائب المعفية؟,مابش فيها ضرايب؟,الي ما يخلصش ديوانة؟,الاعفاء من الضرايب؟,من غير تاكس؟
9337,إذا سمحت.,بتاعتى، لو سمحت.,من فضلك.,برا، لو سمحت.,برة، لو سمحت.,الثمينة، رجاءً.,ممكتلكاتي الثمينة.,بتريد .,لو سمحت.,من فضلك .,الغالية، رجاءً.,لو سمحت.,الثمينة، عافاك.,لو سمحت.,لو سمحت.,من فضلك.,غراضي، رجاءا.,من فضلك .,من فضلك.,الغالية، عافاك.,لو سمحت.,لو سمحت .,الغاليات، لوسمحت.,الغاليين، يعيشك.,من فضلك.,الثمينة، يعيشك.
9358,بالرحلات السياحية؟,أد إيه؟,الغاشي فالرحلة؟,في الرحلات السياحية؟,زحمة قد ايه؟,هاي الرحلات؟,مزدحمة الرحلات؟,اديه عجقة الرحلات؟,الرحلات السياحية؟,اد ايه؟,كتير معجوقة؟,واجد زحمة؟,الرحلات السياحية؟,الرحلات السياحية؟,بالرحلات السياحية؟,السياحية مزحومة؟,مزدحمين الرحلات؟,مثل تلك الجولات ؟,الرحلات السياحية؟,دالناس فالرحلات السياحية؟,زحمة الرحلات؟,الرحلات مزدحمة؟,الجولات السياحيه؟,في الرحلات السياحية؟,الجولات السياحيه؟,في الرحلات؟
9367,محل مناسب قريب هون؟,مناسب قريب من هنا؟,محل لهاذ الشي فالنواحي؟,محل مناسب قريب من هون؟,محل مناسب قريب من هنا؟,محل مناسب قريب منا؟,محل مناسب قريب منا؟,شي محل منيح قريب؟,محل مناسب قريب من هنا؟,محل مناسب قريب من هنا؟,محل ظريف قريب من هون؟,مناسب قريب من هني؟,كاين شي متجر مناسب قريب؟,محل مناسب قريب من هنا؟,مناسبة قريبة من هون؟,اي متجر مناسب قريب هنا؟,اي محل مناسب حولنه؟,يوجد هنا محل مناسب ؟,محل مناسب بالقرب من هنا؟,من هاد النوع قريب من هنا؟,فيه محل مناسب قريب؟,محل مناسب قريب من هون؟,محل مناسب قريب من هانا؟,تبيعهم قريبة من هوني؟,للحاجات هادي قريب من هنايا؟,النوع هذا قريبة من هوني؟
9372,هو فاتح؟,لحد إمتى؟,يبقى مفتوح؟,بضل فاتح؟,لغاية امتى؟,يبقى مفتح؟,يبقى فاتح؟,ساعة بيفتح؟,يقعد مفتوح؟,بيكون فاتح؟,بضل فاتح؟,متى يفتح؟,غيبقى مفتوح؟,متى فاتح؟,بيضل فاتح؟,متين بفتح؟,هو مفتح؟,مفتوحة ؟,متى مبطل؟,كايبقى مفتوح؟,متى يفتح؟,هو مفتوح؟,عيجلس فاتح؟,يقعد محلول؟,يقعد مفتوح؟,حتى لوقتاش؟
9384,برا هلئ.,برة دلوقتى.,دوكا.,هون هلأ.,برة دلوقتي.,بره حالياً.,طالع هسه.,هلق .,برا توا.,حالا .,برا هلأ.,طالع الحين.,خارج دابا.,برا دحين.,برا هلأ.,طالع أسى.,خارج هسا.,الآن .,برع الحين.,خارج دابا.,طالع الحين.,طلع .,خارج ذاحين.,توة.,طالع توا.,الوقت الحالي.
9385,هالورقة مع توقيعك؟,الورقة دى بإمضتك؟,الورقة بالإمضاء ديالك؟,هاي الورقة بتوقيعك؟,الورقة دي وتوقعها؟,الورقة وياها توقيعك؟,هاي الورقة وتوقع؟,مع امضاءك إذا بتريد؟,الورقة هضي بتوقيعك؟,الورق ده بأمضتك؟,على هي الورقة؟,توقعين هالورقة؟,هاد الورقة بتوقيعك؟,البيانات وتوقع؟,على هاي الورقة؟,الورقة دي بتوقيعك؟,الاستمارة مع توقيعك؟,هذه الورقة بتوقيعك ؟,هذه الورقة بتوقيعك؟,هاد الورقة بالتوقيع ديالك؟,هذه الورقة بتوقيعك؟,الورقة مع توقيع؟,الورقه مع توقيعش؟,الورقة هذه بتصحاحتك؟,الورقه بتوقعيك؟,الورقة هاذي بتصحيحتك؟
9431,لإلك، أستاذ.,يا فندم.,ليك، سيدي.,إلك، أستاذ.,واحد، حضرتك.,الك، استاذ.,الك، استاد.,استاذ .,لك، استاد.,يا استاذ.,إلك، استاذ.,حقك، اخوي.,ليك اسيدي.,لك، سيدي.,الك، حضرتك.,ليك، سيدي.,الك، سيدي.,سيدي .,لك سيدي.,ليك، سيدي.,لك، سيدي.,سيدي .,لك، سيدي.,يا سيدي.,يا سيد.,ليك، موسيو.
9432,مطالع شناتي.,تشيك إن.,متاع نسجلوا.,شنط للتسجيل.,بيها تشيك ان.,للجيك ان.,حقائب اسجلها.,للتشيك ان .,تشيك ان.,تشيك إن.,شناتي للتسجيل.,حق التسجيل.,أمتعة للتسجيل.,شيك إن.,أسجلها عالطيارة.,عفش للتسجيل.,جنك للتسجيل.,للتفتيش .,أمتعة للتسجيل.,ديال التسجيل.,سجلت حقائب.,بدي اسجلها .,شنطه أدخلها.,دبش باش نسجله.,شناطي نسجلهم.,دبش للتسجيل.
9446,خود وقتك.,خد وقتك.,خوذ وقتك.,خد وقتك.,خد وقتك.,اخذ راحتك.,اخذ وقتك.,وقتك .,خوذ وقتك.,وقتك .,خود وقتك.,خذ راحتك.,خذ وقتك.,خذ وقتك.,خود وقتك.,اخد زمنك.,خذ وقتك.,على راحتك .,خذ وقتك.,خود وقتك.,خذ وقتك.,خذ وقتك.,خذ وقتك.,خوذ وقتك.,خود وقتك.,خوذ وقتك.
9450,بمهمة إعلامية.,مهمة إعلامية.,مهمة إعلامية.,بشغل إعلامي.,مهمة إعلامية.,بمهمة اعلامية.,امتحان الاعلام.,اعلامية .,مهمة إعلامية.,مهمه اعلامية .,بمهمة اعلامية.,مهمة اعلامية.,وسائل الإعلام.,تغطية إعلامية.,بمهمة اعلامية.,مهمة وسائط الإعلام.,بواجب اعلامي.,مهمة إعلامية .,مهمة لوسائل الإعلام.,واحد المهمة إعلامية.,مهمة إعلامية.,اعلام .,عمل إعلامي.,مهمة صحافية.,خدمة إعلاميه.,مهمة إعلامية.
9463,أفلام صيفية؟,أفلام صيف؟,تع الصيف؟,أفلام الصيف؟,افلام الصيف؟,افلام صيفية؟,افام صيفية؟,افلام صيفية؟,أفلام صيفية؟,افلام الصيف؟,أفلام الصيف؟,افلام صيفية؟,أفلام الصيف؟,أفلام للصيف؟,أفلام صيفية؟,افلام صيف؟,مال الصيف؟,للصيف ؟,أفلام الصيف؟,أفلام صيفية؟,أفلام صيفية؟,أفلام الصيف؟,أفلام الصيف؟,احلام صيفية؟,افلام صيفيه؟,أفلام صيف؟
9481,الجاي لواشنطن؟,دى سى الجاى؟,لواشنطن دي سي؟,لواشنطن دي سي؟,لواشنطن دي سي؟,لواشنطن دي سي؟,لواشنطن دي سي؟,عواشنطن دي سي؟,لواشنطن دي سي؟,بيروح واشنطن العاصمة؟,على واشنطن العاصمة؟,لواشنطن دي سي؟,الطران الجاي لواشنطن؟,لواشنطن دي سي؟,لواشنطن دي سي؟,واشنطن دي سي؟,لواشنطن دي سي؟,إلى واشنطن العاصمة ؟,لواشنطن دي سي؟,غادي لواشنطن دي سي؟,واشنطن دي سي؟,لواشنطن العاصمة؟,واشنطن دي سي؟,لواشنطن دي سي؟,واشنطن دي سي؟,لواشنظن دي سي؟
9494,موضة هلئ.,فوج دلوقتى.,راهم مشهورين دوكا.,موضة هلأ.,موضة دلوقتي.,الموده حالياً.,بالمود هسه.,هلق .,فوغ توا .,الموضه دلوقتي .,موضة هلأ.,الموضة الحين.,في الرواج حاليا.,اللي الموضة دحين.,موضة هلأ.,رواج الآن.,شعبيه هسا.,الموضة الآن .,عالم الموضة.,على الموضى حاليا.,مشهورة الان.,في رواج هلا.,الموضه الان.,تتباع اكثر وحدة.,موضه توا.,الدارجين توا.
9516,التنين الجاي.,اليابان الأتنين الجاى.,الاثنين الجاية.,اليابان الإثنين الجاي.,الاتنين اللي جاي.,الاثنين الجاي.,الاثنين الجاي.,الشهر الجاي .,الأثنين الجاي.,الاتنين الجاي .,التنين الجاية.,الأثنين الياي.,الاسبوع الجاي.,الاثنين الجأي.,اليابان التنين الجاي.,لليابان الاتنين الجاي.,الاحد اليجي.,الاثنين المقبل .,يوم الاثنين المقبل.,الاتنين الجاي.,الاثنين القادم.,يوم الاثنين الجاي.,الاثنين الثاني.,الاثنين الجاي.,الاتنين الجاي.,الإثنين الجاية.
9526,خريطة أنفاق؟,مترو الأنفاق؟,مخطط الميترو؟,خريطة القطار؟,خريطة المترو؟,لمترو الانفاق؟,خارة الانفاق؟,خريطة السابواي؟,خريطو مترو؟,لمترو الانفاق؟,خريطة مترو؟,خريطة مترو؟,مترو الانفاق؟,خريطة للمترو؟,خريطة للميترو؟,خريطة النفق؟,خريطه قطار الانفاق؟,خريطة للمترو ؟,مترو الأنفاق؟,علة خريطة الميترو؟,خريطة مترو؟,مترو الأنفاق؟,خريطة المترو؟,خريطة للميترو؟,خريطة الميترو؟,خريطة مترو؟
9542,طويلة؟,رحلة طويلة؟,الرحلة طويلة؟,المشوار بعيد؟,سواقة طويلة؟,رحلة طويلة؟,سياقة طويلة؟,كتير سواقة؟,سواقة طويلة؟,رحلة طويلة؟,طويلة؟,طويل؟,سفر طويل؟,رحلة طويلة؟,طويلة؟,رحلة طويلة؟,المسافه طويلي؟,طويل ؟,سياقه طويل؟,الطريق طويلة؟,طويلة بالسواقة؟,رحلة طويلة؟,مسافه طويله؟,طويلة؟,طويل؟,المسافة طويلة؟
9560,بواحد جديد؟,بواحد جديد؟,بواحد جديد؟,لواحد جديد؟,بواحد جديد؟,بواحد جديد؟,بواحد جديد؟,بواحد جديد؟,لواحد جديد؟,بواحده جديدة؟,بواحد جديد؟,بواحد جديد؟,بوحدة جديدة؟,بواحد جديد؟,بواحد جديد؟,دا لواحد جديد؟,بويحد جديد؟,بواحدة جديدة ؟,حق وحده جديدة؟,هادا بواحد جديد؟,هذا بجديد؟,بوحدة جديدة؟,بواحد جديد؟,بواحد جديد؟,هدا بواحد جديد؟,بواحد جديد؟
9576,شخصين.,شخصين.,شخصين.,شخصين.,فردين.,شخصين.,شخصين.,.,شخصين.,.,شخصين.,شخصين.,شخصان.,شخصين.,شخصين.,نفرين.,شخصين.,.,شخصين.,أشخاص.,شخصين.,شخصان.,شخصين.,من الناس.,نفار.,عباد.
9579,آخد غراضي؟,آخد شنطتى؟,الأمتعة دياولي؟,آخد شنطي؟,من فين؟,الجنط مالتي؟,اخذ جنطي؟,باخد شنطي؟,الشناطي بتاعي؟,اخد شنطي؟,آخد شناتيي؟,اخذ شناطي؟,ديال الناس؟,اشيل شنطي؟,أخد شناتيي؟,أشيل عفشي؟,اخذ امتعتي؟,أستعيد أمتعتي ؟,اخذ أمتعتي؟,نسترجع الأغراض ديالي؟,اخذ حقائبي؟,اغراضي ؟,أشل شنطتي؟,ناخذ دبشي؟,ناخد شناطيا؟,نسترجع دبشي؟
9581,معلش أرجع كرسيني؟,ممكن أتنى الكرسى بتاعى؟,نقدر نميل المقعد ديالي؟,ممكن أمدد الكرسي تبعي؟,ارجع الكرسي بتاعي؟,ممكن اتجي الكرسي مالتي؟,ممكن ارجع مقعدي؟,رجع مقعدي؟,نقدر انزل مقعدي؟,ممكن ارجع الكرسي لورا؟,ممكن رجع مقعدي لورا؟,ممكن اسدح الكرسي؟,ممكن نحنى المقعد ديالي؟,ممكن اتمدد على مقعدي؟,بقدر أميل الكرسي؟,. ممكن اتكي المقعد؟,ممكن احني مقعدي؟,يمكنني حني مقعدي ؟,اقدر أحنى مقعدي؟,نميل المقعد ديالي؟,انسدح على مقعدي؟,بقدر اثني كرسيي ؟,ممكن امدد حقي الكرسي؟,نتكي كرسية؟,نقدر انزل الكرسي؟,نجم نميل كرسيا؟
9604,وأربعين الصبح.,وأربعين الصبح.,وخمسة وأربعون.,في الصبح.,ربع الصبح.,واربعين بهل الصبحية.,واربعين الصبح.,اربعين دقيقة الصبح .,أربعين في الصبح.,الصبح .,ربع الصبح.,ربع الظهر.,واربعين فالصباح.,في الصباح.,و أربعين دقيقة الصبح.,وأربعين صباحا.,واربعين بالصبح.,دقيقة في الصباح .,وأربعين في الصباح.,ربعين دقيقة دالصباح.,خمس وأربعين صباحا.,وأربعين الصبح.,في الصبح.,و اربعين دقيقة.,اربعين دقيقه في الصبح.,غير ربع.
9605,مشهور بين الشباب؟,منتشر بين الشباب؟,شائع بين الشباب؟,بين الشباب الصغار؟,مشهور بين الشباب؟,مشهور بين الشباب؟,مشهور بين الشباب؟,مشهور بين الشباب؟,مشهور عند الشباب؟,مطعم مشهور للشباب؟,مشهور بين الشباب؟,مشهور بين الشباب؟,مطعم معروف بين اللشباب؟,مشهور عند الشباب؟,مطعم مشهور للشباب؟,بين الناس الشباب؟,شائع بين الناس الشباب؟,مفضل بين الشبان ؟,شائع بين الشباب؟,مطعم كايعجب خاصة الشباب؟,مشهور بين الشباب؟,مشهور بين الشباب؟,مشهور بين الشباب؟,منصوح بيه للشباب؟,مشهور بين الشباب؟,راستورون خاص بالشباب؟
9606,بأعلى سرعة.,بأقصى سرعة.,بأقصى سرعة.,على أقصى سرعة.,بأقصى سرعة.,بكل سرعتها.,باقصى سرعة.,سرعة .,على أقصى سرعة.,اقصى سرعة .,بأقصى سرعة.,بأعلى سرعة.,كتخدم بأقصى سرعة.,بأقصى سرعة.,مسرعة كتير.,بالسرعة الكاملة.,بالسرعه القصوى.,بكامل سرعتها .,بأقصى سرعة.,بسرعة كبيرة.,بالسرعة كاملة.,بأقصى سرعة.,بتسرع بأقصى سرعه.,اقوى سرعة.,علي أقصي سرعة.,بأقصى سرعة.
9611,أستاذ إيبرت الأربعا الجاية عالساعة إدعش الصبح.,الأستاذ إيبرت الأربع الجاى الساعة حداشر الصبح.,الأربعاء المقبل على الساعة الحادية عشر تع الصبح.,الأستاذ ابرت يوم الأربعاء الجاي الساعة احدعش الصبح.,الاستاذ إيبرت الأربع اللي جاي حيداشر الصبح.,السيد ايبرت الأربعاء الجاي الساعة احدعش الصبح.,ويه السيد ايبرت الاربعاء الجاي باهدعش الصبح.,ابرت الأربعا الجاي عالحداعش الصبح .,سيد ابرت الاربعا الجاي على الاحداش الصبح.,. أيبرت الاربع على حداشر الصبح .,إبريت الأربعة الجاية عالساعة إدعش الصبح.,سيد ايبرت يوم الأربعاء الجاي الساعة احدعش الصبح.,الأربعاء الجاي في الساعة الحادية عشرة ديال صباح.,مستر. أيبرت الأربعاء الجأي على حداعشر الصباح.,سيد ايبرت الأربعا الجاي الساعة احداعش الصبح.,أبرت الأربعاء الجاي عند الحادية عشر صباحا.,ايبيرت الاربعاء الليجي ساعه ايدعش الصبح.,إيبرت الأربعاء المقبل في الحادية عشرة صباحاً .,الأربعاء الياي في الساعة الحادية عشرة صباحا.,السيد إيبيرت الاربعاء الجاي مع لحضاش دالنهار.,ايبرت الأربعاء القادم الساعة احدى عشر صباحا.,الأربعاء الجي على الساعة اهدعش الصبح .,السيد إبيرت الاربعاء الثاني على حداعش الصبح.,ايبارت الاربعة الجاية لحداش متاع النهار.,السيد ايبيرت الاربعه الجايه الساعه حداش الصبح.,إيبرت نهار الأربعاء الجاية مع لحداش متاع الصباح.
9628,بطريقة ما بالإنكليزي؟,تشرح مرضك بالانجليزى؟,ديالك بالانجليزية؟,عن مرضك بالإنجليزي؟,باي طريقة بالإنجليزي؟,بطريقة او باخرى؟,تشرح مرضك بالانكليزي؟,مرضك بالانكليزي؟,المرض بتاعك بالانجليزي؟,انت بتشتكي من ايه؟,مرضك بالانجليزي؟,مرضك بالانجليزي؟,المرض ديال باللغة الإنجليزية؟,مرضك بالإنجليزي؟,بوجعك بالانجليزي؟,توضح مرضك بالانجليزي؟,تشرح مرضك بالانكليزي؟,لي مرضك بالإنجليزية ؟,بأخرى مرضك باللغة الإنجليزية؟,المرض ديالك بالانجليزية؟,ما باللغة الإنجليزية؟,عن مرضك بالانجليزي ؟,تشرح مرضك بالأنجليزي؟,مرضك بالانقليزية؟,تشرح المرض متاعك بالانجليزي؟,مرضك بالأنقلي؟
9634,الرئيسي لمول ويستمينستر؟,الرئيسى لمول ويستمنستر؟,الرئيسية تع مركز واستمينستر؟,الرئيسة في مول ويستمينستر؟,الرئيسي لمول ويستمينيستر؟,مال ويست مينستر مول؟,الرئيسي للمول؟,الرئيسي لمول وستمنستر؟,الرئيسي لويستمنستر مول؟,الرئيسية لمول ويستمينسر؟,ويستمينستر مول الرئيسي؟,الرئيسي لمجمع ويستمنستر؟,الرئيسي لمركز ويستمينستر التجاري؟,الرئيسية حقت سوق ويستمنستر؟,المدخل الرئيسي لمول ويستمينستر؟,الرئيسي بتاع وستمنستر مول؟,الرئيس مال ويستمنستر مول؟,لـ ويستمانستر مول ؟,الرئيسي لمركز ويستمينستر التجاري؟,للمدخل الرئيسي ديال ويستمينستر مول؟,للمدخل الرئيسي لسوق ويستمينيستر؟,المدخل الرئيسي لمول ويسمينستر؟,الرئيسي حق ويستمينستر مول؟,المدخل الرسمي لوستمنستر مول؟,للبوابه الرئيسيه للسوق ويستمنستر؟,الرئيسي متاع وستمنستر مول؟
9651,القطار لحتى أوصل لهنيك؟,عشان أوصل هناك؟,القطار باش نوصل لتمة؟,عشان توصل هناك؟,مرة علشان اروح هناك؟,حتى اوصل هنا؟,علمود اوصل هناك؟,الترين لأوصل لهونيك؟,عشان نوصل غادي؟,مرة عشان اوصل هناك؟,القطار لأصل لهنيك؟,حق اروح هناك؟,الطرانات باش نوصل لهنا؟,عشان أوصل هناك؟,عشان أوصل هناك؟,عشان اصل هنا؟,القطارات حتى اصل هنوك؟,القطارات للوصول إلى هناك ؟,القطارات للوصول إلى هناك؟,القطار باش نوصل لتما؟,عشان أوصل هناك؟,حتى اوصل هناك؟,عاسب أوصل لا هاناك؟,الترينو باش نمشي لغادي؟,باش نوصل غادي؟,التران باش نمشي لغادي؟
9657,هي فاتورتك الجديدة. معلش توقعي هون، بعد إذنك؟,فاتورتك الجديدة أهى. ممكن تمضى هنا، لو سمحتى؟,عندنا. هاذي فاتورتك الجديدة. تقدري تمضي هنا، من فضلك؟,هون فاتورتك الجديدة. ممكن توقعي هون، لو سمحتي؟,غلطتنا إحنا. دي فاتورتك الجديدة. ممكن تمضي هنا، لو سمحتي؟,هاي فاتورتك الجديدة. ممكن توقعي هنا، رجاءً؟,غلطتنا. هاي فاتورك الجديدة. ممكن توقعي هنا، رجاءا؟,. هيدي فاتورتك الجديدة، بتمضي هون، إذا بتريدي؟,هاكي فاتورتك الجديدة. ممكن توقعي هنا، لو سمحتي؟,. ديه الفاتورة الجديدة . ممكن تمضي هنا، من فضلك؟,هي فاتورتك الجديدة. ممكن توقعي هون، لو سمحتي؟,الفاتورة الجديدة. ممكن توقعين هني، لو سمحتي؟,غلطنا. هاكي الفاتورة الجديدة. ممكن توقعي هنا، عافاكي؟,اهي فاتورتك. ممكن توقعي هنا، لو سمحتي؟,هي فاتورتك الجديدة. بتقدري توقعي هون، لو سمحتي؟,غلطتنا. هي فاتورتك الجديدة. توقعي هنا، من فضلك؟,خطأنه. هذي فتورتكي الجديدي. ممكن توقعين هوني، رجاءا؟,إليك فاتورتك الجديدة . هلا تفضلت بالتوقيع هنا ، من فضلك ؟,تفضلي الفاتورة الجديدة. ممكن توقعين اهني، من فضلك؟,الغلط ديالنا. هاهي فاتورتك الجديدة. تقدر تسني هنا، عافاكي؟,غلطتنا. هذي فاتورتك الجديدة. تقدرين توقعين هنا، لو سمحتي؟,. هي الفاتورة الجديدة، ممكن توقعي هون، لو سمحتي؟,هيذه حقك الفاتوره الجديده. ممكن توقعي هانا، لوسمحتي؟,احنا. اهي الوحدة الصحيحة، بالله صحح هوني، يعيشك؟,هادي الفاتوره الجديده. تقدري توقعي هنايا، من فضلك؟,جانبنا. هاذي فاتورتك الجديدة، تنجم تصحح هوني، يعيشك؟
9673,إذا سمحت.,لو سمحت.,من فضلك.,لو سمحت.,دولار، لو سمحت.,دولارات، رجاءً.,دولارات، رجاءا.,إذا بتريد .,لو سمحت.,لو سمحت .,لو سمحت.,لو سمحت.,دولارات، عافاك.,لو سمحت.,لو سمحت.,من فضلك.,راجعه، رجاءا.,من فضلك .,من فضلك.,للرجوع، عافاك.,لو سمحت.,لو سمحت .,دولارات، لوسمحت.,دولار، يعيشك.,من فضلك.,دولارات، يعيشك.
9683,عم تسكر بالضبط.,بتقفل للآخر.,ميتضبطش كامل.,بتسكر على الأخير.,قافلة على الأخر.,تسد بشكل محكم.,تنسد بالكامل.,بتسكر منيح .,ما تسكرش بالكامل.,بتسد كويس .,تسكر منيح.,تتسكر عدل.,الاستحمام مكتدش تماما.,تقفل تمام.,بتسكر منيح.,بتقفل بشكل كامل.,ما عتغلق مليح.,تقفل بالكامل .,حوض الاستحمام تماما.,ماكاتسدش كاملة.,تتسكر بشكل كامل.,البانيو كلها .,بتتغلقش سوى.,ماتتسكرش باهية.,ما تتسكرش للاخير.,تتسكرش بالقدا.
9687,عربون لامتناني.,على تقديرى.,نعبر عن شكري.,على تقديري.,من تقديري.,عن امتناني.,عن تقديري.,و تقديري .,رمز لتقديري.,اعبر عن شكري .,عن تقديري.,عن شكري.,تعبير على تقديري.,عربون تقدير.,من تقديري.,رمز لتقديري.,على تقديري.,عن تقديري .,من تقديري.,على التقدير ديالي.,رمز لتقديري.,من تقديري .,من تقديري.,نعبرلك على امتناني.,شكري ليك.,نعبر على إمتناني.
9688,هالاستمارة؟,الاستمارة دى؟,هاذ ااستمارة؟,هاد النموذج؟,الفورمة دي؟,هاي الاستماره؟,هاي الاستمارة؟,تعبي هالورقة؟,النموذج هضا؟,النموذج ده؟,تعبي هالطلب؟,تملي هالاستمارة؟,هاد النموذج؟,تعبي البيانات؟,هدا النموذج؟,الفورمة دي؟,هذي الاستمارة؟,النموذج ؟,ستملأ هالنموذج؟,هاد الاستمارة؟,هذا المستند؟,هاد النموذج؟,هذه الاستماره؟,هذا المطلب؟,النموذج هدا؟,المطبوعة هاذي؟
9695,هالموديلات البلاستيكية؟,البلاستيك دى؟,النماذج من البلاستيك؟,البلاستك هاي؟,الموديلات البلاستيك دي؟,الموديلات البلاستيكية؟,الموديل البلاستيكي؟,بهالموديل الباستيك؟,البلاستك هضينا؟,الموديلات البلاستيك ديه؟,البلاستيك هي؟,البلاستيكي هذي؟,النماذج البلاستيكية؟,الموديلات البلاستيكية؟,الموديلات البلاستيكية؟,البلاستيكية دي؟,هذا الموديل البلاستيكي؟,النماذج البلاستيكة ؟,النماذج البلاستيكية؟,النماذج البلاستيكية؟,النماذج البلاستيكية؟,للموديلات البلاستيك؟,النماذج البلاستيك؟,النماذج البلاستيك؟,الموديل البلاستيك هجا؟,نماذج البلاستيك هاذم؟
9701,يلي عندك؟,اللى عندك؟,طراز عندكم؟,اللي عندك؟,توكيلات ايه؟,الي عندك؟,الماركات العندك؟,عندك ماركات؟,الي عندك؟,براندات ايه؟,عندك ماركات؟,اللي عندك؟,التجارية اللي عندك؟,اللي عندك؟,عند ماركات؟,أصناف عندك؟,ماركات عندك؟,توجد لديك ؟,الي عندك؟,التجارية اللي عندك؟,تجارية عندك؟,اللي عندك؟,ماركات معك؟,الي عندك؟,ماركات عندك؟,إلي عندك؟
9702,عالي علي.,أوى عليا.,عالي عليا.,عالي بالنسبة إلي.,خالص بالنسبالي.,بالنسبة الي.,بالنسبة الي.,عليي .,عليا .,على .,عالي عليي.,رفيع حقي.,بالنسبة لي.,عالي عليا.,بالنسبة الي.,جدا لي.,عيلي علي.,بالنسبة لي .,مرتفع علي.,بزاف عليا.,بالنسبة لي.,بالنسبة الي .,عالي عليا.,ياسر عالي.,بالنسبه ليا اني.,بالنسبة ليا.
9710,برا غرفتي.,برة أوضتى.,الغرفة ديالي.,سكرت غرفتي.,وانا بره الأوضة.,بره غرفتي.,برا غرفتي.,عغرفتي .,برا داري.,ماعيش مفتاح .,برات غرفتي.,برع الحجرة.,فالغرفة ديالي.,عليا.,في غرفتي.,عن غرفتي.,بغا غرفتي.,وأنا خارج الغرفة .,صكيت غرفتي.,فالغرفة ديالي.,برا غرفتي.,غرفتي .,خارج غرفتي.,من بيتي.,و اني برا.,لبرة من بيتي.
9730,صرلك بباريس؟,فى باريس؟,في باريس؟,في باريس؟,قاعد في باريس؟,صارلك بباريس؟,صارلك بباريس؟,الك بباريس؟,في باريس؟,في باريس؟,صرلك بباريس؟,في باريس؟,كنتي فباريس؟,في باريس؟,في باريس؟,في باريس؟,صاغلك بباريس؟,في باريس ؟,في باريس؟,انت فباريس؟,في باريس؟,ب باريس؟,في باريس؟,انتي في باريس؟,في باريس؟,في باريس؟
9732,بطاقات بريدية جوية عاليابان؟,بطاقات بريد جوى لليابان؟,بريدية نبعثهوم لليابان بالبريد الجوي؟,بالبريد الجوي على اليابان؟,هبعتهم بالبريد الجوي لليابان؟,بوستكاردات بالبريد الجوي لليابان؟,لتلث دوابع جوية لليابان؟,لتلت بريد جو عاليابان؟,بريدية لبريد جوي لليابان؟,حأبعتهم بالبريد الجوي لليابان؟,بوستال تحويل جوي عاليابان؟,بريدية جوية حق اليابان؟,لثلاثة بطاقات بريدية لليابان؟,بطأيق بريد لليأبان؟,لتلات كروت لليابان؟,بطاقات بريدية لبريد جوي؟,بطاقات بريدي جويي لليابان؟,بطاقات بريدية جوية لليابان ؟,بريدية بريدية إلى اليابان؟,بريدية لليابان عن طريق البريد الجوي؟,كروت بريدية جوية الى اليابان؟,لثلاثة بطاقات بريدية لليابان؟,بطايق بريد جوي ل اليابان؟,بريدية ماشين لليابان بالطيارة؟,كرتولينات بالبريد الجوي لليابان؟,باش نبعثهم لليابان بالبريد الجوي؟
9746,ج-و-ر-و-ه.,ج-و-ر-و-ه.,ج-و-ر-و-ه.,ج-و-ر-و-ه.,كدة ج-و-ر-و-ه.,مالته ج-و-ر-و-ه.,يلفظ ج-و-ر-و-ه.,ج-و-ر-و-ه.,يتهجئ ج-و-ر-و-ه.,ج-و-ر-و-ه.,ج-و-ر-و-ه.,ج-و-ر-و-ه.,ج-و-ر-و-ه.,ج-و-ر-و-ه.,ج-و-ر-و-ه.,ج-و-ر-و-ه.,ج-و-ر-و-ه.,أوه اتش .,ج-و-ر-و-ه.,ج-و-ر-و-ه.,ج-و-ر-و-ه.,ج-و-ر-و-ه.,ج-و-ر-و-ه.,ج-و-ر-و-ه.,ج-و-ر-و-ه.,يتكتب ج-و-ر-و-ه.
9747,تاخد مشروب؟,تاخد مشروب؟,حاجة تشربها؟,تشرب إشي؟,تشرب حاجة؟,تشرب شي؟,تشرب شي؟,تاخد مشروب؟,تأخذ مشروب؟,تشرب حاجة؟,تشرب شي؟,تشرب شي؟,شي مشروب؟,شيء تشربه؟,تشرب اشي؟,تاخد مشروب؟,تشغب شي؟,شراباً ؟,يكون شراب؟,شي مشروب؟,شراب؟,تشرب اشي؟,تشرب شي؟,تشرب حاجة؟,تشرب حاجة؟,حاجة تتشرب؟
9748,هون.,هنا.,هنا.,هون.,هنا.,هنا.,هنا.,هون .,هنا .,هنا .,هنيك.,هني.,هنا.,هنا.,هون.,هنا.,هوني.,هنا .,هنا.,هنا.,هنا.,هون .,هانا.,هوني.,هنايا.,هوني.
9752,إذا سمحت.,لو سمحت.,عاجلا، من فضلك.,لو سمحت.,لو سمحت.,مستعجلة، رجاءً.,مستعجلة، رجاءا.,إذا بتريد .,لو سمحت.,من فضلك .,إذا بتريد.,برقية مستعجلة.,مستعجلة عافاك.,لو سمحت.,لو سمحت.,من فضلك.,مستعجلي، رجاءا.,من فضلك .,من فضلك.,عاجلة، عافاك.,لو سمحت.,لو سمحت .,طارئه، لوسمحت.,اكيد، يعيشك.,من فضلك.,عاجلة، يعيشك.
9788,ينزل تلج بكرة.,هتنزل تلج بكرة.,راح يصب الثلج غدوة.,راح اتلج بكرا.,هتمطر تلج بكرة.,راح تثلج باجر.,راح يطيح ثلج.,رح تتلج .,توا اتثلج بكره.,بكرة حتمطر تلج .,ينزل تلج بكرا.,بينزل ثلج بكرة.,يكون الثلج غدا.,حينزل ثلج بكرة.,رح تتلج بكرا.,ح تثلج بكرة.,غاح تثلج غدا.,سيشهد سقوط جليد .,باجر ثلج .,غادي يطيح الثلج غدا.,بينزل ثلج بكرة.,تثلج بكرا .,عينزل ثلج بكرة.,يصب الثلج غدوة.,غدوه حيكون تلج.,باش تثلج غدوة.
9792,طابة.,كورة.,حاب كرة.,طابة.,عايز كورة.,طوبه.,طوبة.,طابة .,كورة.,كورة .,طابة.,كرة.,الكرة.,كورة.,طابة.,كورة.,طبًي.,كرة .,الكرة.,كرة.,كورة.,طابة .,كرة.,كورة.,كوره.,كرة.
9822,نعمل هيك.,مبسوطين نعمل كدة.,كي نديروه.,مبسوطين نعمل هيك.,ان إحنا نعمل كدة.,نسوي هذا.,مسرورين نسوي هذا.,ولو.,نديرو هكي.,نعمل كده .,نعمل هيك.,نسوي هالشي.,فرحانين نديرو هادشي.,نسوي داك.,ازا بعملو.,سعيدين نعمل داك.,حتى نعمل هذا.,سعداء لفعل هذا .,للقيام بذلك.,نديرو هاد الشي.,بفعل هذا.,انو نعمل هيك .,الشرف انحنا نفعله.,تشرفوا بعملانها.,انه بنديروه.,الشرف إنو نعملوه.
9829,مشان أخدو عالبيت كقطعة بتفتح حديث.,آخده البيت كقطعة رسم تصويرى.,للدار. راح تدير موضوع هايل تع قسرة.,آخده على البيت متل كتاب محادثة.,اروح بيه البيت استخدمه نقتح بيه كلام.,وحده واخذها للبيت كقطعة محادثة.,واحد واخذه للبيت كقطعة محادثة.,اخدو معي كقطعة بينحكى فيا .,عشان ناخذه للحوش كطرف هدرزة.,واحدة اخدها البيت نتناقش فيها .,ورجعها معي عالبيت لتكون شي مميز.,بخليه قطعة فنية حق البيت.,غادي نديه للدار بحال قطعة محادثة.,واحد للبيتي كقطعة محادثة.,واحد وأخدو على البيت للنقاش.,عشان اشيله البيت كقطعة محادثة.,ويحد واودينو للبيت كنموذج للحوار.,لآخذه إلى المنزل كقطعة محادثة .,واحد للمنزل كقطعة محادثة.,منها وحدة نديها معايا للدارلمضوع النقاش.,اخذه للبيت كقطعة محادثة.,واحد للبيت كقطعة محادثة .,اشله للبيت ك قطعه محادثه.,للدار. باش تكون حاجة سمحة نحكيو فيها.,نروح بيه للحوش كموضوع للهدرزه.,للدار. هذا باش يكون موضوع نقاش طيارة.
9862,"""جينمياكو""، صح؟","""جينمياكو، "" صح؟","""جينمياكو""، هكذا؟",""" جنماكو""، صح؟",لجنمياكو، صح؟,"""جينماياكو""، مو؟","للنجاح""جينمياكو"" صح؟",جيمياكو، صح؟,"هو""جينميكو، ""صح؟","""جينماكو""، مش كده؟","""جينمياكو""، صح؟","""جينمياكو""، صح؟","""جينمياكو""، ياك بصح؟",""" صح؟","""جينمياكو""، صح؟","""جنمياكو""، صاح؟","""جنمياكو، "" صح؟","جينمياكو "" حقاً ؟","هو ""جينمياكو""، صح؟","""جينمياكو""، واش بالصح؟","""جنمياكو""، صح؟","""جينمياكو"" صح؟","جينمياكو، "" صح؟","""جينمايوكو"" موش مكا؟",""" جينمياكو""، مضبوط؟","""جينمياكي""، صحيح؟"
9866,حوالي الساعة تسعة المسا.,حوالى تسعة بالليل.,الساعة التاسعة ونص ليلا.,الساعة تسعة بالليل.,حوالي الساعة تسعة بليل.,حوالي الساعة تسعة بالليل.,بحدود التسعة بالليل.,التسعة المسا .,التسعه في الليل.,تسعة بليل .,عالتسعة المسا تقريباً.,الساعة تسع فالليل.,التاسعة ديال الليل.,على تسعة المساء.,بحدود الساعة تسعة المسا.,تسعة مساء.,بحدود التسعه المغب.,الساعة التاسعة مساءاً .,حوالي التاسعة مساء.,مع التسعود دالليل.,الساعة تسعة المساء.,تسعة المسا .,تسع في الليل.,مع الثمنية متاع الليل.,التسعه في الليل.,تقريب التسعا متاع الليل.
9885,دولار عالين الياباني.,وخمسويت دولار بالين اليابانى.,خمسمئة دولار ين ياباني.,وخمسميت دولار بالين الياباني.,وخمسماية دولار بالين الياباني.,دولار بالين الياباني.,دولار بالي الياباني.,دولار بالين الياباني .,خمسميه دولار بالين الياباني.,دولار بالين الياباني .,دولار بالين الياباني.,دولار بالين الياباني.,دولار بالين الياباني.,دولار بالين اليأباني.,خمسمية دولار بالين الياباني.,خمسمية دولار بالين الياباني.,دولار بالين الياباني.,دولار بالين الياباني .,دولار بالين الياباني.,خمسمية دولار بالين الياباني.,مئة دولار بالين الياباني.,دولار بالين الياباني .,دولار ب الين الياباني.,خمسمية دولار باليان الياباني.,خمسمية دولار بالين الياباني.,ميات دولار باليان الياباني.
9903,أفرجيك كم واحد.,هوريك شوية.,دوك نوريهولك.,راح أورجيك شوي.,أنا هوريك عينة.,اشوفك بعضها.,راح اراويك قسم.,رح فرجيك .,توا نوريك شوية.,حأوريلك شويه .,ورجيك شوي.,كم واحد.,نوريك شوية.,حوريك بعضها.,أفرجيك شوي منهم.,أوريك بعضه.,غاح اشوفك شويه.,. سأريك بعضاً .,براويك بعض.,نوريليك منهم.,بوريك بعضها.,افرجيك شوي .,شاوريك شويه.,باش نوريكم.,نوريك منهم.,تو نوريهولك.
9906,حبوب منومة.,حبوب منومة.,حبوب منومة.,حبوب منومة.,منومة .,حبوب منومة.,حبوب منومة.,منوم .,حبوب منومة.,منومة .,حبوب منومة.,حبوب تنوم.,الحبوب المنومة.,حبوب منومة.,حبوب منوم.,حبوب نوم.,حبوب تنوم.,المنومة .,الحبوب المنومة.,أقراص منومة.,حبوب منومة.,منومة .,حبوب منوم.,طوابع نوم.,حبوب ترقد.,حرابش منومة.
9910,تمسك المجرم بأسرع وقت ممكن.,على المجرم فى أقرب وقت ممكن.,تحكمو المجرم بأقصى سرعة.,إنكم تلاقوا المجرم بأسرع وقت.,على المجرم في اقرب وقت ممكن.,تلزمون المجرم باسرع وقت ممكن.,تلزم المجرج باقرب وقت ممكن.,تلقطو المجرم بأسرع وقت .,تمسك المجرم بأقصى وقت ممكن.,انكم تقبضو عالمجرم بسرعة .,تمسك المجرم بأسرع وقت.,الله تصيدون المجرم في اقرب وقت.,المجرم في أقرب وقت ممكن.,تقبض على المجرج بسرعة.,تمسكو المجرم بأسرع وقت ممكن.,تقبض المجرمين بسرعة قدر الإمكان.,تمسكون المجرم باقرب وقت ممكن.,القبض على المجرم في أقرب وقت ممكن .,على المجرم في أقرب وقت ممكن.,تشد المجرم فأقرب وقت.,تمسك المجرم بأسرع ما يمكن.,انك تمسك المجرم باسرع وقت .,المجرم في أقرب وقت ممكن.,نتمنى تشدوا المجرم فيسع.,الله تشدو المجرم باسرع ما يمكن.,تشدو المجرم في أسرع وقت.
9945,المجرم قريب.,المجرم قريب.,المجرم ماهوش بعيد.,المجرم قريب.,قربي من هنا.,المجرم هنا.,المجرم قريب.,المجرم قريب.,المجرم قريب.,المجرم قريب .,المجرم قريب.,المجرم قريب.,المجرم قريب.,المجرم قريب.,المجرم قريب.,المجرم قريب.,المجرم قغيب.,المجرم قريب .,المجرم قريب.,راه قريب.,المجرم قريب.,المجرم قريب.,المجرم قريب.,المجرم موش بعيد.,المجرم قريب.,المجرم موش بعيد.
9948,إذا سمحت.,لو سمحت.,من فضلك.,لو سمحت.,لو سمحت.,طوابع، رجاءً.,اختام رجاءا.,بتريد .,لو سمحت.,فضلك .,لو سمحت.,لو سمحت.,طوابع عافاك.,لو سمحت.,لو سمحت.,من فضلك.,بريديي رجاءا.,فضلك .,من فضلك.,تنابر عافاك.,لو سمحت.,لو سمحت.,لو سمحت.,طوابع، يعيشك.,من فضلك.,تنابر، يعيشك.
9949,التهاب حلق.,فى الزور.,وجعني.,إلتهاب بالحلق.,في الحلق.,احتقان بالحنجره.,احتقان بالبلعوم.,ملتهبة.,حلقي جاف.,الزور .,ملتهب.,ملتهبة.,في الحلق.,الم بالحلق.,بيوجعني.,قرحة حلق.,باحتقان بالحنجره.,الحلق .,في الحلق.,آلام فالحنجرة.,التهاب حلق.,بحلقي .,في الحلق.,في قراجمي.,ملتهبة.,في قراجمي.
9955,تذكارية من نيويورك.,من نيويورك.,من نيويورك.,تذكارية من نيويورك.,تذكارية من نيويورك.,من نيويورك.,تذكارية لنيويورك.,نيويورك .,نيو يورك.,من نيويورك .,تذكارية من نيويورك.,من نيويورك.,الهدايا التذكارية من نيويورك.,من نيو يورك.,من نيو يورك.,من نيو يورك.,من نيو يورك.,التذكارية من نيويورك .,الهدايا التذكارية من نيويورك.,من نيويورك.,من نيو يورك.,تذكارية من نيويورك.,تذكاريه من نيويورك.,من نيويورك.,من نيو يورك.,من نيويورك.
9969,تبعت حمال؟,ممكن تبعت شيال؟,تعيط لحمال يجي؟,اوت. ممكن تجيب حمال؟,تبعتلي شيال؟,تبعث شيال؟,ترسل حمال؟,تبعت حمال؟,تقدر تدز حمال؟,. ممكن تبعت شيال؟,تبعت حمال؟,ممكن تطرش حامل الشنط؟,تصيفط شي حمال؟,ترسل حمال؟,تبعت عتال؟,ترسل حمال؟,تطيق ترسل شيال؟,أرسلت خادماً إلى أعلى ؟,تقدر تطرش حمال؟,ليك تصيفط شي حمال؟,ترسل حمال؟,تطلع حمال؟,ترسل حمال؟,تعيط لحمال؟,تبعت حمال؟,تبعث حمال؟
9979,ساعتي.,وقفت.,ديالي حبست.,وقفت.,وقفت.,وكفت.,وكفت.,ساعتي .,وقفت.,وقفت .,وقفت.,وقفت.,توقفات.,توقفت.,وقفت.,وقفت.,توقفت.,ساعتي .,ساعتي.,وقفات.,توقفت.,وقفت .,وقفت.,وقفت.,وقفت.,سكتت.
9983,شلون بتحبو؟,تحبه إزاى؟,كيفاش تحبو؟,كيف حبيته؟,انت بتحبها ازاي؟,شلون تحبه؟,شلون تحبه؟,كيف بتحبو؟,كيف عجبك؟,بتحبه ازاي؟,كيف ملاقيه؟,شلون يعجبك؟,كيفاش بغيتيه؟,كيف تباها؟,كيف حبيتها؟,كيف بتحبه؟,اشون تحبو؟,؟ كيف تفضلها ؟,كيف تبغاه؟,كيفاش بغيتيه؟,كيف تبيه؟,كيف بتحبه؟,كيف عجبتك؟,كيفاش تحبها؟,كيف لقيته؟,كيفاش حبيتو؟
10006,تسعة الصبح.,تسعة الصبح.,التاسعة صباحا.,تسعة الصبح.,تسعة الصبح.,تسعة الصبح.,بالتسعة الصبح.,الصبح .,التسعة في الصبح.,تسعة الصبح .,تسعة الصبح.,تسع الصبح.,فالساعة التاسعة صباحا.,بالضبط في الصباح.,الساعة تسعة الصبح.,تسعة صباحا.,تسعه الصبح.,التاسعة صباحاً .,تسع صباحا.,د الصباح.,تسعة الصباح.,تسعة الصبح .,تسع في الصبح.,متاع الصباح.,تسعة الصبح.,متاع الصباح.
10032,كتاب تلوين.,كتاب تلوين.,كتاب تلوين.,كتاب تلوين.,كتاب تلوين.,دفتر تلوين.,كتاب تلوين.,تلوين .,كتاب تلوين.,تلوين .,دفتر تلوين.,دفتر تلوين.,كتاب تلوين.,كتاب ملون.,دفتر تلوين.,كتاب تلوين.,دفتغ تلوين.,تلوين .,كتاب التلوين.,كتاب دالتلوين.,كتاب تلوين.,كتاب تلوين.,كتاب ملون.,متاع تلوين.,كتاب تلوين.,كتاب تلوين.
10037,بدوار السفر.,بدوار جو.,دوار الجو.,دوخة الطيارة.,عندي دوران الجو.,مال الجو.,دوار جوي.,من الطيران .,بدوار الجو.,جو .,من الطيران.,دوار الجو.,حريق الرأس.,دوار الجو.,من الطيران.,بدوار الجو.,بدوار الجو.,الجو جواً .,بدوار الجو.,دوار الجو.,بتعب جوي.,دوار الجو .,بدوخه.,متاع الهواء.,من الهوا.,دوخة الجو.
10043,بنك ياباني؟,بنك يابانى؟,لبنك ياباني؟,بنك ياباني؟,اروح لبنك ياباني؟,لبنك ياباني؟,لبنك ياباني؟,بنك ياباني؟,للبنك الياباني؟,لبنك ياباني؟,بنك ياباني؟,بنك ياباني؟,لبنك ياباني؟,بنك يأباني؟,بنك ياباني؟,أمشي لبنك ياباني؟,لبنك ياباني؟,على بنك ياباني ؟,بنك ياباني؟,لبنك ياباني؟,لبنك ياباني؟,بنك ياباني؟,بنك ياباني؟,لبانكا يابانية؟,لبنك ياباني؟,لبانكا يابانية؟
10045,مصاري بالبنك.,فى بنك.,دياولك في بنك.,المصاري من البنك.,الفلوس في البنك.,فلوس بالبنك.,فلوس بالبنك.,مصاري بالبنك.,في البنك.,في البنك .,مصاري ببنك.,في البنك.,الفلوس فالبنك.,في البنك.,في البنك.,في البنك.,فلوس ببنك.,من البنك .,في البنك.,فلوسك فالبنك.,في البنك.,بالبنك .,في البنك.,في بانكا.,في بنك.,في بانكا.
10065,وقت للمغادرة؟,عالتشيك آوت؟,الوقت قبل الانطلاق؟,منيح لنسجل خروج؟,على تسجيل الخروج؟,للجيك اوت؟,الخروج هواي؟,للتشك اوت؟,عشان ندير تشيك اوت؟,عالتشيك آوت؟,منيح للخروج؟,نسوي جيك اوت؟,بزاف قبل المغادرة؟,كافي للخروج؟,منيح للخروج؟,كافي للخروج؟,كثيغ لتسجيل الخروج؟,لإنهاء إجراءات المغادرة ؟,الوقت للتشيك اوت؟,دالوقت قبل الانطلاق؟,لتسجيل المغادرة؟,وقت للطلعة؟,عاسب أسجل خروج؟,وقت قبل الخروج؟,وقت باش نطلع؟,وقت قبل المشي؟
10069,أفضل زباينا.,أفضل زبايننا.,أفضل الزبائن دياولنا.,أهم زباينا.,احسن زباينا.,افضل زباينا.,احسن عملائنا.,الزباين عنا .,أفضل الزباين عندنا.,افضل عملائنا .,العملاء يللي عنا.,افضل العملاء عندنا.,أفضل الزبناء ديالنا.,افضل العملاء عندنا.,زباينا المميزين.,أحسن عملائنا.,احسن اربع عملاء.,عملائنا .,أفضل عملائنا.,الزبائن ديالنا.,افضل زبائننا.,أحسن عملائنا.,أفضل الزباين.,الحرفة الباهيين عنا.,احسن الزباين متاعنا.,من أحسن كليوناتنا.
10078,سنان منيح؟,أسنان كويس؟,أسنان مليح؟,أسنان كويس؟,سنان كويس؟,اسنان جيد؟,اسنان زين؟,اسنان شاطر؟,أسنان كويس؟,سنان كويس؟,سنان شاطر؟,اسنان زين؟,أسنان مزيان؟,اسنان كويس؟,سنان شاطر؟,أسنان كويس؟,اسنان مليح؟,أسنان جيد ؟,اسنان زين؟,طبيب أسنان مزيان؟,اسنان جيد؟,اسنان منيح؟,أسنان كويس؟,سنان باهي؟,سنون كويس؟,سنين باهي؟
10084,خبر للقنصلية فوراً.,تبلغ القنصلية فورا.,السفارة فالحين.,القنصلية هلأ.,القنصلية دلوقتي حالاً.,تخبر القنصلية فوراً.,القنصلية هسه.,القنصلية هلأ .,القنصلية على طول.,القنصلية حالا .,القنصلية فوراً.,القنصلية الحين.,القنصلية دابا.,القنصلية دحين.,القنصلية هلأ.,تنبه القنصلية الآن.,تخبرالقنصليه هسه.,القنصلية على الفور .,القنصلية بأسرع مايمكن.,القنصلية فورا.,القنصلية حالا.,للقنصلية هلا .,القنصلية الان.,توة القنصلية.,للقنصليه علي طول.,توا القنصلية.
10091,بلا تحريك.,مش متقلب.,ماشي بالملعقة.,مش مخفوق.,مش مضروب.,مو مخيوط.,ما مثبت.,ما تحركو.,مش مخفوق.,مش بمعلقة .,مو محرك.,مو مخلوط.,ماشي مخفوقة.,مو مخفوق.,مش محرك.,ما محرك.,ما مخفوق.,مضروب .,لا أثار.,ماشي بالمعلقة.,مو مخفوق.,مخفوق .,مش مخلوط.,موش المغرفة.,مش مخلط.,وموش بالمغرفة.
10098,ولا بغرفة خاصة، أستاذ؟,فى أوضة خاصة، يا فندم؟,في قاعة خاصة، يا سيدي؟,الرئيسي وإلا بغرفة خاصة؟,في أوضة خاصة، حضرتك؟,لو بغرفة خاصة، استاذ؟,لو بغرفة خاصة، استاد؟,او بغرفة خاصة استاذ؟,لا دار خاصة، يا استاد؟,و لا في أوضه خاصة، حضرتك؟,ولا بغرفة خاصة، استاذ؟,في غرفة خاصة، اخوي؟,فغرفة خاصة، ا سيدي؟,في غرفة خاصة، سيدي؟,ولا غرفة خاصة، حضرتك؟,ول غرفة خاصة، سيدي؟,لو بغرفه خاصه، سيدي؟,في غرفة خاصة يا سيدي ؟,في غرفة خاصة، يا سيدي؟,فغرفة خاصة، سيدي؟,في غرفة خاصة، سيدي؟,و لا بغرفة، سيدي؟,في الغرفه الخاصه، سيدي؟,صالة خاصة، يا سيدي؟,في دار خاصه، يا سيد؟,في قاعة خاصة، موسيو؟
10102,عالشاطي بالموسم.,بيروحوا الشاطئ خلال الموسم.,للشاطئ فالموسم.,الشط خلال هاد الفصل.,البحر في الموسم.,للشاطئ خلال الموسم.,للشاطئ خلال هذا الفصل.,عالبحر بهالوقت.,يمشو للبحر خلال الموسم.,الموسم ده .,بروحوا عالشط خلال الموسم.,الساحل في هالفترة.,كيمشيو للشاطئ خلال الموسم.,للشاطيء في الموسم.,على البحر خلال الموسم.,بيمشوا للشاطئ خلال الموسم.,تغوح للشاطئ خلال الموسم.,الشاطئ خلال الموسم .,إلى الشاطئ خلال الموسم.,للشاطئ فهاد الوقت.,يروحون للشاطئ في الموسم.,الشاطئ خلال الموسم .,بيسيروا الشاطئ خلال الموسم.,للشط في الموسم.,للبحر خلال الموسم.,على طول الموسم.
10107,وخمسين رطل.,مية وخمسين رطل.,وخمسون رطل.,مية وخمسين رطل.,وخمسين رطل.,وخمسين رطل.,مية وخمسين رطل.,و خمسين رطل.,و خمسين رطل.,وخمسين رطل.,وخمسين رطل.,وخمسين باوند.,وخمسين رطل.,وخمسين رطل.,و خمسين جنيه.,و خمسين رطل.,وخمسين رطل.,وخمسين رطلاً .,وخمسين رطل.,وخمسين رطل.,و خمسين رطل.,خمسين رطل .,ميه وخمسين رطل.,وخمسين رطل.,خمسين رطل تقريبا.,وخمسين رطل.
10111,لازم أحول؟,أحول فين؟,الرسالة ديالي؟,بقدر أحول؟,اتنقل فين؟,المفروض احول؟,لازم احول؟,بدي حول؟,نقدر ننقل؟,اتنقل لفين؟,لازم انتقل؟,احول؟,خاصني ننقل؟,يبالي احول؟,بقدر أحول؟,مفروض احول؟,لازم احول؟,أن أنقل ؟,لازم انقل؟,تذكرة المراسلة ديالي؟,لازم انقل؟,لازم انقل؟,المفروض انتقل؟,ناخذ المراسلة؟,انبدل؟,النقل متاعي؟
10114,الممتلكات الضائعة؟,الممتلكات المفقودة؟,تع الأشياء المفقودة؟,الممتلكات المفقودة؟,الحاجات الضايعة؟,مكتب المفقودات؟,الممتلكات الضايعة؟,الممتلكات المفقودة؟,الأملاك المفقودة؟,مكتب المفقودات؟,مكتب المفقودات؟,مكتب المفقودات؟,الممتلكات المفقودة؟,الممتلكات الضأيعة؟,مكتب المفقودات؟,الممتلكات الضايعة؟,الممتلكات المفقودي؟,المفقودة .,الممتلكات المفقودة؟,الأغراض المفقودة؟,مكتب المفقودات؟,مكتب المفقودات؟,الممتلكات المفقوده؟,الي كانت ضايعة؟,الحاجات الرايحه؟,الحاجات الضايعة؟
10116,بروح لهنيك مباشرة؟,بيروح هناك مباشرة؟,تروح مباشرة؟,بروح هناك مباشرة؟,هنكا على طول؟,يروح بهذا الاتجاه؟,هناك مباشرة؟,لهونيك دغري؟,تمشي غادي طول؟,بيروح مباشرة لهناك؟,بروح لهنيك مباشرة؟,هناك سيدة؟,كيمشي مباشرة لتما؟,لهناك على طول؟,هناك دغري؟,بمشي هناك مباشرة؟,يغوح هنوك مباشرة؟,مباشرة إلى هناك ؟,إلى هناك مباشرة؟,كيمشي لتما مباشرة؟,هناك مباشرة؟,بيروح هناك مباشرة؟,لا هاناك طوالي؟,تمشي طول؟,يمشي غديكا طول؟,تمشي مسترسلة؟
10125,معاملة خاصة؟,أى علاج مخصوص؟,علاج خاص؟,معالجة خاصة؟,علاج خاص؟,معاملة خاصة؟,معاملة خاصة؟,لعلاج خاص؟,علاج خاص؟,اى معاملة خاصة؟,معاملة خاصة؟,معاملة خاصة؟,معاملة خاصة؟,عنأية مميزة؟,معاملة خاصة؟,لأي معاملة خاصة؟,اي علاج خاص؟,خاص ؟,أي علاج خاص؟,لشي علاج خاص؟,علاج خاص؟,معاملة خاصة؟,معاملة خاصة؟,لعلاج خاص؟,لاي معامله خاصة؟,لمعالجة خاصة؟
10129,كاش ولا بطاقة؟,ولا شحن؟,ببطاقة الخصم؟,كاش والا شحن؟,ولا على الحساب؟,على الحساب؟,كاش لو تحميل؟,او بشرجو؟,و لا رسم؟,و لا عالحساب؟,ولا ببطاقة الإئتمان؟,او شحن؟,ولا بطاقة دفع؟,ولا شحن؟,ولا رسوم؟,كاش ول شحن؟,نقد لو رسم؟,يضاف على الفاتورة ؟,أو شحن؟,أولا ببطاقة السلف؟,نقدي او شحن؟,كاش ولا شحن؟,والا رسوم؟,والا بالكارطة؟,و الا خصم؟,بطاقة الخصم؟
10134,من سنة.,من سنة فاتت.,البيت عندها عام.,من سنة.,ده من سنة.,قبل سنة.,قبل سنة.,من سنة .,قبل سنة.,من سنه فاتت .,البيت من سنة.,قبل سنة.,قبل عام.,قبل سنة.,قبل سنة تقريباً.,دا قبل سنة.,قبل سني.,منذ عام .,قبل عام.,هادي عام.,من سنة.,من سنة .,البيت قبل سنه.,عنا عام.,هدا سنه فاتت.,عندنا عام.
10155,لتطلع فيزتي؟,علشان الفيزا بتاعتى تطلع؟,تديرلي بطاقة فيزا جديدة؟,وقت عشان تطلع؟,لغاية الفيزة بتاعتي متطلع؟,تصدر الفيزا مالتي؟,ما تصد الفيزا؟,لاخذ الفيزا؟,تطلع الفيزا بتاعي؟,اخد الفيزا اللي حتطلعوها؟,فيزتي لتطلع؟,لين تسوون تأشيرتي؟,باش ناخد الفيزا ديالي؟,الفيزا حقتي يصدروها؟,فيزتي لتطلع؟,عشان احصل على فيزتي؟,حتى تكمل فيزتي؟,التأشيرة لي ؟,الحصول على تأشيرتي؟,نصايب بطاقة فيزا جديدة؟,الفيزا حقتي؟,حتى اخذ الفيزا؟,عاسب فيزتي تطلع؟,باش نعاود الفيزا كارط؟,متاعي باش تطلع؟,تعملي بطاقة فيزا جديدة؟
10156,الحمامات؟,الحمامات؟,نصيب المرحاض؟,الحمامات؟,الحمامات؟,المرافق؟,الحمامات؟,الحمامات؟,الحمامات؟,الحمامات؟,الحمامات؟,الحمامات؟,كاين الحمامات؟,الحمام؟,الحمامات؟,الحمامات؟,الحمامات؟,الراحة ؟,الحمامات؟,المراحيض؟,الحمامات؟,الحمامات؟,الحمامات؟,التواليتات؟,الحمامات؟,موجودين التوالاتات؟
10160,وأربعين جنيه، يا مدام.,وأربعين جنيه، يا مدام.,وأربعون جنيه، يا مدام.,وأربيعين جنيه، يا مدام.,واربعين جنيه، يا مدام.,واربعين جنيه، يا مدام.,واربعين جنيه، يا ست.,اربعين جنيه، يا مدام .,و أربعين باوند، يا ابله.,اربعين جنيه، يا مدام .,وأربعين جنيه، يا مدام.,وثلاثة واربعين جنيه، اختي.,وثلاثة وأربعون جنيه، أسيدتي.,وأربعين جنيه، يا مدام.,أربعين جنيه، يا مدام.,وأربعين جنيه، يا مدام.,واربعين باوند، يا مدام.,جنيه ، يا سيدتي .,وأربعون جنيه، يا مدام.,و اربعين جنيه، أسيدتي.,وأربعين جنيه، يا سيدتي.,و اربعين جنيه، يا مدام.,وأربعين جنيه، يا مدام.,اربعين جنيه، يا للة.,اربعين جنيه، يا مدام.,وتلاثا وأربعين جنيه، مادام.
10164,بورق لف حلو؟,فى ورق هدايا حلو؟,في ورق تغليف شباب؟,بشوية ورق هدايا حلو؟,في ورق هدايا حلو؟,تلفها بورق حلو؟,تلفها بورق حلو؟,تلفا بورق حلو؟,بشوية ورق تغليف حلو؟,تلفهالي بورق لف جميل؟,اياها بورق هدايا حلو؟,تغلفه بجلادة حلوة؟,ديال ورق التغليف الجميل؟,تغلفها بتغليف حلو؟,بلفة هدية حلوة؟,بعض ورق اللف الجميل؟,بورق تغليف حلو؟,لي في ورق لف جميل ؟,بعض ورق التغليف الجميل؟,لي فكاغيط مزوق زوين؟,في ورق لف جميل؟,تغلفها بورق هدايا حلو؟,بورق لف حالي؟,في ورق باهي؟,تغلفها بسفار حلو؟,في غلاف مزيان؟
10182,هالطرق رائعة.,سكك حديد ضخمة.,منتزهات روعة.,وجهة النظر.,المنظر ده.,ممرات عظيمة.,هاي طرق رائعة.,هول اثار عظيمة .,طرق روعة.,الاشجار في منتهى الجمال .,هالطرقات بتجنن.,واجد حلو.,مسارات كبيرة.,ممرات مشاة حلوة.,في آثار رائعة.,ديل آثار عظيمة.,هذي مسارات عظيمي.,مسالك رائعة الجمال .,هذه هي مسارات كبيرة.,ممرات رائعة.,هذي مسارات عظيمة.,المسارات بيجننو .,طرق كبار.,بارشا المنتزهات.,مسارات مليحه.,ثنايا مزيانين.
10187,ناس مصابين.,ناس إتصابت.,مصابين.,ناس إنصابوا.,ناس اتعورت.,ناس مصابين.,ناس مصابين.,انجرحو .,ناس مجروحين.,متعورة .,ناس انصابوا.,ناس متعورين.,ناس مجروحين.,ناس مصابة.,جرحى.,ناس اتجرحوا.,ناس انصابت.,أناس .,مصابون.,جرحى.,ناس مجروحين.,مصابين .,ناس جرحى.,مجروحين.,ناس انصابو.,مجاريح.
10191,المحطة هون؟,القريبة من هنا؟,جاية المحطة؟,قريبة من هون؟,قربية من هنا؟,المحطة القريبة؟,الي هنا؟,في محطة هون؟,المحطة هنا؟,المحطة القريبه؟,القريبة من هون؟,المحطة هني؟,المحطة فهاد النواحي؟,اللي هنا؟,القريبة من هون؟,البي هنا؟,حولنه هوني؟,المحطة هنا ؟,المحطة اهني؟,هي المحطة؟,المحطة القريبة؟,المحطة القريبة من هون؟,الذي هانا؟,وين المحطة؟,في الجيهة هادي؟,وين المحطة؟
10224,حجز إلك.,حجز ليك.,حجز ليك.,حجز إلك.,حجز ليك.,حجز الك.,حجز الك.,حجز الك .,لك .,ليك .,حجز إلك.,حجز لك.,حجز ليك.,حجز لك.,حجز الك.,حجز ليك.,حجز اللك.,حجز لك .,حجز لك.,حجز ليك.,حجز لك.,الك .,حجز لك.,حجز ليلك.,حجز ليك.,ليك إنت.
10238,بالباص. وين بقدر أطلع بالباص؟,المدينة بالأتوبيس. أقدر آخد أتوبيس منين؟,ديالي فالمدينة. وين نقدر نصيبها؟,بالباص. من وين بقدر آخد باص؟,المدينة بالاتوبيس. أقدرأخد اتوبيس من فين؟,بالمدينة بالباص. منين اكدر اخذ باص؟,بالباص، وين اكدر اخذ باص؟,بالباص . من وين باخذ الباص؟,المدينة بحافلة. وين نقدر ناخذ حافلة؟,بالاتوبيس . من فين اقدر اخد اوتوبيس؟,بالمدينة. من وين فيني آخد باص؟,المدينة بالباص. وين اقدر احصل واحد؟,بالطوبيس. فين ممكن ناخد الطوبيس؟,بالباص. فين اقدر اخذ باص؟,المدينة بالباص. وين بقدر أركب الباص؟,المدينة بالبص. وين ممكن اخد بص؟,بالباص. وين اطيق اخذ باص؟,أين يمكن أن أستقل حافلة ؟,الحافلة. وين اقدر احصل الحافلة؟,ديالي فالمدينة. فين يمكن نلقاه؟,الباص. من وين اقدر اخذ الباص؟,بالباص . من وين بقدر اخذ باص؟,بالباص. من أين أقدر اشل باص؟,البلاد. وين ناخذ واحد؟,بلباص. من وين نقدر ناخد باص؟,المدينة. منين نجم ناخو واحدة؟
10243,إذا سحمت.,لو سمحت.,من فضلك.,لو سمحت.,لو سمحت.,رجاءً.,رجاءا.,بتريد .,لو سمحت.,فضلك .,لو سمحت.,لو سمحت.,عافاك.,لو سمحت.,لو سمحت.,من فضلك.,رجاءا.,فضلك .,من فضلك.,عافاك.,لو سمحت.,سمحت .,لو سمحت.,يعيشك.,من فضلك.,يعيشك.
10257,بدي أطلب فطور بكرة.,عاوز أطلب فطار بكرة.,حاب نطلب فطور الصباح.,بدي أطلب فطور بكرا.,عاوز اطلب فطار بكرة.,اريد اطلب فطور باجر.,اريد اطلب ريوك لباجر.,اطلب الترويقة بكرا .,نبي نطلب فطور بكرة.,اطلب فطار لبكرة .,بدي اطلب فطور بكرا.,اطلب الريوق حق بكرة.,بغيت نطلب الفطور غدا.,أبا اطلب الفطور بكرة.,حابب أطلب فطور لبكرا.,داير أطلب فطور بكرة.,اغيد اطلب تغيوقه غدا.,أن أطلب إفطار الغد .,ابغا اطلب الإفطار غدا.,الطلبية على الفطور د غدا.,ابغى اطلب فطور بكرة.,بدي اطلب فطور بكرا .,اشتي اطلب صبوح بكرة.,نحب نطلب فطور الصباح لغدوة.,نبي ندير طلبيه لفطور غدوه.,نطلب فطور الصباح لغدوة.
10272,الجنسي بمكان العمل؟,الجنسى فى مكان العمل؟,في أماكن العمل؟,بتصير في مكان الشغل؟,الجنسي في أماكن الشغل؟,الجنسي بمكان العمل؟,الجنسي بمكان العمل؟,الجنسي بمكان العمل؟,الجنسي في مكان العمل؟,الجنسي في مكان العمل؟,الجنسي بمكان العمل؟,الجنسي في مكان العمل؟,الجنسي في بلاصت العمل؟,الجنسي في الشغل؟,في مكان الشغل؟,الجنسي في أماكن العمل؟,الجنسي بورشة العمل؟,في مكان العمل ؟,الجنسي في مكان العمل؟,داخل أماكن العمل؟,في مكان العمل؟,الجنسي بمكان الشغل؟,الجنسي في مكان العمل؟,الجنسي في بلايص الخدمة؟,الجنسي في مكانات الخدمه؟,الجنسي في بلايص الخدمة؟
10318,أختين.,عندى أختين.,أختين.,أختين.,عندي اختين.,خوات اثنين.,خوات اثنين.,اختين .,اختين.,أختين .,أختين.,اختين.,جوج خواتات.,اختين.,أختين.,اختين.,اختين.,شقيقتان .,اختين.,جوج اخواتات.,اختين.,اختين .,ثنتين خوات.,خوات بنات.,زوز خوات.,زوز أخوات.
10336,تمانة، ع طوكيو.,زيرو تمانية، لطوكيو.,و ثمانية، لطوكيو.,صفر تمنية، لطوكيو.,زيرو تمانية، لطوكيو.,صفر ثمانية لطوكيو.,وثمانية لطوكيو.,تمانة، عطوكيو .,صفر ثمانية، لطوكيو.,تمانية، لطوكيو .,تمانة، على طوكيو.,وثمانية، لطوكيو.,ثمانية، إلى طوكيو.,صفر تمانية، لطوكيو.,صفر تمنية، لطوكيو.,تمنية، إلى طوكيو.,ثميني، الى طوكيو.,، إلى طوكيو .,ثمانية، الى طوكيو.,زيرو تمنية، لطوكيو.,ثمانية، الى طوكيو.,ثمنية، ل طوكيو .,ثمانيه، ل طوكيو.,و ثمنية، لطوكيو.,صفر تمانيه، لطوكيو.,وثمانيا، لطوكيو.
10354,حشوة جوا.,حشو جوة.,من الداخل.,من جوا.,من جوه.,حشو بالداخل.,حشوة بالداخل.,من جوا .,حشوة جوا.,جواه .,حشوة جوا.,حشوة داخل.,نحشيوها من لداخل.,حشوة جوا.,حشوة جوا.,حشوة جوة.,حشوي بالداهل.,من الداخل .,داخل الحشو.,الحشو لداخل.,نحشوة داخل.,الحشوة جوا .,حشوة داخلز.,من داخل.,حشوه الداخل.,الحشوة لداخل.
10366,بهالموضوع أكتر.,نناقش دة أكتر.,تعميق السؤال.,هاد الموضوع أكتر.,نناقش الموضوع ده اكتر.,نناقش هذا اكثر.,نناقش هذا اكثر.,الموضوع اكتر .,اناقشو هضا اكثر.,نناقش ده اكتر .,هالموضوع بشكل أوسع.,نناقش هالموضوع زيادة.,هاد الموضوع كثر.,في دا الموضوع.,اناقش أكتر.,نناقش دا اكتر.,اناقش هذا اكثغ.,الأمر أكثر .,هذا .,النقاش فهاد الموضوع.,نناقش هذا اكثر.,نناقش هاد كمان .,نناقش هذا أكثر.,نحلوا المسالة.,اناقشو الموضوع اكتر.,نتعمقو في الموضوع.
10372,شعرك اليوم؟,إزاى النهاردة؟,نمشط اليوم؟,شعرك اليوم؟,إزاي انهاردة؟,شعرك اليوم؟,شعرك اليوم؟,شعرك اليوم؟,يكون اليوم؟,يتعمل ازاي؟,شعرك اليوم؟,شعرك اليوم؟,شعرك اليوم؟,تسوي شعرك؟,شعرك اليوم؟,يتعمل اليوم؟,شعغك اليوم؟,شعرك اليوم ؟,شعرك اليوم؟,يكون اليوم؟,شعرك اليوم؟,شعرك اليوم؟,يتصلح اليوم؟,نحجملك اليوم؟,شعرك اليوم؟,نسرحلك شعرك اليوم؟
10403,بغير طريقة؟,بكلمات تانية؟,بكلام واحد وأوخر؟,بمعنى تاني؟,بكلمات تانية؟,بعبارات أخرى؟,بطريقة ثانية؟,بغير كلمات؟,بكلمات أخرى؟,بكلمات تانيه؟,بصيغة تانية؟,بكلمات ثانية؟,بكلام آخور؟,بكلمات تانية؟,بكلمات تانية؟,كلمات تانية؟,بغيغ كلمي؟,ذلك بعبارة أخرى ؟,بكلمات غير؟,بشي طريقة آخرى؟,بصيغة أخرى؟,بكلمات ثانية؟,بكلمات ثانية؟,بطريقة اخرى؟,بكلمات تانيه؟,بكلمات أخرين؟
10408,ما معك.,حاجة عندك.,بواش عندك.,إشي عندك.,كان اللي معاك.,الي عندك.,اي شي عندك.,شي معك .,بأي حاجة عندك.,معاك .,بأيا شي عندك.,شي عندك.,كان عندك.,باللي عندك.,اشي عندك.,يكون عندك.,باي شي تملكو.,يوجد عندكم .,بالي عندك.,حاجة عندك.,باللي عندك.,ما معك .,اي حاجه معك.,باللي عندك.,بلي عندك.,بإلي عندك.
10411,جنب المنصة.,من المسرح.,من منصة العرض.,من المسرح.,قريبة من المسرح.,على الستيج.,يم الستيج.,المسرح .,من المسرح.,المنصة .,قريبة عالمنصة.,يم المسرح.,قريبة للمسرح.,جمب المسرح.,جنب المسرح.,جنب المنصة.,على المسرج.,من المسرح .,من المسرح.,قريبة للمسرح.,من المسرح.,من المسرح .,من المنصه.,بجنب الواد.,جنب المسرح.,م الركح.
10416,رايح ع محل؟,إنت رايح حتة؟,تروح لكاش مكان؟,انت رايح مكان؟,أنت رايح حتة؟,رايحين لفد مكان؟,تروح لغير مكان؟,رايح شي مطرح؟,ماشي لأي مكان؟,انت رايح أي مكان؟,رايح لشي أرنة؟,انت رايح مكان؟,غاتمشي لشي بلاصة؟,أي مكان؟,رايح مكان؟,انت ماشى محل؟,غاح تغوح بمكان؟,أنت ذاهب إلى مكان ما ؟,رايح إلى مكان؟,غادي لشي بلاصة؟,بتروح مكان؟,رح تروح على مكان؟,عتسير اي بقعه؟,باه، تمشي ساعات؟,ماشي اي مكان؟,ماشي لأي بلاصة؟
10433,وأربعمية متر.,وربعوميت متر.,و أربعمئة متر.,وأربعميت متر.,وربعماية متر.,واربعميت متر.,واربعمية متر.,اربعمية متر .,اربع ميه متر.,ربعميت متر .,وأربعمية متر.,واربعمية متر.,متر ديال العلو.,واربعمية متر.,أربعمية متر.,اربعمية متر .,متر ارتفاعو.,وأربعمائة متر .,واربعمائة متر.,ربعية متر فالعلو.,اربع مئة متر.,اربعمية متر.,واربعميه متر.,اربع مية ميترو ارتفاع.,اربعميه ميترو.,وأربعا ميات ميترو.
10435,حطو عالطاولة هنيك.,على الترابيزة هناك.,على الطاولة هنا.,على الطاولة هناك.,على الطربيزة هناك.,الطاولة رجاءً.,على الميز هناك.,هونيك إذا بتريد .,على الطاولة غادي.,حطه عالترابيزه هناك .,على الطاولة هنيك.,على الطاولة هناك.,فوق الطبلة هناك.,على الطاولة هناك.,على الطاولة هناك.,في الطربيزة هنا.,على الميز هوني.,على المائدة هناك .,الطاولة هناك.,فديك الطاولة لهيه.,على الطاولة هناك.,حطها على الطاولة هناك.,فوق الماسه هاناك.,فوق الطاولة غادي.,حطه علي الطاوله غادي.,على الطاولة هنا.
10440,رقم بطاقتي.,رقم الكارت بتاعى.,البطاقة ديالي.,رقم بطاقتي.,كارت الرقم بتاعى.,الكارد مالتي.,الكارت مالتي.,الكارد تبعيتي .,رقم البطاقة.,بطاقتي .,رقم بطاقتي.,رقم بطاقتي.,البطاقة ديالي.,رقم بطاقتي.,رقم كرتي.,رقم بطاقتي.,رقم بطاقتي.,رقم بطاقتي .,رقم بطاقتي.,رقم بطاقتي.,رقم بطاقتي.,رقم بطاقتي .,رقم البطاقه حقي.,نومرو الكارطة.,رقم البطاقة متاعي.,متاع البطاقة.
10468,يجينا منون كم يوم.,عندنا خلال أيام قليلة.,واحدوأخرين في اليامات المقبلة.,يكونوا عنا خلال كم يوم.,هنجيب منهم خلال يومين.,تجينا بعد كم يوم.,تكون عدنا خلال ايام قليلة.,عليه، جايين عليه.,حيقعد عندنا الأيام الجاية.,تاني خلال ايام قليله .,في منهن بعد كم يوم.,عندنا بعد كم يوم.,لدينا لهم في غضون أيام قليلة.,عندنا بعد كم يوم.,منهم بعد كم يوم.,يكونوا عندنا في أيام قليلة.,نجيبم خلال ايام قليلي.,تردنا بعد بضعة أيام .,منهم في غضون جم يوم.,وحدين أخرين من دابا شي أيام.,عليها في غضون أيام قليلة.,نجيب منهم بعد كم يوم.,عيجين بعد كم يوم.,وحيد اخرين بعد ايام.,عندنا تاني خلال ايام.,أخرين في ليامات الجاية.
10473,قهوة؟,آخد قهوة؟,على قهوة؟,أطلب قهوة؟,شوية قهوة؟,على كهوة؟,على كهوة؟,اخد قهوة؟,شوية قهوة؟,شويه قهوة؟,فنجان قهوة؟,تعطيني قهوة؟,ديال القهوة؟,قهوة؟,أخد قهوة؟,بعض القهوة؟,شوية قهوي؟,بعض القهوة ؟,بعض القهوة؟,نحصل على قهوة؟,على قهوة؟,شوية قهوة؟,شويه قهوه؟,ناخذ قهوة؟,شوية قهوة؟,ناخو قهوة؟
10477,بس الحالة طارئة.,دة أمر مستعجل.,بصح مستعجل.,بس كتير مضطر.,بس الموضوع مستعجل.,المسألة مستعجلة.,بس ضروري.,هيدي حالة طارئة.,هو طارئ.,ده موضوع طارئ .,بس الشغلة مستعجلة.,بس الموضوع ضروري.,الامر مستعجل.,هي حالة طارئة.,بس الاشي مستعجل.,لكنه مستعجل.,لكن انا مستعجل.,لكن الأمر عاجل .,بس الامر ضروري.,الحالة مستعجلة.,لكنه عاجل.,هيه ضروري .,لكنو ضروري.,اما راهو ضروري.,الموضوع مستعجل.,أما هذا مزروب.
10479,صناعتو سيئة.,ضعيف.,مخدوم مليح.,صناعته ضعيفة.,مش كويسة.,صناعة رديئة.,بصورة موزينة.,بطريقة رخيصة.,مش حاجة.,وحشة .,سيئة.,قرمبع.,ممصوبش مزيان.,بشكل سيء.,بشكل سيء.,بشكل سئ.,ما مليح.,الصنع .,صناعته ضعيفه.,مامصايبش مزيان.,بطريقة سيئة.,بضعف .,معمول بردائه.,معمول بالباهي.,ما تصلحش.,تعملش بالقدا.
10480,الأسانصير؟,المتحرك فين؟,السلم المتحرك؟,الدرج الكهربائي؟,فين؟,المصعد؟,الدرج الكهربائي؟,درج الكهربا؟,الدروج المتحركات؟,الاسانسير؟,درج الكهربا؟,اللفت؟,السلالم المتحركة؟,السلم الكهربائي؟,الأصانصير؟,المصعد؟,الدرج المتحرك؟,المصعد ؟,السلالم المتحركة؟,السلم المتحرك؟,الدرج الكهربائي؟,السلالم المتحركة؟,الدرج المتحرك؟,الي يتحرك؟,الاصنصير؟,لاسنسور؟
10497,بروشور للفعاليات؟,بروشور للإيفنتس؟,على الأحداث؟,دفتر تسجيلات؟,بانفليت للمناسبات؟,بروشور للمناسبات؟,كراسة للاحداث؟,بروشور للمناسبات؟,نشرة للأحداث؟,المناسبات الجاية؟,بروشور للفعاليات؟,حق الفعاليات؟,كتيب للأحداث؟,عندك؟,بروشور للفعاليات؟,دليل مناسبات؟,كتبيب للمناسبات؟,حول العروض ؟,كتيب للأحداث؟,كتيب للأحداث؟,نشرة للحدث؟,بروشور للنشاط؟,بروشور للاحداث؟,على الأحداث؟,كتيب المناسبه؟,عل لحداث؟
10500,مدخل الأنفاق؟,مترو الأنفاق؟,تع الميترو؟,مدخل القطار؟,مدخل المترو؟,للطريق الفرعي؟,قطار الانفاق؟,المدخل عالمترو؟,المدخل للميترو؟,مترو الانفاق؟,مدخل المترو؟,مدخل المترو؟,مترو الانفاق؟,البوابة للمترو؟,مدخل المترو؟,المدخل للنفق؟,لقطار الانفاق؟,الأنفاق ؟,مترو الانفاق؟,مدخل المترو؟,مدخل الميترو؟,مترو الانفاق؟,مدخل المترو؟,مدخل الميترو؟,مدخل المترو؟,مدخل المترو؟
10504,بطاقة الطيارة.,الطيران بتاعتى.,السفر ديالي.,تذكرة الطيران.,الطيران بتاعتى.,السفر مالتي.,تذكرتي الجوية.,طيارتي .,الطيارة بتاعي.,الطيارة .,الطيران تبعي.,تذكرة الطيارة.,ديال الطيران.,تذكرة السفر.,تزكرة طيارتي.,تزكرتي الجوية.,الطياغه مالتي.,الخاصة بي .,تذكرة الطيران.,الطيارة ديالي.,الطائرة حقتي.,الطيران .,الطيران حقي.,تسكرة الطيارة.,الطياره متاعي.,متاع الطيارة.
10559,هون وقت الإجازة؟,خلال الأجازة؟,خلال العطلة؟,خلال العطلة؟,فى الاجازة؟,اثناء الاجازه؟,هنا خلال العطلة؟,هون بالاجازة؟,هنا في العطلة؟,في الاجازة؟,هون بالعطلة؟,هني في الاجازة؟,هنا فالعطلة؟,في الأجازة؟,خلال العطلة؟,هنا خلال العطلة؟,هوني خلال العطله؟,خلال الإجازة ؟,خلال عطلة؟,هنا فالعطلة؟,هنا خلال الاجازة؟,هون بالعطلة؟,في الأجازه؟,هوني في العطلة؟,في العطلة؟,هوني في العطل؟
10562,أني زعجتك.,جدا إنى أزعجتك.,بزاف لي ازعجتك.,لأنه أزعجتك.,جدآ إنى زعلتك.,اذا ازعجتك.,اسف ازععجتك.,بعتذر ازعجتك.,أسف عشان ازعجتك.,اني ضايقتك .,أسف عالإزعاج.,على الازعاج.,الى كنت زعجتك.,اني ازعجتك.,متأسف اني أزعجتك.,لانى ازعجتك.,لاني ازعجتوك.,لأني أزعجتك .,جدا أزعجتك.,بزاف حيت ازعجتك.,اسف لازعاجك.,اسف لازعاجك .,اسف أزعجتك.,كان قلقتك.,اني ازعجتك.,متأسف إلي قلقتك.
10563,تحجز فعاليات؟,تحجز إيفنتس؟,لفعاليات مختلفة؟,تسجل الأحداث؟,تحجزلى؟,تحجز مناسبات؟,تحجز فعالية؟,تحجز افنتس؟,نحجز أحداث؟,تححجز المناسبات؟,تحجز مناسبات؟,تحجز فعاليات؟,تحجز الأحداث؟,تسجل فعاليات؟,تحجز فعاليات؟,تحجز مناسبات؟,تحجز مناسبات؟,في العرض ؟,تحجز الأحداث؟,حجز الأحداث؟,تحجز ملتقيات؟,تحجز انشطة؟,تحجز للاحداث؟,لبارشا احداث؟,تحجز مناسبات؟,حجوزات لأحداث مختلفة؟
10565,عمومي قريب هون؟,قريب من هنا؟,في الناحية؟,قريب من هون؟,قريب من هنا؟,عامة هنا؟,عمومي هنا؟,قريب كم هون؟,قريب من هنا؟,قريب من هنا؟,قريب من هون؟,قريب من هني؟,قريب من هنا؟,قريب من هنا؟,قريب من هون؟,قريب من هنا؟,قغيبي على هوني؟,بالقرب من هنا ؟,جريب من هنا؟,فهاد الجوايه؟,قريبة من هنا؟,قريب من هون؟,قريب من هانا؟,قريب من هوني؟,قريب من هنايا؟,قريبة لهوني؟
10590,كلو؟,كام؟,الاجمال؟,المجموع؟,المجمل؟,المجموع الكلي؟,المجموع؟,المجموع؟,المجموع؟,المجموع؟,المجموع؟,كامل؟,المجموع؟,المجموع؟,المجموع؟,كم؟,الكلي؟,الإجمالي ؟,المجموع؟,المجموع؟,المجموع؟,المجموع؟,الفندق؟,الكل؟,الإجمالي؟,المجموع؟
10593,عالأسئلة، إذا سمحت.,الأسئلة، من فضلكم.,من فضلك.,للاسئلة، لو سمحت.,للاسئلة، لو سمحت.,على سبيل السؤال، رجاءً.,وهسه للأسئلة، رجاءا.,إذا بتريد .,للأسئلة، لو سمحت.,الاسئلة، من فضلكم .,نروح للأسئلة، لو سمحت.,الأسئلة، لو سمحت.,الآن الأسئلة، عافاك.,للأسئلة، لو سمحت.,للأسئلة، لو سمحت.,للأسئلة، من فضلك.,هسا للاسئله، رجاءا.,، من فضلك .,للأسئلة، من فضلك.,الأسئلة، عافاك.,للاسئلة، لو سمحت.,الاسئلة لو سمحتو .,للاسئله، لو سمحت.,الأسئلة، يعيشكم.,الأسئله، لو سمحت.,توا الأسئلة، يعيشك.
10599,مشان عداد الموقف؟,لعداد الباركينج؟,لموقف السيارات؟,عداد الباركينج؟,لماكنة الركنة؟,لعداد الموقف؟,لعداد الكراج؟,لعداد الموقف؟,للعداد بتاع الباركي؟,لعداد الجراج؟,لعداد الموقف؟,عداد البارك؟,لعداد الموقف؟,لعداد المواقف؟,لماكنة الموقف؟,فكة لعداد الباركنق؟,للعداد مال الموقف؟,لعداد الانتظار ؟,لعداد وقوف السيارات؟,للعداد ديال الموقف؟,لعداد موقف السيارات؟,لعداد الموقف؟,حق الموقف؟,لعداد الباركينق؟,لعداد الموقف باش ندرسو؟,لعداد البارك؟
10617,جهاز التصوير ايه اكس أربعمية وخمسين.,التصوير إيه إكس ربعمية وخمسين.,آلة النسخ ايه إيكس أربعمئة و خمسون.,التصوير ايه اكس أربعمية وخمسين.,هي ماكنة تصوير أكس ربعمية وخمسين.,تصوير ايه اكس اربعمية وخمسين.,مكينة التصوير ايه اكس اربعمية وخمسين.,مكنة التصوير ايه أكس اربعمية وخمسين.,تصوير أيه اكس أربع مية وخمسين.,التصوير ايه اكس ربعميه و خمسين .,مكنة التصوير إيه إكس أربعمية وخمسين.,آلة التصوير إيه إكس اربعمية وخمسين.,جهاز تصوير ايه ايكس أربمائة وخمسين.,الة التصوير أيه اكس أربعمية وخمسين.,آلة التصوير أيه اكس أربعمية وخمسين.,التصوير ايه اكس أربعمية وخمسين.,التصوير ايه اكس اربعميه وخمسين.,طراز أ . أكس أربعة خمسة صفر .,لجهاز التصوير ايه اكس اربعمائة وخمسين.,آلة التصوير إيه إكس ربعمية وخمسين.,تصوير ايه اكس أربعمئة وخمسين .,الة التصوير ايه اكس اربعمية وخمسين.,مكينة التصوير أيه أكس اربعميه وخمسين.,ايه اكس اربع مية و خمسين.,ماكينة تصوير ايه اكس اربعمية وخمسين.,ماكينة التصوير ايه إكس أربعا ميا وخمسين.
10645,عاليسار؟,شمال؟,على اليسار؟,على اليسار؟,شمال؟,يسره؟,ع اليسرى؟,عالشمال؟,نلف لليسار؟,شمال؟,عاليسار؟,يسار؟,ننتقل لليسار؟,يسار؟,على الشمال؟,على الشمال؟,اديور لليساغ؟,يساراً ؟,اروح لليسار؟,على اليسار؟,الف يسار؟,شمال؟,لليسار؟,على ليسار؟,انلف يسار؟,عل ليسار؟
10662,بيحكوا ياباني؟,بتتكلم يابانى؟,اللغة اليابانية؟,بيحكوا ياباني؟,المضيفات بتتكلم يابانى؟,تحجي ياباني؟,يحجن ياباني؟,بيحكو ياباني؟,يحكن ياباني؟,بتتكلم ياباني؟,بيحكوا ياباني؟,يتكلمون ياباني؟,كيهدرو اللغة اليابانية؟,تتكلم يأباني؟,بيحكو ياباني؟,مضيفه بتتكلم ياباني؟,مضيفات يحكون ياباني؟,يتحدثن اليابانية ؟,يتكلمون اللغة اليابانية؟,كيهضرو باليابانية؟,يتكلمون ياباني؟,بيحكو ياباني؟,يتحاكين ياباني؟,يحيو ياباني؟,مضيفين يتكلمو ياباني؟,يحكيو اليابانية؟
10670,رائع، ما؟,مش كدة؟,ولا لالا؟,حلو، صح؟,مش كدة؟,بديع، مو؟,رائع، مو؟,بجنن، صح؟,خيالي، صح؟,مش كده؟,حلو، مو؟,زين، صح؟,مزيان، ياك؟,حلو، صح؟,رائع، صح؟,ول لا؟,ما تمام؟,أليس كذلك ؟,ما كذاك؟,بزاف، ياك؟,اليس كذلك؟,رائع، صح؟,حالي، صح؟,موش هكا؟,و الا؟,برشا، صحيح؟
10680,مرة باليوم، قبل الأكل.,فى اليوم، قبل الوجبات.,في اليوم، قبل الأكل.,في اليوم، قبل الوجبة.,فى اليوم، قبل الأكل.,مره باليوم، قبل الأكل.,مرة باليوم، قبل الوجبة.,مرة بالنهار، قبل الأكل.,في اليوم، قبل الوجبة.,في اليوم، قبل الاكل .,مرة باليوم، قبل الأكل.,في اليوم، قبل الاكل.,مرة فالنهار، قبل الماكلة.,كل يوم، قبل الوجبة.,في اليوم، قبل الأكل.,في اليوم، قبل الوجبة.,كل يوم، قبل الاكل.,اليوم ، قبل الوجبات .,في اليوم، قبل الاكل.,مرة فاليوم، بعد الأكل.,مرة باليوم، اليس كذلك.,باليوم، قبل الوجبة .,باليوم، قبل الوجبة.,في النهار، قبل الفطور.,في اليوم، قبل الماكله.,في اليوم، قبل الماكلة.
10707,بحبو.,بحبه.,بزاف.,ما بحبه.,بحبه.,بالفعل احبه.,احبه.,بحبو .,نحبه.,بأحبه .,عنجد بحبه.,احبه.,كنبغيه.,احبه.,بحبو.,أحبه.,احبو.,فعلاً .,أحبه.,فعلا.,احبه.,بحبه .,بين احبه.,بالحق.,نحبه.,بالحق.
10733,حامل ثلاثي.,بتلات قوايم.,حاب ترايبود.,قاعدة ثلاثية.,حامل ثلاثي.,ستاند.,حامل ثلاثي.,تريبود .,ثلاثي القوائم.,بتلات رجلين .,منصب ثلاثي.,ترايبود.,حمالة ثلاثية.,حامل الكاميرا.,تريبود.,ترايبود.,بثلاث غجلين.,ثلاثي .,فرجار.,واحد ترايبود.,ترايبود.,ثلاثي.,تريبود.,بثلاثة ساقين.,تلاته رجلين.,ركيزة.
10736,جاكيت سبور.,بدلة رياضية.,سترة رياضية.,جاكيتات رياضة.,جاكيت رياضى.,جاكيت رياضي.,سترة رياضية.,رياضة .,جاكة رياضة.,رياضي .,جاكيت رياضي.,جاكيت رياضي.,ديال الرياضة.,جاكيت رياضي.,جاكيت رياضة.,جاكت رياضي.,ستره رياضي.,رياضية .,جاكيت رياضية.,سترة رياضية.,معطف رياضي.,رياضة .,جاكت رياضي.,متاع رياضة.,متاع رياضه.,متاع سبور.
10749,تضل ببيتي.,فى بيتى.,تبقى عندي.,في بيتي.,فى بيتى.,عندي بالبيت.,تبقى ببيتي.,ببيتي .,في حوشي.,بيتي .,اتضل ببيتي.,في بيتي.,تجلس فداري.,في بيتي.,اتضل ببيتي.,في بيتي.,سعر هاي الكفوف.,في منزلي .,في بيتي.,تبقى فداري.,تقيم بمنزلي.,ببيتي .,في بيتي.,تقعد بحذايا.,في حوشي.,تبقى عندي.
10753,إذا سمحت؟,لورا، لو سمحت؟,ديالي، من فضلك؟,لورا، لو سمحت؟,بتاعى، لو سمحت؟,المعقد مالتي، رجاءً؟,كرسيي، رجاءا؟,إذا بتريد؟,لو سمحت؟,لورا، إذا سمحت؟,لورا، لو سمحت؟,لو سمحت؟,المقعد ديالي، عافاك؟,لو سمحت؟,الكرسي تاعي؟,من فضلك؟,مقعدي، رجاءا؟,الخلف ، من فضلك .,كرسي، من فضلك؟,المقعد ديالي، عافاك؟,مقعدي، لو سمحت؟,لو سمحت ؟,مقعدي، لو سمحت؟,كرسية، يعشك؟,كرسيا، من فضلك؟,كرسيا، يعيشك؟
10756,تكسي، بس هاد أحسن.,تاكسى، بس كدة أحسن.,طاكسي، لكن أفضل.,تاكسي، بس هاد أحسن.,تاكسى، بس كدة أحسن.,تاكسي، بس هذا احسن.,تكسي، بس هذا احسن.,تكسي، بس هيك احسن .,تاكسي، لكن هضا خير.,تاكسي، بس كده أحسن .,تاكسي، بس هيك أحسن.,بس هذي احسن.,طاكسي، ولكن هادا أحسن.,تاكسي، بس دا افضل.,تكسي، بس هدا أحسن.,لكن دا أحسن.,تكسي، بس هذا احسن.,أجرة لكن هذا أفضل .,أجرة، ولكن هذا أفضل.,طاكسي، بلحاق هادا احسن.,تاكسي، لكن هذا افضل.,بس هاد احسن .,تكس، لكن هذا احسن.,تكسي، اما باهي.,تاكسي، لكن هكي خير.,تاكسي، أما هذا خير.
10760,صناعة بريطانية؟,صناعة بريطانية؟,مصنوع في بريطانيا؟,صناعة بريطانية؟,ده بريطانى؟,صناعة بريطانية؟,مصنوع ببريطانيا؟,معمول ببريطانيا؟,هو صناعة بريطانية؟,ده صناعة بريطانية؟,مصنوع ببريطانيا؟,صناعة بريطانية؟,صنع بريطاني؟,صناعة بريطانية؟,في بريطانيا؟,هو صناعة بريطانية؟,صناعتو بريطانيي؟,هو صناعة بريطانية ؟,بريطاني الصنع؟,واش صناعة بريطانية؟,مصنوع في بريطانيا؟,صناعة بريطانية؟,هو صناعة بريطانية؟,مخيط في بريطانيا؟,صناعة بريطانية؟,مخيط في بريطانيا؟
10778,تقلي بس نوصل لهنيك؟,تقوللى لما نوصل هناك؟,تقدر تقولي وقتاش نوصلو؟,ممكن تحكيلي لما نروح هناك؟,تقولى لما توصل هناك؟,تكولي لمن نوصل هناك؟,تكلي من نوصل هناك؟,بتخبرني لما نوصل لهونيك؟,تقولي لما نوصلو غادي؟,تقولي امتى اوصل هناك؟,تقلي وقت توصل لهنيك؟,ممكن تدليني شلون؟,تعلمني ملي نوصلو لتما؟,تقولي متى نوصل هناك؟,تحكيلي ايمتا بنوصل هناك؟,تكلمني لمن نصل هناك؟,تقلي ايمتي نصل هنوك؟,تخبرني عندما نصل إلى هناك ؟,يمكن أن تخبرني عندما نوصل؟,تقول لي منين نمشي؟,تعلمني متى نوصل هناك؟,بتقدر تحكيلي متى بنوصل هناك؟,لي لمن نوصل هاناك؟,تنجمشي تقلي كيف نوصلوا؟,تقولي لما نوصلو غادي؟,تنجم تقلي وقتلي نوصلولو؟
10790,صغار. إذا سمحت.,لو سمحت.,أطفال، من فضلك.,أطفال، لو سمحت.,عيلين، لو سمحت.,اطفال، رجاءً.,اطفال . رجاءا.,إذا بتريد .,طفلين، لو سمحت.,من فضلك .,لو سمحت.,لو سمحت.,وطفلين، عافاك.,لو سمحت.,طفلين، لو سمحت.,طفلين، من فضلك.,اطفال، رجاءا.,من فضلك .,وطفلين، من فضلك.,جوج أطفال، عافاك.,لو سمحت.,لو سمحت .,جهال، لو سمحت.,زوز صغار، يعشك.,صغار، من فضلك.,صغار، يعيشك.
10817,السعر؟,إيه؟,السعر؟,السعر؟,السعر؟,السعر؟,السعر؟,السعر؟,السعر؟,السعر؟,السعر؟,السعر؟,الثمن؟,السعر؟,السعر؟,كم؟,السعر؟,السعر ؟,سعره؟,هو الثمن؟,السعر؟,السعر؟,السعر؟,السوم؟,السعر؟,السوم؟
10824,ألف وتسعمية وأربعة وتمانين.,ألف تسعمية أربعة وتمانين.,ألف وتسعمئة و أربعة و ثمانون.,بالألف وتسعمية وأربعة وتمانين.,ألف تسعماية أربعة وتمانين.,بالاف تسعمية وأربعة وثمانين.,بالالف وتسعمية واربعة وثمانين.,تسعمية و اربع و تمانين.,و تسعميه و اربعه وثمانين.,الف تسعمية أربع و تمانين .,ألف وتسعمية وأربعة وتمانين.,في ألف وتسعمية وأربعة وثمانين.,فالف تسعمائة واربعة وثمانين.,عام الف وتسعمية وأربعة وتمانين.,و تسعمية و أربعة و تمانين.,ألف تسعمية أربعة وتمانين.,بالاف وتسعمي واربعه وثمانين.,عام ألف وتسعمائة وأربعة وثمانون .,الف وتسعمائة وأربعة وثمانين.,و تسعمية و ربعة و تمانين.,تسع مئة و اربع و ثمانين.,تسعمية و اربعة و ثمانين .,الف وتسعمية واربعة وثمانين.,و تسعمية و اربعة و ثمانين.,و تسعميه و اربعه و تمانين.,ألف وتسعا ميا وأربعا وثمانين.
10830,غير المدخنين؟,غير المدخنين؟,لغير المدخنين؟,غير المدخنين؟,مسموح فيه التدخين؟,الغير مدخنين؟,غير المدخنين؟,بعدم التدخين؟,الغير مدخنين؟,غير المدخنين؟,غير المدخنين؟,الغير مدخنين؟,غير المدخنين؟,غير المدخنيين؟,غير المدخنين؟,غير المدخنين؟,ممنوع التدخين بينو؟,المدخنين ؟,غير المدخنين؟,غير المدخنين؟,الغير مدخنين؟,غير المدخنين؟,غير المدخنين؟,ما يتكيفوش؟,المش مدخنين؟,من غير تدخين؟
10831,عندي ياه، يا تارو.,عندى هنا، يا تارو.,عندي هنا، يا طارو.,عندي متلها هون، يا تارو.,أيوه معايا هنا، يا تارو.,موجود عندي، يا تارو.,عندي منها هنا، يا تارو.,عندي ياه، يا تارو.,عندي هنا، يا تارو.,ده، يا تارو .,موجودة هون، يا تارو.,اي هني، يا تارو.,نعم عندي هنا، أتارو.,أيوا عندي هنا، يا تارو.,أه عندي ياها هون، تارو.,عندي منها هنا، يا تارو.,صاغ معلوم عندي، يا تارو.,ها هي لدي هنا ، تارو .,نعم عندي، يا تارو.,نعم عندي هنا، أتارو.,عندي أياها، يا تارو.,اياها هون، يا تارو .,هوذا هانا، يا تارو.,اهو هوني، يا تارو.,ايه عندي هنايا، يا تارو.,منو هوني، يا تارو.
10848,تمثيلي.,إنه تصويرى.,بلي رائع.,طبيعي حلو كتير.,ده جميل.,مشهد مسرحي.,هو تمثيلي.,انو خلاب.,هضا تصويري.,خلاب .,كتير حلو.,منظر حلو.,المناظر الطبيعية الخلابة.,منظر جميل.,مشهد جميل.,أنه جميل.,طبيعي خلاب.,المنظر .,المناظر الطبيعية الخلابة.,راه خلاب.,انه مسرحي.,خلاب .,المنظر خلاب.,هايل.,المنظر حلو.,إنو رايع.
10851,إذا سمحت.,من فضلك.,من فضلك.,لو سمحت.,تفاح، لو سمحت.,تفاح، رجاءً.,تفاح، رجاءا.,بتريد .,لو سمحت.,فضلك .,لو سمحت.,لو سمحت.,التفاح، عافاك.,لو سمحت.,لو سمحت.,من فضلك.,تفاح، رجاءا.,من فضلك .,من فضلك.,تفاح، عافاك.,لو سمحت.,لو سمحت .,لو سمحت.,تفاح، يعشك.,من فضلك.,تفاح، يعيشك.
10869,إيش هاد؟,لإيه؟,ينفع؟,لشو يستخدم؟,لأيه؟,هذا؟,هذاالمن؟,هيدا؟,لشنو؟,عشان ايه؟,هاد؟,حق شنو؟,حاجة كيصلاح؟,دا؟,هدا؟,لشنو؟,لليش؟,هذا ؟,مو يستخدم؟,كايتستعمل؟,هذا؟,اشي يستعمل؟,هو هذا؟,نعملوا بيه؟,شيني هدا؟,يصلح هذا؟
10882,بطاقات الائتمان بتقبل؟,كريديت كاردس؟,ائتمان لي تقبلوهم؟,البطاقات الائتمانية بتتعاملوا فيه؟,من كروت البنك؟,ائتمان تقبلون؟,ببطاقة الائتمان؟,كارد بتقبلو؟,تقبلو فيهن؟,بطاقات ائتمان؟,الإئتمان يللي بتقبلها؟,البطاقات الإئتمانية تاخذون؟,الائتمان اللي كتقبلها؟,اللي تقبلها؟,فيزا بتاخدو؟,كارد بتقبل؟,ائتمان تقبل؟,تقبلون ؟,التي تقبلها؟,الاتمان كاتقبل؟,ائتمانية تقبل؟,الائتمان اللي بتقبلها؟,ائتمان تقبل؟,الى تقبلوها؟,ائتمانيه تقبلو؟,إلي تقبلوهم؟
10922,كتير وقت.,وقت كتير.,كامل الوقت.,وقت منيح.,وقت كتير.,هواية وقت.,وقت هواي.,كتير وقت.,وقت واجد.,كتير .,كتير وقت.,وقت واجد.,ديال الوقت.,وقت كتير.,كتير وقت.,من الزمن.,كثيغ وقت.,الوقت .,من الوقت.,الوقت كلو.,وقت كثير.,كثير .,وقت خيرات.,الوقت الكل.,هلبه وقت.,برشا وقت.
10930,بتريد تناقشو عالغدا؟,نناقش دة على الغدا؟,نحكيو و خلال الفطور؟,اناقشه أكتر بعد الغدا؟,تناقش ده أحنا وبنتغدا؟,اناقش الموضوع على الغده؟,يعجبك تناقشه ع الغدا؟,بدك نناقشو بوقت الغدا؟,تحب تناقش هضا على الغدا؟,تحب نناقش ده عالغدا؟,بتحب تناقش الموضوع عالغدا؟,تبغي نناقشه على الغدا؟,ممكن نناقشوه وحنا كنتغداو؟,نتناقش واحنا نتغدا؟,نتناقش فيه بعد الغدا؟,داير تناقشه خلال الغداء؟,تغيد اناقشو على الغدا؟,تحب أن نناقشه على الغداء ؟,ترغب اناقشه على الغداء؟,تناقش فيه أثناء الغدا؟,تناقشه على الغداء؟,بتحب تناقشو خلال الغدا؟,تناقش الموضوع وقت الغداء؟,تحب نحكيو واحنا نفطروا؟,تناقش الموضوع علي الغدي؟,تحب نتناقشو في الفطور؟
10937,من غرفتي.,إتسرق من أوضتى.,من الغرفة ديالي.,من غرفتي.,الأوضة بتاعتى.,من غرفتي.,من غرفتي.,من غرفتي .,من داري.,من أوضتي .,من غرفتي.,من غرفتي.,من الغرفة ديالي.,من غرفتي.,من غرفتي.,من غرفتي.,من غرفتي.,من غرفتي .,الفيديو من غرفتي.,من الغرفة ديالي.,انسرق من غرفتي.,من غرفتي .,من غرفتي.,من بيتي.,من داري.,من بيتي.
10950,لبين ما أجي. بقا، إذا سمحت خليلي الحجز.,إن متأخر شوية. بالتالى، من فضلك تعلق الحجز بتاعى.,متأخر للتسجيل. من فضلك احتفظلي بالحجز ديالي.,ما أنزل الفندق. عشان هيك لو سمحت خليلي التسجيل.,متأخر شوية. فلو سمحت متلغيش حجزى.,اتأخر شويه بتسجيل الدخول. رجاءً بقيلي الحجز مالتي.,اتاخر شوي بالتسجيل، لذلك بقي الحجز.,شوي . إذا بتريد خليلي حجزي .,للتشيك ان. باهي، لو سمحت امسك حجزي.,في استلام أوضتي . فمن فضلكم ماتلغوش حجزي .,اجي متأخرة. لهيك، رجاءً أكدلي حجزي.,بتأخر. يعني، لو سمحت خل حجزي.,متأخرة شوية للتدقيق. اذنا، عافك احتفظ بالحجز ديالي.,حجي متأخر. فلو سمحت خلي حجزي.,شوي لأدخل. عشان هيك، لو سمحت خلي الحجز.,شوية في الدخول. عشان كدا احفظ حجزي.,اتاخر بالجيي. لذلك، رجاءا احتفضوا بحجزي.,القدوم . لهذا من فضلك اتركوا لي الحجز .,بتأخر شوي. من فضلك خل حجزي.,على التسجيل. إذن، عافاك احتافظ لي بالحجز ديالي.,تسجيل الدخول. لذلك، لو سمحت احتفظ بحجزي.,. عشان هيك لو سمحت خلي حجزي .,شاتأخرشوية بتسجيل الدخول. لذلك لوسمحت خلي الحجز حقي.,نبطة شوية على التسجيل. بالله حطولي حجزي.,متأخر. فا من فضلك خليلي الحجز.,مخر شوية ع التسجيل. يعيشك خليلي الحجز متاعي.
10953,ماكن؟,دى متينة؟,الأحذية قوية؟,نوعها منيح؟,دى قوية؟,دعامة حديدية؟,الاحذية قوية؟,شوز قوي؟,هضينا متان؟,ديه متينة؟,البوط ماكن؟,قوية؟,الصباط قوي؟,دي قوية؟,الكنادر قوية؟,الأحذية قوية؟,الاحذيه متيني؟,متين ؟,الأحذية قوية؟,رقم بغيت تتصل بيه؟,الاحذية قوية؟,الاحذية قوية؟,الجزمات متينات؟,ياسر قويين؟,هادو يتحملو؟,هاذم قويين؟
10955,عم أستنا تلفونو.,مستنى مكالمة التليفون بتاعته.,نستنا فالاتصال الهاتفي ديالو.,إني بستنى مكالمته.,أنا مستنى تليفونة.,مكالمة من على التلفون.,انتظر اتصاله.,ناطر اتصالو .,نراجي في مكالمته.,في انتظار مكالمته .,عم استنى اتصاله.,اني انتظر اتصاله.,كنتظر المكالمة ديالو.,منتظر اتصاله.,اني بستنى تلفونو.,منتظر مكالمات الهاتفية.,بانتظار مكالمتو.,أنني أنتظر مكالمته .,انتظار مكالمة هاتفية منه.,كانستنى الاتصال ديالو.,انا انتظر هذه المكالمة.,بستنى تلفونو .,انه مراعي ل اتصاله.,نستنى في تاليفونه.,نستنى في مكالمته.,نستنى في تاليفونو.
10964,منتشرة هنيك.,منتشرة هناك.,منتشرة بزاف هناك.,منتشرة هناك.,منتشرة هناك.,منتشره هناك.,منتشرة هناك.,منتشرة هونيك.,منتشرة غادي.,هناك .,منتشرة هنيك.,منتشر هناك.,منتشرة هنا.,منتشرة هنا.,منتشرة هناك.,سائدة هناك.,شائعه هوني.,منتشرة هناك .,منتشرة هناك.,منتشرة تما.,منتشرة هناك.,منتشرة هناك .,منتشره هناك.,ياسر منتشرة غادي.,الانفلونزا منتشره غادي.,ياسر منتشر غادي.
10973,جوا.,جوة.,الداخل.,جوا.,جوة.,جوا.,بالداخل.,جوا.,جوا.,جوة.,جوا.,الداخل.,فالداخل.,بالداخل.,جوا.,جوة.,جوا.,لتوه .,بالداخل.,ادخل.,بالداخل.,جوا.,بالداخل.,بالداخل.,جوا.,بالداخل.
10975,بكرة المسا.,بالليل إحنا مزحومين.,معمرين غدوة لعشية.,عنا مجال لبكرا بالليل.,لغاية بكرة باليل.,مقبطين ليلة باجر.,مقبطين باجر بالليل.,شغالين لبكرا بالليل.,معبيين لبكرة الليل.,بكرة بليل .,لبكرا المسا.,في الليل.,لليلة ديال غدا.,لليلة بكرة.,لبكرا بالليل.,ملينا لليلة بكرة.,مقبطين لليلة غدا.,لمساء الغد .,كملنا ليلة غد.,عامرين غدا بالعشية.,ممتلئين لليلة بكرة.,فل بكرا بالليل .,محجوزين بكره الليل.,غدوة الليل.,حني معبين غدوه.,غدوة في الليل.
10976,مع رفقة.,مع أصحابى.,مع صحابي.,شوية إصحاب.,مع أصحابى.,بعض الاصدقاء.,بعض الاصدقاء.,مع رفقاتي.,شوية أصحاب.,أصحاب .,مع رفقاتي.,مع ربعي.,شي اصحاب.,مع أصحابي.,مع صحابي.,بعض الأصحاب.,شويه اصدقاء.,الأصدقاء .,بعض الأصدقاء.,شي اصحاب.,بعض الأصدقاء.,صحابي .,من الاصحاب.,مع صحابي.,شوية صحاب.,مع لصحاب.
10985,يامادا عندو ولدين.,يامادا عنده طفلين.,يامادا عندو زوج أطفال.,عنده طفلين اتنين.,يامادا عنده عيلين.,يامادا عنده اطفال الثنين.,عنده اطفال اثنين.,يامادا عندو ولدين .,يامادا عندي عيلين.,يامادا عنده عيلين .,يامادا عنده طفلين.,يامادا عنده ولدين.,عندو جوج أطفال.,يامادا عنده طفلين.,يامادا عندو طفلين.,يامادا عنده طفلين.,يامادا عندو طفلين.,فاللسيد يامادا طفلان .,يامادا عنده طفلين.,يامادا عندو جوج دراري.,يامادا عنده ولدين.,عندو طفلين .,يامادا معه اثنين جهال.,عنده زوز صغار.,يامادا عنده زوز صغار.,عندو زوز صغار.
10994,مرة تانية؟,دة تانى؟,تقدر تعاود؟,مرة تانية؟,ده تانى؟,تعيد حجايتك؟,من جديد؟,مرة تانية؟,تقوله أخرى؟,تقوله تاني؟,مرة تانية؟,مرة ثانية؟,مرة اخرة؟,مرة تانية؟,كمان مرة؟,داك تاني؟,مره اللخ؟,ذلك ثانية ؟,ذلك مره ثانيه؟,تعاود مرة اخرى؟,مرة ثانية؟,مرة ثانية؟,مره ثانيه؟,تعاود؟,مره تانيه؟,تنجم تعاود؟
10997,ع برج لندن.,لبرج لندن.,على برج لندن.,في برج لندن.,على برج لندن.,برج لندن.,برج لندن.,عبرج لندن .,لبرج لندن.,لندن .,برج لندن.,برج لندن.,لبرج لندن.,عند برج لندن.,لبرج لندن.,إلى برج لندن.,برج لندن.,برج لندن .,إلى برج لندن.,على برج لندن.,الى برج لندن.,لندن .,لبرج لندن.,على برج لندن.,في برج لندن.,دورة ببرج لندن.
11019,حط حزامك.,حزام كرسيك.,الأحزمة ديالكم.,حزام الأمان.,الكرسى بتاعك.,اربط الأحزمة.,حزام الامان.,الحزام .,سير المقعد بتاعك.,الامان .,حزام الأمان.,اربط حزامك.,الأمان ديالك.,اربط حزامك.,حزام الأمان.,حزام مقعدك.,المقاعد مالتك.,اربطوا الأحزمة .,الأمان الخاص فيك.,الحزام ديالك.,اربط حزامك.,الامان تبعك .,حزام الامان.,السبتات.,اربط حزامك.,الأمان متاعك.
11027,أربعة تلاتة أربعة صفر صفر.,أربعة تلاتة أربعة زيرو زيرو.,ثلاثة أربعة ثلاثة أربعة صفر صفر.,أربعة تلاتة أربعة صفر صفر.,أربعة تلاتة أربعة زيرو زيرو.,تلاثة أربعة تلاثة أربعة صفر صفر.,اربعة تلاثة اربعة صفر صفر.,اربعة تلاتة اربعة صفر صفر.,ثلاثة اربعه ثلاثة اربعه صفر صفر.,تلاته اربعة تلاته اربعه صفرين .,تلاتة أربعة تلاتة أربعة صفر صفر.,ثلاثة اربعة ثلاثة اربعة صفر صفر.,ثلاثة أربعة ثلاثة أربعة صفر صفر.,اربع تلاتة أربعة صفر صفر.,أربعة تلاتة أربعة صفر صفر.,أربعة تلاتة أربعة صفر صفر.,ثلاثي اربعه ثلاثي اربعه صفر صفر.,ثلاثة أربعة ثلاثة أربعة صفر صفر .,ثلاثة أربعة ثلاثة أربعة صفر الصفر.,تلاتة ربعة تلاتة ربعة زيرو زيرو.,أربعة ثلاثة أربعة صفر صفر.,ثلاثة أربعة ثلاثة أربعة صفر صفر.,ثلاثه اربعه ثلاثه اربعه صفر صفر.,ثلاثة اربعة ثلاثة اربعة صفر صفر.,تلاته اربعه تلاته اربعه صفر صفر.,تلاثا أربعا تلاثا أربعا صفر صفر.
11030,قريب من هون؟,كوبرى قريب من هنا؟,قريب من هنا؟,قريب من هون؟,قريب من هنا؟,جسر قريب منا؟,قريب منا؟,اي جسر هون؟,قريب من هنا؟,جسر قريب من هنا؟,جسر قريب من هون؟,جسر قريب من هني؟,جسر قريب من هنا؟,قريب من هنا؟,قريب من هون؟,كبرى قريب من هنا؟,جسر قغيب على هوني؟,بالقرب من هنا ؟,بالقرب من هنا؟,قنطرة قريبة من هنا؟,قريب من هنا؟,جسر قريب من هون؟,اي جسر قريب؟,قريبة من هوني؟,قريب من هنايا؟,قريب من هوني؟
11041,أدخل عالحمام.,أستخدم التواليت.,نروح للمرحاض.,بدي أستخدم الحمام.,استخدم الحمام.,استعمل المرافق.,استخدم الحمام.,استعمل الحمام .,نستعمل الحمام.,استعمل التواليت .,استخدم الحمام.,استخدم الحمام.,نستخدام المرحاض.,استخدم حمام.,أستعمل الحمام.,استخدم الحمام.,استخدم الحمام.,غرفة الراحة .,استخدم الحمام.,نمشي للمرحاض.,استخدم الحمام.,استخدم الحمام .,استخدم الحمام.,نمشي للتواليت.,نستخدم الحمام.,نستعمل التواليت.
11046,مشغول.,مشغول.,مشغول.,مأخود.,مشغول.,محجوز.,مشغول.,.,محجوز.,مشغوله .,محجوز.,مشغول.,عامرة.,محجوز.,محتل.,تعبان.,مشغول.,مشغولة .,محتل.,مشغول.,محجوز.,.,فل.,محجوز.,مشغول.,مشغول.
11047,خلصانة موضتو.,على الموضة.,دايمن خارج الموضة.,إلها دخل بالموضة.,على الموضة.,على الموده.,عن المودة.,على الموضة.,ديما سرافه.,بالموضه .,دائماً بطلانة.,موضة قديمة.,تابعة الموضة.,دأيما قديمة.,موديل قديم.,برة الموضة.,على الموظه.,قديمة .,مال الموضة.,ديما قدام.,غير الموضة.,عالموضة .,تبع الموضه.,ديما قدم.,علي الموضه.,عل الموضة.
11054,أكل بحري؟,سى فود؟,المأكولات البحرية؟,مأكولات بحرية؟,سى فود؟,اكل بحري؟,اكل بحري؟,اكل بحري؟,وكال بحري؟,سي فود؟,أكل بحري؟,مأكولات بحرية؟,ديال البحر؟,اكل بحري؟,أكل بحري؟,طعام بحري؟,اكل بحري؟,بحري ؟,طعام بحري؟,فواكه البحر؟,طعام بحري؟,اكل بحري؟,ماكولات بحريه؟,غلال البحر؟,اكلات بحرية؟,د مار؟
11057,غالي كتير.,غالى جدا.,غالية.,كتير مكلف.,مكلف جداً.,شويه غالي.,شوي غالي.,غالي.,غالي بكل.,جدا .,كتير.,واجد غالي.,بزاف.,مرة غالي.,غالي كتير.,غالي شديد.,كلش غالي.,ما .,واجد غالي.,الشي غالي.,غالي شوي.,غالية .,شويه غالي.,بارشا.,غالي هلبه.,غالي برشا.
11058,ما بقدر هالمرة.,أعمل كدة المرة دى.,منقدرش نديره هاذ المرة.,قادر أعمله بهاد الوقت.,أعمل كدة المرة دي.,ماكدر ادبره هلمره.,اكدر اسويه هالمرة.,ما قادر هالمرة.,نديره في الوقت هضا.,اعمله في الوقت ده .,ما بقدر هالمرة.,ماقدر اسويه هالوقت.,نديره هاد الوقت.,حقدر اسويه دي المرة.,ما أقدر أعمله هالمرة.,اعمله في الزمن دا.,اطيق اعمله هالمره.,أستطيع هذه المرة .,اسويه في هالوقت.,نديرو هاد المرة.,اسويه في هذا الوقت.,اعملو المرة هاي .,اعمله هذه المره.,مانجمش نعمله هالمرة.,نديره في هادا الوقت.,نجمش نعملو الوقت هاذا.
11064,بس رح أجرب أكيد.,لسة، لكن أكيد هجرب.,بصح أكيد نجربو.,بس أكيد راح أحاول.,بس بالتأكيد هحاول.,بالتأكيد راح احاول.,شي اكيد راح احاول.,اكيد رح جرب .,بس حنحاول أكيد.,بس أكيد حأحاول .,بس أكيد رح حاول.,بس بحاول اكيد.,دابا، ولكن غنحاول بالتأكيد.,بس اكيد ححاول.,بس أكيد رح أحاول.,لكن اكيد ح أحاول.,لكن بالتأكيد غاح احاول.,سوف أحاول بالتأكيد .,الآن، ولكن سأحاول بالتأكيد.,غادي نحاول بالتأكيد.,الان، لكن بالتأكيد بحاول.,اكيد رح احاول .,لكن اكيد شا احاول.,نعرفش، اما باش انحاول.,لكن حنجرب اكيد.,أما أكيد باش نحاول.
11069,إذا سمحت.,لو سمحت.,من فضلك.,لو سمحت.,لوسمحت.,بلية زحمة.,رجاءا.,بتريد .,لو سمحت.,فضلك .,لو سمحت.,لو سمحت.,عافاك.,لو سمحت.,لو سمحت.,من فضلك.,رجاءا.,فضلك .,لو سمحت.,عافاك.,لو سمحت.,سمحت .,لو سمحت.,يعيشك.,لو سمحت.,يعيشك.
11082,غرفة القياس هنيك.,القياس اللى هناك.,تجريب الملابس لهيك.,غرفة الغيار هناك.,أوضة البروفة هناك.,التبديل هناك.,الملابس الي هناك.,القياس هونيك .,القياس الي غادي.,القياس هناك .,القياس يللي هنيك.,غرفة القياس هناك.,ديال التقياس هناك.,غرفة القياس هناك.,القياس يلي هناك.,غرفة القياس هناك.,تبديل الملابس هنوك.,القياس هناك .,غرفة المقاس هناك.,القياس لهيها.,غرفة القياس هناك.,غرفة الغيار هناك.,غرفه القياس هاناك.,التبديل غادي.,القياس الي غادي.,القياس غادي.
11100,كاش ولا بطاقة؟,بس. كاش ولا كارت؟,نقدا و لا بالبطاقة؟,كاش وإلا بطاقة؟,هتدفع فلوس ولا بالكارت؟,مرجع. نقد لو كارد؟,كاش لو بطاقة؟,. كاش او بطاقة؟,كاش و لا كارد؟,. كاش ولا كارت؟,كاش ولا بطاقة؟,روحة. كاش او بطاقة؟,. فلوس أو بطاقة؟,كاش ولا بطاقة؟,واحد. كاش ولا كارت؟,واحد. كاش ول بطاقة؟,رجعه. نقد لو بطاقه؟,نقداً أم بالبطاقة ؟,نقدا أو بطاقة؟,واش نقدا أولا بالبطاقة؟,فقط. نقد ولا بطاقة؟,كاش و لا بطاقة؟,كاش والا بطاقه؟,بالصرف والا بالكارطة؟,كاش و الا كرت؟,صرف ولا بالبطاقة؟
11109,إذا سمحت؟,لو سمحت؟,من فضلك؟,لو سمحت؟,لو سمحت؟,الميز، رجاءً؟,الي، رجاءا؟,إذا بتريد ؟,لو سمحت؟,إذا سمحت؟,لو سمحت؟,الطاولة، لو سمحت؟,الطولة، عافاك؟,ليا، لو سمحت؟,لو سمحت؟,الطربيزة، من فضلك؟,لي، رجاءا؟,، من فضلك .,بالنسبة لي، من فضلك؟,ليا الطاولة، عافاك؟,لي، لو سمحت؟,لو سمحت ؟,الطاوله، لو سمحت؟,الطولة، يعيشكم؟,تفضيلي الطاوله؟,الطاولة، يعيشك؟
11123,شديدين هنن مع ولادون؟,هما متشددين مع ولادهم؟,اذا هم صعاب معاهم؟,بكونوا حازميين مع أطفالهم؟,هما بيشدوا على عيالهم؟,همه شديدين ويه اولادهم؟,اطفالهم؟ همه صارمين وياهم؟,ولادن؟ شديدين مع ولادن؟,هل هما واعرين مع عيالهم؟,عيالهم؟ بيكون ناشفين معاهم؟,ولادهن؟ صارمين مع ولادهن؟,عيالهم؟ يكونون شداد؟,واش صارمين مع أطفالهم؟,أولادهم؟ شديدين معاهم؟,ولادهم؟ صارمين مع ولادهم؟,هم صارمين مع أطفالهم؟,همه صارمين مع اطفالم؟,هم صارمون مع أطفالهم ؟,هي صارمة مع أطفالهم؟,واش هوما حازمين معاهم؟,هم شديدين مع أطفالهم؟,همه صارمين مع ولادهم؟,هم زريين مع جهالهم؟,صغارهم؟ صعاب معاهم؟,هما واعرين مع صغارهم؟,هوما صعاب معاهم؟
11126,ساعات العمل؟,ساعات العمل؟,أوقات الفتح؟,ساعات الشغل؟,ساعات العمل؟,باوقات العمل؟,ساعات العمل؟,ساعات العمل؟,ساعات الشغل؟,ساعات العمل؟,هنن ساعات الدوام؟,متى ساعات العمل؟,ساعات العمل؟,بأوقات الشغل؟,ساعات الشغل؟,ساعات العمل؟,اوقات العمل؟,عن ساعات العمل ؟,تخبرني ساعات العمل؟,توقيت العمل؟,ساعات العمل؟,ساعت الشغل؟,ماهن ساعات العمل؟,وقت الحلان؟,ساعات الخدمه؟,أوقات الحلان؟
11131,كل واحد لحال.,بشكل منفصل.,وحدو، من فضلك.,كل وحدة لحال.,واحد لوحده.,وحده على حده.,واحد وحده.,واحد لوحدو .,كل وحدة بروحها.,حاجه لوحدها .,لحال لو سمحت.,كل واحد بروحه.,جمعهوم مفرقين.,غلفهم لوحدهم.,كل واحد لحاله.,بشكل منفصل.,لفم منفصلين.,على حدة .,بشكل منفصل.,غلفهم مفرقين.,غلفهم منفصلة.,منفصلين .,غلفهن منفصلات.,وحده، من فضلك.,كل واحد بروحه.,منفصلين، أمان.
11161,كأنو تقلانة.,معدتى تقيلة.,ديالي ثقيلة.,معدتي تقيلة.,بتألمني جامد.,ثكيلة.,معدتي ثكيلة.,تقيلة .,نحسها مليانه.,تقيلة .,معدتي تقيلة.,ثقيلة.,ديالي ثقيلة.,مليانة.,مليانة.,تبدو تقيلة.,تشعر بالثقل.,ثقيلة .,ااحسها ثقيلة.,تقيلة عليا.,ثقيلة.,ثقيلة .,احسها ثقيله.,رزينة.,رزينه.,معدتي ثقيلة.
11171,خرج نستناك؟,نستناك فين؟,نقدرو نستناوك؟,ممكن نستناك؟,نستناك فين؟,وين ننتظرك؟,وين نكدر نتتظرك؟,فينا ننطرك؟,نقدرو نراجوك؟,. حنستناك فين؟,وين نستناك؟,وين ننتظرك؟,فين ممكن نتسناوكوم؟,نقدر ننتظرك؟,بنقدر نستناك؟,وين ممكن ننتظرك؟,وين نطيق ننتظرو؟,يمكن أن ننتظرك ؟,وين ننتظرك؟,يمكن لينا نستناوكم؟,نقدر ننتظرك؟,وين بنقدر نستناك؟,نراعي لك؟,انجموا نستناوك؟,نقدرو نستنوك؟,وين نجمو نستناوك؟
11174,بس يخلصوا؟,لما يخلصوا؟,كي يكملو؟,بس يخلصوا؟,لما يخلصو؟,لمن يخلصون؟,من يخلصون؟,بس يخلصوا؟,لما هما يكملو؟,لما يخلصو؟,وقت يخلصوا؟,لما يخلصون؟,ملي يساليو؟,لما يغلقو؟,لما يخلصو؟,لم ينتهوا؟,لمن يخلصون؟,اللعب عندما ينتهون ؟,اللعب لما يخلص؟,اللعب منين يساليو؟,اذا انتهوا؟,بس يخلصو؟,لمن يتمو؟,كيف يوفاو؟,لما هما يكملو؟,نلعبو وقتلي يكملو؟
11190,مية وعشرين مليون.,مية وعشرين مليون.,و عشرون مليون.,مية وعشرين مليون.,ماية وعشرين مليون.,ميه وعشرين مليون.,مية وعشرين مليون.,مية وعشرين مليون .,ميه و عشرين مليون.,و عشرين مليون .,مية وعشرين مليون تقريباً.,مية وعشرين مليون تقريباً.,مائة وعشرين مليون نسمة.,مية وعشرين مليون.,مية و عشرين مليون.,و عشرين مليون.,ميي وعشين مليون.,مائة وعشرينا مليونا .,مائة وعشرين مليون نسمة.,و عشرين مليون نسمة.,مئة و عشرين مليون.,و عشرين مليون .,حوالي ميه وعشرين مليون.,عشرين مليون ساكن.,و عشرين مليون تقريبا.,ميا وعشرين مليون ساكن.
11197,بطاقة التسجيل.,على بطاقة التسجيل.,في بطاقة التسجيل.,على بطاقة التسجيل.,في كارت التسجيل.,بكارد التسجيل.,بكارت التسجيل.,بكرت الدخول .,على بطاقة التسجيل.,بطاقة التسجيل .,بطاقة التسجيل.,بطاقة التسجيل.,على بطاقة التسجيل.,كرت التسجيل.,على بطاقة التسجيل.,في بطاقة التسجيل.,على بطاقة التسجيل.,بطاقة التسجيل .,على بطاقة التسجيل.,على بطاقة التسجيل.,على بطاقة التسجيل.,بطاقة التسجيل .,في بطاقه التسجيل.,كارطة التسجيل.,في بطاقة التسجيل.,لبطاقة التسجيل.
11199,آخد غراضي؟,أسترد حاجاتى؟,الأغراض دياولي؟,ترجعلي أغراضي؟,أخد حاجتى؟,ترجعلي حاجاتي؟,استرجع اشياءي؟,اخد اغراضي؟,نرد حاجاتي؟,استرد حاجتي؟,آخد غراضي؟,آخذ أغراضي؟,مرة اخرى؟,ترجع أشيائي؟,أسترجع أغراضي؟,أسترجع حاجاتي؟,اشيائي مره اللخ؟,أستعيد متعلقات ؟,أشياءي مرة أخرى؟,نسترجع أغراضي؟,استرجع اشيائي؟,ارجع اشياءي؟,اشل حاجاتي؟,ناخذ دبشي؟,نسترجع حاجاتي؟,نسترجع حاجاتي؟
11240,بدور ع هدية لمرتي.,بدور على هدية لمراتى.,نحوس هدية للزوجة ديالي.,بدور على هدية لمرتي.,بدور على هدية لمراتى.,ادور على هدية لزوجتي.,ادور هدية لمرتي.,على هدية لمرتي .,ندور في هدية لمراتي.,على هديه أقدمها لمراتي.,دور على هدية لزوجتي.,هدية حق زوجتي.,بغيت هدية للزوجة ديالي.,على هدية لزوجتي.,بدور على هدية لمرتي.,انا بفتش لهدية لزوجتي.,عددوغ على هديه لمغتي.,أبحث عن هدية لزوجتي .,أدور على هدية لزوجتي.,على شي هدية لمراتي.,على هدية لزوجتي.,على هدية لمرتي .,ادور على هديه لمرتي.,على هدية لمرتي.,في هدية لمرتي.,نلوج على هدية لمرتي.
11246,شقد رقم غرفتك؟,أوضتك كام؟,الرقم تع الغرفة ديالك؟,كم رقم غرفتك؟,رقم أوضتك كام؟,شكد رقم غرفتك؟,شكد رقم غرفتك؟,اديه رقم غرفتك؟,رقم دارك؟,ايه رقم أوضتك؟,شو رقم غرفتك؟,رقم غرفتك؟,شنو رقم غرفتك؟,رقم غرفتك؟,شو رقم غرفتك؟,كم رقم غرفتك؟,اشقد رقم غرفتك؟,هو رقم غرفتك ؟,هو رقم غرفتك؟,الرقم دالغرفة ديالك؟,رقم غرفتك؟,قديش رقم غرفتك؟,رقم غرفتك؟,قداش نومرو بيتك؟,شن رقم دارك؟,شنيا نومرو بيتك؟
11264,عم يدور عليك.,بيدور عليك.,يحوس عليك.,بدور عليك.,بيدور عليك.,يدور عليك.,يدور عليك.,بفتش عليك .,يدور عليك.,بيدور عليك .,عم يدور عليك.,كوباياشي يدورك.,كيبحث عليك.,قاعد ينتظرك.,يدور عليك.,بفتش عنك.,عيدوغ عليك.,يبحث عنك .,يبحث عنك.,كيقلب عليك.,يبحث عنك.,بيدور عليك .,بيدور عليك.,يلوج عليك.,يدور عليك.,يلوج عليك.
11267,شنغهاي لهاواي بالسفينة.,شانغهاى لهاواى بالسفينة.,من شانغهاي لهاواي.,شنغهاي لهاواي بالسفينة.,شنغهاى لهاواى بالسفينة.,شنغهاي لهاواي بالباخره.,شنكها لهاواي بالسفينة.,شانغاي عهاواي بالسفينة.,شنغهاي لهواي بسفينة.,لو هاواي بالمركب .,شنغهاي لهاواي بالباخرة.,لي هاواي بالسفينة.,إلى هاواي بالسفينة.,شنقهأي لهواوي بالسفينة.,شانغهاي لهاواي بالسفينة.,إلى هاواي بالسفينة.,الى هاواي بالسفينه.,إلى هاواي بالباخرة .,إلى هاواي بالسفينة.,شنغاي إلى هاواي.,الى هاواي بالسفينة.,ل هاواي بالسفينة .,ل هاواي بباخره.,شنغهاي إلى هاواي.,لي هاواي بالسفينة.,شانغهاي حتى لهاواي.
11278,تبعت حدا؟,تبعت حد؟,واحد يجي؟,تبعتلي حدا؟,تبعتلى حد؟,تدزلي واحد؟,تدزلك فدواحد؟,تبعت حدا؟,تدز حد؟,تبعت واحد؟,تبعت حدا؟,ترسل احد؟,شي حد؟,ترسل احد؟,تبعت حدا؟,ترسل زول؟,ترسل احد؟,ترسل أحدا ؟,شخص ما؟,شي واحد؟,ترسل احد؟,ترسلي حدا؟,اي واحد؟,تجيبلنا واحد؟,تبعت حد؟,أي حد؟
11282,عالخمسة المسا بكرة؟,خمسة بعد الضهر بكرة؟,الخمسة تع العشية؟,بكرا الساعة خمسة المسا؟,بكرة الساعة خمسة العصر؟,الساعة خمسة العصر؟,الخمسة العصر باجر؟,الساعة خمسة المسا؟,الخمسة العشية بكرة؟,الساعة خمسه العصر؟,عالساعة خمسة المسا؟,خمس العصر بكرة؟,الخامسة ديال الليل غدا؟,الساعة خمسة المساء؟,الساعة خمسة العصر؟,خمسة العصر بكرة؟,العصغ غدا؟,من مساء الغد ؟,الساعة الخامسة مساء غدا؟,مع الخمسة ديال العشية؟,خمسة المساء بكرة؟,الخمسة المسا بكرا؟,بكره خمس الليل؟,الخمسة غدوة؟,الساعه خمسه العشيه غدوه؟,متاع العشية غدوة؟
11302,دقايق مشي.,دقايق مشى.,دقائق مشيا.,دقايق مشي.,دقايق مشى.,دقايق مشي.,دقايق مشي.,مشي .,على الكرعين.,مشي .,دقايق مشي.,دقايق مشي.,على الرجلين.,دقأيق بالرجول.,دقايق مشي.,دقايق بالارجل.,مشي عالاقدام.,سيراً على الأقدام .,مشي على الأقدام.,دقايق على الرجلين.,دقائق مشي.,مشي .,مشي رجل.,على الساقين.,علي الرجلين.,دقايق على الساقين.
11316,تعطيني كم دقيقة؟,ممكن تدينى دقايق قليلة؟,تعطيني بعض الثواني؟,ممكن تعطيني كم دقيقة؟,تديني دقايق؟,ممكن تنطيني كم دقيقة؟,ممكن تنطيني دقايق قليلة؟,نفل، ممكن تعطيني دقايق؟,تقدر تعطيني شوية دقايق؟,تديني من وقتك كم دقيقة؟,تعطيني كم دقيقة؟,تعطيني شوية وقت؟,عطيني شي دقائق؟,ممكن تعطيني دقأيق؟,بتقدر تعطيني كم دقيقة؟,ممكن تديني بعض الدقايق؟,ممكن تنطيني شويه دقايق؟,أعطيتني بضعة دقائق ؟,هل تعطيني بضع دقائق؟,تمنحني بعض الدقايق؟,تقدر تعطيني بضعة دقائق؟,كم دقيقة من وقتك؟,تدو لي شويه دقايق؟,تعطيوني مشوية وقت؟,ممكن تعطيني شوية دقايق؟,تعطيني شوية دقايق؟
11325,أصف سيارتي؟,عربيتى فين؟,السيارة ديالي؟,أصف سيارتي؟,عربيتى فين؟,اكرج سيارتي؟,اطبك سيارتي؟,صف سيارتي؟,ندرس سيارتي؟,عربيتي ؟,صف سيارتي؟,ابركن سيارتي؟,السيارة ديالي؟,أوقف سيارتي؟,أصف سيارتي؟,أبركن عربيتي؟,اركن سيارتي؟,أوقف سيارتي ؟,أوقف سيارتي؟,نركن سيارتي؟,اصف سيارتي؟,اصف سيارتي؟,اجنب سيارتي؟,نراكي كرهبتي؟,اندرس سيارتي؟,نوقف كرهبتي؟
11336,عم توجعني كتير.,ومعدتى بتوجعنى جامد.,وجع في كرشي.,ومعدتي بتوجعني كتير.,ومعدتى بتوجعنى جامد.,ومعدتي تأذيني هوايه.,تأذيني كلش.,عمتوجعني كتير.,توجع فيا بكل.,معدتي واجعاني جامد .,عم توجعني كتير.,تألمني واجد.,ديالي كتألمني بزاف.,يوجعني مرة.,معدتي بتوجع كتير.,معدتي بتوجع شديد.,عتأذيني كثيغ.,معدتي جداً .,معدتي تعورني واجد.,كتضرني معدتي.,معدتي توجعني بقوة.,كثير بتوجعني .,و بطني بتوجعني قوي.,وجيعة في ماعدتي.,و بطني توجع هلبه.,وجيعة في المعدة.
11342,وعندك شي أكلة خفيفة؟,أى حاجة خفيفة تتاكل؟,عندك كاش حاجة خفيفة للأكل؟,وعندك أي وجبة خفيفة؟,أى حاجة نمزمز بيها؟,اي شي وجبة خفيفة؟,اي شي وجبة خفيفة؟,وعندك اي وجبات خفيفة؟,عندك أي حاجة نحدرو بيها؟,و عندك أى اكلة خفيفة؟,وعندك شي خفيف للأكل؟,وعندك شي خفيف؟,شي ماكلة خفيفة؟,وعندك شيء انقنق عليه؟,عندك اشي خفيف ناكلو؟,هل عندك اي وجبة خفيفة؟,اي شي كوجبي خفيفي؟,لديكم وجبة خفيفة معه ؟,أي شيء لتناول وجبة خفيفة؟,عندك شي ماكلة خفيفة؟,عندك أي شيء كوجبة خفيفة؟,عندك اي اشي وجبة خفيفة؟,معك اي وجبه خفيفه؟,حاجة خفيفة تتاكل؟,عندك اي حاجه انقرشها؟,أي حاجة خفيفة تتاكل؟
11343,أطفي هالضو؟,النور دة؟,هاذ الضوء؟,هاد الضو؟,ده أزاى؟,هذا الضوه؟,هذا الضوا؟,هيدا الضو؟,الضي هضا؟,النور ده؟,إطفي هالضو؟,اطفي هالليت؟,هاد الضو؟,اقفل الانوار؟,هدا الضو؟,الإضاءة دي؟,اطفي هاللايت؟,أطفأ الضوء ؟,إيقاف هالليت؟,نطفي هاد الضو؟,هذا الضوء؟,هاد الضو؟,هذا السراج؟,الضوء هذا؟,نسكر الضي؟,الضوء هذا؟
11360,كتير اليوم؟,أوى النهاردة؟,مشغول اليوم؟,مشغول اليوم؟,خالص أنهاردة؟,هوايه اليوم؟,مشغول اليوم؟,كتير اليوم؟,بكل اليوم؟,جدا النهاردة؟,مشغول اليوم؟,مشغول اليوم؟,بزاف اليوم؟,مرة اليوم؟,مشغول اليوم؟,جدا اليوم؟,مشغول اليوم؟,جدا اليوم ؟,واجد اليوم؟,بزاف اليوم؟,جدا اليوم؟,كثير اليوم؟,اليوم قوي؟,بارشا اليوم؟,هلبه اليوم؟,برشا اليوم؟
11374,خيط.,خيط.,حاب خيط.,شوية خيط.,عايز خيط.,خيط.,فد خيط.,خيطان .,شوية خيط.,خيط .,شي خيط.,خيط.,شي خيط.,خيط.,شوية خيوط.,خيط.,شوية خيط.,الخيط .,خيط.,خيط.,خيط.,شوية خيط.,خيط.,خيط.,خيط.,خيط.
11375,إذا سمحت.,لو سمحت.,من فضلك.,لو سمحت.,صحية، لوسمحت.,طبية، رجاءً.,طبية، رجاءا.,إذا بتريد .,لو سمحت.,من فضلك .,لو سمحت.,لو سمحت.,طبية، عافاك.,لو سمحت.,لو سمحت.,من فضلك.,صجيي، رجاءا.,من فضلك .,من فضلك.,طبية، عافاك.,لو سمحت.,لو سمحت .,لو سمحت.,طبية، يعيشك.,من فضلك.,طبية، يعيشك.
11378,إنش من هون.,أقصر هنا.,بإنش واحد من هنا.,بإنش واحد من هون.,إنش من هنا.,واحد هنا.,بانج هنا.,واحدة هون .,بإنش هنا .,أقصر هنا.,إنش من هون.,واحد هني.,واحد من هنا.,واحد اصغر.,انش واحد من هون.,بواحد انش هنا.,ويحد اقصغ هوني.,من هذه المنطقة .,اقصر انش واحد.,بإنش هنا.,واحد هنا.,من هون .,واحد من هانا.,إنش من هوني.,اقصر بإنش.,فيه إينش من هوني.
11392,سمحت عطيني دوا.,لو سمحت تدينى دوا.,مليح، اعطيني أدوية.,لو سمحت أعطيني دوا.,كويس. لوسمحت أدينى دوا.,رجاءً انطيني دوه.,رجاءا انطيني دوا.,عطيني دوا .,سمحت عطيني شوية دواء.,فضلك اديني دوا .,رجاءً عطيني شي دوا.,دوا لو سمحت.,عطيني شوية ديال الدوا.,سمحت اديني دواء.,لو سمحت أعطيني دوا.,فضلك اديني بعض الدواء.,انطيني شويه ادويه.,من فضلك اعطني بعض الدواء .,من فضلك عطني دواء.,عافاك اعطيني الدوا.,لو سمحت عطني دواء.,سمحت اعطيني دوا .,سمحت اديلي لي علاج.,فورمة، اعطيني الدواء.,ممكن تعطيني دوا.,لاباس، أعطيني دواء.
11403,يابانية، إذا سمحت؟,يابانى، لو سمحت؟,جريدة يابانية؟,اليابانية، لو سمحت؟,يابانية، لوسمحت؟,يابانية، رجاءً؟,يابانية، رجاءا؟,إذا بتريد ؟,يابانية، لو سمحت؟,من فضلك؟,يابانية، لو سمحت؟,يابانية، لو سمحت؟,يابانية، عافاك؟,لو سمحت؟,يابانية، لو سمحت؟,يابانية، من فضلك؟,جريده يابانيي، رجاءا؟,", من فضلك ؟",يابانية، من فضلك؟,جريدة يابانية، عافاك؟,يابانية، لو سمحت؟,يابانية، لو سمحت؟,يابانيه، لو سمحت؟,جريدة يابانية؟,يابانيه، لو سمحت؟,جريدة يابانية؟
11404,شقد كلفة ترك السيارة؟,مكان؟ وكام سعر الركنة؟,أي مكان؟ وشحال السعر؟,مكان؟ وكم تكلفة الصف؟,حتة؟ وايه تكلفة التوصيل؟,مكان؟ شكد كلفة هذا؟,مكان؟ شكد راح يكلف؟,باي مكان؟ وقديه الكلفة؟,مكان؟ كم حق أن نسيبها؟,مكان؟ و تكلفه ده كام؟,كان؟ أديش رسم ترك السيارة؟,مكان؟ كم بتكون الرسوم؟,فينما كان؟ وشحال كيكلف؟,مكان؟ وكم رسوم التوقيف؟,أي مكان؟ وقديش بيكلف؟,أي مكان؟ كم سعر التوقيف؟,اشقد كلفه ترك السياره؟,؟ ما هي رسوم ركن السيارة ؟,مكان؟ وكم بيكلف هذا؟,الكار فينما كان؟ اشحال كيكلف؟,مكان؟ كم تكلفة التسليم؟,مكان؟ شو تكلفة حطتها؟,بقعه؟ كم رسوم التجنيب؟,اي بلاصة؟ وبقداش نخليها؟,اي مكان؟ شن حيكون السعر؟,أي بلاصة؟ وقداش يكلف؟
11412,ع مركز المدينة؟,لمركز المدينة؟,تروح لمركز المدينة؟,على مركز المدينة؟,لوسط البلد؟,لمركز المدينة؟,لمركز المدينة؟,عوسط المدينة؟,لوسط البلاد؟,نص البلد؟,على مركز المدينة؟,مركز المدينة؟,كيمشي لوسط المدينة؟,لمركز المدينة؟,على مركز المدينة؟,لمركز المدينة؟,لمركز المدينه؟,وسط المدينة ؟,إلى وسط المدينة؟,لوسط المدينة؟,لمركز المدينة؟,على وسط المدينة؟,ل مركز المدينه؟,ماشية لوسط الباد؟,لوسط البلاد؟,تمشي لوسط المدينة؟
11420,ع بوسطن؟,اكسبريس لبوسطن؟,اكسبرس لبوسطن؟,اكسبريس لبوسطن؟,رايح بوسطن؟,اكسبريس لبوسطن؟,اكسبريس لبوستن؟,اكسبريس عبوسطن؟,اكسبريس لبوسطن؟,اكسبريس لبوسطون؟,على بوسطن؟,اكسبريس لبوسطن؟,اكسبريس لبوسطن؟,أكسبريس لبوسطن؟,اكسبريس لبوسطن؟,اكسبريس لبوسطن؟,اكسبريس لبوسطن؟,سريع إلى بوسطن ؟,اكسبريس الى بوسطن؟,اكسبريس لبوسطن؟,اكسبريس لبوسطن؟,ل بوسطن؟,اكسبريس لبوسطن؟,اكسبريس لبوستن؟,اكسبريس لبوسطن؟,اكسبريس لبوسطن؟
11435,رفيقي بالمراسلة.,صديق المراسلة بتاعى.,تكون المراسل ديالي.,صديقي بالمراسلة.,صديق المراسلة بتاعى.,رفيقي بالمراسلة.,مال المراسلة.,رفيقي بالمراسلة.,صاحبي بالمراسلة.,المراسله بتاعي .,صير راسلني.,صديقي بالمراسلة.,ديال المراسلة.,صديقي اللي نتراسل.,صاحبي بالمراسلة.,لي صاحب بالمراسلة.,صديقي بالمراسلة.,صديقي بالمراسلة .,صديقي بالمراسلة.,المراسل ديالي.,صديقي بالمراسلة.,صديقي بالمراسلة.,صديقي بالمراسلة.,صاحبي ديال المراسلة.,صاحبي بالمراسلة.,تولي مرسالي.
11438,عند رفيق.,مع صديق.,عند صاحبي.,مع صاحبي.,مع واحد صاحبى.,ويه صديق.,ويه صديق.,رفيقي .,واحد صاحب.,واحد صاحبي .,مع رفيقي.,مع رفيجي.,معا صاحبي.,مع صاحبي.,مع صاحبي.,مع صاحب.,مع صديق.,صديق .,مع صديق.,واحد الصديق.,مع صديق.,صاحبي .,مع صديق.,بحذا واحد صاحبي.,عند صاحبي.,بحذا صاحب.
11442,عم بقدر أهدا.,قادر أقعد ساكت.,نحكم روحي هادئ.,قادر أضل قاعد.,عارف أقعد على بعضى.,ما دا اصبر.,اكدر ابقى كاعد.,قادر اهدا .,قادر نقعد ثابت.,قادر اقعد ساكت .,ماعم اقدرضل قاعد.,اقعد من الحماس.,مقادرش نبقى جالس.,قادر اقعد.,قادر أقعد.,قادر اكون قاعد.,طيق اقعد ثانيه.,أستطيع البقاء ساكنا .,ماقدر اتم قاعد.,ماقادرش نرصى فبلاصتي.,اقدر اجلس بثبات.,قادر اقعد .,ما اقدرش اقر.,ناخوا بلاصة.,قادر نقعمز.,نجمتش نبقى في بلاصة.
11449,فندق الهيلتون؟,فندق هيلتون؟,نهبط فالهيلتون؟,فندق الهلتون؟,فندق الهليتون؟,بفندق هلتون؟,فندق هيلتون؟,باوتيل الهيلتون؟,هوتيل هيلتون؟,فندق هيلتون؟,فندق هيلتون؟,فندق الهيلتون؟,فندق هيلتون؟,فندق الهيلتون؟,أوتيل الهيلتون؟,فندق الهيلتون؟,فندق الهيلتون؟,عند فندق هيلتون ؟,في فندق هيلتون؟,نهبط فأوطيل هيلتون؟,فندق الهيلتون؟,فندق هيلتون؟,فندق هيلتون؟,نهبط لهيلتون؟,عند هوتيل الهيلتون؟,في هيلتون؟
11450,ياك تشيلو.,تشيله.,حاب تنحيه.,إياك تشيله.,عايزك تشيلها.,تشيلها.,توخره.,تشيلو .,تحوله.,انت تشيله.,اياك تشيله.,تشيله.,تزولو.,امسحه.,ياك تمحيه.,تزحه.,تمسحو.,تنزعه .,منك إزالته.,تحيدو.,تمسحه.,تقيمه .,اشتيك تبعده.,انحهالك.,تنحيه.,تبعدو.
11457,عويج ع أول يمين.,دة وخد أول يمين.,هنا و خذ الأولى على اليمين.,وبعدين خد أول يمين.,ده وخد أول يمين.,وبعدين اخذ اول يمين.,اليسرى واخذ اول يمنى.,خود اول مفرق عاليمين.,و خوذ اول يمين.,خد اول يمين .,ولف عأول يمين.,خذ اول لفة يمين.,الشارع وخوذ اليمين الأول.,دا وخذ اول يمين.,بعدين لف عأول يمين.,و اخد أول يمين.,الطريق وخد اول يمين.,عند أول منعطف يمين .,اول لفة يمين.,نيشان حتى للشارع اللول على اليمين.,خذ اول لفة يمين.,خذ اول يمين .,ادخل اول لفه يمين.,طول وخوذ اول وحدة على الليمين.,بعدين خود أول يمين.,مع الدورة لولا عل ليمين.
11462,هالصحون تنشحن ع طوكيو.,الأطباق دى تتشحن لطوكيو.,هاذ المجموعة تع الحقائب لطوكيو.,طقم الصحون هاد لطوكيو.,مجموعة الأطباق دى لطوكيو.,سيت الماعين هذا لطوكيو.,اشحن هاي المواعين لطوكيو.,نشحن طقم الصحون عطوكيو.,الستفه التباسي هضي مشحونه لطوكيو.,الاطباق ديه تتشحن لطوكيو.,طقم الصحون هاد عطوكيو.,مجموعة الصحون هذي لطوكيو.,هاد المجموعة من الأطباق لطوكيو.,الاطباق مشحونة الى طوكيو.,طقم الصحون هدا لطوكيو.,دا من الصحون مشحون لطوكيو.,الطخم من المويعين الى طوكيو.,مجموعة الأطباق هذه إلى طوكيو .,المجموعة من الأطباق شحنها إلى طوكيو.,هاد المجموعة د المواعن لطوكيو.,اشحن هذي الصحون لطوكيو.,هاي الصحون لطوكيو .,ارسل هذلا الصحون لطوكيو.,الفاليزات هاذم لطوكيو.,متاع الصواني هدا لطوكيو.,كردونة الماعون هاذي لطوكيو.
11467,طاقة جسدية.,بودرة جسم.,طالك للجسم.,بودرة للجسم.,مقويات للجسم.,منشط للجسم.,جسم.,للجسم .,طاقة جسم.,بودرة تلك.,بودرة جسم.,حق الجسم.,مقوي جسدي.,قوة جسدية.,بودي باور.,قوة الجسد.,طاقه جسم.,القوة الجسدية .,قوة الجسم.,مرطب للجسم.,قوة جسم.,للجسم .,طاقه جسديه.,متاع بدن.,بودرة جسم.,تالك للبدن.
11478,سخن كتير و حد؟,سخن وحراق أوى؟,قوية و ناقصة فالحار؟,يكون كتير حار ومتبل؟,حاو و مشطشط؟,حارة وبيها فلفل قليل؟,كلش حار وسبايسي؟,مش سخن وحر؟,ساخن واجد و حار؟,حراق او مشطشط؟,كتير لادعة و حدة؟,واجد حار؟,ممجهدش ومافيهش الحار؟,انه يكون حار؟,كتير بحرق؟,حار شديد و سبايسي؟,كلش حاغ وسبايسي؟,وليس حارا جدا ؟,غير حار؟,و ناقصة من التوابل؟,حار و حراق؟,حار كثير و مبهر؟,مشو مبسبس وحامي؟,و اقل حرورية؟,ماكله مش حاره؟,برشا وموش مفوحة برشا؟
11479,خرج ينمشالو؟,إننا نمشيله؟,نروح نمشي على رجليا؟,نروحها مشي؟,قريب أمشيه؟,كفاية منا؟,منا كمشي؟,نروح مشي؟,لدرجة نمشوله؟,نقدر نمشي له؟,عليه مشي؟,اروح مشي؟,نمشيو ليها؟,انو نمشيله؟,نروح مشي؟,كفاية للمشي؟,كلش للمشي؟,إليه سيراً .,كفايه للمشي إليها؟,نمشيو ليه على رجلينا؟,كفاية للمشي؟,كافي للمشي؟,كفايه نخطى؟,نمشي على الساقين؟,هلبه نمشوله مشي؟,باش نمشيه على الساقين؟
11491,كريم إيد.,كريم إيدين.,كريمة لليدين.,كريم للإيد.,كريم يد.,مال ايد.,كريم يد.,للايدين .,كريم ايدين.,ايد .,كريم إيدين.,كريم لليد.,ديال اليدين.,كريم يد.,كريم ايدين.,كريم اليد.,كريم للادين.,للأيدي .,كريم اليد.,كريم لليدين.,كريم يد.,ايدين .,كريم يد.,متاع يدين.,كريمة يدين.,متاع إيدين.
11493,تعطيني الملح؟,لى الملح؟,الملح، من فضلك؟,تمرقلي الملح؟,تدينى ملح؟,تناوشني الملح؟,تعبرلي الملح؟,تقربلي الملح؟,تمررلي الملح؟,تناولني الملح؟,تناولني الملح؟,تعطيني الملح؟,دوزلي الملحة؟,تعطيني الملح؟,تعطيني الملح؟,لي الملح؟,تعبغلي الملح؟,لي الملح ؟,تعطيني الملح؟,تعطيني الملح؟,تعطيني الملح؟,تناولني الملح؟,لي الملح؟,الملح، يعيشك؟,تمدلي الملح؟,الملح، يعيشك؟
11500,وول. شلون بروح لهنيك؟,إزاى أوصل هناك؟,كيفاش نقدر نوصل لهناك؟,ستريت. كيف أوصل هناك؟,ستريت. أروح هناك أزاى؟,شلون اوصل لهناك؟,شلون اوصل هناك؟,ستريت. كيف بوصل لهونيك؟,كيف نوصل لغادي؟,. أزاي أوصل هناك؟,ستريت. كيف بصل لهنيك؟,ستريت. شلون؟,كيفاش نوصل لتما؟,كيف اقدر أوصل هناك؟,كيف بقدر أوصل هناك؟,استريت. كيف اوصل هناك؟,اشون اغوح هنوك؟,كيف أصل إلى هناك ؟,كيف أصل إلى هناك؟,يمكن لي نوصل ليه؟,كيف اروح هناك؟,. كيف اوصل هناك؟,لشارع وول؟,كيفاش نمشي لغادي؟,ستريت. كيف نوصل غادي؟,كيفاش ياخي نجم نمشيلو؟
11541,التمارين بتأذيك.,الكتير هيضرك.,حتى فايدة.,اللزوم راح تضرك.,اللازم هيأزيك.,راح يأذيك.,الهواي تأذيك.,ضرر .,واجد حيضرنك.,حتأذيك .,زيادة بضرك.,واجد بيأذيك.,الرياضية غادي تضرك.,الكثيرة حتضرك.,رح تئزيك.,ح تاذيك.,غاح يأذيك.,يضر بك .,الرياضيه بتضر.,عندها حتى منفعة.,التمرينات بتضرك.,تضرك .,الخيرات عتضرك.,تمارين ماتفيدكش.,حا اتضرك.,ما يفيدوكش.
11544,خمسة وأربعين دولار عالشخص للليلة.,خمسة وأربعين دولار للفرد فى الليلة.,و أربعون دولار لليلة للشخص الواحد.,وأربعين دولار لكل شخص بكل ليلة.,دولار لكل واحد فى الليلة.,خمسة واربعين دولار للشخص الواحد.,واربعين دولار للشخ لكل ليلة.,و اربعين دولار عالشخص بالليلة .,خمسة وأربعين دولار للشخص لليلة.,اربعين دولار للبني ادم الواحد في الليله .,خمسة وأربعين دولار للشخص بالليلة الوحدة.,واربعين دولار للشخص في الليلة.,تكون خمسة واربعون للشخص لكل ليلة.,وأربعين لكل شخص لليلة وحدة.,خمسين دولار على الشخص بالليلة.,تكون خمسة وأربعين دولار للنفر الواحد.,واربعين دولار لكل شخص لكل ليلي.,خمسة أربعون دولارا للشخص الواحد في الليلة .,وأربعين دولارا للشخص الواحد في الليلة الواحدة.,المبلغ خمسة و ربعين دولار للفرد.,خمس وأربعين دولار للشخص لكل ليلة.,و اربعين دولارا للشخص الواحد ب الليلة الواحدة.,خمسه واربعين دولار للشخص بالليله.,بخمسة و اربعين دولار الليلة للواحد.,و اربعين دولار للنفر في الليله.,خمسا وأربعين دولار الليلة للعبد.
11550,تصلح هاد؟,تصلح دة؟,تصلح هاذا؟,إتصلح هاد؟,تصلحى ده؟,تصلحلي هاي؟,تصلح هذا؟,تصلح هيدا؟,تصلح هضا؟,تصلح ده؟,تعدل هاد؟,تصلح هذي؟,تصلح هادا؟,تصلح دا؟,تصلح هدا؟,تصلح دا؟,تصلح هذا؟,هذا ؟,إصلاح هذا؟,هاد الشي؟,تصلح هذا؟,تصلح هاد؟,تصلح ذيه؟,تصلح هذا؟,تصلح هدا؟,تصلح هذا؟
11574,الخير. مرحبا.,الخير. أهلا.,الخير. سلام.,الخير. أهلاً.,الخير. أزيك.,الخير. هلو.,الخير. هلو.,الو .,الخير. اهلا.,أزيك .,الخير. مرحبا.,الخير. مرحبا.,الخير. السلام.,الخير. اهلا.,الخير. مرحبا.,. اهلا.,الخيغ. هلو.,أهلا .,مسائك. مرحبا.,الخير. أهلا.,الخير. هلا.,مرحبا .,الخير. حيا.,الخير. شنحوالك.,الخير. اهلا.,الخير. السلام.
11576,بلاقي شناتيك.,السفر بتاعتك.,الأمتعة دياولك.,بلاقي شنطك.,الشنط بتاعتك.,الجنط مالتك.,الكه امتعتك.,عملاقي شناطك.,الشناطي بتاعك.,شنطك .,لاقي شناتيك.,احصل شناطك.,الامتعة ديالك.,الاقي شنطك.,ملاقي شناطك.,ألقى عفشك.,القي غراضي.,على أمتعتك .,على أمتعتك.,الامتعة ديالك.,القى حقائبي.,الشناتي تبعك.,القى شنطك.,باقاجك.,شناطيك.,لقيتش دبشك.
11595,إذا سمحت.,لو سمحت.,من فضلك.,لو سمحت.,لو سمحت.,كبل رجاءً.,كبل، رجاءا.,بتريد .,لو سمحت.,فضلك .,لو سمحت.,لو سمحت.,نيشان، عافاك.,لو سمحت.,لو سمحت.,من فضلك.,عدل، رجاءا.,من فضلك .,من فضلك.,نيشان، عافاك.,لو سمحت.,سمحت .,لو سمحت.,من فضلك.,من فضلك.,الطويل، يعيشك.
11600,صالحة للشرب؟,آمنة للشرب؟,صالح للشرب؟,آمنة للشرب؟,ينفع تتشرب؟,صالح للشرب؟,امين للشرب؟,هون للشرب؟,امنة للشرب؟,ينفع تنشرب؟,صالحة للشرب؟,يصلح للشرب؟,صالح للشرب؟,اني اشربها؟,صحية للشرب؟,صالحة للشرب؟,امين للشغب؟,الماء الذي هنا ؟,آمن للشرب؟,للشرب هنا؟,صالح للشرب؟,امنة للشرب؟,امن للشرب؟,يتشرب؟,تنفع للشرب؟,صالح للشرب؟
11622,دولارين بس.,دولار بس.,دولار فقط.,دولارين بس.,دولار كفاية.,بس دولارين.,دولارين بس.,دولارين .,دولارين بس.,دولارين بس .,كلهن دولارين.,دولارين بس.,جوج دولارات.,دولارين بس.,دولارين بس.,دولارين فقط.,بس دولارين.,دولارين فقط .,دولارين فقط.,غير جوج دولار.,دولار بس.,دولارين بس.,الا دولارين.,الكل زوز دولار.,دولار بس.,دولارات أكاهو.
11626,بواحد قياس أكبر نمرة؟,دة لواحد مقاس أكبر؟,بواحد كبير عليه؟,لواحد أكبر منه بقياس؟,بواحد مقاسه أكبر؟,بحجم اكبر بدرجة؟,لقياس واحد اكبر؟,هالفستان بقياس اكبر ؟,لرقم واحد أكبر منه؟,ده بواحد مقاس أكبر؟,الفستان بواحد أكبر بقياس؟,تعطيني مقاس اكبر؟,تزيدني نمرة اكبر؟,اللبس دا لمقاس اكبر؟,الفستان بنمرة وحدة أكبر؟,دا لواحد مقاس أكبر؟,الفستان بويحد نمره اكبغ؟,من مقاس أوسع ؟,بس دولارين؟,بواحدة أخرى بقياس اكبر؟,لقياس اكبر بدرجة وحدة؟,الفستان لنمرة وحدة اكبر؟,هذا الفستان بمقاس اكبر؟,بوحدة اكبر قياس؟,للمقاس الي اكبر منه طول؟,بواحدة أكبر قياس؟
11631,بوظيفتك بس ناكل بيتزا.,الواجب بتاعك بعد ما ناخد بيتزا.,دياولك ممبعد ناكلو بيتزا.,واجبك بعد ما ناكل شوية بيتزا.,بتاعك بعد ما نأكل شوية بيتزا.,البيتي وره ما ناخذ بيتزا.,البيتي بعد ما ناكل بيتزا.,ما ناكل بيتزا .,واجباتك بعد ناخذو شوية بيتزا.,الواجب بتاعتك بعد ما ناكل بيتزا .,بعد ما ناكل بيتزا.,الواجب عقب ما ناكل بيتزا.,من بعد مناكلو شوية ديال بيتزا.,بعد ما ناكل بيتزا.,بعد ما ناكل بيتزا.,المنزلي بعد ناخد بعض البيتزا.,بعد ما ناكل شويه بيتزا.,المنزلي بعد أن نتناول بعض البيتزا .,واجبك بعد لدينا بعض البيتزا.,من بعد ما ناكلو شي بيتزا.,بعد ما ناكل بيتزا.,بعد ما نوكل بيتزا .,بعملك بعد ما ناكل بيتزا.,خدمتك بعد نمشيو ناكلوا بيزا.,واجباتك بعد ما ناخدو بيتسا.,ومن بعد تو ناكلو بيتزا.
11633,في رسالتين إلك.,فى رسالتين ليك.,زوج رسائل ليك.,في رسالتين إلك.,فيه رسالتين ليك.,اكو رسالتين الك.,اكو رسالتين الك.,في رسالتين الك .,في رسالتين لك.,فيه رسالتين ليك .,في رسالتين إلك.,في لك رسالتين.,جوج رسالات ليك.,فيه رسالتين لك.,في رسالنين لالك.,في رسالتين ليك.,اكو رسالتين اللك.,هناك رسالتان لك .,هناك رسالتان لك.,جوج رسائل ليك.,هذي الرسالتين لك.,في رسالتين الك .,به رسالتين لك.,زوز رسائل ليلك.,زوز رسايل ليك.,زوز ميساجات ليك.
11643,أجا علي.,مش مناسبلى.,موالمنيش.,بزبط معي.,مينسبنيش.,تكعد عليه.,كاعدة عليه.,بيجي عقدي.,عليا.,مقاسي .,ظابط عليي.,قدي.,مامناسبانيش.,مأيناسبني.,أجى علي.,بناسبني.,على قياسي.,يلائمني .,تناسبني.,ماجاش معايا.,تناسبني.,ناسبتني .,بيجيش عليا.,مشاش معايا.,تجينيش.,ما وتانيش.
11646,نهار تاني.,يوم تانى.,نهار آخر.,يوم جديد.,يوم تانى.,يوم آخر.,غير يوم.,اخر .,يوم اخر.,يوم تاني.,يوم جديد.,يوم جديد.,يوم آخر.,يوم تاني.,يوم تاني.,يوم آخر.,يوم اللاخ.,آخر .,يوم آخر.,نهار آخر.,يوم ثاني.,ثاني .,يوم ثاني.,نهار جديد.,يوم تاني.,نهار آخر.
11663,بدك فيتامين سي؟,محتاج فيتامين سى؟,لازملك الفيتامين سي؟,بدك فيتامين سي؟,عايز فيتامين سى؟,تحتاج فيتامين سي؟,تحتاج فيتامين سي؟,بدك فيتامين سي؟,فيتامين سي أنت؟,عايز فيتامين سي؟,لازمك فيتامين سي؟,تحتاج فيتامين سي؟,محتاج فيتامين سي؟,تبا فيتامين سي؟,بدك فيتامين سي؟,أنت محتاج لفيتامين سي؟,تحتاج فيتامين سي؟,إلى فيتامين سي ؟,تحتاج إلى فيتامين سي؟,واش خاصك فيتامين سي؟,تحتاج فيتامين سي؟,بدك فيتامين سي؟,تحتاج فيتامين سي؟,الفيتامين سي؟,تبي فيتامين سي؟,يلزمك فيتامين سي؟
11689,جزادني بالقطار.,فى القطر.,المحفظة ديالي فالقطار.,جيبتي في الباص.,جيبى فى القطر.,انشلت بالقطار.,ع القطار.,جيبتي بالترين .,جيبي على القطار.,القطر .,جزداني بالقطار.,في القطار.,سرقات فالطران.,في القطار.,جيبتي في القطار.,في القطر.,انباقت بالقطار.,في القطار .,على متن القطار.,ليا بزطامي فالقطار.,على القطار.,على القطار .,الجيب بالقطار.,من الترينو.,في القطار.,أوراقي في التران.
11704,تكسي أحسن.,الأحسن خد تاكسى.,لوكان تاخذ طاكسي.,الأحسن تاخد تاكسي.,أحسنلك تاخد تاكسى.,الأفضل تاخذ تاكسي.,ناخذ تكسي.,تاخد تاكسي .,ناخذ تاكسي.,الاحسن اخد تاكسي .,تاخد تاكسي.,تاخذ تكسي.,الاحسن تشد طاكسي.,تأخذ تاكسي.,تاخد تكسي.,أحسن تاخد تكسي.,اخذ تكسي.,أن تأخذ سيارة أجرة .,لك سيارة أجرة.,الأحسن تأخذ طاكسي.,تأخذ تاكسي.,خذ تكسي .,احسن تاخذ تاكسي.,المستحسن ناخذوا تكسي.,تاكسي خير.,أحسن كان ناخو تاكسي.
11708,إذا سمحت.,الممر، لو سمحت.,الكولواغ، من فضلك.,لو سمحت.,الممر، لو سمحت.,الممر، رجاءً.,الممر، رجاءا.,إذا بتريد .,الممر، لو سمحت.,من فضلك .,لو سمحت.,الممر، لو سمحت.,فالممر، عافاك.,الممر، لو سمحت.,الممر، لو سمحت.,من فضلك.,الممر، رجاءا.,، من فضلك .,من فضلك.,الممر، عافاك.,الممر، لو سمحت.,لو سمحت .,الممر، لو سمحت.,الكولوار، يعشك.,الممر، لو سمحت.,الكلوار، يعيشك.
11709,تمانين ألف ين بالشهر.,بتمانين ألف ين شهريا.,ثمانون ألف ين للشهر.,ألف ين بالشهر.,ألف ين فى الشهر.,الف ين بالشهر.,الف ين بالشهر.,الف ين بالشهر .,الف ين في الشهر.,تمانين الف ين .,ألف ين بالشهر.,آلاف ين في الشهر.,ألف ين شهريا .,الف ين بالشهر.,ألف ين في الشهر.,ألف ين في الشهر.,ين كل شهغ.,ين في الشهر .,ين شهريا بشقة.,ألف ين فالشهر.,عشرة الاف ين شهريا.,ين بالشهر .,الف ين بالشهر.,الف يان في الشهر.,الف ين في الشهر.,ألف يان في الشهر.
11714,أقاطعك؟,أقاطع؟,نقاطعك؟,أقاطعك؟,أقاطعكم؟,اقاطع؟,اقاطع؟,قاطع؟,نقاطع؟,اقطع كلامكم؟,قاطعك؟,اتدخل؟,نقاطعك؟,اقاطع؟,أقاطع؟,أقاطع؟,اقاطع؟,أقاطعكم ؟,اقاطعك؟,لي نقاطعك؟,اقاطع؟,اقاطع؟,اتدخل؟,نقص عليك؟,نقص عليك؟,نقص عليك؟
11720,واحد أعرض.,واحد أوسع.,عريض كثر.,واحد أعرض.,واحد واسع.,واحد اوسع.,واحد اعرض.,اوسع .,وحدة أوسع.,أوسع .,واحد أوسع.,واحد اوسع.,وحدة اوسع.,واحد أوسع.,واحد أعرض.,واحد أوسع.,ويحد اعغض.,أكبر .,واحدة أوسع.,واسع اكتر.,واحد أوسع.,اوسع .,واحد اوسع.,ما اكبر.,واحد اوسع.,واحد أوسع.
11734,تبدل مقعدك معي؟,تبدل الكراسى معايا؟,تبدل المكان معايا؟,الكراسي معي؟,ممكن تغير الكراسى معايا؟,مانع نتبادل المقاعد؟,تبدل مقعدك وياي؟,إذا ما في إزعاج؟,تغير مقاعد معايا؟,نبدل الكراسي؟,تتبادل معي بالمقعد؟,تبدل الكرسي وياي؟,نتبادلو بالبلايص؟,تغير الكراسي معأيا؟,كراسي معي؟,المقاعد معاي؟,تبدل المقاعد معاي؟,تبادل المقاعد معي ؟,تغيير الكراسي معي؟,تبدل البلاصة معايا؟,المقاعد معي؟,مانع تبدل الكراسي معي؟,نغير المقاعد؟,تبدل بلاصتك معايا؟,تبدل كرسيك معاي؟,معايا لبلايص؟
11746,إكيد.,طبعا.,أكيد.,أكيد.,طبعا.,بكل تأكيد.,طبعا.,أكيد.,طبعا.,طبعا.,طبعاً.,اكيد.,موافق.,طبعاً.,طبعاً.,طبعا.,بالتاكيد.,بالطبع .,بالطبع.,أكيد.,بالتأكيد.,اكيد .,بالتاكيد.,مالا.,طبعا.,بطبيعة.
11751,عاليسار عند الإشارة.,عند إشارة المرور.,على اليسار عند الأضواء.,شمال من عند الإشارة.,شمال عند إشارة المرور.,يسره من الاشاره الضوئية.,ي اشارة المرور.,حد إشارة السير.,يسار عند إشارة المرور.,شمال عند إشارة المرور.,عند إشارة المرور.,يسار على الإشارة.,عند إشارة المرور.,يسار من عند الأشارة.,لف عالشمال عند الرمزور.,شمال عند الإشارة.,لليساغ عد اشاره المرور.,عند إشارة المرور .,يسار عند إشارة المرور.,اليسار حتى لإشارة المرور.,لف يسار عند الإشارة.,شمال على الاشارة الضوئية .,يسار عند اشاره المرور.,ليسار مع الضوء.,يسار عند السيمافرو.,يسار عند الاشارة.
11754,ولا أكبر؟,ولا أكبر؟,ولا أكبر؟,وإالا الكبيرة؟,ولا كبيرة؟,لو اكبر؟,لو اكبر؟,أو أكبر؟,لا اللفات الكبار؟,ولا كبيرة؟,ولا الأكبر؟,اصغر او اكبر؟,صغار ولا كبار؟,ولا اكبر؟,ولا كبار؟,ول واحدات أكبر؟,لو اكبغ؟,أصغر أم أكبر ؟,أو أكبر منها؟,التزلج كبير ولا صغير؟,ولا اكبر؟,و لا اكبر؟,او كبار؟,ولا ما اكبر؟,و الا كبار؟,ولا كبار؟
11767,بتمانين دولار، إذا سمحت.,بتمانين دولار، من فضلك.,بتسعون دولار، من فضلك.,بتمانين دولار، لو سمحت.,بتمانين دولار، لو سمحت.,حمام بتسعين دولار، رجاءً.,وحمام بثمانين دولار، رجاءا.,مع مغطس بتمانين دولار.,بثمانين دولار، لو سمحت.,بتمانين دولار، من فضلك.,بتمانين دولار، لو سمحت.,بثمانين دولار، لو سمحت.,حمام بثمانين دولار، عافاك.,بتمانين دولار، لو سمحت.,بتمانين دولار، لو سمحت.,بتمنين دولار، من فضلك.,حمام بثمانين دولار، رجاءا.,دولارا ، من فضلك .,بثمانين دولار، من فضلك.,بثمانين دولار، عافاك.,بثمانين دولار، لو سمحت.,ثمانين دولار، لو سمحت .,ثمانين دولار، لو سمحت.,بثمانين دولار، يعيشك.,بتمانين دولار، لو سمحت.,دوش بثمانين دولار يعيشك.
11800,الغالية بخزانة الفندق.,بتاعتى فى أمانات الفندق.,في الخزنة تع الفندق.,الغالية بخزنة الفندق.,الغالية فى خزنة الفندق.,الثمنية بخزانة الفندق.,الثمية بخزانة الفندق.,التمينة بخزنة الفندق.,في خزنة الهوتيل.,في خزنة الأوتيل.,الغالية بخزنة الأوتيل.,في امانات الفندق.,ديالي فخزنة الفندق.,حقي في خزنة الفندق.,في أمانات الأوتيل.,في خزنة الفندق.,الثميني بخزانه الفندق.,في خزينة الفندق .,مالي في خزنة الفندق.,الغالية في خزنة الفندق.,في خزنة الفندق.,بخزنة الفندق .,في خزنه الفندق.,صندوق الامانات متاع اللوتيل.,في الخزنه متاع الهوتيل.,في صندوق امانات بالاوتيل.
11817,فاضية هالليلة؟,الليلة دى؟,فارغة لهاذ الليلة؟,متوفرة الليلة؟,الليلة دى؟,متوفره الليلة؟,غرفة الليلة؟,فاضية الليلة؟,فاضية الليلة؟,الليلة دي؟,فاضية الليلة؟,متوفرة الليلة؟,خاوية لهاد الليلة؟,فاضية اليوم؟,فاضية الليلة؟,لي الليلة؟,متوفره لليلي؟,متاحة الليلة ؟,متاحة الليلة؟,خاوية هاد الليلة؟,فاضية الليلة؟,فاضية الليلة؟,فاضيه الليله؟,فارغة لليلة؟,فاضيه الليله؟,حاضرة ليل؟
11821,أنو بطاقتك معك.,التذكرة بتاعتك معاك.,تحصلت على التذكرة ديالك.,التذكرة موجودة معك.,أنه معاك تذكرتك.,انه التذكره وياك.,ماخذ تذكرتك وياك.,البطاءة تبعك معك.,واخذ تذكرتك معايا.,إن تذكرتك معاك.,انه تذكرتك معك.,تكون معاك ذكرتك.,عندك تذكرة .,ان التذكرة معاك.,تكون تزكرتك معك.,عندك تزكرتك معاك.,انه تذكرتك معاك.,أن تذكرتك معك .,أن لديك تذكرة معك.,باللي التذكرة معاك.,ان معك تذكرتك.,التذكرة تكون معك .,تذكرتك تكون معك.,خذيتشي تسكرتك.,ان تذكرتك معاك.,إلي تيكي معك.
11862,يجوا عالجولة الاختيارية.,الناس هينضموا للجولة الاختيارية.,يجوا للرحلة لاختيارية.,راح يشتركوا بالرحلة الإختيارية.,هينضموا للجولة الاختيارية.,ينظمون للجولة الاختيارية.,يجون بالجولة الاختيارية.,الإختيارية إلا ناس قليلة.,حيجو للجولة الاختيارية.,في الجولة الاختياري.,ينضموا للجولة الاختيارية.,جولتنا الاختيارية.,اللي غينضمو للجولة الاختيارية.,حيسووا الجولة الأختيارية.,ينضم للجولة الاختيارية.,ينضموا للجولة الاختيارية.,ينضمون للجوله الاختياريه.,القليل من الناس .,الأشخاص إلى الجولة الاختيارية.,ينضمو لهاد الجولة الاختيارية.,بيسوون الرحلة الاختيارية.,ينضمو للجولة الاختيارية .,بينضمو للرحله الاختياريه.,يجيو للرحلة الاختيارية.,حيمشو الجوله الاختياريه.,يلتحقوا بالجولة الاختيارية.
11872,مركز الحي الصيني. رح أجرب ألاقيه لحالي.,لمركز تشيناتون. أنا هحاول أكتشفه بنفسى.,شايناتاون، من فضلك. نحاول نصيبو بنفسي.,مركز تشيناتون. وراح أحاول أكتشفه لحالي.,المدينة الصينية. وأنا هحاول أكتشفها بنفسى.,لمركز جايناتاون. اريد ادور عليه بنفسي.,المدينة الصينية. راح احاول الكاه بنفسي.,وسط تشاينا تاون. رح جرب إكتشفا لحالي.,للسنتر بتاع شايناتاون. توا نحاول ندورها بروحي.,أنا هحاول أكتشف مع نفسي.,الحي الصيني. رح حاول لاقيه لحالي.,لو سمحت. بحاول اعرف بروحي.,الحي الصيني. غادي نحاول نلقاها بنفسي.,الى وسط الحي الصيني. حكتشفها بنفسي.,الحي الصيني. رح أحاول ألاقيه هناك لحالي.,بتاع شايناتاون، ح أحاول ألقاه بنفسي.,المدينه الصينييي. غاح احاول القيها بنفسي.,الحي الصيني . سأحاول أن أجده بنفسي .,الحي الصيني. سأحاول أن احصلها بنفسي.,الصيني، عافاك. غادي نحاول نلقاه بوحدي.,لمركز المدينة الصينية. بحاول القاه بنفسي.,الصينية، رح احاول الاقيه لحالي .,تهم.,شيناتون، يعيشك. تو نحاول نلقاها وحدي.,لوسط القريه الصينيه. حنجرب نلقاه بروحي.,صين. توا نحاول نفركس عليه وحدي.
11879,رح يتوظفوا بنيسان.,فى أبريل.,في أفريل.,بستأجروا بنيسان.,هتتعين فى أبريل.,بشهر نيسان.,يوظفوهم بابريل.,جداد بنيسان.,في شهر اربعه.,في ابريل.,جداد بنيسان.,بيتوظفون في ابريل.,جداد في أبريل.,في ابريل.,يتوظفو في أبريل.,في أبريل.,يتعينون بنيسان.,في أبريل .,جدد في أبريل.,توظفو فأبريل.,في ابريل.,بشهر اربعة .,في ابريل.,يخدموا في افريل.,في ابريل.,ينتدبوا في آفريل.
11880,بتمنى.,كدة.,ذلك.,بتمنى.,ياريت.,هذا الشي.,ريت.,إنشاالله.,الله هكي.,أتمنى.,بتمنا.,شاء الله.,داكشي.,أتمنى.,بتمنى.,ذلك.,اتمنى.,ذلك .,ذلك.,كنتمنى.,ذلك.,هيك .,ذلك.,شنحب.,هكي.,والله.
11885,إذا سمحت.,لو سمحت.,ماء، من فضلك.,لو سمحت.,لو سمحت.,ومي، رجاءً.,وماي، رجاءا.,إزا بتريد.,ميه، لو سمحت.,من فضلك.,مي، لو سمحت.,ماي، لو سمحت.,وما، عافاك.,لو سمحت.,مي، لو سمحت.,موية، من فضلك.,وماي، رجاءا.,", من فضلك .",ماء، من فضلك.,ماء، عافاك.,ماء، لو سمحت.,لو سمحت .,ماء، لو سمحت.,ماء، يعيشك.,اميه، من فضلك.,وماء، يعيشك.
11901,عم يلعب؟,بيلعب؟,يلعب؟,بلعب؟,اللى بيلعب؟,دا يعزف؟,يلعب؟,عم يلعب؟,يلعب؟,بيلعب؟,عم يلعب؟,يلعب؟,كيلعب؟,يلعب؟,بيلعب؟,اللاعب؟,عيلعب؟,يعزف ؟,يلعب؟,كيلعب؟,يلعب؟,بيلعب؟,اللي بيلعب؟,يلعب؟,يلعب؟,يلعب؟
11913,لاقيت شنتايتي؟,لقيت شنطتى؟,صبت الساك ديالي؟,إذا لقيت شنطتي؟,لقيت الشنطة بتاعتى؟,لكيت الجنطه مالتي؟,لكيت جنطتي؟,إزا لئيتلي شنطتي؟,لقيت شنطتي؟,لقيت شنطتي؟,إذا لقيت شنتايتي؟,اذا حصلت الشنطة؟,لقتيي المحفظة ديالي؟,اذا لقيت شنطتي؟,ازا لقيت شنتتي؟,إذا لقيت شنطي؟,اذا لقيت جنطتي؟,عثرتم على حقيبتي ؟,إذا حصلت حقيبتي؟,إذا لقيتي الحقيبة ديالي؟,لقيت حقيبتي؟,اذا لقيت شنتتي؟,اذا لقيت شنطتي؟,تلقى سطوشي؟,تلقى شنطتي؟,تلقى فليجتي؟
11916,إذا سمحت.,لو سمحت.,من فضلك.,لو سمحت.,لو سمحت.,اليسره، رجاءً.,اليسرى، رجاءا.,بتريد، عالشمال.,لو سمحت.,لو سمحت.,لو سمحت.,لو سمحت.,عافاك.,لو سمحت.,لو سمحت.,من فضلك.,رجاءا.,من فضلك .,من فضلك.,جات على خاطرك.,لو سمحت.,سمحت .,لو سمحت.,الليسار، يعيشك.,من فضلك.,يسار، يعيشك.
11932,ناخد صورة؟,معايا نتصور؟,صورة معايا؟,عشان نتصور؟,تتصور معايا؟,صوره ويايه؟,يمي للصورة؟,معي؟,معايا لصورة؟,ناخد صورة؟,صورة معي؟,حق نصور؟,باش نتصورو؟,تتصور معأيا؟,تتصور معي؟,معاي لصورة؟,معاي للصوره؟,لالتقاط صورة ؟,من أجل صورة؟,ناخدو صورة؟,معي لصورة؟,معي بالصورة؟,جمبي نتصور؟,تصويرة معايا؟,باش نصورو؟,في تصويرة؟
11938,تبلغ عنو؟,تبلغ عنه؟,تصرح بيه؟,تبلغ عنه؟,قدام بتوجعني؟,على هذا الشي؟,تبلغ عنه؟,تعلن عنو؟,تبي تبلغه؟,عايز تبلغ؟,تبلغ عنه؟,تبلغ عنه؟,تبلغ عليه؟,تبلغ عنه؟,تقرير عنه؟,داير تقيده؟,تحب تسجلا؟,الإبلاغ عنه ؟,في تبليغ عنه؟,على داك الشي؟,تبلغ عنه؟,تبلغ عنه؟,تبلغ عليه؟,تحب تخبر؟,تبلغ عليه؟,تحب تعلنوا؟
11949,القدامي بوجع.,دى بتوجع.,القدام توجعني.,قدام بوجعني.,من قدام واجعانى.,بالمقدمة يأذي.,كدام ياذي.,سني الإدماني.,لقدام توجع.,دي بتوجعني.,قدام عم يوجعني.,قدام يعورني.,فلقدام كتضرني.,قدام يوجعني.,الأمامي بيوجع.,الأمام بتوجع.,بالامام يوجع.,المقدمة تؤلمني .,جدام يولم.,دلقدام كتضرني.,الامام يؤلم.,قدام بيوجع .,بالقدام توجع.,عاملة فية.,القداميه توجع.,قدامية تعبتني.
11959,لواحد عمرو خمسطعش سنة؟,كمبيوتر لسن خمستاشر؟,ذات خمسة عشر سنة؟,نزلت لعمر خمسطعشر سنة؟,لسن خمستاشر سنة؟,لعمر خمسطعش سنة؟,بعمر خمسين سنة؟,عمرو خمس تعشر سنة؟,لحد عمره خمسطاشر سنة؟,تناسب عمر خمستاشر سنة؟,لولد عمره خمسطعش؟,حق اللي عمرهم خمسطعش؟,كمبيوتر لخمسة عشر عام؟,لشخص عمره خمسطعشر سنة؟,لولد عمرو خمستاعشر سنة؟,كمبيوتر لعمر خمستاشر سنة؟,لولد بعمغ خمسطعش سني؟,سنه خمسة عشر عاما ؟,كمبيوتر لخمسة عشر عاما؟,لي عندو خمسطاشر عام؟,عمره خمسة عشر سنة؟,لعمر خمسطعشر سنة؟,ل عمر خمسطعشر سنه؟,لوليد عمره خمسطاش سنة؟,واحد عمره خمسطاش سنه؟,مراهقة عمرها خمسطاش سنة؟
11972,بكرة.,بكرة.,نشوفوك.,نشوفك بكرا.,بكرة.,باجر.,نشوفك باجر.,بكرا.,بكرة.,بكره.,بكرا.,بكرة.,نشوفك غدا.,بكرة.,بكرا.,نشوفك بكرة.,نشوفك غدا.,الغد .,اشوفك باجر.,نشوفك غدا.,بكرة.,بكرا .,بكره.,غدوة.,غدوه.,غدوة.
11973,قريب من هون؟,قريب من هنا؟,رخيص فالنواحي؟,قريب من هون؟,كدة قريب من هنا؟,قريب منا؟,قريب منا؟,أريب من هون؟,قريب من هنا؟,كده قريب من هنا؟,قريب من هون؟,قريب من هني؟,ارخص قريب من هنا؟,قريب من هنا؟,قريب من هون؟,غلاء قريب من هنا؟,اغخص قغيب هوني؟,قريب من هنا ؟,جريب من هنا؟,أقل ثمن قريب لهنا؟,قريب من هنا؟,قريب من هون؟,قريب من هانا؟,رخيص هوني؟,قريب من هنايا؟,مرفق هوني؟
11975,صرت أحسن.,حاسس إنى أحسن.,نحس بروحي مليح.,حاسس حالي أحسن.,حاسس نفسى أحسن.,احس احسن.,احس بتحسن.,صرت أحسن.,حسني تحسنت.,أنا أحسن.,حاسس أحسن.,احس اني احسن.,ليك. كنحس بتحسن.,احس اني افضل.,أنا أحسن.,انا حاسي أحسن.,اشعر بتحسن.,إنني أشعر بتحسن .,انا بخير.,براسي دابا احسن شوية.,اشعر بتحسن.,حاس حالي احسن .,قد انا احسن.,نحس بروحي خير.,توا اني احسن.,في روحي خير.
11976,خبز شي؟,أى عيش؟,الخبز؟,خبز؟,عيش؟,اي خبز؟,خبز؟,خبز؟,أي خبزة؟,عيش؟,خبز؟,خبز؟,شي خبز؟,عيش؟,عندك خبز؟,اي عيش؟,اي خبز؟,خبز ؟,أي خبز؟,شي خبز؟,خبز؟,خبز؟,اي خبز؟,خبز؟,اي خبزة؟,شوية خبز؟
11977,عالكمان؟,إيه فى الكمنجة؟,ديالك فالكمان؟,مع الكمان؟,الكمان قد أية؟,بالكمان؟,انت بالكمان؟,منيح عالكمانجة؟,في الكمان؟,في الكمانجة؟,عزفك عالكمان؟,في الكمان؟,مزيان فالكمان؟,كويس بالكمان؟,انت بالفيولين؟,اجادتك للكمان؟,انت بالكمان؟,في عزف الكمان ؟,في الكمان؟,مستواك فالكمنجة؟,في الكمان؟,على الكمان؟,انت بالكمان؟,على الكامنجة؟,علي الكمان؟,فالكمنجة باهي؟
11990,ووقع بالحمام.,فى الحمام.,طاح فالحمام.,ووقع بالحمام.,فى الحمام.,ووكع بالحمام.,وطاح بالحمام.,ووأع بالحمام.,طاح في الحمام.,في الحمام.,ووقع بالحمام.,في الحمام.,وطاح فالحمام.,في الحمام.,في الحمام.,وقع في الحمام.,ووقع بالحمام.,وسقط في الحمام .,في الحمام.,وطاح فالحمام.,في الحمام.,وقع بالحمام .,للقاع بالحمام.,في بيت البانو.,طاح في الحمام.,في دوش.
11991,آخد نفاضة؟,آخد طفاية؟,مطفآة سجائر؟,مكتة؟,طفاية سجاير؟,نفاضه؟,على نفاظة؟,آخد منفضة؟,ناخذ طفاية؟,طفاية سجاير؟,صحن سيجارة؟,تعطيني طفاية؟,طفية دسجائر؟,طفأية دخان؟,تعطيني متكة؟,اخد طفاية؟,منفضه مال جكاير؟,سجائر .,طفاية سجاير؟,شي طفاية؟,منفضة سجائر؟,اخذ مكتة؟,لي طفايه؟,نلقى نفاضة؟,نحصل طفايه؟,ناخو سندرية؟
11997,البلد عن باقي العالم.,اتقفلت لباقى العالم.,إغلاق البلاد على العالم.,المدينة لنهاية العالم.,قريبة لبقية العالم.,انغلقت بوجه العالم.,عن باقي العالم.,معزول عن بائي العالم.,انعزلت عن باقي العالم.,منغزلة عن بقيتة العالم.,البلد عن كمالة العالم.,عن باقي العالم.,قدام البقية ديال العالم.,كان مقفل للعالم.,اتسكرت قدام كل العالم.,مقفولة من باقي العالم.,مغلقه على بقيه العالم.,بالنسبة لبقية العالم .,البلاد أمام بقية العالم.,تسدات على باقي العالم.,منغلق على بقية العالم.,عن باقي العاليم .,ابوابها على بقيه العالم.,البلاد على بقية العالم.,اتسكرت علي العالم التاني.,تسكرت للعالم لخر.
12005,بدك؟,كام؟,راك حاب؟,بدك؟,قد أيه؟,تريد؟,تريد؟,بدك؟,تبي؟,اد إيه؟,بدك؟,تبي؟,باغي؟,تباها؟,بدك؟,كم انت؟,تغيد؟,تريدها ؟,تبغا؟,داك الشي؟,تبي؟,بدك؟,تشتي؟,تحبوا؟,تبي؟,تحب؟
12012,وإلي نفس الشي.,ونفس الحاجة ليا.,نفس الشيء ليا.,ونفس الشي إلي.,ونفس الكلام ليا.,ونفس الشي الي.,ونفس الشي الي.,ولئلي كمان.,نفسه ليا انا.,وواحد ليا.,ونفس الشي إلي.,ولي انا بعد.,وليا نفس الشي.,وكمان واحد لي.,و زيو لالي.,نفس الشي لي أنا.,واللي نفس الشي.,وكذلك لي .,ونفس الشي حقي.,ونفس الشي ليا.,نفس الشيء لي.,نفس الشي الي .,ونفس الشي لي.,كيف ليلي انا.,نفس الشي ليا.,وانا زادة كيفكيف.
12033,الأولى هون إذا سمحت.,الأول هنا من فضلك.,تبصم هنا، من فضلك.,ولو سمحت هون أول.,مبدئيآ هنا لو سمحت.,الأولى من اسمك هنا.,و مبدئيا هنا رجاءا.,أول حرف من إسمك هون.,بأول حرف من اسمك هنا.,أول حرف من اسمك هنا.,حرف من اسمك هون.,اسمك الأولى هني.,وعافاك هنا اولا.,وكمان وقع هنا.,الأولى هون لو سمحت.,من فضلك بداية هنا.,احرف اسمك الاوليي هوني.,من اسمك هنا .,التوقيع هنا؟ واهني بعد.,بالحروف الاولى دسميتك هنا.,لو سمحت ابتداء هنا.,وقع باسمك الاول .,ولو سمحت الاختصار هانا.,و تكوشي هوني، يعيشك.,حروف اسمك الاولات هنايا.,إما يعيشك ابدى من هوني.
12035,مهمة. شكراً إلك كتير على تعاونك اللطيف.,معاك مناقشات مهمة. شكرا جدا على حسن تعاونك.,نحكي معاك مطولا. صحا بزاف على حسن تعاونك.,شكراً إلك كتير على معاملتك اللطيفة.,الكبير ة دي معاك. الف شكر على تعاونك الطيب.,مكاتبكم الرئيسية واجري نقاشات هامة وياك.,وياك نقاش مثمر. شكراجزيلا لتعاونك اللطيف.,معك. بشكرك كتير على تعاونك.,مناقشات جوهرية معاك. شكرا واجد على تعاونكم الكريم.,في نقاش مهم معاك. اشكرك جدا لتعاونك.,معكن. شكراً كتير على تعاونكن الكريم.,نقاشات مهمة معاكم. مشكورين على تعاونكم.,معاك. شكرا بزاف على التعاون ديالك.,ثري معاك. شكرا مرة على تعاونك.,مهمة. شكراً كتير على تعاونكم.,نقاش كبير معاك. شكرا ليك كتير لتعاونك الطيب.,جوهري معاكم. شكرا جزيلا لتعاونكم اللطيف.,. شكراً جزيلاً على ما أبديتموه من تعاون .,مهمة معاكم. شكرا على تعاونكم الجميل.,معاك. شكرا بزاف على حسن تعاونك.,بنقاش جوعري معك. شكرا جزيلا لتعاونك الجميل.,مهمة معك . شكرا كثير على تعاونك .,هامه معك. شكرا لك لتعاونك الكريم.,حكيت بارشا معاك. شكرا على التواصل.,معاك. شكرا جزيلا علي تعاونك.,مع بعضنا. يعيشك نشكرك على معاونتك.
12054,عالي.,شخيرك مزعج.,بزاف.,مزعج.,مزعج.,مزعج.,مزعج.,مزعج.,مزعج.,مزعج.,عالي.,مزعج.,ديالك مزعج.,مزعج.,مزعج.,مزعج.,مزعج.,مزعج .,مزعج.,مجهد.,مزعج.,مزعج .,مزعج.,بالقوي.,مداير دوشه.,يقلق.
12056,بقدر أرجع هاد؟,دة. ممكن أرجع دة؟,معجبنيش. نقدر نرجعو؟,ممكن أرجع هاد؟,كل حاجة. ممكن أرجعه؟,حال. ممكن ارجع هاي؟,لشي. اكدر ارجع هذا؟,اللون. بقدر رجعو؟,حال. نقدر نرد هضا؟,برده. ممكن أرجعه؟,فيني رجع هاد؟,اللون. يصير ارجع هذي؟,كامل. ممكن نرجع هادا؟,مرة. اقدر ارجعه؟,مرة. بقدر أرجعو؟,كله. ممكن أرجع دا؟,ابد. اطيق ارجعو؟,. هلي يمكنني إرجاعها ؟,كل شيء. اقدر اعيده؟,هاد اللون. نقدر نرجعو؟,ذلك. اقدر ارجع هذا؟,. بقدر ارجع هاد؟,اقدر ارجع هذا؟,ما عجبنيش. انجم نرجعه؟,اللون. نقدر نرده؟,نجم نرجع؟
12057,واستنا عالموقف رقم ستة.,فى محطة رقم ستة.,استنا فالمحطة رقم ستة.,واستنى عند الموقف رقم ستة.,فى محطة رقم ستة.,يم موقف رقم ستة.,يم الوقفة رقم ستة.,ونطور بالموقف رقم ستة.,راجي عند موقف رقم سته.,عند موقف رقم ستة.,وقف عالموقف رقم ستة.,في المحطة رقم ستة.,في التوقف رقم ستة.,في المحطة رقم ستة.,استنى عند موقف رقم ستة.,انتظر في الموقف رقم ستة.,عند الموقف رقم سته.,عند المحطة رقم ستة .,والانتظار في رقم ستة.,وتسنى فالمحطة رقم ستة.,اصبر في الموقف رقم ستة.,عند نقطة التوقف ستة .,وراعي بالنقطه رقم خمسه.,في الموقف عدد ستة.,استنى عند المحطة رقم سته.,وقف نومرو ستة.
12060,إذا سمحت.,لو سمحت.,من فضلك.,لو سمحت.,لو سمحت.,مشوي، رجاءً.,مشوي، رجاءا.,إزا بتريد.,لو سمحت.,من فضلك.,لو سمحت.,لو سمحت.,المشوي، عافاك.,لو سمحت.,لو سمحت.,من فضلك.,مشوي، رجاءا.,من فضلك .,من فضلك.,محمر، عافاك.,لو سمحت.,سمحت .,لو سمحت.,مصلي، يعيشك.,من فضلك.,مشوي، يعيشك.
12069,تعطيني فليفلة؟,آخد فلفل؟,على الفلفل؟,فلفل؟,شوية فلفل؟,شوية فلفل؟,على فلفل؟,شوية بهار؟,شوية أوراق؟,فلفل اسود؟,شوية فلفل؟,تعطيني فلفل؟,ديال الفلفل؟,فلفل اسود؟,شوية فلفل؟,بعض الفلفل؟,شويه فلفل؟,بعض الفلفل ؟,بعض الفلفل؟,شوية ديال لبزار؟,على ورق؟,شوية فلفل؟,شويه بيبار؟,ناخذ فلفل؟,شوية فلفل؟,شوية فلفل؟
12074,شي أقراه.,حاجة أقراها.,كاش حاجة نقراها.,اقرأ إشي.,عايز أقراها.,شي اقراه.,شي اقراه.,شي إئرا.,حاجة نقراها.,حاجة اقراها.,شي اقرؤه.,شي اقراه.,شي حاجة.,شيء اقراه.,اشي أقرأو.,حاجة اقراها.,شي اقرانو.,أقرؤه .,اقرا شي.,حاجة نقراها.,شيء اقرأه.,اقرأو .,حاجه اقراها.,حاجة نقراها.,حاجه نقراها.,حاجة نقراها.
12101,أربع قناني بيرة بادوايزر، إذا سمحت؟,فوق أربع أزايز بيرة بادوايزر، لو سمحت؟,تطلع أربع زجاجات تع بيرة بودوايزر، من فضلك؟,تبعتلي أربع قناني من بيرة بودويسر، لو سمحت؟,تبعتلي فوق أربع جزازات بيرة بادويسير، لو سمحت؟,تدزلي اربع بطالة بيرة بدويايزر رجاءً؟,ترسلي اربع بطالة بيرة بودوايزر، رجاءا؟,تبعتلي أربع أناني بيرة بودوايزر، إزا بتريد؟,تدز اربع شيش بيرة بدويزر، لو سمحت؟,تبعتلي اربع ازايز بيرة بادوايزر، لوسمحت؟,اطلعلي أربع قناني بيرة بدوايزر، لو سمحت؟,لي اربع غراش بير بودوايزر، لو سمحت؟,أربع زجاجات من البيرة بدويايزر، عافاك؟,فوق أربع علب بيرة بودوايزر، لو سمحت؟,تبعتلي أربع قناني بيرا بودويسر، لو سمحت؟,أربعة قارورات من بيرة براوزر، من فضلك؟,ترسل اربع بطولي من بيره بدويسر، رجاءا؟,فضلك أرسل أربع زجاجات من بيرة بودفايزر .,اربع زجاجات بير بدوايزر، من فضلك؟,ليا اربع زاجات ديال بيرة بودويزر، عافاك؟,اربع علب من بيرة بدوايزر، لو سمحت؟,اربع قناني بدوايزر بيرة، لو سمحت؟,ترسل اربع قوارير بيره بدويسير، لو سمحت؟,اربعين. تنجموا اطلعولي اربعة كعبات بيرة بيدوايس، يعيشك؟,تبعتلي اربع شيش من بيره بادويزر، من فضلك؟,تنجم تهزل أربعة دبابز بيرة بودوايزو، يعيشك؟
12131,سبعين دولار.,سبعين دولار.,سبعون دولار.,سبعين دولار.,سبعين دولار.,بعين دولار.,سبعين دولار.,بسبعين دولار.,سبعين دولار.,سبعين دولار.,سبعين دولار.,سبعين دولار.,سبعين دولار.,سبعين دولار.,سبعين دولار.,سبعين دولار.,سبعين دولار.,دولار .,بسبعين دولار.,سبعين دولار.,سبعين دولار.,دولار .,سبعين دولار.,سبعين دولار.,سبعين دولار.,سبعين دولار.
12140,فندقي بس لقيت غراضي.,لما تلاقى الشنط بتاعتى.,الأمتعة دياولي، من فضلك.,الفندق بس تلاقي الشنطة.,لما نلاقي الشنط بتاعتي.,لمن تلكه الجنط مالتي.,من تكله جنطي.,بس تلائيلي الشنط.,لما تلقى الشناطي.,الفندق لما تلاقي شنطي.,بس اتلاقي شناتيي.,الفندق لما تحصل شناطي.,ملي تلقى الحقايب ديالي.,اذا لقيت شنطي.,الأوتيل لما تلاقي شناتيي.,فندقي لم تلقى شنطي.,لمن تلقي جنطي.,عندما تجد حقائبي .,بالفندق اذا حصلت الشنط.,منين تلقى الأمتعة ديالي.,اذا لقيت حقائبي.,بس تلاقي شناتيي .,لوما تحصل شنطي.,وقت تلقى باقاجي، يعيشك.,لما تلقى شناطيا.,وقت تلقالي فليجاتي.
12150,ونص الصبح بكرة، إذا سمحت.,بكرة الصبح، من فضلك.,الساعة الثامنة و النصف، من فضلك.,ونص الصبح، لو سمحت.,الساعة تمانية ونص، لوسمحت.,ثمانية ونص الصبح، رجاءً.,ونص باجر الصبح، رجاءا.,ونص الصبح، إزا بتريد.,نص بكرة الصبح، لو سمحت.,على تمانية ونص، من فضلك.,ونص الصبح، لو سمحت.,ثمان ونص، لو سمحت.,والثلاثين غدا فصباح، عافاك.,تمانية ونص، لو سمحت.,نص بكرا الصبح، لو سمحت.,تلاتين صباحا، من فضلك.,عد الثميني ونص، رجاءا.,غد ، من فضلك .,صباح الغد، من فضلك.,مع التمنية ونص، عافاك.,نصف بكرة الصبح، لو سمحت.,نص بكرا الصبح، لو سمحت .,ونص بكره الصبح، لو سمحت.,الثمنية و نصف، يعيشك.,دقيقه غدوه الصبح، من فضلك.,مع ثمانية ونص، يعيشك.
12167,وأنا خلقة شبعان.,أوى وأنا خلاص شبعت.,و كليت بزاف.,وأنا أصلاً شبعان كتير.,جدآ وأنا آصلآ أتمليت.,هوايه واني اصلا مقبط.,هوي وانا اصلا مقبط.,كتار وأنا شبعت.,و انا شبعت أساسا.,وانا أساسا شبعان.,وأنا أصلاً شبعان.,وانا اصلاً شبعان.,من اللازم وأنا واجد.,كتير وانا مرة شبعان.,و انا أصلا متقل.,و انا اساسا ملان.,وانا من هسه شبعان.,، ولقد شبعت بالفعل .,من اللازم وأنا متروس.,وأنا أصلا واكل بزاف.,و انا شبعت خلاص.,انا فعلا فل .,انا قد انا ملان.,انا واكل بالباهي.,اني خلاص شبعان.,مزلت كي غير كليت.
12172,غسول فموي.,غسول فم.,غسول للفم.,غسول للفم.,غسول فم.,غسول فم.,غسول فم.,غسول للفم.,غسول فم.,غسول للبؤ.,غسول للتم.,غسول للفم.,غسول الفم.,غسيل الفم.,مضمضة للتم.,غسول الفم.,مال ثم.,للفم .,غسول الفم.,معجون الأسنان.,غسول فم.,للثم .,غسول فم.,معجون اسنان.,غسول فم.,غسول فم.
12173,حاسس منيح.,إنى كويس.,بروحي مليح.,لو سمحت أعطيني دوا.,مش كويس.,على بعضي.,روحي مرتاح.,مرتاح.,اني كويس.,إني كويس.,مو منيح.,اني تعبان.,براسي مزيان.,اني كويس.,حالي منيح.,حاسي تمام.,عدشعر مليح.,بوعكة .,ماني بخير.,هو هاداك.,اني بخير.,منيح .,انا مش بخير.,روحي لاباس.,مش ولابد.,قد بعضي.
12182,شي عالكميات؟,خصومات بالجملة؟,عند الشراء بالجملة؟,خصومات كبيرة؟,تخفيضات كبيرة؟,تخفيضات بالجمله؟,تخفيضات جملة؟,حسومات بالجملة؟,تخفيضات كبيرة؟,خصومات كبيرة؟,حسومات بالجملة؟,تخفيضات كبرى؟,تخفيضات بالجملة؟,تخفيض كبير؟,تخفيضات للجملة؟,اي تخفيض كبير؟,تخفيضات بالجمله؟,كبيرة ؟,تخفيضات بالجملة؟,شي تخفيضات؟,خصومات للجملة؟,تخفيضات بالجملة؟,خصومات بالجمله؟,يشري بالجملة؟,علي الكميات؟,بالجملة؟
12193,أربعة خمسة ستة سبعة.,أربعة خمسة ستة سبعة.,أربعة خمسة ستة سبعة.,أربعة خمسة ستة سبعة.,أربعة خمسة ستة سبعة.,أربعة خمسة ستة سبعة.,اربعة خمسة ستة سبعة.,أبعة خمسة ستة سبعة.,اربعه خمسه سته سبعه.,أربعة خمسة ستة سبعة.,أربعة خمسة ستة سبعة.,اربعة خمسة ستة سبعة.,أربعة خمسة ستة سبعة.,أربعة خمسة ستة سبعة.,أربعة خمسة ستة سبعة.,أربعة خمسة ستة سبعة.,اربعه خمسي ستي سبعه.,أربعة خمسة ستة سبعة .,أربعة خمسة ستة سبعة.,تسعود أربعة خمسة ستة سبعة.,أربعة خمسة ستة سبعة.,أربعة خمسة ستة سبعة.,اربعه خمسه سته سبعه.,أربعة خمسة ستة سبعة.,اربعه خمسه سته سبعه.,أربعة خمسة ستة سبعة.
12240,حديقة الحيوانات؟,جنينة الحيوانات؟,نصيب حديقة الحيوانات؟,حديقة الحيوانات؟,حديقة الحيوان؟,حديقة الحيوانات؟,حديقة الحيوانات؟,لائي الزو؟,حديقة الحيوانات؟,حديقة الحيوان؟,حديقة الحيوانات؟,حديقة الحيوانات؟,حديقة الحيوانات؟,حديقة الحيوانات؟,حديقة الحيوانات؟,حديقة الحيوان؟,حدقيقة الحيوان؟,على حديقة الحيوان .,حديقة الحيوان؟,حديقة الحيوان؟,القى حديقة الحيوانات؟,حديقة الحيوانات ؟,حديقه الحيوانات؟,نلقا حديقة الحيوانات؟,حديقة الحيوانات؟,نلقى حديقة الحيوانات؟
12246,شلون أعدلو؟,إزاى أعدله؟,كيفاش نضبطو؟,كيف أضبطه؟,أظبطه أزاى؟,شلون اضبطها؟,شلون اعدله؟,كيف بزبطو؟,كيف نعدله؟,أظبطه إزاي؟,كيف بعدله؟,شلون اعدله؟,كيفاش نقادو؟,كيف ازبطه؟,كيف أزبطها؟,اضبطوا كيف؟,اعدل هذا؟,من فضلك ؟,كيف اضبطه؟,لي كيفاش كايتصايب؟,كيف اعدله؟,كيف اعمله؟,كيف اعدله؟,كيفاش نصلحوه؟,نقدر نعدله؟,كيفاش نريقلوه؟
12247,باص الجولة؟,جولة الأتوبيس بتنتهى؟,الزيارة بالحافلة؟,الباص السياحي؟,جولة الأتوبيس هتخلص؟,الباص تخلص؟,رحلة الباصظ؟,بيجي الباص؟,السياحية تكون هنا؟,ع الساعة كام؟,بتخلص جولة الباص؟,جولة الباص؟,الدورة ديال الطوبيس؟,الباص تغلق؟,جولة الباص؟,جولة البص بتنتهي؟,تنتهي جولة الباص؟,جولة الحافلة ؟,الوقت جولة الحافلة؟,تكمل الجولة فالطوبيس؟,رحلة الباص تنتهي؟,بتخلص جولة الباص؟,عتتم جوله الباص؟,الزيارة بالكار؟,تكمل رحلة الباص؟,كار مرة أخرى؟
12254,تستخدم تلفون؟,استخدم التليفون؟,نستخدم الهاتف؟,تستخدم التلفون؟,تستخدم التليفون؟,تستخدم تلفون؟,تستخدم التلفون؟,بيستعملو التليفون؟,تستعمل التليفون؟,إزاي نستخدم التليفون؟,تستخدم التلفون؟,تستخدم التلفون؟,نخدم التيليفون؟,تستخدم تلفون؟,تستعمل تلفون؟,تستخدم تلفون؟,تستخدم تليفون؟,الهاتف .,تستخدم التلفون؟,تستخدم التلفون؟,تستخدم التيليفون؟,استخدم التلفون؟,تستخدم التلفون؟,يستعمل التاليفون؟,تستخدم التلفون؟,تستعمل تلفون؟
12259,كتب أمريكية أصلية حلوة.,للكتب أمريكية أصلية جميلة.,الكتب أمريكية أصلية جميلة.,حلوة أمريكية أصلية.,للكتب أمريكية أصلية رائعة.,الكتب الأمريكية الأصليه الحلوة.,كتب امريكية اصلية حلوة.,حلوين اصليين من امريكا.,امريكية اصلية حلوات.,أمريكي أصلي جميلة أوي.,أمريكية أصلية كتير حلوة.,امريكية اصلية حلوة.,الكتب امريكية اصلية مزيانة.,للكتب جميلة أمريكية اصلية.,للكتب منيحة أمريكية الأصل.,الكتب أمريكية اصلية جميلة.,حلوي خاصه بالامريكان الاصليين.,الأصلية الجميلة . للكتب .,الكتب الأمريكية الأصلية الجميلة.,الكتوبة أمريكية أصلية زوينة.,للكتب أمريكية أصلية جميلة.,بالكتاب أمريكية أصلية منيحة.,امريكيه اصلية حاليه.,كتب امريكية اصلية سماح.,كتب أمريكية أصلية حلوات.,امريكية اصلية محلاهم .
12298,ياباني، إذا سمحت.,يابانى، لو سمحت.,اليابانية، من فضلك.,ياباني، لو سمحت.,يابانى، لوسمحت.,اليابانية، رجاءً.,ياباني، رجاءا.,ياباني، إزا بتريد.,ياباني، لو سمحت.,يباني، من فضلك.,ياباني، لو سمحت.,ياباني، لو سمحت.,اليابانية، عافاك.,يأباني، لو سمحت.,ياباني، لوسمحت.,ياباني، من فضلك.,ياباني، رجاءا.,اليابانية من فضلك .,اليابانية، من فضلك.,باليابانية، عافاك.,بالياباني، لو سمحت.,ياباني، لو سمحت.,ياباني، لو سمحت.,ياباني، يعيشك.,ياباني، لو سمحت.,يحكي ياباني، يعيشك.
12331,مهتمين بالموضة.,مهتمين بالموضة.,تهمنا بزاف.,منهتم بالموضة.,قوى بالموضة.,مهتمين بالأزياء.,مهتمين بالازياء.,الموضة.,مهتمين بالفاشن.,مجال الفاشون.,مهتمين بالموضة.,مهتمين بالأزياء.,مهتمين بالأزياء.,مهتمين بالأزياء.,مهتمين بالأزياء.,مهتمين بالموضة.,مهتمين الازياء.,بالأزياء .,مهتمون بالأزياء.,مهتمين بالموضة.,مهتمين بالموضة.,بالازياء .,مهتمين بالموضه.,تعجبنا بارشا.,مهتمين بالموضه.,مهتمين بالموضة.
12333,تجرلي؟,تدينى زقة؟,تجرني؟,قطعة السحب؟,تديني جرة؟,تسحبني؟,تسحبني؟,تئطرني؟,تعطيني سحب؟,تسحب معايا؟,حبل جر؟,تقلصني؟,تسحب معاي؟,تعطيني سطحة؟,كابل للجر؟,تديني مقطورة؟,تنطيني سحب؟,تجر سيارتي ؟,تعطيني ساحب؟,تسحب ليا السيارة؟,نسالة الخيوط؟,خيط ؟,لي حبل؟,تكركرني؟,تجبدني؟,دز بية؟
12345,عيادة اف؟,عيادة إف؟,العيادة أف؟,عيادة اف؟,عيادة إف؟,عيادة اف؟,العيادة اف؟,إف؟,عيادة اف؟,عيادة إف؟,العيادة إيف؟,عيادة إف؟,عيادة اف؟,عيادة اف؟,عيادة اف؟,الكلنك إف؟,العياده اف؟,إف ؟,عيادة اف؟,العيادة إف؟,عيادة اف؟,عيادة اف؟,عيادة اف؟,المصحة اف؟,عياده اف؟,مصحة اف؟
12364,مكالمتك انقبلت. تفضلي، إذا سمحتي.,مكالمتك اتقبلت. اتفضلى، لو سمحتى.,قبول المكالمة ديالك. تفضلي، من فضلك.,مكالمتك زابطة. تفضلي، لو سمحتي.,الخط. مكالمتك اتقبلت. إتفضلى، لوسمحتى.,التلفون. المكالمة انقبلت. تابعي، رجاء.,مكالمتك انقبلت. تفضل، رجاءا.,عالخط. إتصالك مأبول. تفضلي، إزا بتريدي.,مكالمتك تم قبولها. تفضلي، لو سمحتي.,اتصال حضرتك اتقبل. اتفضلي، لو سمحتي.,مكالمتك انقبلت. تفضلي، لو سمحتي.,انقبلت المكالمة. تفضلي، لو سمحتي.,الخط. المكالمة تقبلات. تفضلي، عافاكي.,اتصالك انقبل. تفضلي، لو سمحتي.,اتصالك انقبل. تفضلي، لو سمحتي.,مكالمتك اتقبلت. اتفضلي، من فضلك.,على الخط. اتصالك بدى. اتفضلي، رجاءا.,قبلت دعوتك . استمر من فضلك .,الخط. المكالمة انقبلت. تفضلي، لو سمحتي.,المكالمة ديالك تقبلات. تفضلي، عافاكي.,مكالمتك قبلت. تفضلي، لو سمحتي.,. مكالمتك انقبلت، تفضلي، لو سمحتي .,اتصالك مقبول. اتفضلي، لو سمحتي.,عالخط. مكالمتك بدات. تفضلي، يعيشك.,مكالمتك انقبلت. تفضلي، لو سمحتي.,خط. مكالمتك تقبلت. تفضل، يعيشك.
12391,كوبون بطاقة طلعة؟,كوبون تذكرة رفع؟,تذكرة الرفع؟,كوبون تذكرة الصعود؟,تذكرة المصعد؟,قسمية تذكره رفع؟,ذكرة كوبون رفع؟,بطاءة للأسانسور؟,كوبون رفع التذكرة؟,تزلج الجبل؟,تذكرة رافعة عليها حسم؟,تذكرة تصريح بالتزلج؟,تذكرة رفع؟,كوبون لتذكرة المصعد؟,كوبون تزاكر؟,تزكرة رفع قسيمة؟,تذكره رفع القسيمه؟,تذكرة توصيل بالكوبون ؟,تذكرة رفع القسيمة؟,نشري تذكرة الطلوع؟,قسيمة تذكرة الرفع؟,تذكرة قسيمة الرفع؟,اشتري كوبونات النقل؟,تسكرة متاع اسونسور؟,تذكره الكوبون متاع الاصنصير؟,تسكرت أسنسور؟
12396,ع لوس أنجلس؟,الساعة كام؟,للوس أنجلس؟,نوصل على لوس أنجيلوس؟,أنجلوس إمتى؟,للوس انجلوس؟,للوس انجلس؟,علوس أنجلس؟,للوس انجلس؟,الساعة كام؟,على لوس أنجلوس؟,لوس انجيلوس؟,فيه لوس أنجلوس؟,لوس انجلوس؟,على لوس أنجلوس؟,في لوس أنجلوس؟,نصل للوس انجلس؟,لوس أنجلوس ؟,الى لوس انجلس؟,نلوس أنجلوس؟,لوس انجليس؟,فيه ل لوس انجلوس؟,لوس انجلس؟,للوس انجليس؟,لي لوس انجلس؟,اللوس أنجلوس؟
12403,دقايق، وعويج عاليسار.,خمس دقايق، وإحود شمال.,و دور على اليسار.,خمس دقايق، وروح يسار.,خمس دقايق، وأحود شمال.,دقايق، بعدين لوف يسره.,دقايق، بعدين اكسر يسرى.,دئايئ، ولف عالشمال.,و لف على اليسار.,خمسة دقايق، وادخل شمال.,تقريباً، ولف عاليسار.,تقريباً، عقب لف يسار.,دقائق، وتنتقل لليسار.,بعدين لف يسار.,دقايق، ولف على الشمال.,دقائق، و لف شمال.,دقايق، واستديغ لليساغ.,ثم لف لجهة اليسار .,دقايق وعقب لف يسار.,تقريبا، ودور على ليسار.,دقائق، و لف يسار.,بعدين لف شمال .,دقايق، ولف يسار.,و دور على ليسار.,و بعدين خود يسار.,وبعد دور عل يسر.
12416,هالطريق عالشاطئ.,ناحية الشاطئ.,نحو الشاطئ.,بودي للبحر.,الطريق للشاطئ.,يوصل للشاطئ.,الطريق باتجاه الشاطئ.,صوب البحر.,في اتجاه البحر.,اللي بيودي للبحر.,الطريق عالشط.,صوب الساحل.,فاتجاه الشاطئ.,باتجاه الشاطيء.,باتجاه الشط.,تجاه الشاطئ.,الطريق للشاطي.,في اتجاه الشاطئ .,يودي الشاطى.,الطريق نلبحر.,الى الشاطئ.,للشاطئ .,لجهه الشاطئ.,هوني، للشط.,الطريقبإتجاه البحر.,طريق لشط.
12420,ع تجديد حيوية الجسم.,على تجديد الجسم.,على إعادة الشباب للجسم.,برجع الشباب للجسم.,الجسم على التجديد.,على تنشيط الجسم.,على تجديد الجسم.,عتجديد شباب الجسم.,الجسم على التجديد.,الجسم يستعيد حيويته.,على تجديد شباب الجسم.,ينعش الجسم.,كيساعد فتجديد الجسم.,بتجديد الجسم.,في تجديد الجسم.,في تجديد الجسم.,على تجديد الجسم.,على استعادة نشاطه .,يساعد تجديد الجسم.,على تجديد الجسم.,الجسم على التجديد.,تجديد للجسم .,على تجديد الجسم.,ينشط البدن.,الجسم علي التجديد.,تبان صغير .
12421,باليابان، ما؟,فى اليابان، صح؟,فاليابان، ياك؟,يابانية، هما هيك؟,اليابان، مش كدة؟,باليابان، مو؟,باليابان، مو؟,ما هيك؟,اليابان. مش صح؟,في اليابان، مش كدة؟,باليابان، مو؟,في اليابان، صح؟,اليابان، ياك بصح؟,باليأبان، صح؟,في اليابان، صح؟,اليابان، ول لا؟,باليابان، ما تمام؟,، أليس كذلك ؟,اليابان، أليس كذلك؟,كيتصنعشي فاليابان؟,اليابان، هل هي؟,باليابان، صح؟,اليابان، او ماشي؟,اليابان، موش هكا؟,اليابان، و الا؟,فاليابان، مش هكا؟
12443,سمحت. رح أفرجيك غرفتك.,أنا هوريك الطريق لأوضتك.,دوك نرافقك للغرفة ديالك.,سمحت. راح أورجيك غرفتك.,أنا هوريك أوضتك.,راح اوصل لغرفتك.,راح ادليك على غرفتك.,بتريد. رح دلك عأوضتك.,سمحت. حنوريك دارك.,سمحت. هاوريك أوضتك فين.,رح دلك على غرفتك.,سمحت. بوديك غرفتك.,عافاك. غادي نوريك غرفتك.,سمحت. حوريك غرفتك.,رح أفرجيك وين غرفتك.,فضلك. ح اوديك لغرفتك.,غاح اشوفك غرفتك.,فضلك ، سأوصلك إلى غرفتك .,فضلك. براويك غرفتك.,غادي نوريك الغرفة ديالك.,لو سمحت. بوريك غرفتك.,. رح افرجيك غرفتك .,سمحت. شا اوريك لغرفتك.,تو نوصلك لبيتك.,سمحت. توا نوريك دارك.,بش نهزك البيتك.
12479,قبل الضهر.,قبل الضهر.,قبل منصف النهار.,الفندق قبل الظهر.,الفندق قبل الظهر.,الفندق قبل الظهر.,قبل الظهر.,أبل الضهر.,قبل الظهر.,قبل الضهر.,الأوتيل قبل الضهر.,الفندق قبل الظهر.,الفندق قبل الظهر.,الفندق قبل المساء.,قبل الظهر.,قبل الظهر.,قبل الظهغ.,قبل الظهر .,قبل الظهر.,الأوطيل قبل الظهر.,قبل الظهر.,قبل الضهر .,الفندق قبل ظهر.,قبل نصف النهار.,الهوتيل قبل الظهر.,هوتيل قبل ضهر.
12495,سمحت. بدي آخدن لبرا.,أنا عاوز أخدها برة.,من فضلك. نديهم معايا.,سمحت. بدي أخدهم معي.,أنا عايز أخدهم برة.,رجاءً. اريد اخذهم سفري.,رجاءل. اريد اخذهم برا.,أهوة. بدي آخدون معي.,سمحت. نبي ناخذهم برا.,سمحت. عايزهم تيك اواي.,سمحت. بدي آخدهن معي.,سمحت. باخذهم تيك اوي.,القهوة، عافاك. بغيت نخرجهم.,لو سمحت. أباهم سفري.,سمحت. بدي أخدهم معي.,فضلك. داير اشيلهم برة.,رجاءا. اغيد اخذم بغا.,، نريد تناولها خارج المحل .,من فضلك. أباهم لبرع.,عافاك. غادي نديهوم معايا.,سمحت. ابغى اخذها برا.,سمحت . بدي اطلعهم .,سمحت. اشتي اشلهن لخارج.,قهاوي، يعيشك. باش نهزوهم.,فضلك. نبي ناخدهم معاي برا.,يعيشك. نحب نهزهم معايا.
12510,أشيل هالشنتايتين؟,الشنطتين دول؟,هاذ الزوج أكياس؟,هدول الشنطتين؟,الشنطتين دول؟,هاي الجنطتين؟,بهذن الجنط؟,تحمل هالشنطتين؟,الشنطتين هضينا؟,دول معايا؟,هدول الشنتايتين؟,اشيل هالشنطتين؟,هاد جوج شوانط؟,الشنطتين دولا؟,هدول الشنتتين؟,الشنط دي؟,هذولي الجنطتين معاي؟,حمل هاتين الحقيبتين ؟,على هالشنطتين؟,هاد جوج حقائب؟,هذي الحقيبتين؟,هدول الشنتيتين؟,هذلا الشنطتين؟,الزوز سيكان هاذوما؟,هادو الشناطي الزوز؟,هذم زوز؟
12527,سمك. خرج تبدلو؟,سمك. ممكن تغير دة؟,الحوت. تقدر تبدللي؟,ممكن تغيرلي هاد؟,سمك. ممكن تغيرلى ده؟,سمك. ممكن تبدلها؟,سمج. تكدر تغيرها؟,فيك تغيري يا؟,سمك. ممكن تغير هضا؟,سمك. ممكن تغيرلي ده؟,ممكن اتغير هاد؟,سمج. ممكن تغيره؟,ممكن تبدلي هادشي؟,سمك. ممكن تغير؟,سمك. بتقدر تغيرو؟,ممكن تغير دا؟,سمك. اتطيق تغيرم؟,هل يمكنك تغيير هذا ؟,هل تقدر تغير هذا؟,تبدل ليا هاد الشي؟,سمك. تقدر تغيره؟,. بتقدر تغير هاد؟,سمك. ممكن تغير هذا؟,حوت. تنجم تبدلي؟,حوت. ممكن تغيره؟,حوت. تنجم تبدل؟
12546,فنيان طاول.,منهك تماما.,راهو مهلوك.,على الأخير.,تعبان جداً.,معبيته هدوم.,مبدل بالكامل.,تعبان كتير.,تعبان بكل.,محطم تماما.,تعبان كتير.,منتهي.,عيا بزاف.,مرة تعبان.,تعبان كتير.,أتحذر تماما.,تعبان كلش.,الإعياء الشديد .,بالكامل منهك.,عيان فمرة.,منهك.,الاخر .,منهك تماما.,اللخر وافي.,تعبان هلبه.,برسمي تعب.
12551,عم تقلب.,ع الآخر.,في كرشي.,من معدتي.,في الهضم.,مريض للمعدة.,راح اتقيء.,عم توجعني.,في معدتي.,أرجع.,نفسي.,تقلب.,من المعدة.,لين بطني.,مريض بمعدتي.,مريض للمعدة.,مريض بالمعدي.,بالغثيان .,في المعدة.,كتضرني.,تعبان جدا.,للمعدة .,تاعب لبطني.,في ماعدتي.,بطني وجعتني.,بمعدتي.
12556,مو عقياسي.,مش مقاسى.,من مقاسي.,مش مقاسي.,مش مقاسى.,مو قياسي.,مو قياسي.,مش عئياسي.,مش قياسي.,مش مقاسي.,مو قياسي.,مو مقاسي.,ماشي فحجمي.,مو مقاسي.,مش قياسي.,ما مقاسي.,ما قياسي.,مقاسي .,مب مقاسي.,على قياسي.,مو مقاسي.,من حجمي .,مشو مقاسي.,ماهيش قياسي.,مش مقاسي.,مش قياسي.
12557,بأستاذ ويليام.,أستاذ ويليام.,السيد ويليام.,الأستاذ ويليم.,أقبل الأستاذ وليم.,سيد ويليام.,اليد ويليام.,بالسيد وليم.,سيد ويليام.,استاذ ويليام.,الاستاذ ويليام.,سيد ويليام.,السيد وليام.,السيد ويليام.,سيد ويليام.,مستر ويليام.,بالسيد وليام.,ويليم .,السيد وليام.,السي ويليام.,السيد ويليام.,السيد ويليام .,مستر ويليام.,سي وليام.,السيد ويليام.,سي وليام.
12560,سبع فيتامينات ومعادن.,سبع فيتامينات ومعادن.,سبعة فيتامينات و معادن.,سبع فيتامينات ومعادن.,سبع فيتامينات و معادن.,سبعة فيتامينات ومعادن.,من سبع فيتامينات ومعادن.,سبع فيتامينات ومعادن.,فيتامينات و معادن.,سبع فيتامينات ومعادن.,ومعادن مشكلة.,فيتامينات ومعادن.,سبعة الفيتامينات والمعادن.,سبعة فيتامينات ومعادن.,الفيتامينات و المعادن.,فيتامينات و معادن.,من الفيتامينات والمعادن.,سبعة فيتامينات ومعادن .,من سبعة فيتامينات والمعادن.,سبعة دلفيتامينات ودلمعادن.,فيتامينات و معادن.,فيتامينات و معادن .,فيتامينات و معادن.,الفتامينات و المعادن.,فيتامينات و معادن.,فيتامينات والمعادن.
12562,رخو.,بتتلخلخ.,راهي تنفك.,بتخلخل.,مش متثبته.,فضفاضة.,راخي.,رخو.,اتخلخل.,ملخلخة.,عم يتحرك.,يتقلقل.,ضعيفة.,مهلهل.,السن بيتخلخل.,متروم.,عيتحرك.,""" متقلقلة .",لين.,السنة.,السن رخو.,رخو .,راخيه.,تقلعت.,مش تابته.,ضاعت.
12589,بس أرجع عاليابان؟,لما أرجع اليابان؟,نولي لليابان؟,أرجع على اليابان؟,لما أرجع لليابان؟,لمن ارجع لليابان؟,من ارجع لليابان؟,بس إرجع عاليابان؟,لما نرد لليابان؟,لما أرجع اليابان؟,وقت ارجع عاليابان؟,لما ارجع اليابان؟,ملي نرجع لليابان؟,لما ارجع لليأبان؟,أوصل اليابان؟,المبلغ لم أرجع لليابان؟,من ارجع لليابان؟,عودتي إلى اليابان ؟,لما أعود إلى اليابان؟,منين نرجع لليابان؟,أموال اذا رجعت لليابان؟,بس ارجع لليابان؟,لمن ارجع اليابان؟,نرجع لليابان؟,نرجع اليابان؟,كيف نرجع لليابان؟
12599,مصنوع هالطبق؟,من إيه؟,هاذ الطبق؟,هاد الصحن؟,من أية؟,هذا الصحن؟,هذا الماعون؟,مصنوع هالصحن؟,الاكله هضي؟,من ايه؟,مكونة هالوجبة؟,يتكون هالطبق؟,هاد الطبق؟,الطبق دا؟,هدا الصحن؟,من شنو؟,هذا الصحن؟,هذا الطبق ؟,شو مسوأي؟,هاد الطبق؟,هذا الطبق؟,هاد الطبق؟,هذه الطبخه؟,الصحن هذا؟,الاكله هادي؟,معمول دبش؟
12603,مصنوع هاد؟,أنهى دولة؟,بلاد مصنوع؟,هاد مصنوع؟,فى أى بلد؟,الشي مصنوع؟,مصنوع هذا؟,مصنوع هيدا؟,هضا مصنوع؟,صنع فين؟,مصنوع هاد؟,مصنوع هذي؟,كيتصوب هادا؟,صنع دا؟,مصنوع هدا؟,فيها دا؟,هذا مصنوع؟,صنعت هذه .,هذا في؟,هاد الشي؟,دولة هذا؟,معمول هاد؟,هذا مصنوع؟,بلاد تصنع؟,مصنوع هدا؟,بلد مصنوع؟
12608,بعشر دقايق؟,عشر دقايق؟,عشرة دقائق؟,عشر دقايق؟,عشر دقايق؟,بعشر دقايق؟,بعشر دقايق؟,بعشر دئايئ؟,عشر دقايق؟,عشر دقايق؟,بعشر دقايق؟,عشر دقايق؟,فعشرة دقائق؟,بعشر دقأيق؟,بعشر دقايق؟,عشرة دقائق؟,بعشغ دقايق؟,بعد عشر دقائق ؟,عشر دقائق؟,فعشرة دقايق؟,عشر دقائق؟,بعضر دقايق؟,بعشر دقايق؟,في درجين؟,في عشرة دقايق؟,عشرة دقايق؟
12611,حدا هون بيحكي ياباني؟,أى حد هنا بيتكلم يابانى؟,كاين كاش واحد يهدر اليابانية؟,حد هون بحكي ياباني؟,أى حد هنا بيتكلم يابانى؟,واحد هنا يحجي ياباني؟,واحد هنا يحجي ياباني؟,حدا بيحكي ياباني هون؟,أي يحكي ياباني هنا؟,أي حد بيتكلم ياباني هنا؟,حدا هون بيحكي ياباني؟,أي احد هني يتكلم ياباني؟,شي حد كيتكلم اليابانية؟,احد هنا يتكلم يأباني؟,حدا هون بيحكي ياباني؟,أي زول هنا بتكلم ياباني؟,اي ويحد يحكي ياباني هوني؟,من يتحدث اليابانية هنا ؟,واحد يتكلم ياباني اهني؟,واحد هنا كايهضر باليابانية؟,احد هنا يتكلم ياباني؟,اي حدا هون بيحكي ياباني؟,احد هانا يتحاكى ياباني؟,شكون يحكي ياباني هوني؟,حد هنايا يتكلم ياباني؟,شكون يحكي ياباني هوني؟
12615,فيشة أنفاق؟,عملة المترو؟,الجوتون تع الميترو؟,رمز القطار؟,رمز المترو؟,بطاقة مترو الانفاق؟,باص المترو؟,آخد فيش للمترو؟,رمز المترو؟,المترو منين؟,فيشة مترو؟,عملة المترو؟,رمز مترو الانفاق؟,تذكرة مترو؟,قطعة للميترو؟,علي رمز النفق؟,معدنيي مال قطار الانفاق؟,مسكوكة لركوب المترو ؟,رمز مترو الانفاق؟,ديال مترو الأنفاق؟,على تذكرة مترو؟,اخذ قطعة المترو؟,رمز مترو الانفاق؟,الرموز متاع الميترو؟,ناخد قروش الميترو؟,قطيع مترو؟
12638,عشرين عينة إضافية.,هتتبعتولك بالبريد.,رايحين نبعثوهوملك.,نبعتلك إياها بالبريد.,زيادة هتتبعتلك.,نموذج اضافي بالبريد.,راح ينرسلن الك.,نموزج زيادة.,حيتم ارسالهن لك.,هايتبعتولك بالبريد.,عينة إضافية.,زيادة بتنرسل لك.,عينة إضافية ليك.,حتنرسل لك.,رح ينبعتولك.,ح يرسلوا ليك.,غاح ينشحنون الك.,عينة إضافية .,عينة إضافية لك.,تسيفط ليك فالبريد.,بتنرسل لك.,عينة اضافية .,عينه اضافيه.,تو يتبعثولك.,حاتنبعتلك بالبريد.,يوصلوك عل ميل.
12644,لأنو بشرتي جافة.,بشرتى نوعا ما جافة.,البشرة ديالي جافة.,بشرتي جافة نوعاً ما.,لإن بشرتى غالبآ جافة.,بشرتي على العكس جافة.,لان جلدي شوي ناشف.,لئلي لأنو بشرتي ناشفة.,جلدتي كيف الي جافة.,عشان أنا بشرتي جافة.,لأن بشرتي جافة.,لأن بشرتي جافة.,ديالي ناشفة شوية.,عشان بشرتي جافة.,لانه بشرتي جافة أصلاً.,لأن بشرتي جافة شديد.,بشرتي جافي نوعا ما.,جاف إلى حد ما .,لأن بشرتي جافة نوعا ما.,البشرة ديالي ناشفة بزاف.,لي لان جلدي جاف.,نوعا ما جافة .,بشرتي جافه نوعا ما.,جلدتي شايحة شوية.,لانه بشرتي جافه.,خاطر بشرتي شايحة.
12650,الأوقات، إذا سمحت؟,بالمواعيد، لو سمحت؟,التوقيت، من فضلك؟,المواعيد، لو سمحت؟,المواعيد، لو سمحت؟,الجدول الزمني رجاءً؟,جدول زمني، رجاءا؟,الوأت، إزا بتريد؟,موقوت، لو سمحت؟,مواعيد، لو سمحت؟,مواعيد، لو سمحت؟,التوقيت، لو سمحت؟,زمني، عافاك؟,لو سمحت؟,الأوقات، لو سمحت؟,زمني، من فضلك؟,جدول المواعيد، رجاءا؟,، من فضلك ؟,زمني، من فضلك؟,جدول زمني، عافاك؟,الوقت، لو سمحت؟,لو سمحت؟,لو سمحت؟,الاوقات، يعيشك؟,الموعيد، من فضلك؟,أوقات، يعيشك؟
12658,رح أستنا.,أفتكر هستنى.,راح نستنا.,راح أستنى.,متهيلى هستنى.,راح انتظر.,راح انتظر.,رح إنطر.,انضني حنراجي.,إني هاستنى.,رح استنى.,شكلي بنتظر.,غادي ننتظر.,اني حنتظر.,رح أستنى.,ح انتظر.,غاح انتظر.,سوف أنظر .,اني بانتظر.,غادي نتسنى.,اني بنتظر.,رح استنى .,شا اراعي.,نقعد نستنى.,حا نستنى.,نتصوربش نستنا.
12671,بالساعة عالولد.,الساعة لكل طفل.,للساعة للطفل.,بالساعة لكل طفل.,الساعة لكل عيل.,بالساعة للطفل الواحد.,الساعة للطفل.,عالساعة لكل ولد.,في الساعة للطفل.,الساعة للطفل.,بالساعة لكل طفل.,الساعة حق الياهل.,لكل ساعة.,بالساعة لكل طفل.,في الساعة على الولد.,للساعة للطفل.,ساعه لكل طفل.,الساعة للطفل ؟,لكل ساعة.,فالساعة للدري.,للساعة لكل ولد.,لكل طفل .,على الجاهل.,الساعة للطفل.,في الساعه للعيل.,لطفل بليلة.
12672,آسف، نفقنا.,آسف، إتباع.,داو كلش.,بعناهم كلهم.,إحنا أتبعنا.,المبيعات خلصت.,بعناهم كلهم.,خلصت بضاعتنا.,كمل عندنا.,آسف. بعناه.,نفقنا.,كل اللي عندنا.,راه بعناه.,بس انباعت.,كله مبيوع.,نحن بعنا.,اللي عدنه.,الصنف لدينا .,نحن بعناها.,شي تسالا.,انباعت بالكامل.,خلصنا .,قد ابتاعين.,شيء اتاخذ.,بعنا كل شي.,كلو تباع.
12677,يكون هادي.,يكون هادى.,يكون هادئ.,يكون هادي.,يبقى هادي.,تكون هادئ.,يكون هادئ.,يكون هادي.,يكون هادي.,يكون هادي.,يكون هادي.,يكون هادي.,يكون هادي.,يكون هادئ.,يكون هادي.,يكون هادئ.,يكون هادي.,هادئة .,يكون هادئ.,يكون هادئ.,يكون هادئ.,هادي .,يكون هادئ.,يكون رايض.,يكون هادي.,يكون هادي.
12678,معداتي الخاصة.,معداتى الخاصة.,الجهاز ديالي.,عدتي الخاصة.,العدة بتاعتى.,معداتي الخاصة.,معدتي الخاصة.,معداتي الخاصة.,آلتي الخاصة.,معايا أدواتي.,معداتي الخاصة.,ادواتي.,المعدات ديالي.,أدواتي.,عدتي.,معداتي الخاصة.,معداتي الخاصه.,الخاصة .,الخاصة بي.,فريقي الخاص.,معداتي الخاصة.,معداتي .,مكينتي.,حوايجي.,العدة متاعي.,أدواتي لخاصة.
12679,تلاتة، إذا سمحت.,تلاتة، لو سمحت.,ثلاثة، من فضلك.,تلاتة، لو سمحت.,زيرو تلاتة، لوسمحت.,وتلاثة، رجاءً.,وتلاثة، رجاءا.,وتلاتة، إزا بتريد.,ثلاثة، لو سمحت.,تلاتة، لو سمحت.,تلاتة، لو سمحت.,وثلاثة، لو سمحت.,صفر ثلاثة، عافاك.,تلاتة، لو سمحت.,صفر تلاتة، لو سمحت.,تلاتة، من فضلك.,صفر ثلاثي، رجاءا.,، من فضلك .,ثلاثة، من فضلك.,زيرو تلاتة، عافاك.,ثلاثة، لو سمحت.,ثلاثة، لو سمحت.,ثلاثه، لو سمحت.,و ثلاثة، يعيشك.,تلاته، من فضلك.,صفر تلاثة، يعيشك.
12699,ترمينال مان؟,مان بيتعرض؟,ترمينال مان؟,ترمينال مان؟,هيتعرض تيرمينال مان؟,ترمينال مان؟,ترمينال مان؟,ترمينال مان؟,مان حينعرض؟,ترمينال مان؟,ينعرض تيرمينال مان؟,تيرمنال مان؟,ترمينال مان؟,تيرمنال مان؟,تيرمينال مان؟,مان بكون معروض؟,مال ترمينال مان؟,"المحطة الأخيرة "" ؟",ترمينال مان؟,التيرمينال مان؟,ينعرض تيرمنال مان؟,ينعرض ترمينال مان؟,بينعرض تيرمينال مان؟,ترمينال مان؟,عرض تيرمينال مان؟,الترمينال مان؟
12701,الكوافير؟,الكوافير؟,جاي الحفاف؟,صالون الشعر؟,محل الكوافير؟,الحلاقين؟,مصفف الشعر؟,الحلاء؟,الكوافير؟,الحلاق فين؟,تبع الحلاق؟,يسوون الشعر؟,مصفف الشعر؟,صالون الشعر؟,الكوافير؟,مصففين الشعر؟,مصفف الشعغ؟,الحلاق ؟,مصفف الشعر؟,جا الحلاق؟,مصفف الشعر؟,مصفف الشعر؟,الصالون؟,يجي الحجام؟,المزين؟,موجود لحجام؟
12708,إذا سمحت.,لو سمحت.,من فضلك.,لو سمحت.,لو سمحت.,سبعة، رجاءً.,رجاءا.,إزا بتريد.,لو سمحت.,لو سمحت.,لو سمحت.,لو سمحت.,السابعة، عافاك.,لو سمحت.,لو سمحت.,من فضلك.,سبعه، رجاءا.,من فضلك .,من فضلك.,تماما، عافاك.,لو سمحت.,لو سمحت.,لو سمحت.,يعيشك.,من فضلك.,، يعيشك.
12712,متشركة.,بتاعتى اتبهدلت.,فسدت.,السفر خربت.,باظت.,السوتكيس تلفت.,مفلشة.,تضررت.,ادمرت.,باظت خالص.,مضروبة.,تضررت.,ديالي معطوبة.,تلفت.,خربت.,اتدمرت.,مكسوغه.,حقيبتي .,خرابة.,تكرفسات.,تضررت.,اتدمرت.,اتخربت.,فزدت.,فسدت.,ضاعت.
12713,سياحة.,سياحة.,سياحة.,سياحة.,سياحة.,سياحة.,سياحة.,سياحة.,سياحة.,سياحة.,سياحة.,سياحة.,سياحة.,سياحة.,سياحة.,سياحة.,سياحة.,المعالم .,سياحة.,سياحة.,المدينة.,سياحة.,سياحه.,سياحة.,سياحة.,سياحة.
12732,من إسبانيا.,من أسبانيا.,إسباني.,من اسبانيا.,من أسبانيا.,من اسبانيا.,من اسبانيا.,من إسبانيا.,من اسبانيا.,من اسبانيا.,من إسبانية.,من اسبانيا.,من اسبانيا.,من اسبانيا.,من اسبانيا.,من اسبانيا.,من اسبانيا.,إسبانيا .,من اسبانيا.,من إسبانيا.,من اسبانيا.,من اسبانيا.,من اسبانيا.,اسبنيولي.,من اسبانيا.,من سبانيا.
12750,تعطيني غيرها، إذا سمحت؟,تدينى واحد غيره، لو سمحت؟,تقدر تعطيني واحدوخرا، من فضلك؟,تعطيني وحدة تانية، لو سمحت؟,تدينى واحد تانى، لو سمحت؟,ممكن تنطيني واحد ابداله؟,تنطيني واحد ثاني، رجاءا؟,وحدة تانية إزا بتريد؟,تقدر تعطيني واحد اخر، لو سمحت؟,تديلي واحد تاني، من فضلك؟,تعطيني غيرها، إذا بتريد؟,تعطيني وحدة ثانية، لو سمحت؟,ممكن تعطيني وحدة أخرى، عافاك؟,هو بواحد تاني، لو سمحت؟,تعطيني واحد غيرو، لو سمحت؟,تديني واحد تاني، من فضلك؟,تنطيني وحدي اللخ، رجاءا؟,أعطني غيره ، من فضلك .,هل تعطيني واحدة أخرى، من فضلك؟,تعطيني شي واحد آخر، عافاك؟,تعطيني واحد ثاني، لو سمحت؟,تعطيني وحدة ثانية، لو سمحت؟,تديلي واحد ثاني، لو سمحت؟,تنجم تعطيني وحدة اخرى، يعيشك؟,ممكن تعطيني واحد تاني، من فضلك؟,ميسلش تعتني وحدة أخرى، يعيشيك؟
12755,ع إيدي.,على دراعى.,في ذراعتيا.,على إيدي.,جلدى على ذراعى.,على ذراعي.,على ايدي.,طفح عإيديي.,على ذرعاني.,على دراعي.,على إديي.,في يدي.,في يدي.,جلدي بيديني.,على ايدي.,في اذرعي.,على ايديي.,ذراعي .,على ذراعي.,جلدي على درعاني.,في يدي.,على ايدي .,في يدي.,فوق يدية.,علي يدي.,في يدي.
12761,عاليابان، إذا سمحت.,لليابان، لو سمحت.,لليابان، من فضلك.,لليابان، لو سمحت.,لليابان، لو سمحت.,الجوي لليابان، رجاءً.,بالجو لليابان.,عاليابان، إزا بتريد.,لليابان، لو سمحت.,لليابان، لو سمحت.,عاليابان، لو سمحت.,لليابان، لو سمحت.,لليابان، عافاك.,لليأبان، لو سمحت.,لليابان، لو سمحت.,لليابان، من فضلك.,لليابان، رجاءا.,الجوي إلى اليابان .,اليابان، من فضلك.,يتصيفط لليابان، عافاك.,لليابان، لو سمحت.,لو سمحت.,لليابان، لو سمحت.,لليابان، يعيشك.,لليابان، من فضلك.,لليابان، يعيشك.
12766,أقرب صيدلية؟,أقرب صيدلى؟,القريبة من هنا؟,أقرب مختبر؟,أقرب صيدلى؟,اقرب كيميائي؟,اقربكيميائي؟,أأرب صيدلية؟,أقرب كيميائي؟,أقرب صيدلية؟,أقرب صيدلي؟,اقرب صيدلية؟,أقرب كيميائي؟,اقرب صيدلي؟,أقرب كيميائي؟,أقرب صيدلية؟,اقغب صيدلاني؟,صيدلية ؟,أقرب صيدلية؟,اللي قريبة؟,اقرب صيدلي؟,اقرب كيميائي؟,اقرب صيدلي؟,من هوني؟,اقرب كيميائي؟,صيدلي هوني؟
12770,إذا سمحت.,لو سمحت.,من فضلك.,لو سمحت.,لو سمحت.,نبيذ، رجاءً.,واين، رجاءا.,إزا بتريد.,لو سمحت.,من فضلك.,لو سمحت.,لو سمحت.,آخور، عافاك.,لو سمحت.,لو سمحت.,من فضلك.,اللاخ، رجاءا.,من فضلك .,من فضلك.,آخر، عافاك.,لو سمحت.,سمحت .,لو سمحت.,من فضلك.,من فضلك.,اخر، يعيشك.
12773,كتير ودودين.,ودودين جدا.,بزاف طيبين.,كتير لطيفيين.,ودوده جدآ.,كولش ودودين.,كلش وديين.,أريبين للألب.,ودودين بكل.,لطاف جدا.,كتير لطيفين.,طيبين.,ظريفة بزاف.,مرة حبوبين.,كتير لطيفين.,ودودين جدا.,كلش ودودين.,جداً .,واجد طيبين.,ضريفين بزاف.,ودودين للغاية.,كثير .,حبوبين قوي.,على محلاهم.,حبوبين هلبه.,محلاهم.
12776,بيتضمن السعر؟,ضمن السعر؟,داخلين فالسعر؟,بتضمن السعر؟,أية جوه السعر؟,هذا السعر؟,بهذا السعر؟,بيتضمن هالسعر؟,في السعر؟,كام مشروب؟,بيتضمن السعر؟,شراب بهالسعر؟,داخلة فهاد الثمن؟,اللي داخلة بالسعر؟,في الحساب؟,في السعر؟,متضمن بالسعر؟,يغطيها السعر ؟,المحسوبه في السعر؟,داخلين فالتمن؟,هذا السعر؟,مشمول بالسعر؟,المحسوبات بالسعر؟,داخل في السوم؟,في السعر؟,تتشرب فالأسوام؟
12777,عملتها.,عملتها.,درتها.,اعملتها.,عملتها.,سويتها.,سويته.,عفاك.,درته.,عملتها.,عملت هالشي.,سويتها.,درتي هادشي.,سويتها.,عملتها.,عملتها.,اعملتو.,تحقيق ذلك .,فعلتها.,درتيها.,فعلتها.,عملتها .,فعلتها.,عملته.,درته.,عملتها.
12782,ع هالطيارة؟,لرحلة الطيران دى؟,للطيارة لهاذ الرحلة؟,لرحلة الطيران هاي؟,للرحلة دى؟,لهاي الرحلة؟,لهاي الرحلة؟,هيدي الطيارة؟,للرحلة هضي؟,للرحلة دي منين؟,تبع هي الرحلة؟,حق هالرحلة؟,الطلوع لهاد الرحلة؟,الصعود للرحلة دي؟,لهاي الرحلة؟,للرحلة دي؟,لهاي الرحله؟,بالنسبة لهذه الرحلة ؟,الصعود لهالرحلة؟,بهاد الرحلة؟,لهذه الرحلة؟,لهاي الرحلة؟,لهذه الرحله؟,للرحلة هذه؟,للرحلة هادي؟,يطلع لطيارة؟
12790,تحجز طاولة جنب الشباك؟,تحجز ترابيزة جنب الشباك؟,مكان قريب من الطاقة؟,تحجزلي طاولة عند الشباك؟,تحجز طربيزة جنب الشباك؟,تحجزلي طاولة يم الشباك؟,تحجزلي ميز يم الشباج؟,تحجزلي طاولة حد الشباك؟,طاولة قريب من الروشن؟,تحجزلي تربيزة جنب الشباك؟,تحجز وحدة ناح الشباك؟,لي طاولة عند الدريشة؟,تحجزلي طبلة حدا السرجم؟,تحجزلي طاولة جمب الطاقة؟,تحجزلي طاولة على الشباك؟,تحجز طربيزة جنب الشباك؟,تحجز ميز قغيب عالشباك؟,بالقرب من النافذة من فضلك .,حجز طاولة على النافذة؟,تحجز لينا واحدة احدى النافذة؟,تحجز طاولة عند النافذة؟,تحجز طاولة عند الشباك؟,احجز طاوله جمب الطاقه؟,تاخذولنا بلاصة بحثا البرسانة؟,تحجز الي بحدا الروشن؟,تنجم تحجزلنا بحذا شباك؟
12805,الصعود وخلصوا؟,للطيارة تم فعلا؟,للصعود جاز؟,فتح بوابة الصعود؟,البوردنج أتعمل؟,الصعود تم؟,الصعود اذاعوه؟,الطلعة عالطيارة؟,ولا لا؟,الركوب اتقال؟,عن الصعود؟,الاقلاع خلاص؟,للطائرة داروه قبل؟,عن الصعود؟,على الطيارة؟,اساسا معمولة؟,للطياغه معمول مسبقا؟,الصعود إلى الطائرة ؟,إلى الطائرة بالفعل؟,الركوب داز؟,الصعود حدث؟,على الطيارة انحكي؟,اعلان الصعود؟,للطلوع؟,اعلان الركوب؟,على طلوع؟
12810,طعنش ألف قدم.,اتناشر ألف قدم.,اثناعشر ألف قدم.,طنعشر ألف قدم.,أتناشر ألف قدم.,اثنعش ألف قدم.,اثنعش الف قدم.,ألف أدم.,اطناشر الف قدم.,اتناشر ألف قدم.,اطنعش ألف قدم.,اثنعش ألف قدم.,عشر ألف قدم.,اثناعشر الف قدم.,اتناعشر الف قدم.,اتناشر ألف قدم.,اثنعش الف قدم.,عشر ألف قدم .,عشر ألف قدم.,اطناش ألف قدم.,عشر الف قدم.,الف قدم .,اثناعشر الف قدم.,ثناش الف قدم.,طناشر الف قدم.,ثناش ألف قدم.
12820,نشوف شارع وول.,نشوف وول ستريت.,نشوفو وال ستريت.,نشوف الوول ستريت.,نشوف وال ستريت.,نشوف وول ستريت.,وول ستيريت.,شوف وال ستريت.,وول ستريت.,وال ستريت.,نشوف وول ستريت.,نشوف وول ستريت.,وول ستريت.,وول ستريت.,نشوف وال ستريت.,وول استريت.,ول ستريت.,وول ستريت .,نشوف وول ستريت.,نشوفو وول ستريت.,وال ستريت.,وول ستريت .,شارع وول.,نزوروا وول ستريت.,نشوفو وول ستريت.,نشوفو ول ستريت.
12822,باص أوكسفورد؟,أتوبيس أكسفورد؟,لي تدي لأوكسفورد؟,الباص لأوكسفورد؟,بتاع أكسفورد؟,الى اكسفورد؟,الباص لاكسفورد؟,الباص عأوكفرود؟,الحافلة لاكسفورد؟,بيروح أوكسفورد منين؟,تبع أكسفورد؟,باص اوكسفود؟,الحافلات فأكسفورد؟,الباص لأكسفورد؟,الباص لأوكسفورد؟,البص لاكسفورد؟,مال اوكسفورد؟,تقصد أكسفورد ؟,الحافلات في أكسفورد؟,اللي كتدي لأكسفورد؟,الباص لاكسفور؟,في أكسفورد؟,حق اوكسفورد؟,متاع أكسفورد؟,لي اوكسفورد؟,الكار في أكسفورد؟
12823,ما يفضى التراس.,التراس يبقى متاح.,مكان على التراس.,ما يفضى الترس.,ماالبلكون تفضى.,ما تفرغ مصطبة.,تكونالشرفة متاحة.,تفضى السطيحة.,تقعد فاضية.,التراس يبقى متاح.,يفضى التراس.,تفضى البلكونة.,يكون السطح متوفر.,البلكونة تفضى.,ليفضى التراس.,الشرفة تكون متاحة.,تكون المصطبه متاحه.,في التراس .,الشرفه فاضية.,شي بلاصة فالشرفة.,تفضى الشرفة.,مجال على الترس .,تفضى البلكونه.,بلاصة في التاراس.,يفضى التراس.,تفرغ المادة. .
12835,جزادين جلد؟,محافظ جلد؟,جيبية من الجلد؟,محافظ جلد؟,محافظ جلد؟,محافظ جلدية؟,محافظ جلدية؟,جزدان جلد؟,جزادين جلد؟,محافظ جلد؟,جزادين جلد؟,ابواك جلدية؟,محفظات ديال الجلد؟,محافظ جلود؟,جزادين جلد؟,المحافظ جلدية؟,محفظات جلديه؟,على حافظات جلدية ؟,الابواك الجلدية؟,بزاطم من الجلد؟,المحافظ الجلدية؟,محافظ جلدية؟,المحافظ الجلدية؟,السطوشات الكوير؟,تزادين جلد؟,م جلد؟
12861,مباراة بيسبول طالعة.,فى ماتش بيسبول شغال.,تجوز مباراة بيزبول.,في عليه مباراة بيسبول.,فيه ماتش بيسيول شغال.,اكو لعبة بايسبول.,اكو لعبة بيسبول.,في مبارات باسكتبول.,في مبارة بيسبول بادية.,في لعبة بيسبول.,طالعة لعبة بيسبول.,في مباراة بيسبول.,واحد الماتش ديال البيسبول.,فيه مباراة بيسبول.,في لعبة بيسبول.,لعبة بيسبول شغالة.,مباراة كره سله عتنعرض.,فيها مباراة بيسبول .,مباراة بيسبول معروضة.,واحد المباراة ديال البيسبول.,مباراة بيسبول معروضة.,لعبة بايسبول شغالة .,به مباراه بيسبول.,في ماتش البيسبول.,في مبارة بيسبول توا.,فما لعبة البايزبل فيها.
12878,تبعك هون؟,الاتصال بتاعك هنا؟,ديالك هنا؟,تبعك هون؟,التواصل بتاعك هنا؟,الاتصال مالتك هنا؟,عنوانك هنا؟,الإتصال هون؟,عنوانك هنا؟,نوصلك فيه هنا؟,الاتصال تبعك هون؟,الاتصال فيك هني؟,ديالك هنا؟,التواصل حقك هنا؟,عنوانك هون؟,عنوانك هنا؟,عنوانك هوني؟,في هذا المكان ؟,جهة الاتصال اهني؟,الاتصال ديالك هنا؟,التواصل هنا؟,عنوانك هون؟,عنوانك هانا؟,عنوانك هوني؟,عنوانك هنايا؟,متاعك هوني؟
12884,وين أقرب صيدلية.,فين أقرب صيدلية.,الصيدلية القريبة من هنا.,أقرب صيدلية موجودة.,أقرب صيدلية هنا.,اقرب صيدلية.,اقرب صيدلية.,وين أأرب صيدلية.,وين اقرب صيدلية.,فين أقرب صيدلية.,أقرب صيدلية.,وين اقرب صيدلية.,كاين أقرب صيدلية.,اقرب صيدلية هنا.,وين أقرب صيدلية.,وين أقرب صيدلية.,اقغب صيدليه.,أقرب صيدلية .,وين اقرب صيدلية.,فين أقرب صيدلية.,وين اقرب صيدلية.,وين اقرب صيدلية.,اين اقرب صيدليه هانا.,اقرب فارماسي.,اقرب صيدلية.,أقرب صديدلية.
12903,عنوان فندقي هون.,عنوان الأوتيل بتاعى هنا.,العنوان راهو هنا.,عنوان فندقي هون.,سمحت. عنوان الفندق أهو.,عنوان الفندق هنا.,عنوان الفندق هنا.,بتريد. عنوان الاوتيل هون.,عنوان هوتيلي هنا.,عنوان الفندق هنا.,عنوان الأوتيل هون.,عنوان الفندق هني.,عنوان فندقي هنا.,عنوان فندقي هنا.,هي عنوان الأوتيل.,عنوان فندقي هنا.,فندقي هوني.,عنوان فندقي في هذه الورقة .,عنواني مكتوب اهني.,ديالو هاهو هنا.,عنوان فندقي هنا.,هي عنوان الفندق .,عنوان الفندق هانا.,العنوان هوني.,هدا عنوان الهوتيل.,وتيل متاعي هوني.
12905,غير طوكيو؟,جنب طوكيو؟,من غير طوكيو؟,اللي جنب طوكيو؟,جنب طوكيو؟,الى جانب طوكيو؟,يم طوكيو؟,حد طوكيو؟,غادي خاطي طوكيو؟,جنب طوكيو؟,غير طوكيو؟,بالاضافة لطوكيو؟,حدا طوكيو؟,مع طوكيو؟,جنب طوكيو؟,بجانب طوكيو؟,بجانب طوكيو؟,إلى طوكيو ؟,إلى جانب طوكيو؟,من غير طوكيو؟,بالإضافة الى طوكيو؟,مع طوكيو؟,غير طوكيو؟,ولاية بخلاف طوكيو؟,من غير طوكيو؟,غادي في طوكيو؟
12917,إذا سمحت.,شوية لو سمحت.,شوية، من فضلك.,شوي لو سمحت.,شوية لو سمحت.,شويه رجاءً.,للحظة رجاءا.,اذا بتريد.,شوية لو سمحت.,شوية لو سمحت.,إذا بتريد.,لو سمحت.,شوية عافاك.,لو سمحت.,شوي لو سمحت.,لفترة من فضلك.,شويه رجاءا.,لحظة من فضلك .,من فضلك.,شوية، عافاك.,فترة لو سمحت.,لو سمحت .,شويه لو سمحت.,شوية، يعيشك.,شويه من فضلك.,شوية، يعيشك.
12936,بالبيت بعد العشا؟,فى البيت بعد العشا؟,بعد العشا؟,بالبيت بعد العشا؟,في البيت بعد العشا؟,بالبيت بعد العشي؟,بالبيت بعد العشا؟,بالبيت بعد العشا؟,الحوش بعد العشاء؟,البيت بعد العشا؟,بالبيت بعد العشا؟,البيت بعد العشا؟,مور العشا عادة؟,بالبيت بعد العشاء؟,الدار بعد العشا؟,في البيت بعد العشاء؟,بعد العشوي بالبيت؟,بعد تناول العشاء ؟,المنزل بعد العشاء؟,مورا لعشا فدارك؟,البيت بعد العشاء؟,بالعادة بعد العشاء؟,بالبيت بعد العشاء؟,تعمل بعد العشاء؟,العشي في الحوش؟,في الدار بعد لعشا؟
12941,تلعب غولف؟,تلعب جولف؟,تلعب الغولف؟,تلعب جولف؟,تلعب جولف إمتى؟,تلعب غولف؟,تلعب كولف؟,تلعب غولف؟,تلعب غولف؟,جولف امتى؟,تلعب غولف؟,تلعب قولف؟,تلعب الغولف؟,نلعب قولف؟,تلعب غولف؟,تلعب قولف؟,نلعب كولف؟,أن تلعب جولف ؟,أن تلعب الغولف؟,تلعب الغولف؟,تلعب عولف؟,بتحب تلعب غولف؟,نلعب جولف؟,تلعب قولف؟,تلعب قولف؟,تلعب الغولف؟
12945,حوالي الساعة تلاتة.,حوالى الساعة تلاتة.,الثالثة بعد الزوال تقريبا.,حوالي الساعة تلاتة.,على الساعة تلاتة.,بحدود الساعة تلاثة.,بالبيت بحدودالتلاثة.,الساعة تلاتة.,مع الثلاثة هكي.,على تلاتة.,عالتلاتة تقريباً.,على الساعة ثلاث.,فالدار تقريبا فالثلاثة.,الساعة تلاتة.,بحدود الساعة تلاتة.,البيت حوالي تلاتة.,بالبيت بحدود الثلاثي.,حوالي الثلاثة .,المنزل حول ثلاثة.,مع التلاتة.,حوالي الساعة ثلاث.,على الساعة ثلاثة .,حوالي ثلاث.,قبل الثلاثة متاع لعشية.,مع الساعة تلاتة.,مع ماضي تلاثة.
12952,بالسفارة اليابانية.,السفارة اليابانية.,هاتفيا بسفارة اليابان.,بالسفارة اليابانية.,السفارة اليابانية.,بالسفارة اليابانية.,بالسفارة اليابانية.,بالسفارة اليابانية.,السفارة اليابانية.,السفارة اليابانية.,بالقنصلية اليابانية.,السفارة اليابانية.,بالسفارة اليابانية.,السفارة اليأبانية.,السفارة اليابانية.,بالسفارة اليابانية.,بالسفاره الياباني.,بالسفارة اليابانية .,السفارة اليابانية.,بسفارة اليابان.,السفارة اليابانية.,السفارة اليابانية.,للسفاره اليابانيه.,سفارة اليابان.,السفارة اليابانيه.,سفارة اليابان.
12968,شوي.,كمان.,كثر.,شوي.,شوية.,بعد اكثر.,بعد.,شوي.,أخرى.,شوية.,تانية.,شوي.,شوية.,شوية.,شوي.,شوية.,اكثغ.,قليلاً .,قليلا.,اكتر.,شوي.,شوي.,شويه.,بشوية.,زياده.,شوية.
12969,الفرجة عالمعالم السياحية؟,السياحية بتمشى منين؟,للرحلات السياحية؟,باصات المعالم السياحية؟,بيتحرك من فين؟,مال المعالم السياحية؟,المدينة منين تروح؟,باصات السياحة؟,السياحية يطلعن؟,هاتتحرك منين؟,باصات الجولات السياحية؟,الباصات السياحية؟,مشاهدة المعالم؟,الباصات السياحية؟,الباصات السياحية؟,بصات معالم المدينة؟,المعالم السياحيي؟,لمشاهدة المعالم ؟,مشاهدة معالم المدينة؟,ديال الرحلات السياحية؟,الباصات السياحية؟,باصات المعالم السياحية؟,باصات السياحه؟,للخرجة السياحية؟,باصات الرحلات السياحيه؟,الكيران السياحية؟
12973,بعتون عاليابان؟,تبعتهم اليابان؟,نبعثهوم لليابان؟,تبعتهم على اليابان؟,تبت دول لليابان؟,ارسالها لليابان. ؟,ترسلهم لليابان؟,تتبعتون عاليابان؟,ندزهم لليابان؟,يبعتوهم اليابان؟,إرسالهن عاليابان؟,ترسلهم اليابان؟,ترسلها لليابان؟,ارسلهم لليأبان؟,على اليابان؟,لارسالهم لليابان؟,حتى ترسلم لليابان؟,لإرسالها لليابان ؟,عشان اطرش لليابان؟,داك الشي لليابان؟,الى اليابان؟,ارسالها لليابان؟,ارسالهن لليابان؟,نبعثهم لليابان؟,تبعتهم لليابان؟,تبعتهم لليابان؟
12976,ولا بواط.,مضارب أو شوز.,و لا أحذية.,مضارب أو بوت.,ولا عروض.,او احذية.,نادي او حذاء.,عصا ولا بوط.,و لا كويشات.,أو شوز.,مضارب ولا بوط.,ولا جواتي.,ولا احذية.,ولا جزمة.,مضرب ولا كندرة.,أو أحذية.,نوادي او احذيه.,أو أحذية .,أو أحذية.,نوادي ولا اسبابط.,نوادي او احذية.,او احذية .,مضارب ولا جزمات.,و لا احذية.,قولف او كنادر.,لا صبابت.
13015,الين الياباني؟,يابانى أوكى؟,الين الياباني؟,ين ياباني؟,الياباني شغال؟,الياباني ماشي؟,الياباني اوكي؟,الين الياباني؟,الياباني يمشي؟,ياباني تمام؟,بيمشي حاله؟,الياباني اوكي؟,الياباني مزيان؟,اليأباني عادي؟,ياباني منيح؟,الياباني تمام؟,الياباني اوكي؟,الياباني ؟,الياباني يمشي؟,الياباني مزيان؟,الياباني اوك؟,الياباني بيمشي؟,الياباني تمام؟,الياباني يساعدك؟,الياباني اوكي؟,ياباني مريقل؟
13022,موستانغ؟,حصان الموستان؟,عندكم مستنغ؟,موستانج؟,عندك الموستانج؟,موستانغ؟,موستاك؟,موستنغ؟,مستانق؟,موستان؟,موستانغ؟,موستنق؟,عندك موستانج؟,موستنق؟,عندك موستانج؟,عندك موستاج؟,عندك موستانغ؟,طراز ستانج ؟,ماستنغ؟,شي موستانغ؟,موستانغ؟,موستانج؟,موستانق؟,موستانج؟,عندك موستانق؟,موستانج؟
13027,من هون؟,من هنا؟,هاذ الارتفاع؟,من هون؟,من هنا؟,نكمز منا؟,نطفر منا؟,من هون؟,من هنا؟,من هنا؟,من هون؟,من هني؟,من هنا؟,من هنا؟,من هون؟,من هنا؟,من هوني؟,هنا ؟,من اهني؟,من هنا؟,من هنا؟,من هون؟,من هانا؟,العلو هذا؟,من هنايا؟,من هوني؟
13069,تفضل من هون، إذا سمحت.,تعالى من الطريق دة، لو سمحت.,تفضل من هنا، من فضلك.,تعال من هون، لو سمحت.,تعالى من هنا، لو سمحت.,هسه. تعال منا، رجاءً.,تعال من هنا، رجاءا.,تعا من هون، إزا بتريد.,تعال من هنا، لو سمحت.,تعالى من هنا، لو سمحت.,اتفضل من هون، لو مسحت.,من هني، لو سمحت.,أجي من هنا عافاك.,من هنا، لو سمحت.,تعال من هون، لو سمحت.,تعال من هنا، من فضلك.,اتفضل من هوني، رجاءا.,. تفضل من هنا .,تعال من هالطريق من فضلك.,دابا. آجي من هنا، عافاك.,تعال من هنا، لو سمحت.,تعال من هون، لو سمحت .,جي من هانا، لو سمحت.,من هوني، من فضلك.,تعالى من هنايا، لو سمحت.,توا. اجى من هوني، يعيشك.
13072,وبتلاقي اتجاهات. لحقون بس.,وهتشوف اتجاهات. إمشى وراهم بس.,برك و تشوف علامات تبعهم.,شوية اتجاهات. بس إمشي عليهم.,بعض الإتجاهات. بس إنت إمشي وراهم.,تشوف بعض الاتجاهات. بس اتبعها.,راح تشوف اتجاهات. اتبعها.,وبتشوف كم إشارة. لحأون.,حتشوف شوية توجيهات. تبعهم بس.,إتجاهات. إمشي زي مابتقول.,تشوف شوية اتجاهات. امشي عليهن.,هناك وبتشوف ارشادات، اتبعهم.,تلقا شي علامات. غير تبعهوم.,وحتشوف الاتجاهات. امشي معاهم.,رح تلاقي اتجاهات. الحقهم.,تشوف بعض التعليمات. بس تابعهم.,تشوف شوية ارشادات. بس اتبعم.,بعض الإرشادات فاتبعها من فضلك .,بتشوفبعض الاتجاهات. فقط اتبعها.,تلقى شي اتجاهات. غير اتبعهوم.,وبتلقى بعض الارشادات. اتبعها بس.,تشوف اشارات . بس ضل معاهم .,بعض الاتجاهات. اخطى بعدهن.,توة تشوف البلايك. تبعهم.,حتلقى شوية تعليمات. غير تبعهم.,وتوا تلقى ثنية. تبعهم.
13075,فيني أساعدك؟,ممكن أساعدك؟,نقدر نعاونك؟,ممكن أساعدك؟,ممكن أساعدك؟,اكدر اساعدك؟,ممكن اساعدك؟,بقدر ساعدك؟,نقدر نساعدك؟,أقدر أساعدك؟,فيني ساعدك؟,اقدر اساعدك؟,ممكن نساعدك؟,اقدر اساعدك؟,بقدر أساعدك؟,ممكن اساعدك؟,ممكن اساعدك؟,يمكنني أن أساعدك ؟,أن أساعدك؟,نقدر نعاونك؟,اقدر اساعدك؟,بقدر اساعدك؟,اقدر اساعدك؟,انجم نعاونك؟,نقدر نساعدك؟,نجم نعاونك؟
13076,الهيلتون، إذا سمحت؟,هيلتون، لو سمحت؟,من فضلك؟,الهلتون، لو سمحت؟,الهيلتون، لو سمحت؟,بالهيلتون، رجاء؟,فندق هيلتون، رجاءا؟,هيلتون، إزا بتريد؟,هيلتون، لو سمحت؟,الهيلتون، لو سمحت؟,هيلتن، لو سمحت؟,الهيلتون، لو سمحت؟,هيلتون، عافاك؟,الهيلتون، لو سمحت؟,الهيلتون، لو سمحت؟,الهلتون، من فضلك؟,فندق الهيلتون، رجاءا؟,هلتون من فضلك ؟,فندق هيلتون، من فضلك؟,فأوطيل هيلتون، عافاك؟,الهيلتون، لو سمحت؟,هيلتون، لو سمحت؟,هيلتون، لو سمحت؟,هيلتون، يعيشك؟,الهلتون، من فضلك؟,هيلتون، يعيشك؟ ؟
13077,لوقت متأخر؟,لازم تشتغل متأخر؟,تعمل متأخر؟,تشتغل بالليل؟,تشتغل متأخر؟,الى وقت متأخر؟,تتاخر بالشغل؟,مأخر بالليل؟,تشتغل متأخر؟,في الشغل كتير؟,بالشغل بالعادة؟,في الليل؟,تخدم معطل؟,تشتغل متأخر؟,بتشغتل متأخر؟,ان تعمل متأخر؟,تعمل لوقت متاخر؟,حتى ساعة متأخرة ؟,العمل في وقت متأخر؟,كتعطل فالخدمة؟,لوقت متأخر؟,لوقت متأخر؟,تشتغل لوقت متاخر؟,تخدم امخر؟,تخدم امخر؟,تخدم مخر؟
13090,كمان. بصير ورق إنكليزي؟,إيه رأيك ف ورق إنجليزى؟,و جرائد انجليزية؟,شو رأيك بورق إنجليزي؟,أيه رأيك في جورنان إنجليزي؟,شنو رأيك باوراق انجليزية؟,شنو رأيك بورق انكليزي؟,بئا. شو رأيك بالورأ الإنكليزي؟,شن رايك في أوراق انجليزية؟,طب ايه اخبار الجرايد الانجليزي؟,شو رأيك بجرايد انجليزية؟,عندنا. شرايك بجرايد انجليزية؟,هاكا. شنو بالنسبة لأوراق الإنجليزية؟,أيش رأيك بأوراق انجليزية؟,كمان. شو رأيك بورق انجليزي؟,تاني. كيف عن أوراق انجليزية؟,اشنو رايكم بفلفل انكليزي؟,ماذا عن الصحف الإنجليزية ؟,ذلك. كيف عن الأوراق الإنجليزية؟,أشنو بخصوص الجرائد الإنجليزية؟,وش رايك باوراق انجليزية؟,. شو بالنسبة لوراق الانجليزي؟,ما رايك بورق امريكي؟,و جرايد بالانقلاي؟,شن رايك في جريدة انجليزيه؟,شعملت في أوراق لنجلاي؟
13095,إذا سمحت.,لو سمحت.,من فضلك.,لو سمحت.,لو سمحت.,مدخنين، رجاءً.,مدخنين، رجاءا.,تدخين، إزا بتريد.,لو سمحت.,تدخين، من فضلك.,المدخنين، رجاءً.,لو سمحت.,المدخنين، عافاك.,لو سمحت.,لو سمحت.,من فضلك.,المدخنين، رجاءا.,من فضلك .,من فضلك.,التدخين، عافاك.,لو سمحت.,لو سمحت.,لو سمحت.,تتكيفش، يعيشك.,من فضلك.,دخان، يعيشك.
13096,نوصل ع دورهام؟,ما نوصل لدورهام؟,ما نوصلوا لدوهمان؟,نروح على دورهام؟,مانوصل لديرهام؟,لا نوصل لدورهام؟,لا نوصل دورهام؟,ما نوصل عدورهام؟,ما نوصلو لردهام؟,مانوصل دورهام؟,نوصل على دورهام؟,ما نوصل دورهام؟,منوصلو لدورهام؟,ما نوصل دورهام؟,ما نوصل دورهام؟,قبل نصل دورام؟,لا نصل لدورهام؟,نصل إلى درهام ؟,أن نصل إلى دورهام؟,ما نوصلو لدورهام؟,نوصل الى دورهام؟,نوصل ل دورهام؟,ما نوصل ل دورهام؟,ما نوصلوا لدورهام؟,ما نوصلو لي دورهام؟,منصل الدرهم؟ ؟
13113,هيك؟,طازة؟,طازج؟,طازة؟,طازة؟,طازج؟,طازج؟,طازا؟,طازه؟,طازه؟,تازا؟,فرش؟,جديد؟,طازج؟,طازا؟,فريش؟,طازج؟,هذا الحد ؟,طازج؟,الشي طري؟,طازج؟,جديد؟,طري؟,طري؟,طازه؟,فرشك؟
13116,أنت بتدفع عني.,إنت دايما مدلعنى.,لي تخلص دايمن.,إنت دايما بتعالجني.,على طول بتعزمني.,انته دائماً اتداريني.,تدفع عني.,بتدفع عني.,ديما مدلعني.,على طول بتعزمني.,دائماً عم تعزمني.,انت دايماً تعزمني.,كنتي ديما كتداويني.,انت دائما تعالجني.,دايماً بتتعامل معي.,دائما بتعاملني.,كل مره تدللني.,أنت دائما تعاملني .,كنت دائما تعالجني.,اللي ديما كتخلص.,انت دائما تعالجني.,دايما كنت تعالجني .,انت دايما بتعالجني.,انت الي تخلص.,ديمه تعالج فيا.,إنت إلي تخلص.
13118,شوية فساتين؟,تورينى فساتين؟,توريلي فساتين؟,شوية فساتين؟,شوية فساتين؟,بعض العناوين؟,كم بدلة؟,تفرجيني فساتين؟,شوية قفاطين؟,تفرجني فساتين؟,شوية فساتين؟,توريني فساتين؟,شي فساتين؟,توريني ملابس؟,تفرجيني فساتين؟,بعض الفساتين؟,شوية فسيتين؟,الفساتين ؟,بعض الفساتين؟,شي كساوي؟,بعض الفساتين؟,شوية فساتين؟,بعض الفساتين؟,توريني الروب؟,شوية قفاطين؟,شوية روب؟
13126,إذا سمحت.,لو سمحت.,من فضلك.,لو سمحت.,لو سمحت.,رجاءً.,رجاءا.,إزا بتريد.,لو سمحت.,من فضلك.,لو سمحت.,لو سمحت.,عافاك.,لو سمحت.,لو سمحت.,من فضلك.,رجاءا.,فضلك ؟,من فضلك.,عافاك.,لو سمحت.,سمحت .,لو سمحت.,من فضلك.,من فضلك.,يعيشك.
13133,أسكر بالنبيذ.,بسكر بالنبيت.,النبيذ يسكرني.,من الخمر.,من النبيت.,سكرت بالنبيذ.,اسكر بواين.,بسكر عالنبيد.,نسكر بالنبيذ.,من النبيت.,من النبيت.,على الواين.,بالنبيذ.,من النبيذ.,بسكر بالنبيد.,سكران بالخمرة.,عدسكغ بالخمر.,تثملني .,سكر مع النبيذ.,سكرت.,من النبيذ.,النبيذ .,اسكر من الخمر.,قاعد يسكرني.,من النبيذ.,يأثر فيا.
13134,متقلب كتير عالجبال.,متقلب جدا على الجبال.,متغير في الجبل.,بتغير عند الجبال.,متغير على الجبال.,كولش متقلب بالجبال.,متغير ع الجبال.,بيتألب كتير عالجبال.,متقلب بكل على الجبال.,مستقر خالص على الجبال.,متقلب كتير بالجبال.,واجد يتغير في الجبال.,كيتبدل بزاف على الجبال.,يتغير في الجبال.,بتغير على الجبال.,متغير شديد في الجبال.,كلش متغير بالجبيل.,الجبال شديد التقلب .,متقلب على الجبال.,كيتبدل بزاف فالجبال.,جدا في الجبال.,للتغيير جدا على الجبال.,بيتغير قوي بالجبال.,يتبدل فيسع في الجبل.,يتغير هلبه فوق الجبل.,ياخو ويعطي في جبال.
13159,ياباني، تمام؟,يابانى، أوكى؟,ياباني، مليح؟,ياباني، تمام؟,ياباني، ماشي؟,ياباني، ماشي؟,ياباني، اوكي؟,ياباني، ماشي؟,ين ياباني، اوكي؟,ياباني، اوكي؟,ياباني، منيح؟,ياباني، اوكي؟,ين ياباني، واخا؟,يأباني، اوك؟,ين ياباني، أوكي؟,ين ياباني، اوكي؟,ين ياباني، اوكي؟,وعملة ين ياباني ؟,ياباني، اوكيه؟,ياباني، واخا؟,ياباني، اوك؟,ياباني، اوكيه؟,ين ياباني، تمام؟,ين ياباني، مريقل؟,ين ياباني، اوكي؟,ين ياباني، باهي؟
13162,والمفقودات. ما عندن ياه.,وقسم المفقودات. مش معاهم.,مكتب الأشياء المفقودة. مصابوهش.,و مكتب المفقودات. مش موجود عندهم.,وبتوع الحاجات الضايعة. هم مش معاهم.,وقسم المفقودات. ما عدهم.,المفقودات. هما ما عندهم.,المفئودات. مش موجود عندهم.,الديار ومكتب المفقودات. ماعندهمش.,وقسم المفقودات. مش عندهم.,ومكتب المفقودات. مو عندهن.,المفقودات. ما عندهم اياه.,وقسم المفقودات. ما عندهومش.,وقسم المفقودات. بس ما عندهم.,قسم المفقودات. ما عندهم ياه.,وقسم المفقودات. ما موجود عندهم.,المفقودات اثنينم. ما عندم هو.,وإدارة المفقودات ولم أجدها عندهم .,الغرف ومكتب المفقودات. ماعندهم.,ومكتب المفقودات. ما عندهومش.,مكتب المفقودات. ما عندهم.,المفقودات . مش عندهم.,قسم المفقودات. مش هو معاهم.,البيوت ومكتب المفقودات. ماعندهمش.,جيهة الحاجات الرايحه. لكن ماعندهم شي.,وبيرو الحاجات الضايعة. ملقاوهوش.
13172,طريق صغير مو ع الأوتوستراد.,طريق صغير قصاد الطريق السريع الرئيسى.,صغيرة فالخرجة تع الطريق الوطني.,صغير تابع للشارع الرئيسي السريع.,صغير متفرع من الطريق السريع الرئيسي.,طريق قصير خارج السريع.,صغر خارج الطريق السريع الرئيسي.,من الطريع السريع الرئيسي.,طريق صغير قدام مين هايواي.,شاره صفير متفرع من شارع رئيسي.,بعيد عن الأوستراد الرئيسي.,شارع صغير من الهايوي الرئيسي.,قبالت الطريق السريع الرئيسي.,جمب الطريق السريع الأساسي.,شارع صغير في الهايوي الرئيسي.,طريق سريع في مين هايوي.,صغيغ خارج الطريق السريع الرئيسي.,ضيق يتفرع من الطريق الرئيسي .,طريق صغير قبالة الطريق السريع الرئيسي.,صغيرة فالخرجة دالطريق السريع الرئيسي.,صغير فرعي لطريق ماين السريع.,صغير من الطريق السريع .,صغير خارج الطريق السريع الرئيسي.,في الخرجة متاع الثنية الوطنية.,زنقه صغيرة من السريع الرئيسي.,فالخرجة متع طريق رئسي.
13183,شي عنو.,حاجة عنه.,والو.,ولا إشي عنه.,حاجة عنه.,عن هذا الشي.,شي عنه.,شي عنو.,شي عليه.,حاجة عنه.,شي عنه.,شي عنه.,على داكشي.,شيء عنه.,اشي عنو.,شي عنه.,اي شي عنو.,هذا الأمر .,عن ذلك.,حاجة فداك الشي.,شيء عنه.,عن هيك .,حاجه عنه.,نعرف شيء.,شي عليه.,شي عليه.
13184,بالموضوع بكافيه.,فى الكوفى شوب.,في قهوة.,بكوفي شوب.,الموضوع ده على قهوة.,بكوفي شوب.,بكوفي شوب.,بشي أهوة.,في الكافي.,ده في كوفي شوب.,بالموضوع بقهوة.,هذا في كوفي شوب.,فشي قهوة.,في قهوة.,في كوفي شوب.,في مقهى.,عنو بمقهى.,الموضوع في مقهى .,في مقهى.,الشي فشي قهوة.,في قهوة.,بكوفي شوب.,في كافيه.,في قهوة.,في القهوة.,فيه فالقهوة.
13188,أدفع كلفة التبديلات، صح؟,لازم أدفع رسوم تحويل، صح؟,حق التعديل، و لالا؟,راح أدفع حق التعديلات، صح؟,مضطر أدفع تكلفة التبديل، صح؟,ادفع كلفة التعديلات، مو؟,ادفع التكلفة البديلة، صح؟,إدفع رسوم التناوب، صح؟,مضطر ندفع رسوم التعديلات، صح؟,لازم أدفع مصاريف تغيير، صح؟,ادفع اجرة التعديلات، صح؟,ادفع رسوم التغييرات، صح؟,خلاص التعديلات، ياك بصح؟,ادفع الرسوم التانية، صح؟,بدفع على التعديلات، صح؟,على دفع سعر التعديلات، صاح؟,ادفع تكاليف التعديلات، تمام؟,أجر التبديلات ، أليس كذلك ؟,لدفع تهمة التعديلات، أليس كذلك؟,نخلص رسوم التعديل، ياك؟,ملزم بدفع تكلفة التغيير، صح؟,ادفع ثمن التعديلات، صح؟,مضطر ادفع رسوم التغيير، صح؟,نخلص حق الروتوش، موش هكا؟,حندفع حق التعديل، و الا؟,نريقل فلوس ترقيع، لا؟
13202,إذا سمحت.,لو سمحت.,من فضلك.,لو سمحت.,لو سمحت.,البدالة، رجاءً.,المكالمات، رجاءا.,إزا بتريد.,لو سمحت.,لو سمحت.,لو سمحت.,لو سمحت.,المكالمات، عافاك.,لو سمحت.,لو سمحت.,من فضلك.,البدالة، رجاءا.,من فضلك .,من فضلك.,المكالمات، عافاك.,لو سمحت.,عندك الليلة.,لو سمحت.,المكالمات، يعيشك.,لو سمحت.,المكالمات، يعيشك.
13262,إذا سمحت؟,لو سمحت؟,من فضلك؟,لو سمحت؟,لو سمحت؟,السرج، رجاءً؟,تنصي السرج؟,إزا بتريد؟,البشكليطه، لو سمحت؟,الكرسي، لو سمحت؟,لو سمحت؟,لو سمحت؟,السرج، عافاك؟,الحصان، لو سمحت؟,لو سمحت؟,من فضلك؟,السرج، رجاءا؟,، من فضلك ؟,من فضلك؟,شوية، عافاك؟,لو سمحت؟,لو سمحت؟,لو سمحت؟,الملح، يعيشك؟,توطي السرج؟,فالكرسي، يعيشك؟
13264,هالليلة؟,تستضيفنى الليلة؟,تسكني لليلة؟,عندك الليلة؟,الليلة دي؟,تستضيفني الليلة؟,تكعدني لليلة؟,عندك الليلة؟,تستضيفني الليلة؟,الليلة دي؟,عندك اليوم؟,حقي الليلة؟,هاد اللية؟,معاي الليلة؟,الليلة؟,عندك الليلة؟,تستظيفني الليلي؟,عندكم الليلة ؟,الليلة؟,عندك هاد الليلة؟,عندك الليلة؟,عندك الليلة؟,الليله؟,تسكني لليلة؟,عندك الليله؟,تسكني ليلة؟
13267,بس. شكراً إلك.,اتنين بس. شكرا.,برك. صحا.,بس. شكراً إلك.,اتنين. متشكر.,بس اثنين. شكراً.,بس ثنين. شكراالك.,تنان. شكرًا.,بس. شكرا.,بس. شكرا.,اتنين. شكراً الك.,بس. مشكور.,غير جوج. شكرا.,بس. شكرا.,بس تنين. شكراً.,دقيقتين. شكرا ليك.,بس اثنين. شكرا.,فقط . شكراً .,اثنين فقط. شكرا.,جوج. شكرا ليك.,بس. شكرا.,. شكرا الك .,بس ثنتين. شكرا.,كان زوز. يعيشك.,زوز. صحيت.,كن زوز، يعيشك.
13268,وسبعة وتسعين دولار.,سبعة وتسعين دولار.,سبعة و تسعون دولار.,و سبعة وتسعين دولار.,سبعة وتسعين دولار.,وسبعة وتسعين دولار.,تلثمية وسبعة وتسعين دولار.,وسبعة وتسعين دولار.,وسبعة و تسعين دولار.,سبعة وتسعين دولار.,وسبعة وتسعين دولار.,وسبعة وتسعين دولار.,ثلاثمائة وسبعة وتسعون دولار.,وسبعة وتسعين دولار.,سبعة و تسعين دولار.,وسبعة وتسعين دولار.,وسبعه وتسعين دولار.,تسعة وسبعين دولار .,وسبعة وتسعين دولار.,تلتمية وسبعين وتسعين دولار.,سبع و تسعين دولار.,وسبعة وتسعين دولار.,ثلاثمية وسبعة وتسعين دولار.,سبعة و تسعين دولار.,سبعة و تسعين دولار.,وسبعة وتسعين دولار.
13269,محظوظ.,محظوظ.,الزهر.,محظوظ.,محظوظ.,محضوظ.,محظوظ.,محظوظ.,محظوظ.,محظوظ.,محظوظ.,بحظ.,محظوظ.,محظوظ.,محظوظ.,محظوظ.,محضوض.,محظوظ .,محظوظ.,عندك الزهر.,محظوظ.,محظوظ.,محظوظ.,الزهر.,محظوظ.,مزهار.
13287,مع إطلالة ليلية حلوة.,بمنظر حلو لليل.,شباب على الحياة الليلية.,مع إطلالة مسائية حلوة.,منظر ليلي حلو.,منظر ليلي جيد.,بمنظر ليل زين.,مع منظر ليلي حلو.,مع اطلالة ليلة كويسة.,بتشوف منظر حلو بليل.,منظر ليلي ظريف.,على واجهة ليلية حلوة.,رؤية زوينة للمناظر الليلية.,تطل على مكان حلو.,مع منظر ليلي حلو.,مع منظر ليلى جيد.,اطلالي ليلي حلوي.,منظر ليلي لطيف .,منظر ليلة جيدة.,بمنظر ليلي ازوين.,مع اطلالة ليلية جيدة.,منظر حلو الليلة .,بمنظر ليلي حالي.,منظر متاع ليلة سمحة.,منظر حلو في الليل.,مع منظر حلو.
13290,ولا يدوية؟,ولا هاند ميد؟,لا بالماكنة؟,وإالا شغل- يدوي؟,ولا على الايد؟,لو يدوي؟,لو صناعة يدوية؟,أو بالإيد؟,و لا صنع يدوي؟,ولا يدوي؟,ولا يدوي؟,او باليد؟,أو مصنوع باليد؟,ولا صناعة يدوية؟,لا صنع يدوي؟,ول صنع يدوي؟,مكينه لو يدوي؟,أم يدويا ؟,او صنع يد؟,أو لا صنع يدوي؟,الة او يدوي؟,لا مصنوع يدوي؟,او بالمكينه؟,والا بالماكينة؟,او باليد؟,ولا باليد؟
13291,هالسيارة أربعة وعشرين ساعة.,لمدة أربعة وعشرين ساعة.,لمدة أربعة و عشرون ساعة.,لمدة أربعة وعشرين ساعة.,العربية اربعة وعشرين ساعة.,لمدة أربعة وعشرين ساعة.,السيارة لاربعة وعشرين ساعة.,السيارة عأربعة وعشرين ساعة.,هضا بأربعة وعشرين ساعة.,لمدة اربعة وعشرين ساعة.,النوع لأربع وعشرين ساعة.,حق اربعة وعشرين ساعة.,لمدة أربع وعشرين ساعة.,السيارات لاربع وعشرين ساعة.,لأربعة و عشرين ساعة.,العربية لأربع وعشرين ساعة.,سيارات لاربعه وعشين ساعه.,لمدة أربعة وعشرين ساعة .,لمدة أربع وعشرين ساعة.,دالطوموبيلات لأربعة وعشرين ساعة.,لاربع و عشرين ساعة.,و عشرين ساعة .,ب اربعه وعشرين ساعه.,الكرهبة لاربعة وعشرين ساعة.,لاربع و عشرين ساعه.,الأربعة وعشرين ساعة.
13306,تشرفت بلقاءك.,إنى قابلتك.,تعرفت بيك.,انبسطت بمعرفتك.,إني اقابلك.,اللقاء وياك.,حلوة مقابلتك.,إنو تعرفت عليك.,نتلاقى معاك.,اتعرفت عليك.,نبسطت بمعرفتك.,بشوفتك.,حيت تلاقيتك.,جميل اني قابلتك.,انبسطت بمعرفتك.,جدا الاقيك.,لطيف مقابلتك.,التقي بك .,كانت طيبة.,تعرفت عليك.,الجيد مقابلتك.,سعيدة .,ان انا قابلتك.,بمعرفتك.,تلاقيت معاك.,إلي قابلتك.
13322,مشقوق.,متقطع.,تقطع.,ممزوع.,مقطوع.,مشكوك.,مشكوك.,مخزأ.,مشروط.,مقطوع.,مشقوق.,مشقوق.,مقطعة.,مشقق.,ممزوع.,ممزق.,ممزق.,ممزق .,مشروخة.,مقطع.,ممزقة.,ممزع.,مشطوط.,مقطع.,تمزقت.,تقطع.
13333,ناخذ نظرة عليك.,نبص بصة عيك.,نشوف فيك.,ألقي نظرة عليك.,نبص بصة عليك.,نلقي نظرة عليه.,نلقي نظرة عليك.,خلينا نشوفك.,خلينا نشوفوك.,نبص بصة عليك.,خلينا نشوفك.,خلني اشوفك.,نديرو طلة عليك.,نطرة عليك.,خلينا نشوفك.,نعاين ليك.,نلقي نضره عليك.,نظرة عليك .,خلونا نشوفه.,خليني نشوفك.,خلنا نشوفك.,نتفرج عليك .,نبسرك كيف.,خليني مشوفك.,خلينا نشوفوك.,تراه نخزرلك.
13347,خلينا نستعجل ونجيب غراضنا. لازم نروح ع قسم التصريح الجمركي بعدها.,خلينا نستعجل ونجيب شنطتنا. إحنا لازم نروح الاجراءات الجمركية بعد كدة.,ارواح، نسرعوا ندو الأمتعة دياولنا. دوكا لازم نروحوا لمكتب الجمارك.,يلا تعال، خلينا نسرع وناخد شنطتا. لازم نروح بعدها على تصريح الجمارك.,خلص، ياللا بينا بسرعة ناخد شنطنا. إحنا هنروح لتخليص الجمارك بعدين.,يله يمعود. خلي نستعجل وناخذ جنطنا. لازم وراها نروح على الكمارك.,اكثر. يلا، خلينا نسرع ناخذ جنطنا. ورانا نروح للتصريح الكمركي.,خلينا نستعجل ونجيب شنطنا. لازم نروح عالتصريح الجمركي من بعد هون.,و نجيبو شناطي السفر بتاعنا. لازم نعدو لتصريح الجمرك بعدها.,نمشي بسرعة وناخد شنطنا. لازم نروح بعد كده للتصريح الجمركي.,يلا، خلينا نستعجل ونجيب شناتينا. لازم انروح عالتصريح الجمركي بعدين.,خل ناخذ شناطنا. لازم نروح حق اجراءات الجمارك عقب.,يالاه نمشيو دغيا وناخدو أمتعتنا. خاصنا نمشيو للتصريح الجمركي.,اضافي؟ هيا، عجل باقي شنطنا. لازم نسوي الاجراءات الجمركية.,يلا، خلينا نستعجل و ناخد شناتينا. لازم نروح على الجمارك بعدين.,شخص. ياللا، خلينا نسرع و نحصل على عفشنا. ومفروض نمشي لاجراءات الجمارك.,شخص. يلى، خلي نستعجل ونجيب امتعتنه. لازم نغوح للكمارك بعد.,ونحضر حقائبنا . علينا الذهاب إلى الجمارك للإعلان عن أغراضنا بعد ذلك .,تعال، خلنا ناخذ امتعتنا بسرعة. لازم نسوي الاجراءات الجمركية.,نسربيو ناخدو الأمتعة ديالنا. خاصنا نمشيو لمكتب الجمارك.,لنسرع و نحضر حقائبنا. لازم نروح للإجراء الجمركي بعد هذا.,خلينا نستعجل و ناخذ الشناتي تبعنا . ولازم نروح على اجراءات الجمارك بعدها.,شخص. هيا نسرع ندي حقنا الشنط. لازم نسير للجمارك بعد.,ايجا، فيسع و خوذ باقاجنا. لازمنا توة نمشيو لمكتب الديوانة.,هيا، خلي نخفو روحنا و ناخدو شناطينا. لازم نمشو للجمارك بعدها.,زيادة. هيا، لزم نزربو نهزو دبشنة. مبعد لزمن نمشو لديوانة.
13396,الوزن؟,أد إيه؟,الوزن؟,وزنه؟,الوزن؟,الحجم؟,الوزن؟,الوزن؟,الوزن؟,ايه؟,الوزن؟,الوزن؟,الوزن؟,الوزن؟,الوزن؟,كم؟,الوزن؟,الوزن ؟,الوزن؟,هو الوزن؟,الوزن؟,الوزن؟,هو الوزن؟,الميزان؟,الوزن؟,الميزان؟
13399,قريب من هون؟,قريب من هنا؟,ماشي بعيد من هنا؟,قريب من هون؟,قريب من هنا؟,قريب منا؟,صيني هنا؟,أريب من هون؟,صيني هنا؟,قريب من هنا؟,قريب من هون؟,قريب من هني؟,صيني فهاد النواحي؟,قريب من هنا؟,قريب من هون؟,صينية حوالي هنا؟,صيني حولنه هوني؟,هنا مطعم صيني ؟,مطعم صيني اهني؟,صيني قريب من هنا؟,قريب من هنا؟,قريب من هون؟,صيني قريب؟,بعيد من هوني؟,الجيهة هادي؟,في بلاص هاذي؟
13407,خمسة هنيك.,خمسة هناك.,راهو لهيك.,خمسة هناك.,خمسة هناك.,خمسة هناك.,خمسة هناك.,خمسة هونيك.,خمسة غادي.,خمسة هناك.,خمسة هنيك.,خمسة هناك.,فداك الجيه.,الخامسة هناك.,خمسة هناك.,خمسة هناك.,خمسي هوني.,يقع هناك .,خمسة هناك.,راها لهيه.,خمسة هناك.,هناك .,هي هاناك.,خمسة غادي.,خمسة غادي.,أهوكة غادي.
13408,مباراة القدم؟,هيشتغل إمتى؟,كرة القدم؟,مباراة السوكر؟,الكورة هيبتدي؟,تبدي الطوبه؟,تطلع اللعبة؟,مبارات الفوتبول؟,مبارة الكورة؟,الماتش امتى؟,لعبة الطابة؟,كرة القدم؟,القدم لاعبة؟,تبدا المباراة؟,مباراة الفوتبول؟,لعبة السوكر؟,كرة القدم؟,كرة القدم ؟,كرة القدم على؟,مباراة كرة القدم؟,كرة القدم؟,كرة القدم؟,كره القدم؟,ماتش الكورة؟,مبارة الكوره؟,يبدا إساحار؟
13423,تشفلي كاميرتي؟,تشوف الكاميرا بتاعتى؟,جهاز التصوير ديالي؟,تشيكلي على الكاميرا؟,على الكاميرا بتاعتي؟,تجيك الكاميرا مالتي؟,تكدر تجيك كامرتي؟,تشفلي كاميرتي؟,تشوف الكاميرا بتاعي؟,شغالة. ممكن تشوفها؟,تفحصلي كمرتي؟,تجيك كاميرتي؟,من الكاميرا ديالي؟,شيك على كاميرتي؟,تفحصلي كاميرتي؟,ممكن تراجع كاميرتي؟,تجيك كامرتي؟,آلة التصوير هذه ؟,يمكن أن تحقق الكاميرا؟,ليك تتحقق من الكاميرا ديالي؟,تقدر تفحص كاميرتي؟,بتقدر تشيك الكاميرا تبعتي؟,تشيك على حقي الكاميرا؟,تشوف مصورتي؟,الكاميرا متاعي؟,تتفقد الكاميرا متاعي؟
13424,وسكر، إذا سمحت.,لو سمحت.,السكر، من فضلك.,لو سمحت.,لو سمحت.,والشكر، رجاءً.,وشكر، رجاءا.,وسكر، إزا بتريد.,سكر، لو سمحت.,من فضلك.,وسكر، لو سمحت.,وسكر، لو سمحت.,والسكر، عافاك.,لو سمحت.,سكر، لو سمحت.,سكر، من فضلك.,وشكر، رجاءا.,، من فضلك .,والسكر، من فضلك.,والسكر، عافاك.,السكر، لو سمحت.,وسكر، لو سمحت.,و سكر، لوسمحت.,السكر، يعيشك.,سكر، من فضلك.,السكر، يعيشك.
13436,خطأ بالفاتورة.,فى الفاتورة.,الفاتورة فيها أخطاء.,شوية أغلاط بالفاتورة.,غلطات في الفاتورة.,اخطاء بالقائمة.,خطأ بالوصل.,غلط بالفاتورة.,في الفاتورة.,في الفاتورة.,أخطاء بالفاتورة.,غلط في الفاتورة.,اغلاط فالفاتورة.,في الفاتورة.,غلط بالفاتورة.,الأخطاء في الفاتورة.,اخطاء بالفاتوره.,في الفاتورة .,الأخطاء في الفاتورة.,أخطاء فالفاتورة.,الأخطاء في الفاتورة.,اخطاء بالفاتورة .,أخطاء في الفاتورة.,مافيها حتى غلطة.,غلط في الفاتورة.,غلاط في الفاتورة.
13438,عطيني هداك.,إدينى دة.,اعطيني هاذا.,أعطيني هاد.,اللي هناك ده.,انطيني هاي.,انطيني ذاك.,عطيني هيدا.,عطيني هضكي.,هناك دي.,لو سمحت.,عطني هذيج.,عطيني هاداك.,داك الشيء.,أعطيني هداك.,الواحد داك.,هذاك الويحد.,هذه .,عطني ذلك.,اعطيني هاداك.,عطني هذاك.,هديك .,اديلي هذا.,اعطيني هذه.,اعطيني هداكا.,الوحدة هاكي.
13440,سبعة.,البوابة سبعة.,سبعة.,البوابة سبعة.,بوابة سبعة.,البوابه سبعة.,البوابة سبعة.,رأم سبعة.,رقم سبعة.,بوابة سبعة.,سبعة.,البوابة السابعة.,البوابة السابعة.,بوابة سبعة.,رقم سبعة.,البوابة سبعة.,رقم سبعه.,السابعة .,البوابة سبعة.,البوابة سبعة.,سبعة.,سبعة .,البوابه السابعه.,الباب سبعة.,سبعه.,اسابعة.
13444,سكوتلاندي؟,سكوتلاندى؟,من اسكتلندا؟,سكوتلاندي؟,اسكتلندي؟,سكوتلندي؟,اسكتلندي؟,سكوتلاندي؟,اسكتلندي؟,اسكتلندي؟,من اسكتلندا؟,اسكتلندي؟,انت اسكتلندي؟,اسكتلندي؟,اسكتلندي؟,انت اسكتلندي؟,انته سكوتلندي؟,اسكتلندي ؟,اسكتلندي؟,انتا أسكتلندي؟,اسكوتلندي؟,اسكتلندي؟,اسكتلندي؟,من اسكتلندا؟,اسكتلاندي؟,من سكوتلندا؟
13446,تبعت شي لهون. عفواً.,أبعتلك حاجة هنا. لو سمحت.,نبعثلك كاش حاجة. سامحني.,أبعتلك إشي هون. لو سمحت.,ابعتلك حاجة هنا. لمؤاخذة.,فد شيهنا. من رخصتك.,فد شي هنا .,إبعتلك شي. عن اذنك.,ندزلك حاجة هنا. معلش.,أبعتلك حاجة هنا. لو سمحت.,ابعتلك شغلة هون. اعذرني.,شي هني. اسمح لي.,شي حاجة عندي هنا سمحلي.,ارسلك شيء هنا. ممكن.,اشي هون. لو سمحت.,أرسل ليك حاجة هنا. أعذرني.,ارسلك شي هوني. اعذرني.,أن أرسل لك شيئاً هنا . معذرة .,أرسلك شئ اهني. عفوا.,ليك شي حاجة هنا. اسمح ليا.,لك شيء هنا. اعذرني.,اشي هون، لو سمحت.,ارسلك حاجه هانا. عفوا.,نبعثلك حاجة هوني. سامحني.,نبعتلك حاجه هنايا. معليشي.,نبعثلك حاجة لهنا. سامحني.
13471,ين للدولار.,ين للدولار.,ثلاثون ين للدولار.,ين لكل دولار.,ين لكل دولار.,ين للدولار.,ين للدولار.,وتلاتين ين.,ثلاثين ين للدولار.,وتلاتين ين الدولار.,ين لكل دولار.,ين حق الدولار.,ين لكل دولار.,ين لكل دولار.,تلاتين ين على الدولار.,وتلاتين ين للدولار.,ين لكل دولار.,للدولار الواحد .,ين لكل دولار.,ين لكل دولار.,ثلاثين ين لكل دولار.,ين لكل دولار.,ين لكل دولار.,ثلاثين يان بدولار.,تلاتين ين الدولار الواحد.,يان لدولار.
13476,بعمرون ما بتخلص موضتون.,ما هتخرج برة الموضة.,البوت لا تزول أبدا.,ولا عمرها بتبطل موضة.,هيبقو برة الموضة ابداً.,راح تكون موده قديمة.,تصير قديمه ع المودة.,ما بتروح موضتا.,مستحيل يقعدن مش فاشن.,مش هايقدم ابدا.,بحياتها ما بتبطل.,بتم على الموضة.,مكتمشيش مع الموضة.,مستحيل تنتهي موضتها.,موضة ما رح تخلص.,تطلع برة الموضة أبدا.,ما تكون خارج الموده.,لن تنقضي موضتها .,ماطلعت من الموضة.,ماعمرهوم يخرجو على الموضة.,راح تكون قديمة ابدا.,رح يبطلو موضة .,مستحيل يخرجين عن الموضة.,ما توفاش هوضتهم.,عمرهم يطلعو من الموضه.,ماهيش بش توفى جملة.
13477,مع المدير؟,مع المدير؟,مع المدير؟,مع المدير؟,اكلم المدير؟,ويه المدير؟,ويه المدير؟,مع الميدر؟,مع المسؤول؟,أكلم المدير؟,مع المدير؟,اكلم المدير؟,مع المدير؟,اكلم المدير؟,مع المدير؟,مع المدير؟,مع المدير؟,مع المدير ؟,إلى المدير؟,مع المسؤول؟,مع المدير؟,مع المدير؟,أحاكي المدير؟,معا المدير؟,مع المدير؟,نكلم المدير؟
13480,غير العداد؟,عن العداد؟,كيما تع العداد؟,عن العداد؟,عن العداد؟,تختلف عن العداد؟,عن العداد؟,غير العداد؟,تختلف للعداد؟,عن العداد؟,غير العداد؟,عن العداد؟,مختلفة على العداد؟,عن العداد؟,عن العداد؟,مخالفة للعداد؟,عن العداد؟,الموجود في العداد ؟,عن العداد؟,على اللي فالعداد؟,عن العداد؟,عن العداد؟,الذي في العداد؟,بيده الي في العداد؟,علي العداد؟,كيما العداد؟
13484,أشوف هاد؟,أشوف دة؟,نشوف هاذا؟,أشوف هاد؟,اشوف ده؟,اشوف هاي؟,اشوف هذا؟,شوف هيدا؟,نشوف هضي؟,أشوف ده؟,شوف هاد؟,اشوف هذي؟,هاد الواحد؟,دا الشيء؟,أشوف هدا؟,الواحد دا؟,هذا الويحد؟,أرى هذا ؟,اشوف هذا؟,نشوف هادا؟,اشوف هذا؟,اشوف هاد؟,أبسر هذا؟,نشوف هذه؟,نشوف هدا؟,الوحدة هاذي؟
13487,أشوفك، بدي أتعرف عليك.,لما أشوفك، هتعرف عليك.,عليك ملي تلاقيت بيك.,أشوفك، راح أتعرف عليك.,اشوفك، انا هابدأ افهمك.,اشوفك راح اتعرف عليك.,لازم اتعرف عليك.,شوفك بدي إتعرف عليك.,شفتك، نبي نعرفك.,شفتك إني لازم أعرفك.,شوفك، رح اتعرف عليك.,روحي لازم اتعرف عليك.,نشوفك نتعرف عليك.,شفتك، حتعرف عليك.,أشوفك، بدي أتعرف عليك.,اشوفك، ح أعرفك.,اشوفكي، غاح اتعرف عليكي.,عليك عندما أراك .,لما اشوفك، سأعرفك.,غادي نتعرف عليك.,شفتك، بتعرف عليك.,بدي اتعرف عليك .,أبسرك، أنني شتعرف عليك.,اول ما نشوفك.,نشوفك، اني حنتعرف عليك.,اني بش نتعرف أعليك.
13488,آخر فترة؟,بيحصل مؤخرا؟,يصرا مؤخرا؟,بصير بآخر فترة؟,في الايام الاخيرة؟,بهذا الوقت المتأخر؟,لوقت متاخر؟,بالفترة الأخيرة؟,يصير متأخر؟,بيحصل مؤخرا؟,بالفترة الأخيرة؟,آخر الأخبار؟,الوقت المتأخر؟,الأخبار؟,الوقت المتأخر؟,شنو متأخر؟,عيصيغ كمتاخر؟,منذ الفترة الأخيرة ؟,وقت متأخر؟,وقع مؤخرا؟,صار مؤخرا؟,بوقت متأخر ؟,الوقت المتأخر؟,في اخر وقت؟,صاير امخر؟,الأيامات لخرانين؟
13492,خرج تنصحني بدكتور؟,كويس، ممكن ترشح دكتور؟,تقدر تعطيني اسم الطبيب؟,منيح. ممكن تنصحني بدكتور؟,كويس. ممكن تتنصحني بدكتور؟,جيدة. ممكن توصفلي دكتور؟,تكدر تقترحلي طبيب؟,تنصحني بحكيم؟,كويس. تقدر توصي بدكتور؟,كويس. ممكن تقترحلي دكتور؟,فيك تقترحلي دكتور؟,تقترح علي دكتور؟,ممكن تنصحني بشي طبيب؟,ممكن تقترحلي على دكتور؟,منيح. بتقدر تنصحني بدكتور؟,ممكن تقترح طبيب؟,اتطيق تنصح بطبيب؟,ترشدني إلى طبيب ؟,هل تقدر تزقر الطبيب؟,ليك تعيط للطبيب؟,تقدر توصي بدكتور؟,. بتقدر تنصحني بدكتور؟,ممكن تقترح عليا دكتور؟,تنجم تعطيني اسم طبيب؟,كويس. ممكن تنصحني بدكتور؟,لباس، تكلملي الطبيب؟
13504,عالخط. تفضل.,الخط، اتفضل.,متصل. تفضل.,الخط. إتفضل.,الخط. إتفضل.,الخط، تفضل.,عالخط، تفضل.,عالخط. تفضل.,فيه عالخط. تفضل.,عالخط. تفضل.,عالخط. تفضل.,الخط. تكلم.,الخط. اتفضل.,الخط. تفضل.,عالخط. تفضل.,الخط. اتفضل.,الخط. اتفضل.,. تفضل .,عالخط. تفضل.,في الخط. تفضل.,الخط. تفضل.,. تفضل.,الخط. اتفضل.,عالخط. تفضل.,الخط. تفضل.,عالخط. تفضل.
13515,عرض فني؟,برنامج ترفيهى؟,عرض كاباريه؟,عرض ترفيهي؟,برنامج ترفيهي؟,عرض بالطابق؟,طابق عرض؟,برنامج ترفيهي؟,عرض ليلي؟,شو؟,حفلة غنائية؟,برنامج ترفيهي؟,عرض كباريه؟,برنامج ترفيهي؟,لفرقة فلور؟,عرض طابق؟,مال عرض؟,ترفيهي ليلي ؟,عرض أرضية؟,عرض فالطابق الأرضي؟,منصة عرض؟,عرض ارضي؟,على الارض؟,متاع كباريه؟,في الدور؟,جمهور كبارية؟
13528,عم بيغسل.,مش شغال.,المرحاض ميمشيش.,بسحب المي.,فيه بايظ.,جاي تفرغ.,ينفض .,عم بتطلع مي.,ما يشتغلش.,مش شغال.,ماعم يشتغل.,ما ينسحب.,ممنظفش.,يسحب السيفون.,عم ينظف.,ما بدفق.,ماي السيفون.,يعمل .,ما يشفط.,ما منظفش.,يصرف المويه.,نظيف .,مابيصرفش.,التوالات مايمشيش.,ما يخدمش.,توالت مكسر.
13532,لسيتي هول مشي؟,وقت أد إيه مشى؟,كي نروحو مشيا على الأقدام؟,هون لهول سيتي مشي؟,لغاية فندق المدينة مشي؟,لسيتي حول مشي؟,لسيتي هول مشي؟,من هون عالسيتي هال؟,للستي هول على الكرعين؟,مشي ياخد أد إيه؟,هون على السيتي هول؟,سيتي هال مشي؟,لسيتي هول على الرجلين؟,هنا لين سيتي هول؟,لسيتي هول مشي؟,هنا للسيتي هول بالارجل؟,الى سيتي هول مشي؟,هنا إلى مبنى البلدية ؟,سيتي هول مشي على الأقدام؟,من هنا لسيتي هال؟,هنا الى سيتي هال؟,هون لسيتي هول مشي؟,هانا لسيتي هول رجل؟,لسيتي هول على الساقين؟,سيتي هوول علي الرجلين؟,لسيتي هول على سقينا؟
13547,وجبة وقت بيوجع كتير.,وجبة لما يوجعك أوى.,وجبة اذا وجعك بزاف.,وجبة لما يوجعك كتير.,اكلة لما يوجعك خالص.,وجبة لمن تحس بألم.,وجبة من تتأذى كلش.,وجبة وأت بتنوجع كتير.,وجبة لما يوجعك بكل.,كل وجبة وقت اللزوم.,وجبة وقت تنوجع كتير.,وجبة اذا يألمك واجد.,وجبة ملي تحرقك بزاف.,وجبة لما يوجعك مرة.,وجبة لما تتوجع كتير.,وجبة لمن يوجع شديد.,وجبي عدما تتاذي كثيغ.,عندما يزداد الألم .,وجبة عندما تحس بالم.,وجبة منين يضرك بزاف.,وجبة اذا المك بشدة.,بس يوجعك كثير .,وجبة لما يوجعك قوي.,الفطور كان وجعك بارشا.,وجبه لما هلبه يوجع.,فطور كن بالحق مريض.
13550,خاص اسمو شوغيبوكورو.,متزين ودة بيتسمى شوجى بوكورو.,مشبحة واسمها شوغيبوكورو.,زينة خاصة إسمه شوجيبوكورو.,مميز اللي اسمه شيوجيبيوكيورو.,والي يسموه شوغي بوكورو.,مزخرف الي نسمي شوكيبيكورو.,مزين إسمو شوغيبوكورو.,المزخرف الي اسمه شيقيبوكورو.,مميز ومتزين إسمه شوجيبوكورو.,مزين اسمه شوغيبوكورو.,خاص مزين اسمه شوقيبوكورو.,مزين اللي سميتو شوجيبوكورو.,مزخرف يسموه حقيبة اجتماعية.,خصوصي اسمو شوغيبوكورو.,خاص مزخرف البسموه شوقيبوكورو.,بشكل خاص يسمونو شوكيبوكورو.,مزين يسمى شوجيبوكورو .,خاص مزين يسمى شوجيبوكورو.,خاص مزووق اسميتو شوغيبوكورو.,ظرف خاص يسمى شوغيبوكورو.,للي بنسميه شوجيبوكرو .,مميز مزين يسموه شوجيبوكورو.,مزين اسمه شوغيبيكورو.,مزين و نسموه شوجيبوكورو.,مزين اسمو شجبكرو.
13553,انأذى.,حد اتصاب.,واحد مصاب.,واحد إنجرح.,حد اتعور.,واحد تأذى.,تأذى.,حدا.,حد مجروح.,حد متعور.,حدا تأذا.,احد متعور.,حد تجرح.,واحد مصاب.,جريح.,زول اتاذي.,مجغوح.,شخص .,شخص متعور.,واحد مجروح.,انصاب.,انصاب .,مجروح.,حد تضرب.,حد يتألم.,تجرح.
13609,لازم أجبلو؟,آخدله إيه؟,نقدر نصيبلو كهدية؟,لازم أجبله؟,المفروض اجيبله ايه؟,شنو اخذله؟,لازم اجيبله؟,شو بجبلو؟,المفروض نجيبله؟,أجيبله إيه؟,لازم جبله؟,آخذ له؟,ناخد منو؟,ممكن اجبله؟,شو أجيبلو؟,اجيب ليه شنو؟,اخذ منو؟,أحصل عليه منه ؟,تحصل عليه؟,نجيب ليه؟,اخذ له؟,شو اجيبله؟,أشل منه؟,نلقاله هدية؟,نبي نجيبله؟,نجم نخذلو؟
13624,خريطة للأنفاق؟,خريطة للمترو؟,مخطط للميترو؟,خريطة للقطار؟,خريطة للمترو؟,لمترو الانفاق؟,قطار الانفاق؟,خريطة المترو؟,خريطة للمترو؟,خريطة المترو؟,خريطة للمترو؟,خريطة المترو؟,لمترو الانفاق؟,خريطة للمترو؟,خارطة للميترو؟,خريطة للمترو؟,مال قطار الانفاق؟,لمترو الأنفاق ؟,لمترو الانفاق؟,ديال قطار الأنفاق؟,خريطة للميترو؟,لمترو الانفاق؟,خريطه للمترو؟,خريطة للميترو؟,خريطة للميترو؟,متع نفق؟
13629,الكبير. بتحسن تروح لهنيك؟,جراند أوتيل. ممكن تروح هناك؟,الكبير. تقدر تروح لتما؟,جراند. بتقدر تروح هناك؟,فندق جراند. ممكن تروح هناك؟,غراند. تكدر تروح هناك؟,كراند. تكدر تروح هناك؟,أوتيل. فيك تروح لهونيك؟,هوتيل. تقدر تعدي غادي؟,أوتيل. تقدر تروح هناك؟,هوتيل. فيك تروح لهنيك؟,القراند. تقدر تروح هناك؟,غراند. ممكن تمشي لتما؟,فندق قراند. تقدر تروح هناك؟,أوتيل. بتقدر تروح هناك؟,هوتل. ممكن تمشي هناك؟,الكراند. اتطيق تغوح هنوك؟,هل تستطيع الذهاب إلى هناك ؟,هل يمكن أن تذهب هناك؟,فغراند أوطيل. تمشي لتما؟,قراند. تقدر تروح هناك؟,غراند. بتقدر تروح هناك؟,جراند. تقدر تسير هاناك؟,الكبير. تنجم تمشي لغادي؟,اوتيل. تقدر تمشي غادي؟,ل كبير. تنجم تمشي غادي؟
13635,بعيني اليمين.,عينى اليمين.,اليمين وجعتني.,بعيني اليمين.,في عينيا اليمين.,بالعين اليمنه.,اليمنى .,عيني اليمين.,توجع فيا.,عيني اليمين.,بعيني اليمين.,عيني اليمين.,ديال اليمين.,عيني اليمين.,بعيني اليمين.,عيني اليمين.,بعيني اليمين.,عيني اليمنى .,عيني اليمنى.,دليمين كتضرني.,عيني اليمنى.,بتوجعني .,عيني اليمين.,ليمين تسطر.,عيني اليمين.,عيني لمين.
13657,منيح بالألماني.,أوى فى الألمانى.,بزاف من الألمانية.,شاطر بالألماني.,قوي في الالماني.,هلكد بالألماني.,زين بالالمانية.,شاطر بالإلماني.,كويسة واجد.,أوي في الألماني.,منيح بالألماني.,زين في الياباني.,بزاف فالالمانية.,كويس في الألماني.,شاطر بالألماني.,جدا في الألماني.,مليح بالالماني.,كثيراً .,وايد باللغة الألمانية.,فاللغة لألمانية.,جدا فيي الألمانية.,شاطر بالالماني .,في الألماني.,في الالمانية.,في الالماني.,فل ألمان.
13660,فراطة صغيرة.,نتقابل تانى.,مرة أخرى.,مع بعض مرة تانية.,تاني مع بعض.,سويه مره ثانية.,ثانية بالتاكيد.,من كل بد.,نلتمو أخرى.,تاني اكيد.,بعض مرة تانية.,مرة ثانية.,مرة اخرى.,بعض مرة تانية.,كمان مرة أكيد.,نرجع سواء تاني.,سويه مره اللخ.,ثانية بالتأكيد .,نجتمع معا مرة ثانية.,نعاودو نتلاقاو.,مرة ثانية.,مرة ثانية .,مره ثانيه.,اكيد مرة اخرى.,مع بعض.,بعضنا مرة أخرى.
13666,هالبنطلون؟,البنطلون دة؟,هاذ السروال؟,هاد البنطلون؟,البنطلون ده؟,هذا البنطرون؟,هذا البنطرون؟,هالبنطلون؟,السروال هضا؟,البنطلون ده؟,تديقلي هالبنطلون؟,لي هالبنطلون؟,هاد السروال؟,البنطلون دا؟,هدا البنطلون؟,السروال دا؟,هذا البنطرون؟,السراويل ؟,هذا البنطلون؟,هاد السراول؟,هذا السروال؟,هاد البنطلون؟,هذا البنطلون؟,تضيق السروال؟,السروال هدا؟,السروال هذا؟
13682,مضرب وطابات؟,راكيت وكور؟,مضرب و كرات؟,تنس وكورة؟,الراكيت والكور؟,ركت وطوبات؟,ركت وطوبة؟,راكيت وطابات؟,و كور؟,و كور؟,مضرب وطابات؟,تنس وكور؟,مضرب وكورات؟,مضرب وكور؟,و طابات؟,و كورة؟,مضرب وطبات؟,مضرب وكرات ؟,مضرب والكرات؟,مضرب وشي كرات؟,و كرات؟,و طابات؟,مضرب وكرات؟,و كور؟,مضرب و كوره؟,و كور؟
13685,شوية فراطة؟,شوية فكة؟,تحط ضرف؟,شوية فراطة؟,شوية فكة؟,شوية خردة؟,شوية خردة؟,تحط فراطة؟,شوية رقاق؟,شوية فكة؟,شوية فراطة؟,شوية خردة؟,شي صرف؟,شوية فكة؟,شوية فراطة؟,شوية فكة؟,شويه صرافه؟,معه فكة صغيرة ؟,تحط فكة؟,تدخل شي صرف؟,شوي فكة؟,شوية فكة؟,شوية فكة؟,تحط صرف؟,شوية رقاق؟,شوية صرف؟
13694,نص ابريق؟,نص قارورة؟,على نصف قنينة؟,نص قنينة؟,نص جزازة؟,نص قنينة؟,نص بطل؟,نص قنينة؟,نص شيشة؟,نص إزازة؟,نص ابريق؟,نص غرشة؟,نص ابريق؟,نص قنينة؟,نص قنينة؟,نص دورق؟,نص قنينه؟,نصف إبريق ؟,على نصف غرشة؟,نص ابريق؟,نص قنينة؟,نص ابريق؟,نص قارورة؟,شطر دبوزة؟,نص شيشه؟,شطر دبوزة؟
13707,أنا جون.,انا جان.,أنا جون.,أنا جان.,انا جين.,اني جون.,انا جون.,أنا دجان.,أنا جن.,أنا جان.,أنا جون.,انا جن.,أنا جون.,انا جن.,أنا جون.,انا جن.,انا جن.,جون .,أنا جون.,أنا جون.,انا جون.,أنا يونيو.,أنا جون.,انا جان.,أني جون.,أنا جان.
13717,ناكاي.,ناكاى.,ناكاي.,ناكاي.,ناكاي.,ناكاي.,ناكاي.,ناكاي.,ناكاي.,ناكاي.,ناكاي.,ناكاي.,ناكاي.,ناكأي.,ناكاي.,ناكاي.,ناكاي.,.,ناكاي.,ناكي.,ناكاي.,ناكاي.,ناكاي.,ناكاي.,ناكاي.,نكاعي.
13719,صورة إلك والتكسي؟,ليك وللتاكسى بتاعك؟,أنت و الطاكسي ديالك؟,إلك وللتاكسي تبعك؟,صورة ليك وللتاكسي بتاعك؟,الك والتاكسي مالتك؟,الك انت والتكسي مالك؟,صورة لئك إنت والتاكسي؟,لك و للتاكسي بتاعك؟,ليك والتاكسي بتاعك؟,صورة مع التاكسي تبعك؟,مع تكسيك؟,ليك وللطاكسي ديالك؟,لك وللتاكسي حقك؟,انت و تكسيك؟,صورة ليك و لتكسيك؟,صوره اللك ولتكسيك؟,لك ولسيارتك الأجرة ؟,وسيارة الأجرة الخاصة بك؟,صورتك انتا والطاكسي ديالك؟,لك و للتاكسي؟,و ل التكسي تبعك؟,أنت وحقك التاكسي؟,ليك و لتكسيك؟,ليك و التاكسي متاعك؟,إنت و تكسيستي متاعك؟
13733,من تلات أيام.,ضايعة من تلات أيام.,مفقود عندها ثلاثة أيام.,ضايعة قبل تلت أيام.,ضايعة من تلاتة يام.,مفقوده قبل تلث أيام.,ضايعة قبل تلث ايام.,إسأل عن شنطة ضايعة.,قبل ثلاث أيام.,ضايعة من تلاتة ايام.,من تلات أيام.,ضايعة قبل ثلاثة ايام.,تلفاتلي هادي ثلاثة ايام.,قبل تلاتة أيام.,ضايعة من تلات أيام.,قبل تلاتة أيام.,ضيعه قبل ثلاث ايام.,بخصوص حقيبة ضائعة .,قبل ثلاثة أيام.,ضايع ليا هادي تلتيام.,قبل ثلاث أيام.,من ثلاث ايام .,قبل ثلاثه أيام.,عنده ثلاثة ايام.,فاتو علي شنطة رايحه.,تلاثة أيام ال تالي.
13748,فندق أرخص.,أوتيل أرخص.,بالسعر المليح.,قندق أرخص.,فندق أرخص.,فندق ارخص.,فدق ارخص.,أوتيل أرخص.,هوتيل ارخص.,فندق أرخص.,أوتيل أرخص.,فندق ارخص.,فندق رخص.,فندق ارخص.,أوتيل أرخص.,فندق ارخص.,فندق اغخص.,ارخص .,فندق رخيص.,أرخص أوطيل.,فندق ارخص.,ارخص .,فندق أرخص.,ارخص وتيل.,هوتيل ارخص.,وتيل رخيص.
13755,لازم تشوفها بغرينوتش فيلاج.,تشوفها فى قرية غرينيتش.,تشوفهم في بلدة غرينويش.,تشوفها بقرية جرين وتش.,تشوفها في قرية الجرينويتش.,تشوفها بقرية غرين وتش.,لازم تشوفها بقرية كرينج.,لازم تشوفا بضيعة غرينويتش.,تشوفهن في قرية غرينتش.,تشوفها ف جرينوتش فيليدج.,لازم تشوفها بغرينيش فيليج.,تشوفها في قرية قرينويج.,غادي تشوف فقرية غرينتش.,تشوفها في قريبة قرينوتش.,تشوفها في قرية جرينويش.,تشوفها في قرينوتش فيليج.,لازم تشوفها بقرية كرينوتش.,تراه في قرية جرينتش .,أن تشوف في قرية غرينتش.,خاصك تشوفهوم فغرينويتش فيلاج.,تشوفها في قرية غريينويتش.,تشوفها بقرية جرينويتش .,تبسرها في قريه جرينويتش.,تشوفها في دشرة غرينتش.,تشوفها في قرية جرينيتش.,تشوفهم في ريف غرينويش.
13769,بالشغل هون.,روابط عمل هناك.,علاقات عمل هناك.,تجارية هناك.,وصلة شغل هناك.,عمل هنا.,تجاري هناك.,شغل هونيك.,علاقة بزنس غادي.,ارتباط شغل هناك.,عمل هنيك.,ارتباط عمل هناك.,علاقة عمل تما.,مع الاعمال هناك.,اتصالات شغل هناك.,أتصال عمل هناك.,كثيغ علاقات شغل.,صلات عمل هناك .,اتصال تجاري هناك.,تجارية تما.,اتصال اعمال تجارية هنا.,اعمال هون .,صلات تجاريه هانا.,متاع خدمة غادي.,اتصالات للخدمه غادي.,معارف خدمة غادي.
13783,طقمك.,البدلة بتاعتك.,البدلة ديالك.,مع بدلتك.,من بدلتكز.,يناسب بدلتك.,ويه بدلتك.,عبدلتك.,مع بدلتك.,مع بدلتك.,على بدلتك.,بدلتك.,للبسة ديالك.,على بدلتك.,مع شنتتك.,بطابق بدلتك.,بدلتك.,بزتك .,ملابسك.,اللبسة ديالك.,بدلتك.,بدلتك .,على بدلتك.,مع كسوتك.,مع بدلتك.,و سروال.
13784,سمحت ع شنتايتي؟,من شنطة السفر بتاعتى؟,على الأمتعة ديالي؟,عينك على شنطتي؟,من الشنطة بتاعتي؟,على جنطتي؟,على جنطتي رجاءا؟,عينك عشنطتي؟,على شنطتي؟,بالك من شنطتي؟,شنتايتي لو سمحت؟,على شنطتي؟,على الحقيبة ديالي؟,تراقب محفظتي؟,بالك على شنتتي؟,تخلي بالك لشنطتي؟,على جنطتي؟,من فضلك ؟,عينك على حقيبتي؟,مع الباليزة ديالي؟,لو سمحت؟,بالك على شنتتي ؟,تنتبه لحقي الشنطه؟,على باقاجي؟,من شنطتي؟,عل فليجة؟
13788,الحق لنبيع بعد ما يخلص العقد بست أشهر.,إنت منحتلنا الحق فى البيع ست شهور بعد نهاية العقد.,حق البيع في ظرف ستة أشهر بعد الغاء العقد.,الحق إنه نبيع لمدة ست شهور من بعد ما يخلص العقد.,إحنا لينا الحق في البيع لمدة ست شهور بعد ما العد ينتهي.,تمنحنا حق البيع لمدة ستة اشهر بعد انتهاء العقد.,وتضمن النا البيع لست اشهر بعد اتهاء العقد.,نبيع بعد ست إشهر من بعد ما يخلص العأد.,الحق عشان نبيعو لست شهور بعد نهاية العقد.,حق البيع لمدة ست شهور بعد نهاية العقد.,الحق نبيع لمدة ست شهور بعد إنهاء العقد.,نبيع لمدة ست شهور من عقب ما ننهي العقد.,بيك عندنا الحق فاللبيع فأجل ستة أشهر بعد انتهاء العقد.,انه نبيعه لستة شهور حتى بعد انهاء العقد.,نبيعة بعد ست أشهر من تاريخ انتهاء العقد.,ضمنت لينا الحق للبيع لستة شهور بعد انتهاء العقد.,الحق انو نبيع لمدة ستت شهور بعد ما ينتهي العقد.,شريطة أن تمنحنا الحق بالبيع لمدة ستة أشهر بعد إنهاء العقد .,تسمح اننا نبيع ست شهور بعد نهاية العقد.,تعطينا الحق فالبيع ست شهور من بعد ما يتسالا العقد.,لنا حق البيع لستة اشهر بعد انتهاء العقد.,النا الحق بالبيع بعد ست اشهر بعد ما يخلص العقد .,تديلنا الحق بالبيع لستة شهور بعد انتهاء العقد.,في ستة شهور من الي يوفا العقد.,الحق انه نبيعو لمدة ستة شهور بعد ما يكمل العقد.,حق باش تبيع ستة شهور ملي تكمل الكونتراتو.
13803,نيويورك منيح؟,تعرف نيويورك كويس؟,مليح نيويورك؟,نيويورك كويس؟,نيويورك كويس؟,تعرف نيويورك زين؟,نيويورك زين؟,نيويوك منيح؟,يورك كويس؟,نيويورك كويس؟,نيويورك منيح؟,تعرف نيويورك زين؟,نيويورك مزيان؟,يوك كويس؟,نيو يورك منيح؟,بتعرف نيويورك كويس؟,نيويورك مليح؟,نيويورك جيدا ؟,نيويورك عدل؟,كتعرف مزيان نيويورك؟,بشكل جيد؟,بتعرف نيويرك منيح؟,نيويورك سوى؟,بالباهي نيويورك؟,نيويورك كويس؟,يورك مليح؟
13824,دقلنا بس تجهز.,كلمنا لما تكون جاهز.,بينا كي تكون واجد.,خبرنا بس تكون جاهز.,كلمنا لما تبقى جاهز.,بينا لمن تكون جاهز.,بينا من تجهز.,فينا بس تصير جاهز.,كلمنا لما تكون واتي.,لما تبقى جاهز.,فينا وقت تصير جاهز.,لنا لما تكون جاهز.,بينا ملي تكون مستعد.,علينا لما تجهز.,اتصل علينا لما تجهز.,كلمنا لم تجهز.,خابرنه لمن تكون جاهز.,بنا عندما تكون مستعداً .,عندما تكون مستعد.,بينا منين تكون واجد.,كلمنا اذا جهزت.,معنا بس تجهز .,لنا لما قدك جاهز.,كلمنا كيف تحضر.,كلمنا لما تكون واتي.,قلنا وقتاش تحضروا.
13827,أشوف جراح.,أشوف جراح.,نشوف جراح.,دكتور جراحة.,دكتور جراح.,اشوف جراح.,اشوف جراح.,حكيم جراح.,نشوف جراح.,أشوف جراح.,شوف جراح.,اشوف جراح.,نشوف الجراح.,اشوف جراح.,دكتور جراح.,أقابل جراح.,اشوف جراح.,جراح .,أشوف جراح.,طبيب جراح.,دكتور جراح.,جراح .,ابسر جراح.,نشوف جراح.,نشوف جراح.,نشوف جراح.
13828,مكونات طبيعية؟,مكونات طبيعية؟,مكونات طبيعية؟,مكونات طبيعية؟,مكونات طبيعية؟,مكوناتها طبيعية؟,مكونات طبيعية؟,هالمكونات طبيعية؟,مكونات طبيعية؟,مكونات طبيعية؟,مكونات طبيعية؟,مكونات طبيعية؟,مكونات طبيعية؟,مكونات طبيعية؟,مكونات طبيعية؟,مكونات طبيعية؟,مكونات طبيعيي؟,طبيعية ؟,المكونات الطبيعية؟,مكونات طبيعية؟,مكونات طبيعية؟,المكونات طبيعية؟,مكونات طبيعيه؟,مكونات طبيعية؟,المكونات طبيعيه؟,مكونات طبيعية؟
13831,بسيارة رياضية.,عربية سبور.,في سيارة رياضية.,سيارة رياضية.,عربية رياضية.,بسيارة رياضية.,بسيارة رياضية.,سيارة سبور.,سيارة رياضية.,عربية سبور.,سيارة رياضية.,سيارة رياضية.,فسيارة رياضية.,سيارة رياضية.,بسيارة سبورت.,عربية رياضية.,بسياره رياضيي.,سيارة رياضية .,سيارة رياضية.,طوموبيلة رياضية.,سيارة رياضية.,رياضية .,سيارة رياضية.,كرهبة رياضية.,سياره رياضيه.,كرهبة متع رياضه.
13843,تنين تلاتة أربعة خمسة ستة سبعة.,اتنين تلاتة أربعة خمسة ستة سبعة.,ثلاثة وعشرون خمسة وأربعون سبعة و ستون.,اتنين تلاتة أربعة خمسة ستة سبعة.,اتنين تلاتة اربعة خمسة ستة سبعة.,اثنينتلاثة اربعة خمسة ستة سبعة.,تلاثة اربعة خمسة ستة سبعة.,تنان تلاتة أربعة خمسة ستة سبعة.,اثنين ثلاثة اربعه خمسه سته سبعه.,اتنين تلاتة أربعة خمسة ستة سبعة.,اتنين تلاتة أربعة خمسة ستة سبعة.,اثنين ثلاثة اربعة خمسة ستة سبعة.,جوج ثلاثة أربعة خمسة ستة ستة.,اتنين تلاتة أربعة خمسة ستة سبعة.,تنين تلاتة أربعة خمسة ستة سبعة.,تلاتة أربعة خمسة ستة سبعة.,اثنين ثلاثي اربعه خمسي ستي سبعه.,اثنان ثلاثة أربعة خمسة ستة سبعة .,اثنين ثلاثة أربعة خمسة ستة ستة.,واحد جوج تلاتة ربعة خمسة ستة سبعة.,اثنين ثلاثة أربعة خمسة ستة سبعة.,اثنين ثلاثة اربعة خمسة ستة سبعة .,اثنين ثلاثه أربعه خمسه سته سبعه.,و عشرين خمسة و اربعين سبعة و ستين.,اتنين تلاتة أربعة خمسة ستة سبعة.,ثنين تلاثة أربعة خمسة ستة سبعة.
13854,اترشح.,مع البرد.,نزلة برد.,زكام.,جالي برد.,عدوى برد.,منشول.,مزكم.,لقط برد.,دور برد.,بالرشح.,زكام.,البرد.,برد.,رشح.,من نزلة.,انصاب ببغد.,ببرد .,زكام.,بالبرد.,برد.,د .,استبرد.,قريب.,حصل برده.,هواء.
13856,أحسن الشي.,عربية صغيرة.,يكون أفضل.,أحسن إشي.,احسن حاجة.,هذا برنامج فرعي.,يكون الافضل.,أحسن شي.,احسن حاجة.,أحسن حاجة.,أحسن شي.,سيارة صغيرة.,من الأحسن .,حتكون افضل.,أحسن اشي.,يكون الأحسن.,تكون الاحسن.,اسطوانة مصغرة .,يكون هذا البرنامج الفرعي.,تكون احسن.,بيكون الأفضل.,يكون احسن .,احسن شي.,يكون خير.,حيكون خير.,منو خير.
13862,بالتوصيل العام.,توصيل عادى.,هاذا بالبريد العادي.,على التوصيل العام.,البوستة محافظة عليه لغاية ميجي ياخده.,الطلبية العامة.,التوصيلة العامة.,بالتوزيع العام.,العامه هضي.,على صندوق بريد.,توصيل عادي.,بالبريد العادي.,التسليم العام.,بالتوصيل العادي.,توصيل عام.,العام دا.,التوصيله العامي.,بطريقة التوصيل العام .,هذا التسليم العام.,الشي فالبريد العادي.,للتوصيل العام.,بالتسليم العام .,التوصيل العادي.,في جواب عادي.,البعت العاديه.,ال عام هذا.
13903,للشخص المسؤول.,دى للراجل المسئول.,المحادثة للشخص المسؤول.,المكالمة للرجال المسؤول.,دي للشخص المسئول.,المكالمة للشخص المسؤول.,المكالمة للشخص المسؤول.,للزلمة المسئول.,هضي للشخص المسؤول.,دي للشخص المسئول.,هالاتصال للمسؤول.,على الشخص المسؤول.,المكالمة للرجل المسؤول.,دي للشخص المسؤول.,المكالمة للرجل المسؤول.,دي للزول المسؤول.,الاتصال للشخص المسؤول.,إلى المسئول .,هذا الاتصال للرجل المسؤول.,الاتصال للشخص المسؤول.,المكالمة للشخص المسؤول.,للشخص المسؤول .,الاتصال للرجال المسؤول.,هذه للشخص المسؤول.,للشخص المسئوول.,للشخص المسؤول.
13913,قياس بدك؟,إنت عاوزه؟,راك حاب؟,مقاس بدك؟,أنهي مقاس؟,حجم تريد؟,حجم تريد؟,إياس بدك؟,مقاس تبي؟,مقاس إيه؟,قياس بدك؟,اللي تبغيه؟,قياس بغيتي؟,اللي تباه؟,قياس بدك؟,انت داير؟,قياس اتغيد؟,تريد ؟,الي تبغاه؟,قياس بغيتي؟,مقاس تبي؟,بدك ايه؟,مقاس تشتي؟,الي تحبه؟,مقاس تبي؟,إلي تحبوا؟
13919,أنو لسا عندي هدول.,إن أنا لسة معايا دول.,بلي مازال عندي هاذو.,إنه هدول لسا عندي.,انا لسة معايا دولز.,اعرف هاي بعدها عندي.,اعتقد بعدني عدي ذول.,إنو بعدون معي.,ان مزال عندي هضينا.,إني لسه معايا دول.,إنو لسه باقي هدول.,ان ذيلين للحين عندي.,بلي عندي هادو.,انه عندي دولا.,انو لسا عندي هدول.,ما زلت عندي ديلك.,انو بعد عندي هذولي.,لازلت لدي هذه الأشياء .,اعرف أنك مارلت اهني.,باللي باقي عندي هادو.,الى الان الحتفظ بهذي.,انو هدول لسه معي .,أن عاد معي هذلا.,باللي مازال عندي هذا.,كنتش نحاسبهم مازال عندي.,إلي مازال عندي هاذم.
13920,مشان بعت طرود؟,علشان نبعت الطرود؟,نبعث طرود بريدية؟,لبعت الطرود؟,ابتع فيه طرود؟,مال ارسال طرود؟,لارسال الطرود؟,لإبعت ظروفة؟,عشان ندز طرود؟,عشان أبعت طرود؟,لإسال الطرود؟,حق الطرود؟,مربعين لإرسال الطرود؟,ارسل شحنات؟,عشان أبعت طرود؟,لحزم الارسال؟,صنيديق لارسال طرود؟,لإرسال الطرود ؟,مربع لإرسال الطرود؟,باش يتصيفطو هاد الطرود؟,لارسال الطرود؟,لارسال البريد؟,لارسال الطرود؟,نبعث الكولي هذا؟,مجموعات متاع الطرود؟,بش تبعث جوبات؟
13921,كلفة فندقي ووجباتي؟,و مصاريف الوجبات بتاعتى؟,ستدعم فندقي ووجبات الطعام؟,لفندقي ولتكلفة الوجبة؟,تمن الفندق والأكل؟,تكاليف الفندق والطعام مالتي؟,حجز الفندق ووجبات الطعام؟,تدفع تكاليف الأوتيل والأكل؟,و حق الوجبة؟,تكاليف الفندق والأكل بتاعتي؟,أجور الأوتيل والوجبات؟,الفندق ورسوم الوجبات؟,رسوم الفندق والوجبات؟,الفندق والاكل؟,للأوتيل و الأكل؟,لفندقي و تكاليف الوجبة؟,لفندقي وتكاليف وجبتي؟,رسوم الفندق والوجبات ؟,رسوم الفندق والوجبات؟,عليا تكاليف الأوطيل والأكل؟,فندقي و وجبتي؟,و الوجبات؟,و قيمة الوجبات؟,مصروف اللوتيل و الماكلة؟,و الماكله متاعي؟,وتيل ومصروف ال مكلة؟
13938,كلون شناتيك؟,الشنط بتاعتك؟,دياولك كامل؟,كل شنطك؟,كل شنطك؟,كولها جنطك؟,كلهن جنطك؟,هالشنط لئلك؟,كلهن شناطيك؟,كل شنطك؟,كلهن شنتاتيك؟,كلهم شناطك؟,كاملة ديالك؟,دي شنطك؟,كل شناتيك؟,كلهم شنطك؟,هذولي جنطك؟,هي حقائبك ؟,كلها شناطك؟,الأمتعة ديالك؟,كل حقائبك؟,كل شناتيك؟,حقك الشنط؟,الكله باقاجك؟,كل شناطيك؟,كل فليجتك؟
13942,بتريد تتصل؟,المكالمة إزاى؟,تدير الاتصال ديالك؟,تعمل المكالمة؟,المكالمة إزاي؟,تسوي المكالمة؟,تسوي المكالمة؟,تعمل الإتصال؟,تدير المكالمة؟,المكالمة إزاي؟,تعمل المكالمة؟,تبغي تتصل؟,تدير المكالمة؟,تسوي اتصالك؟,تعمل المكالمة؟,تعمل المكالمة؟,تعمل الاتصال؟,إجراء المكالمة ؟,إجراء المكالمة؟,تدير الاتصال؟,تجري المكالمة؟,تحكي المكالمة؟,هذا الاتصال؟,تعدي تاليفونك؟,اتديرها المكالمه؟,تعملوا تليفون؟
13946,مصنوع باليابان، ما؟,معمول فى اليابان، صح؟,مصنوع فاليابان، ياك؟,صناعة يابانية، صح؟,معمول فى اليابان، مش كدة؟,مو صنع اليابان، مو؟,مصنوع باليابان، مو؟,باليابان ما هيك؟,مصنوع في اليابان، صح؟,في اليابان، مش كده؟,مصنوع باليابان، مو؟,مصنوع في اليابان، صح؟,مصنوعة في اليابان، ياك؟,صنعت في اليأبان، صح؟,مصنوع في اليابان، صح؟,في اليابان، ول لا؟,مصنوع باليابان، مو تمام؟,في اليابان ، أليس كذلك ؟,في اليابان، أليس كذلك؟,مامصنوعاش فاليابان، ياك؟,غير مصنوع باليابان، ولا؟,مصنوع باليابان، صح؟,مصنوع في اليابان. صح؟,في اليابان، موش هكا؟,في اليابان، و الا؟,فل يابان، هكا؟
13953,إذا سمحت؟,تمررلى الملح؟,من فضلك؟,تمرقلي الملح؟,تديني الملح؟,تناوشني الملح؟,تعبرلي الملح؟,إزا بتريد؟,لو سمحت؟,تديني الملح؟,لو سمحت؟,تعطيني الملح؟,تدوزلي الملحة؟,تعطيني الملح؟,لو سمحت؟,تمرر لي الملح؟,تعبغلي الملح؟,، من فضلك ؟,تعطيني الملح؟,الملحة عافاك؟,تمرر لي الملح؟,تعطيني الملح؟,تمكني الملح؟,من فضلك؟,تمدلي الملح؟,ملح، يعيشك؟
13966,من هالفندق؟,من الاوتيل؟,القريب من هنا؟,على هاد الفندق؟,من الفندق ده؟,لهذا الفندق؟,من هذا الفندق؟,مطعم عالأوتيل؟,للهوتيل هضا؟,من الفندق؟,على هاد الأوتيل؟,مطعم لهالفندق؟,من هاد الفندق؟,من دا الفندق؟,مطعم للأوتيل؟,من الفندق دا؟,من هذا الفندق؟,لهذا الفندق ؟,من هذا الفندق؟,لهاد الأوطيل؟,لهذا الفندق؟,من هاد الفندق؟,من هذا الفندق؟,من اللوتيل؟,من هوتيل هدا؟,لل وتيل هذا؟
13993,للشعر الطبيعي.,للشعر العادى.,للشعر العادي.,للشعر العادي.,للشعر العادي.,لشعر اعتيادي.,لشعر عادي.,للشعر العادي.,للشعر العادي.,للشعر العادي.,للشعر العادي.,الشعر العادي.,للشعر الطبيعي.,للشعر العادي.,للشعر العادي.,لشعر طبيعي.,لشعغ اعتيادي.,العادي .,للشعر الطبيعي.,للشعر العادي.,للشعر العادي.,العادي .,للشعر العادي.,لشعر عادي.,للشعر العادي.,شعر العادي.
14008,رح يلتقى؟,إمتى هيتلاقى؟,بلي يصيبوه؟,راح يلاقوه؟,يتلاقى فين؟,راح يلكوها؟,راح ينلكي؟,ساعة بيتلائا؟,امتى حيلقوه؟,هيتلاقى إمتى؟,رح يلتقى؟,تتوقع يحصلونه؟,غادي تلقاها؟,تتوقع حيلاقوها؟,رح يلاقوه؟,ح يتلقي؟,غاح يتلقى؟,إيجادها ؟,بيتم العثور عليها؟,غادي يلقاواه؟,انها ستوجد؟,رح تبين؟,أنهم عيلاقوه؟,باش يلقاوه؟,ممكن يلقوه؟,تتصور يتلقى؟
14014,سعيدة كتير.,سعيدة جدا.,سنة سعيدة.,سنة سعيدة.,سعيدة جدا عليك.,سعيدة جداً.,جديدة سعيدة.,عام سعيد.,بجد سعيدة.,سعيدة جدا.,كتير سعيدة.,جديدة طيبة.,جديدة سعيدة.,جديدة سعيدة.,جديدة سعيدة.,جديدة سعيدة.,سعيدي كلش.,سعيدا جدا .,جديدة سعيدة جدا.,جديدة سعيدة.,جديدة سعيدة جدا.,سعيدة .,جديده سعيدة.,عام سعيد.,سعيده هلبه.,عام مبروك.
14018,سبرايت كبيرة.,سبرايت كبيرة.,سبرايت كبير.,حجم كبير.,سبرايت كبير.,حجم كبير.,سبرايت جبير.,سبرايت كبيرة.,سبرايت مسخط.,سبرايت كبير.,سبرايت كبيرة.,سبرايت كبيرة.,سبريت كبيرة.,سبرأيت كبير.,سبرايت كبير.,اسبرايت كبير.,سبرايت كبيغ.,سبرايت كبيرة .,سبريت كبيرة.,سبرايت كبير.,سبرايت كبير.,كبير .,و قيمة الوجبات.,الشبح الكبير.,سبرايت كبيره.,شبح كبير.
14043,مرة تانية أبطأ.,تانى ببطء أكتر.,عاود بتمهل.,تانية أبطئ شوي.,بالراحة شوية.,ثانية ببطء اكثر.,ثانية ببطئ.,مرة تانية عالبطيء.,أخرى ببطئ اكثر.,فضلك بس بالراحة.,أبطئ من هيك.,مرة ثانية ابطأ.,اخرى بشوية.,تانية ببطء اكثر.,مرة بس أبطئ.,تاني ببطء أكتر.,اللخ ببطئ.,أخرى ببطء أكثر .,مرة أخرى ببطء.,قولو بشوية.,ثانية بشكل ابطأ.,ثانية ابطأ .,ثانيه ببطئ أكثر.,عاود بالشوية.,تاني لكن بشويه.,مرة أخرى بشوية.
14045,بدي أطلب.,أعمل أوردر.,ندير طلبية.,أحط طلبية.,اعمل طلب شراء.,اطلب شي.,اريد اطلب.,أعمل طلبية.,ندير طلب.,أعمل أوردر.,سجل طلب.,ابغي اطلب.,ندير طلب.,أبا اطلب.,بدي أطلب.,أضع طلب.,اعمل طلب.,أطلب طلب .,أن أطلب.,نحط طلب.,ابغى اطلب.,بدي اطلب .,أطلب طلب.,نعدي قضية.,اندير طلبيه.,نبدل صف.
14059,وفخدة خاروف مشوية.,ولحم ضانى مشوى.,و جيغو مشوي.,ورجل خاروف مشوي.,رجلين ضاني مشوية.,لحم غنم مشويه.,وفخذ لحك مشوي.,وفخد خروف مشوي.,ساق خروف محمر.,فخدة ضاني مشوية.,وفخد ضاني مشوي.,ورجل غنم مشوية.,لحم الجمل مشوي.,ورجل خروف مشوي.,و رجل خروف مشوية.,رجل حمل مشوي.,وفخذ طلي مشوي.,ورجل حمل مشوية .,المشوي من الضأن.,فخدة الحولي مشوية.,ساق غنم مشوية.,غنم مشوي .,رجل غنمي مشوي.,لحم علوش مشوي.,فخدة لحم محمره.,ساق علوش مشوي.
14069,بإطلالة حلوة.,بمنظر جميل.,بإطلالة شابة.,إطلالة حلوة.,على مناظر جميلة.,مناظر جميلة.,باطلالة حلوة.,عمنظر حلو.,بمشهد جميل.,بمنظر جميل.,منظر حلو.,بمنظر حلو.,للمناظر الجميلة.,ديكور حلو.,منظر حلو.,لمنظر جميل.,للمناظر الحلوي.,جميل .,لمنظر حلو.,على منظر جميل.,لمشهد جميل.,اطلالة حلوة .,بمنظر حالي.,على منظر سمح.,بمنظر حلو.,على منظر باهي.
14074,بطيخ، إذا سمحت.,بطيخ، لو سمحت.,البطيخ، من فضلك.,بطيخ، لو سمحت.,بطيخ، لو سمحت.,بطيخ، بلية زحمة.,بطيخ، رجاءا.,شمام، إزا بتريد.,دلاع، لو سمحت.,شمام، من فضلك.,ليمون، لو سمحت.,جح، لو سمحت.,عصير البطيخ، عافاك.,حبحب، لو سمحت.,بطيخ، لو سمحت.,بطيخ، من فضلك.,بطيخ، رجاءا.,، من فضلك .,البطيخ، من فضلك.,البطيخ، عافاك.,الشمام، لو سمحت.,. لو سمحت .,حبحب، لو سمحت.,بطيخ، يعيشك.,الدلاع، من فضلك.,شمام، يعيشك.
14086,تلات ولاد.,تلات أطفال.,ثلاثة أطفال.,تلت أطفال.,تلات عيال.,تلث اطفال.,تلث اطفال.,تلات ولاد.,ثلاث عيال.,تلاتة أطفال.,تلات ولاد.,ثلاث عيال.,ديال الأطفال.,تلاتة أطفال.,تلات ولاد.,تلاتة أطفال.,ثلاث اولاد.,أطفال .,ثلاث أولاد.,تلاتة دالدراري.,ثلاث أولاد.,اطفال .,ثلاثه عيال.,ثلاثة صغار.,تلاتة صغار.,تلاثة صغار.
14088,عند الزاوية. بتشوفو ع يمينك.,شمال عند الناصية. هتشوفه على يمينك.,على اليسار. تشوفو على اليمين ديالك.,عندك الزاوية. راح تشوفه على يمينك.,عند الناصية. هتشوفه على يمينك.,الزوية. راح تشوفها على اليمنة.,بالركن. راح تشوفه ع اليمنى.,عالزاوية الشمال. بتشوفو عاليمين.,عند الشوكة. توا تلقاها على يمينك.,عند الكورنر. هتلاقيه على يمينك.,عند الزاوية. بتشوفه عأيدك اليمين.,على الزاوية. بتشوفه على يمينك.,الزاوية. غادي تشوفه على ليمين ديالك.,عند الكورنر. حتشوفه هناك على يمين.,الشمال عند الزاوية. بتلاقيه على يمينك.,في الكورنة. ح تشوفه في يمينك.,عد الزاويه. غاح تشوفو على يمينك.,الركن . سوف تجدها على يمينك .,يسار في الزاوية. بتشوفه على يمينك.,فالقنت. غادي تشوفو على يمينك.,يسار عند الزاوية. بتشوفه على يمينك.,الشمال . رح تشوفه على يمينك .,عند الركن . عتبسره على يمينك.,في الكوان. تو تاراه على يمينك.,يسار في التركينه. حتشوفه علي يمينك.,في التركينة. توا تشوفو على يمينك.
14089,يوم كامل؟,ليوم كامل؟,ليوم كامل؟,يوم كامل؟,اليوم كله؟,لمدة يوم كامل؟,طول اليوم؟,لكل النهار؟,يوم كامل؟,يوم كامل؟,يوم كامل؟,يوم كامل؟,لمدة نهار كامل؟,يوم كامل؟,طول اليوم؟,يوم كامل؟,يوم كامل؟,يوم كامل ؟,لمدة يوم كامل؟,لنهار كامل؟,يوم كامل؟,يوم كامل؟,ليوم كامل؟,نهار كامل؟,ليوم تام؟,نهار كامل؟
14094,ذهاب وإياب لأوكسفورد؟,لأكسفورد تكلف كام؟,ذهاب إياب لأوكسفورد؟,ورجعة على أكسفورد؟,روحة ورجعة لأكسفورد؟,مرجع لاوكسفورد؟,ذهاب واياب لاوكسفورد؟,روحة رجعة عأوكسفورد؟,ذهاب وعودة لاكسفورد؟,جاي بكام؟,رجعة على أوكسفرد؟,ورجعة لأوكسفورد؟,ورجوع لأكسفورد؟,ذهاب وعودة لأكسفورد؟,رايح جاي لأوكسفورد؟,ذهاب واياب لاكسفورد؟,مرجع لاوكسفورد؟,وعودة إلى أوكسفورد ؟,وإيابا إلى أكسفورد؟,المشي والمجي لأوكسفورد؟,وعودة الى اوكسفورد؟,جية ل اكسفورد؟,وجيه ل اكسفورد؟,و جيان لأكسفورد؟,جي لي اوكسفورد؟,وجي ال أوكسفورد؟
14098,يوم إي يوم لأ.,رياضى كل يومين.,كل يومين.,رياضي كل يومين.,مرة كل يومين.,رياضي كل يومين.,كل يومين.,يوم إي يوم لأ.,رياضي كل يومين.,يوم أه ويوم لأ.,يوم اي يوم لاء.,كل كم يوم.,كل يومين.,كل يومين.,رياضي كل يومين.,كل يومين.,رياضي كل يومين.,كل يومين .,رياضي كل يومين.,كل يومين.,كل يومين.,كل يومين.,رياضي كل يومين.,كل نهارين.,ايه و يوم لا.,كل زوز أيام.
14099,خلال الرحلة؟,خلال الجولة؟,خلال الرحلة؟,خلال الرحلة؟,أثناء الجولة؟,خلال الجولة؟,خلال الرحلة؟,إبئا بالجولة؟,خلال الجولة السياحية؟,وقت الرحلة؟,خلال الجولة؟,خلال الجولة؟,فوقت الرحلة؟,خلال الرحلة السياحية؟,خلال الرحلة؟,خلال الجولة؟,خلال الجوله؟,أثناء الجولة ؟,خلال الجولة؟,نبقى فمدة الجولة؟,خلال الرحلة؟,خلال الجولة؟,خلال الرحله؟,في الرحلة؟,خلال الجوله؟,وقت ال رحلة؟
14104,وقت المغادرة؟,التشيك أوت؟,تسجيل الخروج؟,تسجيل الخروج؟,التشيك اوت؟,وقت المغادره؟,وقت المغادرة؟,لازم نطلع؟,التشيك اوت؟,تشك-آوت إمتى؟,وقت الخروج؟,الجيك اوت؟,وقت المغادرة؟,وقت الخروج؟,نسجل خروج؟,زمن الخروج؟,تسجيل الخروج؟,مغادرة الفندق ؟,وقت المغادرة؟,المغادرة؟,تسجيل المغادرة؟,وقت الطلعة؟,وقت الخروج؟,لازمنا نمشيو؟,وقت الطلوع؟,لزمك تمشي؟
14108,المرشد باليوم؟,فى اليوم؟,لهاذ الدليل؟,لكل يوم؟,في اليوم؟,الدليل باليوم؟,الدليل لليوم؟,السياحة بالنهار؟,المرشد لليوم؟,الواحد أد إيه؟,المرشد باليوم؟,في اليوم؟,الدليل يوميا؟,السياحي لليوم؟,المرشد باليوم؟,المرشد لليوم؟,لكل يوم؟,في اليوم ؟,الدليل يوميا؟,على النهار؟,لكل يوم؟,لليوم الواحد؟,المرشد باليوم؟,نهار الدليل؟,في اليوم؟,المرافق لليوم؟
14120,ألاقي سيديات؟,فين سيديهات؟,لي سي دي؟,ألاقي سيديات؟,سيديهات فين؟,الكه سيديات؟,اقراص سي دي؟,لائي سيدي؟,السي ديهات؟,سيديهات فين؟,بلاقي سيديات؟,احصل سيديات؟,القرص المضغوط؟,الاقي سيديات؟,سي ديهات؟,ألقى سيديهات؟,القي اقراص؟,المدمجة ؟,القرص المضغوط؟,نلقى السيديهات؟,القى سيديات؟,السي دي؟,اقدر احصل سيديهات؟,نلقا سادايات؟,سي ديات؟,نلقى سديات؟
14147,أنتو طلاب جامعة نيويورك؟,اليابان. إنتوا طلاب جامعة نيويورك؟,طالب في جامعة نيويورك؟,اليابان. إنت طالب من نيويورك؟,انت من جامعة نيويورك؟,اليابان. انت طالب بجامعة نيويورك؟,انت طالب جامعة نيويورك؟,اليابان. إنتو طلاب بجامعة نيويورك؟,انتو طلبة ان واي يو؟,إنتم طلبة من جامعة نيويورك؟,انتو طلاب جامعة نيويورك؟,اليابان. انتوا طلبة جامعة نيويورك؟,واش نتا طالب من نيويورك؟,انت طالب من نيويورك؟,انتو طلاب جامعة نيويورك؟,أنت طالب ان واي يو؟,من طلاب ال ان واي يو؟,أنتم طلاب في جامعة نيويورك ؟,هل أنت طلاب جامعة نيويورك؟,واش انتا طالب جامعي من نيويورك؟,انت من طلاب جامعة نيويورك؟,اليابان . انت طالب جامعة نيويرك؟,انتو طلاب ان واي يو؟,طالب في جامعة نيويورك؟,من طلبة ان واي يو؟,طلب فل جامعة متع نيو يورك؟
14150,بتقيم هالخطة؟,بتقيم الخطة دى؟,تقيم هاذ المشروع؟,تقييمك لهاي الخطة؟,الخطة دي إزاي؟,قيمت هاي الخطة؟,تقيم هاي لخطة؟,أيمت هالخطة؟,تقيم الخطة هضي؟,قيمت البرنامج ده؟,بتقيم هي الخطة؟,تقييمك حق هالخطة؟,كتقيمون هاد المشروع؟,ججبت الخطة جي؟,بتقييم هاي الخطة؟,قيمت الفكرة دي؟,قيمت هذي الخطه؟,تقيم هذه الخطة ؟,تقيم هذه الخطة؟,التقييم ديالك لهاد المشروع؟,تقيم هذي الخطة؟,قيمت هاي الخطة؟,بتقيم هذه الخطه؟,باش تقيم الخدمة؟,قيمتها الخطه؟,تقيم مخطط هذا؟
14167,منيح قريب من هون؟,قريب من هنا؟,مليح قريب من هنا؟,منيح قريب من هون؟,موسيقى فريب من هنا؟,تسجيلات قريب منا؟,زين قريب منا؟,سيديات أريب من هون؟,تسجيلات كويس هنا؟,كويس قريب من هنا؟,قريب من هون؟,زين قريب من هني؟,مزيان قريب من هنا؟,تسجيل قريب من هنا؟,منيح قريب من هون؟,تسجيل جيد قريب هنا؟,تسجيل قغيب على هوني؟,قريب من هنا ؟,جيد بالقرب من هنا؟,التسجيل قريب من هنا؟,قريب من هنا؟,قريب من هون؟,حالي قريب من هانا؟,قريب من هوني؟,كويس قريب من هنايا؟,قريب من هنا؟
14168,ولا بطاقة؟,ولا شحن؟,ولا بالبطاقة؟,وإلا شحن؟,على الفاتورة؟,على الحساب؟,لو تحميل؟,أو شيك؟,ولا رسم؟,ولا شحن؟,بطاقة إئتمان؟,او شحن؟,بطاقة ائتمان؟,ولا شحن؟,ولا فيزا؟,ول شحن؟,لو احملك؟,الائتمان ؟,أو شحن؟,لا بالبطاقة؟,ولا شحن؟,لا شحن؟,على الحساب؟,ولا بالكارطا؟,الا كرت؟,ولا شحن؟
14174,بشركة تجارة.,شركة تجارية.,شركة اقتصادية.,بشركة تجارية.,شركة تجارة.,لشركة تجارة.,بشركة تجارية.,بشركة تجارية.,لشركة تجارية.,شركة تجارية.,بشركة تجارية.,شركة تجارية.,لشركة تجارية.,شركة تجارية.,بشركة تجارة.,لشركة تجارية.,لشركه تجاره.,تجارية .,لشركة تجارية.,لشركة تجارية.,لشركة تجارة.,تجارة .,شركة تدريب.,شركة تجارية.,شركة تجارة.,متع تبادل.
14175,شقد بيقبضوا.,تسأل الناس بيقبضوا كام.,الأشخاص شحال يخلصوا.,الناس عن معاشاتهم.,تسأل الناس هم بيكسبو كام.,الناس شكد تكسبون.,الناس شكد ياخذون.,تسأل العالم أديش بيئبضو.,الناس في كم يحصلو.,تسأل الناس بيكسبوا كام.,أديش بطلعوا مصاري.,الناس كم يدخلون.,الناس بشحال خدامة.,الناس كم راتبهم.,قديش معاشهم.,الناس بجنوا كم.,الناس اشقد يحصلون فلوس.,الناس كم يتقاضون .,نسأل الناس كم ييحصلون.,الناس شحال كيشدو.,الناس عن دخلهم.,الناس قديش بوخدو .,تسال الناس كم بيستلمو.,من الناس قداش تصور.,تسال الناس قداش معاشهم.,لعباد قداش يخلصو.
14184,وواحد أصليات؟,خمسمية وواحد أصليين؟,حقيقي خمسمئة وواحد؟,خمسمية وواحد؟,خمسمية وواحد اصليين؟,خمسمية وواحد اصلي؟,و واحد اصلية؟,وواحد الأصليات؟,وحدات امريكيات؟,أصلي خمسمية وواحد؟,وواحد أصليين؟,وواحد أصليين؟,أصيلة خمسمائة وواحد؟,وواحد أصلية؟,وواحد أصليين؟,خمسمية وواحد اصليات؟,خمسمية وويحد اصليي؟,خمسة صفر المعتمدة ؟,خمسمية وواحد أصلية؟,زيرو واحد الأصليين؟,خمسمية وواحد اصلية؟,و واحد اصليات؟,خمسمية وواحد اصليات؟,و واحد صحاح؟,مية وواحد اصليات؟,مية وواحد أصيلة؟
14195,بحسن أتحمم؟,آخد حمام؟,ناخذ حمام؟,بقدر أتحمم؟,حمام إمتى؟,اخذ حمام؟,اكدر اسبح؟,بقدر إتحمم؟,نقدر ناخذ حمام؟,حمام امتى؟,فيني اتحمم؟,اقدر اتسبح؟,ناخد دوش؟,اخذ حمام؟,بقدر أتحمم؟,اخد حمام؟,اطيق اسبح؟,آخذ حماما ؟,اقدر أخذ حمام؟,نقدر ناخد دوش؟,اقدر استحم؟,بقدر اتحمم؟,أقدر أتحمم؟,ناخذ بانو؟,ندير دوش؟,نخو دوش؟
14198,واحد وعشرين سنة.,الواحد وعشرين سنة.,واحد و عشرون.,واحد وعشرين سنة.,عندك عشرين سنة.,من واحد وعشرين سنة.,واحد عشرين سنة.,من وحدة وعشرين سنة.,فوق العشرين سنة.,واحد وعشرين سنة.,الواحد وعشرين سنة.,فوق الواحد وعشرين.,واحد وعشرين سنة.,فوق العشرين.,من واحد وعشرين سنة.,و عشرين سنة.,من عشين سني.,سنة من العمر .,عشرين سنة من العمر.,واحد وعشرين عام.,و العشرين سنة.,واحد و عشرين سنة .,عمرك واحد وعشرين سنه.,واحد و عشرين سنة.,من واحد و عشرين سنه.,واحد وعشرين.
14219,جوا. عندك مانع إذا طالعتو؟,السرعة جواه. عندك مانع لو خرجته؟,سريعة فالداخل. يزعجك لوكان انحيه؟,بتمانع إذا أخدتها برا؟,خالصز عندك مانع لو طلعته؟,السرعة. عندك مانع اطلعه؟,عندك مانع اذا اطلعه؟,كتير. عندك مانع إزا شلتو؟,عالية. تمانع لو طلعته؟,عالية. عندك مانع لو طلعته؟,سرعته عالية. ممكن طلعه؟,سريع. عادي اطلعه؟,فهاديك. هل تمانع الى سحبتها؟,عالية. تمانع لو اطلعه؟,سرعته عالية. بقدر أقيمو؟,فيه. هل تمانع إذا طلعتوا؟,هل تمانع اذا اطلعو بغه؟,. هل تمانع إذا أخرجته ؟,هل تمانع إذا خذته برع؟,السرعة. ماشي مشكل إلا خرجتو؟,هل تمانع اذا اخرجته؟,. عندك مانع انو تطلعو؟,السرعه. عندك مانع اذا خرجته؟,بارشا الداخل. يقلقك كان نجبده؟,عندك مانع اني نطلعه؟,سريع. متتصلصش إذا خرجتو؟
14224,هلئ.,دلوقتى حالا.,وين شريتو.,هلأ.,لسة دلوقتي.,اشتريته.,اشتريتها.,بعدني شاري.,توا هالوقت.,مشتريه دلوقتي.,اشتريته.,الحين.,غير دابا.,دحين.,شريتو.,قبل شوية.,هسه.,فقط .,الآن فقط.,غير دابا.,الان.,هلا .,الان.,شريته.,كيف شريته.,توا.
14232,واحد فوراً.,واحد حالا.,واحد فالحين.,واحد هلأ.,على طول دلوقتي.,واحد فوراً.,واحد هسه.,واحد هلأ.,على طول.,واحد حالا.,واحد فوراً.,واحد الحين.,واحد دابا.,واحد دحين.,واحد هلأ.,واحد الآن.,ويحد هسه.,في الحال .,واحد الحين.,واحد دابا.,واحد الان.,حالا .,واحد الان.,واحد توة.,علي طول.,توا توا.
14235,واحد جاي هلئ.,واحد جاى دلوقتى.,هاك واحد فالحين.,جاي هون هلأ.,واحد دلوقتي.,ليلة وحده هسه.,اجه واحد بسرعة.,بيجي واحد.,واحد جاي توا.,جاي حالا.,إجا واحد هلأ.,واحد جاي الحين.,غيجي واحد دابا.,يجيك واحد دحين.,بيجي واحد.,بجي واحد أسى.,جا ويحد هسه.,تأتي واحدة حالا .,ايي واحد الآن.,واحد دابا.,بيجي هذا الان.,هلا بيجي واحد .,واحده الان.,واحد توة نجيبه.,جاي علي طول.,جات وحدة توا.
14242,الغراض المشتريون للجمارك بالمطار.,مع الحاجات اللى اشتريتها.,المطار مع الأغراض اللي شريتهم.,اللي اشتريتهم لجمارك المطار.,اشتريتها للجمارك في المطار.,الي اشتريتها للكمارك بالمطار.,المشراة للبائع بالمطار.,عالمطار مع الغراض المشترية.,الشراء للجمرك في المطار.,فضلك وريه.,مع الغراض يللي شاريها.,شريته حق الجمارك في المطار.,الشراء للجمارك في المطار.,اللي اشتريتها لجمارك المطار.,المشتريات للجمارك في المطار.,المشتريات للجمارك في المطار.,المشتريات للكمارك بالمطار.,الجمارك في المطار .,الشراء للجمارك في المطار.,مع الحاجيات اللي اشريتي.,المشتريات للجمارك في المطار.,الشراء للجمارك بالمطار .,المشتريات للجمارك في المطار.,مع اللحوايج الي شريتها.,مع الحاجات الي شريتهم.,اشرية لديوانة فالمطار.
14261,عندون تنزيلات هلئ؟,عندهم تخفيضات دلوقتى؟,فالمحلات الشاملة الآن؟,الشاملة عامل تخفيضات هلأ؟,عامل خصم دلوقتي؟,عنده خصومات هسه؟,جبيرة عدها تنزيلات؟,الاقسام عامل خصومات هلأ؟,مداير تخفيضات توا؟,عامل تخفيضات دلوقتي؟,هلأ بالمحلات الكبيرة؟,مسوية تخفيضات الحين؟,شاملة عندها تخفيضات دابا؟,متنوعها فيها تخفيضات؟,الشاملة عندها تنزيلات هلأ؟,شاملة عندهم تخفيضات الآن؟,الشاملة عندم تخفيضات هسه؟,به يعمل الآن ؟,تجارية مسوية تخفيضات الحين؟,شاملة دايرة تخفيضات دابا؟,عندهم تخفضيات الان؟,عندهم تخفيضات هلا؟,شاملة عاملين الان تخفيضات؟,في الحوانيت الشاملة؟,دكان من الدكاكين الكبيرة؟,يعملوا تخفيضات توا؟
14265,عطيني الإطفاء.,سمحت إدينى المطافى.,مركز الإطفاء.,محطة الاطفاء.,بالمطافي .,بمحطة الأطفاء.,لمحطة الاطفاء.,عمركز الإطفاء.,محطة الإطفاء.,إديني المطافي.,بمحطة الإطفاء.,على محطة الاطفاء.,دوزلي المطافئ.,على تلفون المطافي.,اطلبلي الاطفائية.,محطة الاطفاء.,محطة الاطفاء.,وصلني بمحطة الإطفاء .,محطة الاطفاء.,ليا مخفر المطافئ.,وصلني للمطافي.,محطة الاطفاء .,ب محطه الحريق.,الحماية المدنية.,اعطيني المطافيء.,مركز الاطفاء.
14266,بطارية فاضية.,فضيت.,الساعة دياولي.,بطارية خربانة.,بطاريتي خلصت.,باتري ميت.,باتري منتهي.,بطاريتي.,بتاريه ميته.,بطارية فاضية.,فاضية.,انتهت.,باطري ميت.,غلقت.,خلصت.,بطارية ميتة.,باتري ميت.,بطارية فارغة .,بطارية ميتة.,بطارية ميتة.,بطارية فاضية.,تخلص .,بطاربه عتنتهي.,وفات.,ماتت.,باتري ميتة.
14289,التقاطع الجاي.,اللى جاى.,المقطع الموالي.,التقاطع التاني.,اللي جاي.,بالتقاطع الجاي.,بالتقاطع الجاي.,تئاطع طريئ.,التقاطع الجاي.,التقاطع الجاي.,يللي بعده.,التقاطع الجاي.,فالتقاطع الجاي.,التقاطع الجأي.,التقاطع المقبل.,التقاطع الجاي.,ثاني تقاطع.,القادم .,اللفة التالية.,فالتقاطع الجاي.,التقاطع الجاي.,الجاي .,التقاطع الجاي.,الي جاي.,التقاطع الجاي.,فالتقاطع اجاي.
14292,يعبي استمارة التصريح الجمركي هي؟,يملا بيان الإعلان الجمركى دة؟,لازم يعمرو استمارة الجمارك؟,يعبي بيان الجمارك هاد؟,يملى فورمة تخليص الجمارك دي؟,استمارة البيان الكمركي هاي؟,يملي قائمة تصريح الكمارك هاي؟,يعبي إستمارة التصريح الجمركي؟,لازم يعبي نموذج تصريح الجمرك هضا؟,استمارة التصريح الجمركي دي؟,نموذج البيان الجمركي هاد؟,استمارة البيان الجمركي هذه؟,يعمر استمارة البيان الجمركي هادي؟,نموذج الإعلان الجمركي هذا؟,يعبي نموذج الجمارك هدا؟,واحد يملأ فورمة تصريح الجمارك دي؟,يملي استمارة البيان الكمركي؟,أن يملأ استمارة الإقرار الجمركي هذه ؟,يملا استمارة البيان الجمركي هذه؟,يعمر استمارة البيان الجمركي؟,يملئ هذا المستند للاجراء الجمركي؟,يعبي نموذج البيان الجمركي هاد؟,يواحد يعبي استماره البيان الجمركي؟,تعمر المطلب متاع الديوانة؟,هدا النموذج متاع تصريح الجمارك؟,يعمروا الإستمارة متع الديوانة؟
14304,إذا سمحت؟,لو سمحت؟,من فضلك؟,أعرف اسمك؟,لو سمحت؟,بليه زحمة؟,اسمك رجاءا؟,إزا بتريد؟,اسمك لو سمحت؟,لو سمحت؟,لو سمحت؟,لو سمحت؟,اسمك عافاك؟,تقولي اسمك؟,لو سمحت؟,اسمك من فضلك؟,اسمك رجاءا؟,من فضلك ؟,من فضلك؟,باسميتك عافاك؟,اسمك لو سمحت؟,لو سمحت؟,لو سمحت؟,من فضلك؟,تعطيني اسمك؟,اسمك يعيشك؟
14306,ع حساب الطرف التاني؟,على حساب الطرف التاني؟,اتصال على حساب المتلقي؟,على حساب المتلقي؟,على حساب الطرف التاني؟,على حساب المتلقي؟,على حساب الطرف الثاني؟,مكالمة عحساب الطرف التاني؟,على حساب الطرف الاخر؟,مكالمة تكلفتها على المتلقي؟,على حساب المستقبل؟,حساب الطرف الثاني؟,على حساب الطرف الثاني؟,حساب اللي بدق عليه؟,مكالمة على حساب المتلقي؟,على حساب الطرف التاني؟,مكالمه على حساب المتلقي؟,تحصيل أجرته من الطرف الآخر ؟,اتصال على حساب المتلقي؟,مكالمة على حساب المتلقي؟,مكالمة على حساب المتلقي؟,على حساب الطرف الثاني؟,اتصال على حساب المتلقي؟,علي حساب الي باش نكلمه؟,مكالمه على حساب المتلقي؟,حساب الطرف الاخر؟
14311,شلونك؟,إزيك؟,واش راك؟,كيف حالك؟,عامل ايه؟,شلونك؟,شلونك؟,كيفك؟,كيف حالك؟,إزيك؟,كيفك؟,شخبارك؟,كيف داير؟,كيف حالك؟,كيف حالك؟,كيف انت؟,اشونك؟,حالك ؟,كيف حالك؟,كي داير؟,كيف حالك؟,كيفك؟,كيف حالك؟,الخير، شنحوالك؟,كيف حالك؟,شنوا حوالك؟
14317,قسم السفر؟,قسم السفر؟,قسم السفر؟,قسم السفر؟,قسم السفر؟,قسم السفريات؟,قسم السفر؟,إسم السفر؟,قسم السفر؟,قسم السفر؟,قسم السفر؟,قسم السفر؟,قسم السفر؟,قسم السفر؟,قسم السفر؟,قسم الترحيل؟,قسم المسافرين؟,السفر ؟,قسم السفر؟,قسم السفر؟,قسم السفر؟,قسم السفر؟,قسم السفر؟,بلاصة الرحلات؟,جيهة السفر؟,قسم الرحلات؟
14336,بدك تحكي معو؟,انت عاوز تكلمه؟,راك حاب تهدر معاه؟,بتحب تحكي معه؟,انت عايز تكلمه؟,تريد تحجي وياه؟,تتمنى تحجي وياه؟,بدك تحكي معو؟,تبي تحكي معاه؟,عايز تكلمه ايه؟,بدك تحكي معه؟,اللي تبغي تكلمه؟,باغي تهدر معاه؟,اللي تبا تكلمه؟,بتتمنى تحكي معو؟,البتتمني تتكلم معاه؟,تتمنى تحكي معانو؟,تود التحدث إليه ؟,تحب تتحدث إليه؟,تبغي تهضر معاه؟,تتمنى التكلم معه؟,حاب تحكي معو؟,تشتي تتحاكى معه؟,تحب تحكي معاه؟,تبي تتكلم معه؟,تمنيت تحكي معاه؟
14347,جوا هلئ.,جوة فى اللحظة دى.,غائب دوكا.,مش موجود حالياً.,هنا في اللحظة دي.,موجود حالياً.,موجود بها اللحظة.,هون هلأ.,في الخط توا.,هنا دلوقتي.,جوا هلأ.,موجود حاليا.,هنا فهاد اللحظة.,موجود دحين.,في هاي اللحظة.,دخل في اللحظة.,ما هوني هالدقيقه.,ليس بالداخل الآن .,في هذه اللحظة.,ما كاينش دابا.,متواجد في هذه اللحظة.,بهاي اللحظة .,في هذه اللحظه.,غايب توة.,قاعد توا.,في لحظة.
14363,ما عندك مانع إذا نزلتك هون. أنا متأخر. روحي، انبسطت بشوفتك، ماشي؟,معندكش مانع لو نزلتك هنا. أنا متأخر. يا صاحبى، جميل إنى شوفتك، أوكى؟,فضلك. مايزعجكش لوكان تحطوا هنا. راني متأخر. كانت حاجة ظريفة لي تلاقينا، ماشي صح؟,جنب، ممكن؟ إنت ما بتمانع إذا نزلتك هون. أنا متأخر. صديقي، تشرفت بمعرفتك، اوكيه؟,مانع لو نزلتك هنا . أنا متاخر. يا صاحبي، كانت فرصة سعيدة إني شوفتك، ماشي؟,عندك مانع اذا نزلتك هنا. اني تأخرت. عزيزي كانت فرصة سعيد تعرفت بيك، ماشي؟,عندك مانع انزل هنا. انا متأخر. صاحبي، من سروري ان التقي بيك، اوكي؟,توئف؟ عندك مانع إزا نزلتك هون؟ تئخرت. انبسطت بشوفتك يا صديئي، اوكيه؟,انت ماعندكش مانع لو حطيتك هنا. أنا متأخر. صاحبي، تشرفت بمعرفتك، اوكي؟,مش كده؟ عندك مانع لو نزلتك هنا. أنا متأخر. صاحبي، مبسوط إننا إتقابلنا، أوكي؟,ممكن؟ ما عندك مشكلة إذا نزلتك هون. تأخرت. أخي، انبسطت بمعرفتك، ماشي؟,صوب، ممكن؟ عادي اذا نزلتك هني. انا متأخر. اخوي، استانست بشوفتك، اوكي؟,عافاك. مكتمانعش نهبطك هنا . أنا متأخر. صاحبي، فرحت بلقائك، ياك؟,مانع اذا وقفتك هنا. انا متأخر. صاحبي، كان شرف انه قابلتك، اوك؟,ما بتفرق عندك ازا نزلتك هون. لأني متأخر. صاحبي، انبسطت بشوفتك، ماشي؟,تقيف؟ انت ما بتمانع إذا نزلتك هنا. أنا متأخر. صديق، جميل ان لاقيتك، اوكي؟,ما تمانع اذا انزلك هوني. انا متأخر. صديقي، مان كلش لطيف لقائي معاك، اوكي؟,، وأنت ؟ لن تمانع في أن أنام معك هنا . أنا متأخر . كان لقاء جميل معك ؟,هل تمانع انزلك هنا. انا متأخر. سعدت بمقابلتك، اوكيه؟,تتوقف آمحمد؟ ماغاديش تنزعج إلا خليتك هنا؟ أنا تعطلت. صاحبي، فرحت بلقائك، صافي؟,تمانع اذا نزلتك هنا . انا متأخر. صاحبي، كان من الجيد شوفتك، اوك؟,اذا ما عندك مانع انزلك هون . انا متأخر، صديقي . فرصة سعيدة، اوك؟,لوسمحت. عادي لو نزلتك هانا. انا قدنا متأخر ياخي. فرصة سعيدة، تمام؟,ما يقلقكش كان نوقفك هوني. انا موخر. والله هايل كيف تلاقينا، موش هكا؟,ما عندكش مانع انزلك هنايا. اني عطلت. صاحبي، حلو انا تلاقينا، اوكي؟,يعيشك. ميسالك نوقفك هوني؟ أنا روتار. باهي إلي تقابلنا. مش هكا؟
14373,بتطل عالمدينة؟,على المدينة؟,تطل على المدينة؟,على المدينة؟,على المدينة؟,على المدرينة؟,ع المدينة؟,بتطل عالمدينة؟,على المدينة؟,بتشوف البلد؟,بتطل عالمدينة؟,على المدينة؟,كتطل على المدينة؟,على المدينة؟,على المدينة؟,على المدينة؟,على المدينه؟,على المدينة ؟,على المدينة؟,كتطل على المدينة؟,على المدينة؟,على القرية؟,على المدينه؟,على البلاد؟,علي البلاد؟,عل بلاد؟
14389,رسائل إلي؟,رسايل ليا؟,ليه؟,رسائل إلي؟,رسايل ليا؟,رسائل الي؟,رسائل الي؟,رسايل لئلي؟,رسايل ليا؟,رسايل ليا؟,رسائل إلي؟,رسايل حقي؟,رسائل ليا؟,رسالة ليا؟,مسجات الي؟,رسائل لي؟,رساله الي؟,لي ؟,رسالة حقي؟,رسائل ليا؟,رسائل لي؟,رسائل الي؟,رسايل لي؟,ليلي انا؟,رسايل ليا؟,ليا أنا؟
14400,خرج آخدو بتلاتة دولار؟,آخده بتلاتة دولار؟,نتحصل عليه بثلاثة دولار؟,آخده بتلاتة دولار؟,ممكن أخده بتلات دولارات؟,اخذها بتلث دولارات؟,احصله بتلث دولارات؟,يا بتلاتة دولار؟,نقدرش ناخذه بثلاثة دولار؟,آخدها بتلاتة دولار؟,آخده بتلاتة دولار؟,آخذه بثلاثة دولارات؟,ممكن ناخدها بثلاثة دولارات؟,اخذه بتلاتة دولار؟,أخدو بتلاتة دولار؟,ممكن اشيله بتلاتة دولارات؟,اطيق اخذو بثلاث دولارات؟,الممكن أن آخذها بثلاثة دولارات ؟,يكون عندي ثلاثة دولارات له؟,يمكنليش ناخدو بتلاتة دولار؟,احصل عليها بثلاثة دولار؟,بقدر اخده بثلاثة دولار؟,اشله ب ثلاثه دولار؟,ناخذه بثلاثة دولار؟,ناخده بتلاته دولار؟,ناخذو ب تلاثة دولارات؟
14402,غرفة خلفية.,فى الضهر.,من الخلف.,غرفة خلفية.,من ورا.,غرفة ليوره.,غرفة ورا.,من ورا.,دار لاورا.,في الضهر.,غرفة ورا.,غرفة ورا.,في الظهر.,غرفة بالخلف.,غرفة ورا.,في الخلف.,غرفه بالاخر.,الخلف .,في الخلف.,غرفة فالخلف.,غرفة بالخلف.,بالاخر .,غرفه بالخلف.,بيت التالي.,دار التالي.,بيت لتالي.
14403,كاسة نبيذ.,كوباية نبيت.,كأس نبيذ.,كاسة خمر.,جزازة نبيت.,كلاص نبيذ.,كلاص واين.,كاس نبيد.,كباية نبيذ.,كباية نبيت.,كاسة نبيت.,كاس واين.,ديال النبيذ.,كاسة نبيذ.,كاسة نبيد.,قزازة خمرة.,كلاص من الخمر.,من النبيذ .,من النبيذ.,كاس دالخمر.,كاس نبيذ.,نبيذ .,قلص خمر.,كاس شراب.,طاسة نبيذ.,كاس شراب.
14416,حلو.,جميل.,شابة بزاف.,حلو.,حلو.,حلو.,حلو.,بتعئد.,سمحه.,جميل.,حلوة.,حلو.,جميلة.,جميل.,حلو.,جميل.,طيلع حلو.,جميلا .,جميلة.,ازوين.,جميل.,حلوة .,حالي.,ياسر سمحة.,حلو.,محلاك.
14426,بشقد الغرفة بالليلة؟,بكام الأوضة فى الليلة؟,شحال السعر ديالها لليلة؟,تكلفة الغرفة لكل ليلة؟,بكام الأوضة في الليلة؟,شكدر الغرفة بالليلة؟,بيش الغرفة لليلة؟,أديش أجار الأوضة بالليلة؟,بكم الدار لليلة؟,الأوضة في الليلة؟,أديش الغرفة بالليلة؟,الغرفة في الليلة؟,بشحال الغرفة لليلة الواحدة؟,تكلف الغرفة ليوم واحد؟,قديش الغرفة بالليلة؟,سعر الغرفة لليلة؟,سعر الغرفة بالليلي؟,الغرفة في الليلة ؟,الغرفة لليلة الواحدة؟,تمنها لليلة وحدة؟,الغرفة لكل ليلة؟,قديش تكلفة الغرفة بالليلة؟,بكم الغرفه بالليله؟,بقداش تسوى لليلة؟,بقداش الدار في الليله؟,قداش ال بيت ليلة؟
14434,وتسعين ميل.,تسعة وتسعين ميل.,و تسعون ميل.,وتسعين ميل.,تسعة وتسعين ميل.,تسعة وتعين ميل.,تسعة وتسعين ميل.,تسعة وتسعين ميل.,تسعة وتسعين ميل.,وتسعين ميل.,ميل تقريباً.,تسعة وتسعين ميل تقريباً.,تسعة وتسعين ميل.,وتسعين ميل.,و تسعين ميل.,تسعة وتسعين ميل.,تسعه وتسيعن ميل.,وتسعون ميلا .,وتسعين ميلا.,وتسعين ميل.,و تسعين ميل.,تسعين ميل .,وتسعين ميل.,و تسعين ميل.,و تسعين ميل.,تسعين ميل بعد.
14441,بدي أضطر أضل هون هالليلة.,هضطر أبقى هنا الليلة دى.,سامحني لازم نقعد هنا هاذ الليلة.,إني لازم أضل هون الليلة.,معلش هقعد هنا الليلة دي.,اسف مضطر ابقى هنا الليلة.,اسف لازم ابقى هنا الليلة.,رح ضل هون الليلة.,اسف اني لازم نقعد هنا الليلة.,أفضل هنا الليلة دي.,رح اضطر إني ضل هون الليلة.,بس لازم اتم هني الليلة.,متأسف خاصني نبقى هنا الليلة.,لازم اقعد هنا الليلة.,هيك متأسف مضطر أضل هون الليلة.,كدا آسف لازم اقعد هنا الليلة.,اسف لازم ابقى هوني الليلي.,لا بد أن أبقى هنا هذه الليلة .,تسف لازم ابقى هنا الليلة.,ليا غادس نبقى هنا هاد الليلة.,اسف اني مضطر اجلس هنا الليلة.,اسف لازم اضل هون الليلة .,أسف شاضطر اجلس هانا الليلة.,هذا سامحني باش نقعد هوني الليلة.,اني مضطر نقعد هنايا الليله.,سامحني بش نبقى هوني اليلة.
14444,هدول الشناتي مربوطة.,دى ضمن الرابطة.,بالأمتعة مربوطة.,هاي الشنط مربوطة.,الشنط دي مربوطة.,الجنط ضمن الرابطة.,الجنط مربوطة.,مربوطين مع بعض.,شناطي السفر مربوطات.,الشنط دي مربوطة.,الشناط مربوطة.,هالشناط مربوطة.,الحقائب مربوطة.,دي الشنط مربوطة.,هاي الشناط مربوطة.,العفش دا مربوط.,الامتعه مربوطي.,في محتجز الجمارك .,هالامتعة مربوطة.,الأمتعة مربوطة.,الحقيبة في الرابطة.,الشناتي مربوطة.,هذه الشنط مربوطة.,الباقاج مربوط.,الشناطي هادو مربوطة.,هذا مربوط.
14448,ساتو.,ساتو.,ساتو.,ساتو.,ساتو.,ساتو.,ساتو.,ساتو.,ساتو.,ساتو.,ساتو.,ساتو.,ساتو.,ساتو.,ساتو.,ساتو.,هو ساتو.,ساتو .,ساتو.,ساتو.,ساتو.,ساتو .,اسمي ساتو.,ساتو.,ساتو.,هو ساطو.
14457,قديم بمركز المدينة.,قديم وسط البلد.,قديمة فالمدينة.,قديم بوسط المدينة.,قديم في وسط البلد.,قديم بوسط المدينة.,قديم بالمدينة.,موسيئى جاز بوسط المدينة.,في وسط البلاد.,ف وسط البلد.,قديم بمركز المدينة.,في وسط المدينة.,القديم وسط المدينة.,في وسط المدينة.,في وسط المدينة.,قديم وسط المدينة.,جاز بمركز المدينه.,الجاز بوسط البلد .,القديم وسط المدينة.,دالجاز فالمدينة.,في وسط البلد.,بوسط المدينة .,قديم وسطه المدينه.,الجاز في البلاد.,قديم وسط البلاد.,قديم فل مدينة.
14459,الثابتة هي.,الرئيسى دة.,الوجبة الرئيسية.,الوجبة الثابتة.,الثابتة دي.,الوجبة الثابتة.,الوجبة الثابتة.,المنيو الثابتة.,الثابتة هضي.,الثابتة دي.,اليوم هاد.,الوجبة الثابتة.,الثابتة هادي.,الرئيسية دي.,الوجبة الرئيسية.,الثابتة دي.,الوجبة الثابتة.,الوجبة .,هالوجبة الثابتة.,الوجبة الرئيسية.,الوجبة الثابتة.,الوجبة الثابتة.,الوجبة الرئيسية.,المينو الرئيسية.,الثابتة هادي.,هذي المينو.
14462,الطبق هداك.,اللى زى دة.,نفس هاذ الطبق.,طبق الأكل هداك.,الطبق ده زي ده.,الأكلة مثل هذي.,ذاك الطبق.,هيدا الصحن.,الاكلة زي هضكي.,زي اللي هناك.,هديك الوجبة.,الطبق هذي.,بحال داك الواحد.,الطبق دا.,الطبق زي هداك.,زي الواحد داك.,الطبق مثل هذاك.,مثل هذا .,الطبق نفس الوقت.,بحال هادا.,الطبق ذاك.,الطبق هداك .,الطبق ذياك.,الماكلة كيما هذه.,الي زي هادي.,صحن ل غادي.
14475,رح ناخدو.,هناخده.,ندوه.,راح ناخده.,هناخده.,نحجي بالموضوع.,راح ناخذه.,رح ناخدو.,حناخذوه.,هناخده.,رح ناخده.,بناخذه.,غادي ناخدوه.,حناخذه.,رح ناخدو.,ح نشيله.,غاح ناخذه.,سنأخذها .,بناخذه.,غادي ناخدوه.,بناخذها.,نوخده .,شا اشله.,ماشين ناخذوه.,حناخدوه.,توا ناخذه.
14477,عالطابق السادس؟,للدور السادس؟,الطابق السادس؟,للطابق السادس؟,للدور السادس؟,للطابق السادس؟,للطابق السادس؟,عالطابئ السادس؟,فوق للدور السادس؟,الدور السادس؟,عالطابق السادس؟,الطابق السادس؟,للطابق السادس؟,للدور السادس؟,للطابق السادس؟,فوق للسابق السادس؟,للاعلى للطابق السادس؟,الدور السادس ؟,إلى الطابق السادس؟,كيوصل للطابق السادس؟,الى الدور السادس؟,الطابق السادس؟,للدور السادس؟,للطابق السادس؟,للدور السادس؟,طابق سادس؟
14478,تمساح؟,تمساح؟,جلد التمساح؟,التمساح؟,جلد قاطوري؟,تمساح؟,تمساح؟,تمساح؟,تمساح؟,تمساح؟,تمساح؟,تمساح؟,التمساح؟,تمساح؟,تمساح؟,تمساح؟,تمساح؟,الأمريكي .,التمساح؟,جلد التمساح؟,تمساح؟,حساسة؟,التمساح؟,جلد التمساح؟,تمساح؟,التمساح؟
14483,غسيل وتركو هنيك.,شنطة غسيل وسيبه هناك.,الحوايج و خليه لهيك.,غسيل وإتركه هناك.,شنطة غسيل وسيبه هناك.,غسيل وعوفه هناك.,الغسيل وعوفه هناك.,غسيل وتركو هونيك.,الغسيل و سيبه غادي.,كيس غسيل وسيبه هناك.,غسيل واتركه هنيك.,كيس غسيل وخله هناك.,غسيل وخليه تماك.,غسيل وخليه هناك.,غسيل و اتركو هناك.,غسيل و خليه هناك.,غسيل وعوفه هنوك.,و اتركه هناك .,غسيل وتتركه هناك.,الغسيل وخليه تما.,الغسيل و اتركه هناك.,و اتركه هناك .,كيس غسيل وخليه هاناك.,غسيل وحطه غادي.,الغسيل و خليه غادي.,غسيل و خليه غادي.
14484,إيمت بكون جاهز؟,مطور. إمتى هيكون جاهز؟,البيليكول. وقتاش توجد؟,الفيلم. متى راح تكون جاهزة؟,ده. إمتى هيبقى جاهز؟,الفلم. شوكت يجهز؟,يطور. يمته يجهز؟,أيمتا بيخلص؟,متطور. امتى حيكون جاهز؟,هايكون جاهز إمتى؟,الفيلم. إيمتا بيخلص؟,متى يجهز؟,فوقاش يكون واجد؟,دا. متى يجهز؟,الفيلم. ايمتا بيجهز؟,متين ح يكون جاهز؟,ايمتي يكون جاهز؟,متي سيكون جاهزا ؟,متى بيكون جاهز؟,الفيلم. وقتاش يكونو واجدين؟,متى بيكون جاهز؟,مطور . متى بيجهز؟,جاهز. ايحين عيكون جاهز؟,هذا. وقتاش يحظر؟,امتى حيكون واتي؟,هذا. وقتاش يحضر؟
14495,هالمفتاح لحدا غير أنا.,لأى حد غير ليا.,من غيري، من فضلك.,لأي حد غير حالك.,ده لحد تاني غيري.,المفتاح لأي واحد غيرك.,لاي واحد غيري.,هالمفتاح لحدا غيري.,هضا لأي حد غيري.,ده لحد غيري.,المفتاح لحدا غيري.,احد غيري هالمفتاح.,لشي حد من غيري.,لأي احد غيري.,هدا المفتاح لحدا غيري.,لأي زول تاني غيري.,المفتاح لاي ويحد عداي.,لأي شخص آخر غيري .,لأي شخص آخر غيري.,لشي واحد من غيري.,المفتاح لاي احد غيري.,لأي حدا ثاني غيري .,هذا المفتاح لاحد غيري.,لحد غيري، يعيشك.,لي حد الا اني.,لحتى حاد كان انا.
14500,عفندقك عالساعة تمانة تمام.,الأوتيل بتاعك الساعة تمانية.,ديالك على الثامنة.,فندقك الساعة تمنية.,من الفندق الساعة تمانية.,الفندق الساعة ثمانية.,بفندقك الساعة ثمانية.,الأوتيل عالساعة تمانة.,على الثمانية بالضبط.,الفندق بتاعك الساعة تمانية.,من الأوتيل عالساعة تمانة.,الفندق الساعة ثمان.,في الساعة الثامنة.,على تمانية بالضبط.,أوتيلك على الساعة تمنية.,فندقك عند الساعة تمنية.,فندقك ساعه ثميني.,الفندق الذي تقيم فيه في الساعة الثامنة .,فندقك في الساعة الثامنة.,فالأوطيل ديالك مع التمنية.,فندقك الساعة ثمانية بالضبط.,على الساعة ثمنية .,الفندق على الساعه ثمان.,ناخذك لوتيلك الثمنية.,هوتيلك الساعه تمانيه.,متاعك مع ثمانية بضبط.
14502,بصير.,كويس.,من الطاقة.,منيح.,تمام.,زين.,زين.,منيح.,تمام.,يبقى كويس.,منيح.,الدريشة اوكي.,مزيان.,كويس.,الشباك منيح.,تمام.,مليح.,جيدة,تمام.,مزيانة.,جيدة.,منيح .,تمام.,بحذا البرسانة.,الروشن تمام.,ل شباك.
14505,إذا سمحت.,لتحت، لو سمحت.,شوية، من فضلك.,نازلة، لو سمحت.,لتحت، لو سمحت.,كصتي ينزل، رجاءً.,نازل، رجاءً.,نزول، إزا بتريد.,لوطا، لو سمحت.,لو سمحت.,لو سمحت.,تحت، لو سمحت.,هابط، عافاك.,لتحت، لو سمحت.,لو سمحت.,لو سمحت.,معلق للاسفل، رجاءا.,", من فضلك .",من فضلك.,هابطة، عافاك.,ينزل تحت، لو سمحت.,لو سمحت.,لو سمحت.,شوية، يعيشك.,من فضلك.,شوية، يعيشك.
14507,المواصلات مشمولة؟,التوصيل من ضمن؟,النقل داخلين؟,مضمونة من السعر؟,مصاريف الممواصلات؟,كولها مشموله؟,التنقلات مشمولة؟,تكاليف التنأول؟,المواصلات محسوبه؟,مصاريف المواصلات؟,المواصلات مشمولة؟,كلها مشمولة؟,نفقات النقل؟,الموأصلات داخلة؟,المواصلات محسوبة؟,الترحيل اتضمنت؟,السفر متضمني؟,تكاليف النقل ؟,تكاليف النقل؟,النقل داخلين؟,تكاليف النقل؟,المواصلات مشمولة؟,مصاريف النقل؟,التسركيل داخل؟,المواصلات محسوبه؟,لكل محطوط؟
14509,الأوبرا المدني.,أوبرا ميتروبوليتان.,الأوبرا متروبوليتان.,الأوبيرا المطراني.,متروبوليتان.,الأوبرا بالعاصمة.,الميتروبوليتان اوبرا.,الأوبرا ميتروبيوليتان.,الاوبرا العاصمية.,أوبرا متروبوليتان.,أوبرا ميروبوليتان.,ميتروبوليتان للأوبرا.,الأوبرا متروبوليتان.,اوبرا عصري.,الأوبرا ميتروبوليتان.,ميتروبولتان اوبرا.,اوبرا الميتروبوليتان.,ميتروبوليتان .,الأوبرا متروبوليتان.,أوبرا هاوس.,ميتروبوليتان للاوبرا.,ميتروبيلتون .,بيت الاوبرا.,أوبرا متروبوليتان.,الاوبرا الميتروبوليتان.,عاصمة الأوبرا.
14514,مكتب استأجر-سيارة؟,مكتب أجر-عربية؟,اكري- سيارة؟,مكتب أجر-سيارة؟,بتاع أجر-عربية؟,مكتب أجر-سيارة؟,مكتب أجر-سيارة؟,مكتب استأجر-سيارة؟,مكتب أجر-سيارة؟,مكتب اجر-عربية؟,كاونتر أجر-سيارة؟,كاونتر اجر-سيارة؟,مكتب اكري-سيارة؟,حق استأجر-سيارة؟,مكتب استأجر-سيارة؟,مكتب أجر-عربية؟,مال اجر-سياره؟,السيارات ؟,مكتب اجر-سيارة؟,مكتب اكري-طوموبيل؟,مكتب استأجر-سيارة؟,مكتب اجر-سيارة؟,مكتب اجر-سياره؟,مكتب اكري-كرهبة؟,مكتب أجر-سيارة؟,كونتوار اكري-كرهبة؟
14519,الليلة الماضية.,الليلة اللى فاتت.,من البارح عشية.,الليلة الماضية.,من إمبارح.,ليلة البارحة.,من امس.,بالليل محرور.,امس الليل.,امبارح بليل.,الليلة الماضية.,امس في الليل.,من لبارح فالليل.,اخر ليلة.,امبارح بالليل.,الليلة الفاتت.,الليلي الغاحت.,منذ الليلة الماضية .,الليلة الماضية.,من البارح.,من امس.,ليلة مبارح .,من امس.,السخانة من امس.,من البارح.,ليلة البارح.
14520,مو ذوقي.,مش ذوقى.,بالذوق ديالي.,مش ذوقي.,مش ذوقي.,مو ذوقي.,مو ذوقي.,بناسب زوئي.,مش ذوقي.,ذوقي.,ذوقي.,ذوقي.,ماشي ذوقي.,ذوقي.,مش زوقي.,ما مذاقي.,اللي احبو.,ذوقي .,ذوقي.,على ذوقي.,من ذوقي.,بالاكل .,هو ذوقي.,ذوقي.,مش ذوقي.,ذوقي.
14530,عندك خضرة؟,اللى عندك؟,خضر عندكم؟,عندك خضار؟,أيه خضروات؟,الي عندك؟,من خضروات؟,عندك خضرا؟,الي عندك؟,إيه خضار؟,عندك خضرة؟,اللي عندك؟,خضرة عندك؟,اللي عندك؟,عند خضرا؟,خضروات عندك؟,خضراوات عندك؟,الموجودة لديك ؟,الخضار عندك؟,خضرة عندك؟,خضروات عندك؟,اللي عندك؟,من خضروات؟,خضرة؟,الي عندك؟,الخضرة لعندك؟
14531,إذا سمحت.,لو سمحت.,خفيفة من فضلك.,لو سمحت.,خفيف، لو سمحت.,خفيف، رجاء.,خفيف، رجاءا.,عالخفيف، إزا بتريد.,لو سمحت.,من فضلك.,لو سمحت.,لو سمحت.,خفيف، عافاك.,لو سمحت.,لو سمحت.,كيرلي خفيف.,خفيف، رجاءا.,ليكون طليقا .,من فضلك.,خفيف، عافاك.,لو سمحت.,لو سمحت .,واسعة لوسمحت.,من فضلك.,من فضلك.,خفيف، يعيشك.
14534,يجي الدكتور؟,الدكتور هييجى؟,يجي الطبيب؟,يجي الدكتور؟,هيجي إمتى؟,يجي الدكتور؟,يجي الطبيب؟,بيجي الحكيم؟,حيجي الدكتور؟,هاييجي إمتى؟,يجي الدكتور؟,بيجي الدكتور؟,يجي الطبيب؟,حيجي الدكتور؟,بيجي الدكتور؟,بجي الدكتور؟,يجي الطبيب؟,الطبيب ؟,يجي الطبيب؟,يجي الطبيب؟,بيجي الدكتور؟,يجي الدكتور؟,عيجي الدكتور؟,يجي الطبيب؟,حيجي الدكتور؟,يجي طبيب؟
14537,اللون الغلط.,اللون الغلط.,اللون المناسب.,اللون غلط.,اللون الغلط.,اللون الغلط.,اللون الغلط.,اللون المزبوط.,اللون الغلط.,اللون الغلط.,هاد اللون.,اللون غلط.,اللون الغالط.,الخطأ.,اللون الخطأ.,اللون الغلط.,اللون الغلط.,الخاطئ .,اللون الغلط.,اللون غالط.,الخطأ.,الغلط .,اللون الغلط.,اللون الباهي.,مش مضبوط.,لون الغالط.
14538,السن.,اتكسرت.,تكسرت.,إنكسر.,اتكسرت.,انكسرت.,انكسر.,سني.,انكسرت.,إتكسرت.,السن.,انكسر.,السنان.,انكسرت.,السن.,اتكسرت.,انكسغ.,السنة .,انكسرت الأسنان.,تهرسات.,انكسر.,انخلع .,اكتسرت.,تكسرت.,تكسرت.,تكسرت.
14542,ولا عالشباك؟,ولا كرسى جنب الشباك؟,و قريب من الطاقة؟,الكرسي اللي على الشباك؟,ولا جنب الشباك؟,الممر لو يم الشباك؟,لو يم الشباج؟,أو حد الشباك؟,لا مقعد روشن؟,ولا جنب الشباك؟,ولا عالممر؟,او يم الدريشة؟,أو مقعد السرجم؟,ولا على الطاقة؟,و لا على الشباك؟,ول مقعد شباك؟,الممر لو الشباك؟,أم بجوار النافذة ؟,أو كرسي الدريشة؟,لا مقعد النافذة؟,ولا مقعد نافذة؟,الممر و لا الشباك؟,او عند الطاقه؟,والا بحذ البرسانة؟,و الا بحدا الروشن؟,ولا شباك؟
14557,التمشاية.,بتفسح.,نتنزه.,رايح مشوار.,مشي على الرجلين.,لمسافات طويلة.,حب التزلج.,تسلؤ الجبال.,المشي لمسافات طويلة.,مشي طويلة.,المشي.,احب المشي.,مسافات طويلة.,على الثلج.,بعمل هايكنج.,في المشي.,لمسافات طويلي.,سيرا على الأقدام .,في الممشي.,كانتمشى.,بتسلق الجبال.,طويلة .,امشيش رجل.,لمسافة باهية.,نحب نمشي.,في رحلة.
14564,ع غرفتي؟,بتاعتى للأوضة؟,دياولي للغرفة ديالي؟,على الغرفة؟,الشنط لأوضتي؟,الجنط للغرفة؟,جنطي للغرفة؟,الشنطة هالأوضة؟,السفر بتاعي للدار؟,شنطي للأوضة؟,شناتيي عالغرفة؟,شناطي للغرفة؟,ديالي للغرفة؟,شنطي لغرفتي؟,على الغرفة؟,شنطتي للغرفة؟,امتعتي للغرفه؟,أمتعتي إلى الغرفة ؟,إلى الغرفة؟,الأمتعة ديالي للغرفة؟,الى غرفتي؟,اغراصي للغرفة؟,شنطتي للغرفه؟,باقاجي للبيت؟,الشناطي للدار؟,فليجاتي للبيت؟
14573,واحد لصبية.,لآنسة صغيرة.,لفتاة صغيرة.,لصبية صغيرة.,واحد للشابة.,لبنية صغيره.,بناتك الشابات.,مرا صبية.,للسيدة الصغيرة.,لشابة صغيرة.,لصبية صغيرة.,حرمة صغيرة.,سيدة شابة.,لسيدة صغيرة.,واحد لصبية.,لسيدة شابة.,لانسه ازغيغي.,الشابات .,حرمة شابة.,يناسب مرا شابة.,لامراة شابة.,صغيرة .,ل شابه.,لبنية صغيرة.,لمراه صغيره.,لمرا صغيرة.
14590,توقف هون؟,تسحب هنا؟,تجبد منا؟,تسحبه لهون؟,العربية هنا؟,توكف هنا؟,تطبك هنا؟,توئف هون؟,توقف هنا؟,جنب هنا؟,توقف هون؟,توقف هني؟,لآنسة شابة؟,توقف هنا؟,تسحب لهون؟,تقيف هنا؟,تركن هوني؟,بهذا الاتجاه ؟,يصل اهني؟,تجي لهنا؟,توقف هنا؟,تسحيو لهون؟,ل هانا؟,من هوني؟,توقف هنايا؟,تقف هوني؟
14593,تمانين دولا بالضبط؟,تمانين دولار بالظبط؟,بثمانون دولار بالضبط؟,تمانين دولار بالظبط؟,بتمانين دولار بالظبط؟,بثمانين دولار بالضبط؟,بثمانين دولار يالضبط؟,دولار بالظبط؟,ثمانين دولار بالضبط؟,حدود تمانين دولار بالظبط؟,دولار بالظبط؟,دولار بالضبط؟,بثمانين دولار بالضبط؟,التمانين دولار بالضبط؟,التمنين دولار بالظبط؟,تمنين دولار بالظبط؟,الثمانين دولار بالضبط؟,ثمانون دولارا فقط ؟,حوالي ثمانين دولار بالضبط؟,بتمانين دولار بالضبط؟,ثمانين دولار بالضبط؟,ثمانين دولار بالزبط؟,ثمانيه دولار بالضبط؟,بثمانين دولار بالضبط؟,حوالي تمانين دولار بالضبط؟,ثمانين دولار بالضبط؟
14605,عطشان.,عطشان.,عطشان.,عطشان.,عطشان.,عطشان.,عطشان.,عطشان.,عطشان.,عطشان.,عطشان.,عطشان.,عطشان.,عطشان.,عطشان.,عطشان.,عطشان.,ظمآن .,عطشان.,اعطشت.,عطشان.,عطشان .,عاطش.,عطشت.,عطشان.,عطشان.
14612,إذا سمحت.,لو سمحت.,من فضلك.,لو سمحت.,لو سمحت.,حليب، رجاءً.,حليب، رجاءا.,إزا بتريد.,لو سمحت.,لو سمحت.,إذا بتريد.,لو سمحت.,حليب، عافاك.,لو سمحت.,لو سمحت.,من فضلك.,حليب، رجاءا.,من فضلك .,لو سمحت.,عافاك.,لو سمحت.,لو سمحت .,لو سمحت.,حليب، يعيشك.,من فضلك.,حليب، يعيشك.
14683,تلات شناتي.,تلات شنط.,ثلاث سيكان.,تلت شنط.,تلات شنط.,تلث جنط.,تلث جنط.,تلات شنط.,ثلاث شناطي.,تلات شنط.,تلات شناتي.,ثلاث شناط.,ديال الحقائب.,تلاتة شنط.,تلات شناتي.,تلات شنط.,ثلاث جنط.,حقائب .,ثلاث شناط.,تلاتة دالصيكان.,ثلاث حقائب.,شناتي .,ثلاث شنط.,ثلاثة سيكان.,تلاته شناطي.,تلاثة سيكان.
14685,البحيرة؟,البحيرة؟,راه الساك؟,البحيرة؟,البحيرة؟,توكف هنا؟,البحيرة؟,البحيرة؟,البحيرة؟,فين؟,البحيرة؟,البحيرة؟,هي البحيرة؟,البحيرة؟,البحيرة؟,البحيرة؟,البحيره؟,البحيرة ؟,البحيرة؟,هي البحيرة؟,البحيرة؟,البحيرة؟,هي البحيره؟,الواد؟,البحيره؟,البحيرة؟
14693,التصوير، إذا سمحت.,زرار التصوير، من فضلك.,التصوير، من فضلك.,التصوير، لو سمحت.,زرار التصوير، لو سمحت.,زر التصوير، رجاءً.,زر التصوير.,التصوير، إزا بتريد.,التصوير، لو سمحت.,زرار التوصير، من فضلك.,التصوير، لو سمحت.,التصوير، لو سمحت.,زر التصوير، عافاك.,التصوير، لو سمحت.,التصوير، لو سمحت.,التصوير، من فضلك.,التصوير، رجاءا.,"الخشبيين , من فضلك .",التصوير، من فضلك.,زر الكاميرا، عافاك.,التصوير، لو سمحت.,كبسة التصوير، لو سمحت.,التصوير، لو سمحت.,فلسة التصوير، يعيشك.,التصوير، لو سمحت.,فلسة الكاميرا. يعيشك.
14709,أو شي شغلة؟,أو حاجة؟,كاش حاجة هاكذا؟,إشي زي هيك؟,او اي حاجة؟,او اي شي؟,او شي ثاني؟,أو حيالله شي؟,لا شي حاجة؟,أو حاجة؟,أو شي شغلة؟,او شي؟,او شي حاجة؟,أي شيء؟,أو اشي؟,ول حاجة؟,اي اي شي؟,أو شيئ من هذا القبيل ؟,أو شيء؟,لا شي حاجة بحالها؟,او أي شيء؟,او اشي؟,او اي شي؟,ولا حاجة تشبهلها؟,او اي حاجه؟,حاجة كيف هكى؟
14718,بجهة الجنوب.,جنوب.,للجنوب.,الجنوب.,جنوب.,بالجنوب.,الجنوب.,الجنوب.,جنوب.,جنوب.,بالجنوب.,الجنوب.,الجنوب.,بالجنوب.,شمال.,الجنوب.,جنوب.,الجنوب .,الجنوب.,فالجنوب.,الجنوب.,.,جنوب.,الجنوب.,جنوب.,الجنوب.
14721,مقاعد البلكون؟,كراسى البلكونة؟,الأماكن فالشرفة؟,مقاعد البرندة؟,البالكون بكام؟,كراسي البالكونة؟,مقاعد البلكونة؟,المئاعد عالفرندا؟,مقاعد البلكوني؟,البلكون بكام؟,يللي عالبلكون؟,على البلكونة؟,ديال البلكون؟,على البلكونة؟,كراسي البلكونة؟,مقاعد البلكونة؟,مقاعد البالكونه؟,الخاصة بالشرفة ؟,مقاعد الشرفة؟,مقاعد الشرفة؟,كراسي الشرفة؟,كراسي البلكونة؟,اللي بالبلكونه؟,في البلكون؟,كراسي البلكونه؟,بلايص فالبالكون؟
14734,بتطل عالبحيرة.,على البحيرة.,تطل على البحيرة.,على البحيرة.,بتبص على البحيرة.,على البحيرة.,ع البحيرة.,بتطل عالبحيرة.,على البحيرة.,على البحيرة.,بتطل عالبحيرة.,على البحيرة.,على البحيرة.,قدام البحيرة.,على البحيرة.,كاشفة البحيرة.,على البحيره.,على البحيرة .,على البحيرة.,على البحيرة.,على البحيرة.,على البحيرة .,على البحيره.,على الواد.,علي البحيرة.,تل عل بحيرة.
14737,قريب من هون؟,قريب من هنا؟,قراب من هنا؟,قريبة من هون؟,قريبة من هنا؟,بريد قريبه منا؟,قريب منا؟,أريب من هون؟,قريب من هنا؟,قريبة من هنا؟,قريبة من هون؟,قريبة من هني؟,بريد قراب من هنا؟,قريب من هنا؟,قريبة من هون؟,قريب من هنا؟,بريد قغيبي على هوني؟,قريبة من هنا ؟,بالقرب من هنا؟,البريد قريبة من هنا؟,قريبة من هنا؟,قريبة من هون؟,قريب من هانا؟,قرييب من هوني؟,قراب من هنايا؟,قريب من هوني؟
14757,آخدك لهنيك.,هاخدك هناك.,نديك لهيك.,آخدك هناك.,هوديك هناك.,اخذك هناك.,اخذك هناك.,آخدك لهونيك.,حناخذك غادي.,هاوديك هناك.,آخدك لهنيك.,بوديك هناك.,نديك لتما.,حأخذك لهناك.,أخدك هناك.,آخدك هناك.,اخذك هنوك.,سأوصلك إلى هناك .,إلى هناك.,نديك لتما.,باخذك هناك.,اخدك هناك .,اشلك لاهاناك.,توة نجيبهالكم.,نرفعك غادي.,نحطو غادي.
14761,تغييرات صارت بالتسعمية وتسعين.,لتغييرات حصلت فى التسعينات.,في سنوات الألف تسعمية وتسعين.,صارت في سنوات الألف تسعمية وتسعين.,التغيرات اللي حصلت في التسعينات.,الي حصلت بتسعينيات القرن التاسع عشر.,يشير للتغييرات الصارت بالتسعينات.,بالتغييرات اللي صارت بالتسعينات.,في الف و تسعميه و تسعينيات.,اللي حصلت في التسعينات.,للتغييرات يللي صارت بالتسعينيات.,التغييرات اللي صارت في التسعينات.,وقعات فالتسعينات من القرن العشرون.,اللي حصلت في تسعينات القرن العشرين.,التغييرات اللي صارت في التسعينات.,في تسعينات القرن العشرين.,الي صاغت في تسعينات القرن العشرين.,التي حدثت في التسعينات .,اللي صارت في تسعينيات القرن العشرين.,اللي وقعات فالتسعينات دالقرن الماضي.,حدثت في سنوات الالف وتسعمئة وتسعين.,صارت بتسعينات القرن العشرين.,التغييرات الي وقعت بالتسعينات.,سنين الالف و تسعمية و تسعين.,التغيرات الي صارت في التسعينات.,إلي صارت في التسعينات.
14763,تلاتين سنة.,تلاتين سنة.,ثلاثين سنة.,تلاتين سنة.,تلاتين سنة.,تلاثين سنة.,تلاثين سنة.,تلاتين سنة.,ثلاثين سنة.,تلاتين سنة.,تلاتين سنة.,ثلاثين سنة.,ثلاثين عام.,تلاتين سنة.,تلاتين سنة.,تلاتين سنة.,ثلاثين سني.,ثلاثون عاما .,ثلاثين عاما.,تلاتين عام.,ثلاثين سنة.,سنة .,ثلاثين سنه.,ثاثين سنة.,تلاتين سنة.,تلاثين سنى.
14777,مرة كمان عهالظرف؟,كمان على الظرف دة؟,العنوان على هاذ الغلاف؟,مرة تانية بهاد الظرف؟,مرة تانية على الظرف؟,مره ثانية على الظرف؟,مرة ثانية عالظرف؟,بعد مرة عهالظرف؟,أخرى على الظرف هضا؟,كمان على الظرف ده؟,مرة تانية عهاد الظرف؟,بعد مرة على هالظرف؟,اخرى على هاد المغلف؟,مرة تانية على الظرف؟,مرة على هدا الظرف؟,تانية في الظرف دا؟,مره اللخ على الضرف؟,مرة أخرى علي هذا الظرف ؟,مرة أخرى على هذا المغلف؟,العنوان على هاد المغلف؟,مرة ثانية على الظرف؟,كمان مرة على المغلف؟,مرة فوق هذا الظرف؟,العنوان على هذا الجواب؟,مره تانيه علي الظرف؟,مرة أخرى في جواب؟
14783,ترسم خريطة، إذا سمحت؟,ترسم خريطة، لو سمحت؟,ترسملي مخطط، من فضلك؟,ترسملي خريطة، لو سمحت؟,ترسملي خريطة، لو سمحت؟,ترسملي خريطة، رجاءً؟,ترسم خارطة، رجاءا؟,فيك ترسملي خريطة؟,ترسملي خريطة، لو سمحت؟,ترسميلي خريطة، من فضلك؟,ترسملي خريطة، لو سمحت؟,لي خريطة، لو سمحت؟,ترسملي خريطة، عافاك؟,ترسملي خريطة، لو سمحت؟,ترسملي خريطة، لو سمحت؟,ترسم خريطة، من فضلك؟,ترسملي خريطه، رجاءا؟,"معك خريطة , من فضلك ؟",رسم خريطة، من فضلك؟,ترسم ليا خريطة؟,ترسم خريطة، لو سمحت؟,ترسملي خريطة، لو سمحت؟,لي الخريطه، لو سمحت؟,ترسملي خريطة، يعيشك؟,ترسملي خريطه، من فضلك؟,تصورلي خريطة، يعيشك؟
14786,عندك وقت فاضي؟,عندك وقت فاضى؟,عندك وقت فراغ؟,عندك وقت فراغ؟,يكون عندك أوقات فراغ؟,عندك وقت فراغ؟,وقت فراغ؟,بوأت فراغك؟,عندك وقت فاضي؟,وقت فراغك؟,بوقت فراغك؟,عندك وقت فراغ؟,عندك وقت فراغ؟,عندك وقت فراغ؟,عندك وقت فراغ؟,عندك زمن بديل؟,عندك وقت فراغ؟,وقت فراغك ؟,عندك وقت الفراغ؟,عندك الوقت خاوي؟,عندك وقت فاضي؟,عندك وقت فراغ؟,وقت فراغك؟,وقت فارغ؟,عندك وقت فاضي؟,تبدا متفاذي؟
14789,بطاريات لهالكاميرا؟,للكاميرا دى؟,لهاذ آلة التصوير؟,لهاي الكاميرا؟,للكاميرا دي؟,لهاي الكاميرا؟,لهاي الكاميرا؟,بطاريات لهالكاميرا؟,للكاميرا هضي؟,للكاميرا دي؟,لهي الكاميرا؟,حق هالكاميرا؟,لهاد الكاميرا؟,لدي الكاميرا؟,لهاي الكاميرا؟,للكاميرا دي؟,لهذ الكامره؟,لهذه الكاميرا ؟,هاذي الكيمرا؟,لهاد الكاميرا؟,لهذي الكاميرا؟,لهاي الكاميرا؟,لهذلا الكيمرات؟,لهذه المصورة؟,للكاميرا هادي؟,للكاميرا هذي؟
14805,عن بعد.,عن بعد.,للتصوير عن بعد.,عن بعد.,الريليز بتاع الكاميرا.,عن بعد.,للتصويرعن بعد.,عن بعد.,عن بعد.,عن بعد.,عن بعد.,عن بعد.,عن بعد.,عن بعد.,عن بعد.,عن بعد.,عن بعد.,لاسلكية .,عن بعد.,للتصوير عن بعد.,عن بعد.,عن بعد.,عن بعد.,التصوير عن بعد.,عن بعد.,التصوير عن بعد.
14807,الأخير بهالدور؟,الصف دة؟,في قائمة الانتظار؟,بهاد الخط؟,في الصف؟,واحد بالسره؟,هذا الخط؟,واحد بالصف؟,في الصف هضا؟,في الصف؟,بهاد الدور؟,في هالصف؟,فهاد الصف؟,في الطأبور دا؟,واحد بالدور؟,في الصف؟,ويحد بهالسره؟,هذا الصف ؟,هذا الخط؟,فهاد الصف؟,هذا الصف؟,بهاد الخط؟,بهذا الطابور؟,في القايمة؟,في الطابور؟,بلاصة هذي؟
14810,الحجز زايد.,على الآخر.,تعمر بالحجوز.,معبى نزلاء.,مبالغ فيه.,الحجز قبط.,ها محجوزة.,إنو فول.,محجوز بالكامل.,أكتر من طاقته.,حجز زيادة.,حجز زايد.,محجوز كامل.,محجوزة كاملة.,الحجز مليان.,محجوز زيادة.,زيادة بالحجز.,زاد عن العدد .,مبالغ فيه.,اكتظاظ فالحجز.,في الحجز.,فيه .,كله محجوز.,مليان.,من العدد.,إلي تحجز.
14813,بس برا.,بس برة.,بصح مخفقة.,بس طلعت.,بسنة بسيطة.,بس خارج.,لقطة.,ما صابت.,برا بس.,بس بره.,بس برا.,بس برع.,اخرج دابا.,دحين انأخذت.,بس برا.,بس برة.,بس خارج.,تدرك الهدف .,اطلع الان.,جات برا.,للخارج مباشرة.,بس برا .,خارج بالضبط.,باهية. اماضعت.,لكن برا.,أما لبرا.
14818,محلات حلوة هون؟,ذات أهمية هنا؟,المهمة هنا؟,المهمة هون؟,المهمة اللي هنا؟,المهمة هنا؟,الجديرة بالاهتمام هنا؟,أهم مطارح هون؟,المثيرة للاهتمام هنا؟,الأماكن المهمة هنا؟,الأماكن المهمة هون؟,الاماكن الممتعة هني؟,للاهتمام هنا؟,مرغوب فيها هنا؟,أماكن مهمة هون؟,الاهتمام هنا؟,الحلوي هوني؟,الأماكن الشيقة هنا ؟,الأماكن المثيرة للاهتمام هنا؟,البلايص المهمين هنا؟,الاهتمام هنا؟,الحلوة هون؟,الاماكن الحاليه هانا؟,البلايص السماح هوني؟,مكانات يعجبوك هنايا؟,لبلايص المهمة هوني؟
14820,قريب من هون؟,قريبة من هنا؟,شاملة فالنواحي؟,قريبة من هون؟,قريبة من هنا؟,كبيرة قريبة منا؟,قريبة هنا؟,أريب من هون؟,قريب من هنا؟,قريب من هنا؟,قريبة من هون؟,تجارية هني؟,شاملة قريبة من هنا؟,قريب من هنا؟,قريبة من هون؟,شاملة قريبة من هنا؟,شاملة قغيبة على هوني؟,قريب من هنا ؟,بالقرب من هنا؟,شاملة قريبة من هنا؟,قريبة هنا؟,قريبة من هون؟,شاملة قريبه هانا؟,قريبة مه هوني؟,كبار قراب من هنايا؟,شاملة هوني؟
14854,كمان.,كمان.,تاني.,هيك بعمله.,كمان.,هم.,انا.,كمان.,انا.,كمان.,كمان.,بعد.,انا.,انا.,كمان.,برضوا.,همين.,كذلك .,كذلك.,أنا.,انا.,عملت .,والكل.,زادة.,اني.,زادة.
14862,سان دييغو.,سان دييجو.,من سان فرانسيسكو.,من سان ديغو.,من سان دييجوز.,سان فرانسيسكو.,سان فرانسيسكو.,سان دييغو.,سان دييغو.,اسن دييجو.,سان دييغو.,سان دييغو.,سان دييغو.,سان دييقو.,سان دييغو.,سان دييغو.,سان دياغو.,سان دييجو .,سان دييغو.,من سان دييغو.,سان دييغو.,سان دييغو .,سان ديغو.,من سان فرانسيسكو.,سان دييغو.,من سان دياجو.
14863,هديك الدورة الفصل الجاي.,دة الترم الجاى.,التكوين الصيف الجاي.,الدورة الفصل الجاي.,نص السنة اللي جاية.,الكورس بالفصل الدراسي الجاي.,الكورس الفصل الجاي.,الصف بالفصل اللي جايي.,هضا السمستر الجاي.,ده الترم الجاي.,هداك الكورس الفصل الجاية.,هالدورة الصيف الجاي.,التكوين فالفصل الجاي.,دي الترم الجأي.,هدا الكورس الفصل الجاي.,الكورس داك السمستر الجاي.,الكورس الفصل اللي يجي.,في فترة نصف العام المقبلة .,هذا الفصل الدراسي المقبل.,الدرس حتى للأسدوس المقبل.,هذا الدرس الترم الجاي.,الكورس الفصل الجاي .,هذاك الكورس الترم الجاي.,التكوين الصيف الجاي.,هدا السيمستر الجاي.,ستة شهور جايين.
14887,متل العادة. بتبردو؟,ممكن تخليه أسقع؟,بزاف. تقدر تجددهولي؟,ممكن تخليه أبرد؟,ممكن تخليه ابرد؟,ممكن تسويه ابرد؟,كافي. راح تبرده؟,كفاية. فيك تبردو؟,تقدر تبرده اكثر؟,كفاية. ممكن تسقعه؟,ممكن اتبرده أكتر؟,كفاية. ممكن تبرده؟,بزاف. ممكن تبردو لي؟,ممكن تبرده زيادة؟,كتير. بتقدر تبردو؟,ممكن تبردها اكتر؟,اطيق تعملو ابغد؟,نمكنك أن تجعله أكثر برودة ؟,الكفاية. تقدر تخليه بارد؟,تقدر تديرو يبرد؟,كفاية. تقدر تبرده؟,. بتقدر تبرده اكثر؟,عتخليه يبرد اكثر؟,تنجم تجدده؟,كفايه. تقدر تصقعه؟,تحسن فيه؟
14901,هالحلق لقاطات؟,دة بحلق كليبس؟,هاذ القرط لمشابك؟,الحلق لمشابك؟,ده لحلق بكلبسات؟,القرط بشي بقراصات؟,القرط لكليبسات؟,هالحلأ بكليبسات؟,بحيت يكون بسكارات؟,الحلق بكلبسات؟,الحلقات كليب؟,هذا لكليبسات؟,الحلق لكليبسات؟,الحلق لكلبسات؟,الحلق لحلق كبس؟,ده الى كليبسات؟,المغيود الى كليبسات؟,إلى أخرى يمكن أن تشبك .,القرط إلى كليبسات؟,هاد الحلق لكليبسات؟,القرط الى مشابك؟,الحلق ل كليبسات؟,الخرص ل كليبسات؟,البلاط لكليبات؟,بحيت يكون بسكارات؟,هاذا لكليبسات؟
14903,أكتر شي هلئ؟,مهتم بيها دلوقتى؟,في هاذ اللحظة؟,مهتم فيه حالياً؟,مهتم بيها دلوقتي؟,شي هاي الأيام؟,تهتمله هسه؟,شي هلأ؟,في اهتمامك توا؟,إيه دلوقتي؟,شي هلأ؟,مهتم فيه حالياً؟,اهتمام عندك؟,بشكل كبير دحين؟,اشي مهتم هلأ؟,مهتم بيه الآن؟,شي مهتم هسا؟,تثير اهتمامك الآن ؟,اهتمامك الحين؟,كيهمك دابا؟,فيه اكثر الان؟,مهتم فيه حاليا؟,اكثر شي الان؟,بيه اكثر توة؟,تحبها توا؟,بها برشة توا؟
14905,أرجع مصراتي؟,أسترد فلوسى تاني؟,تقدر ترجعلي دراهمي؟,ترجعلي فلوسي مرة تانية؟,ممكن اخد فلوسي تاني؟,اكدر استرجع فلوسي؟,اكدر اخذ فلوس؟,مصرياتي. بقدر؟,نقدر نرد فلوسي؟,آخد فلوسي؟,فيني رجع مصريي؟,ترد لي فلوسي؟,ممكن ترجعلي فلوسي؟,ممكن ارجع فلوسي؟,أخد مصاريي؟,احصل علي قروشي راجعة؟,اخذ فلوسي؟,أن أحصل على مالي ؟,عى فلوسي لو سمحت؟,نسترجع فلوسي؟,اخذ فلوسي؟,بقدر استرجع مصاريي؟,ترجع لي فلوسي؟,تنجموا تعطيوني فلوسي؟,هل نقدر نرجعهم؟,فلوسي، نجم؟
14926,متل هاد بغير محل.,زى دة فى أى مكان تانى.,في أي مكان آخر.,متل هاد بأي مكان تاني.,ده في أي مكان تاني.,مثل هذا بأي مكان آخر.,الشراب باي مكان ثاني.,المشروب ولا مطرح تاني.,هضا في أي مكان ثاني.,ده ف أي حتة تانية.,هالمشروب بأي مكان تاني.,في أي مكان ثاني.,المشروب فبلاصة اخرى.,دا في أي مكان تاني.,هدا في مكان تاني.,دا في أي مكان تاني.,مثل هذا باي مكان اللاخ.,المشروب في أي مكان آخر .,مثل هذا في أي مكان آخر.,المشروب فأي بلاصة أخرى.,مثل هذا في أي مكان ثاني.,هيك باي مكان ثاني .,نفس هذا ب اي بقعه.,هذا في بلاصة اخرى.,في اي مكان تاني.,هكى في بلاصة أخرى.
14933,المعفية من الرسوم الجمركية.,كمية من غير رسوم جمركية.,توصل لمبلغ بدون طاكس.,لمبلغ معفي من الرسوم الجمركية.,توصل للكمية المعفية من الضرايب.,راح تستوفي الأعفاء الكمركي.,بكد سعر البلا ضرائب.,حقه من دون ضريبة جمارك.,المبلغ بدون ضريبة جمركية.,قيمة الإعفا من الجمارك.,المبلغ معفي من الضريبة.,بيصير بسعر السوق الحرة.,الكل معفي من الرسوم الجمركية.,حيخليه بدون ضريبة.,معفى من الرسوم الجمركية.,القيمة المعفاة من الضرائب.,المبلغ معفي من الضريبه.,الذي يعفي من الرسوم .,معفي من الرسوم الجمركية.,المبلغ معفي من الرسوم الجمركية.,الإعفاء من الرسوم الجمركية.,المجموع معفي من الجمارك .,عيوقع معفى من الجمارك.,للمبلغ الي بلاش جمارك.,متاع الاعفاء من الجمارك.,وصلت لمبلغ بلاش جمارك.
14952,تلقيحك، إذا سمحت؟,بتاعتك، لو سمحت؟,ديالك، من فضلك؟,التطعيم، لو سمحت؟,بتاعتك، لو سمحت؟,التطعيم مالتك، رجاءً؟,لقاحاتك، رجاءا؟,الطعومة، إزا بتريد؟,التلقيح، لو سمحت؟,بتاعتك، لو سمحت؟,تبعك، لو سمحت؟,التطعيم، لو سمحت؟,الخاصة بيك، عافاك؟,تطعيماتك، لو سمحت؟,تاعتك، لو سمحت؟,حقتك، من فضلك؟,التطعيم مالتك، رجاءا؟,"الخاصة بك , من فضلك ؟",فيك، من فضلك؟,التلقيح دبالك؟,للتلقيح، لو سمحت؟,التطعيم، لو سمحت؟,حقك، لو سمحت؟,تلقيحك، من فضلك؟,متاعك، لو ممكن؟,تلقيح متاعك، يعيشك؟
14960,كتير؟,بتسافر كتير؟,تسافروا كثيرا؟,كتير؟,بتسافر كتير؟,تسافر هوايه؟,تسافر هواي؟,كتير؟,تسافر واجد؟,كتير؟,كتير؟,واجد تسافر؟,كاتسافر بزاف؟,كتير؟,بتسافر كتير؟,بتسافر كتير؟,تسافر كثيغ؟,كثيرا ؟,تسافر كثير؟,كتسافر بزاف؟,كثير؟,كثير؟,بتسافر خيرات؟,برشا؟,هلبه؟,برشة؟
14969,الولايات المتحدة.,يو إس.,الولايات المتحدة.,من أمريكا.,الولايات المتحدة.,الولايات المتحدة.,الولايات المتحدة.,الولايات المتحدة.,الولايات. المتحدة.,من أمريكا.,من أمريكا.,من أمريكا.,الولايات المتحدة.,من أمريكا.,من أميركا.,الولايات. المتحدة.,الولايات المتحده.,المتحدة .,الولايات المتحدة.,الولايات المتحدة الأمريكية.,الولايات المتحدة.,امريكا .,من امريكا.,من اماريكا.,من أمريكا.,من أمريكا.
14976,لسان فرانسيسكو.,لسان فرانسيسكو.,لسان فرانسيسكو.,على سان فرانسيسكو.,طيران لسانفرانسيسكو.,الى سان فرانسيسكو.,لسان فرانسيسكو.,عسان فرنسيسكو.,لسان فرانسسيكو.,لسان فرانسيسكو.,على سان فرانسيسكو.,حق سان فرانسيسكو.,لسان فرانسيسكو.,لسان فرانسيسكو.,لسان فرانسيسكو.,لسان فرانسيسكو.,الى سان فرانسيسكو.,سان فرانسيسكو .,لسان فرانسيسكو.,لسان فرانسيسكو.,لسان فرانسيسكو.,لسان فرانسيسكو .,ل سان فرانسيسكو.,لسان فرانسيسكو.,لي سان فرنسيسكو.,ال سان فرانسيسكو.
14998,عن المحطة، معناها بمشي.,من المحطة، يبقى همشى.,عشر دقيقة، نروح نمشي.,بهيك أنا راح أمشي.,من المحطة، فانا همشيها.,من المحطة، جان دكيتها مشي.,دقيقة، اذن راح امشي.,المحطة رح روح مشي.,من المحطة، معناها حنمشي.,من المحطة، خلاص هامشي.,عن المحطة، بروح مشي.,من المحطة، عيل بمشي.,المحطة، اذن نمشي على رجلي.,من المحطة، فحمشي.,من المحطة، رح أمشي.,المحطة، ادا ح أمشي.,المحطه، لعد غاح امشي.,من المحطة ، إذن سأمشيها .,من المحطة، انا بمشي.,للمحطة، غاي نمشيها على رجلي.,من المحطة، اذا بمشي.,المحطة، رح امشي .,انا شا امشي رجل.,تو نمشي على ساقية.,المحطه، معناها حنمشي مشي.,على محطة، توا نمشي.
15019,أرخص شوي.,أرخص شوية.,أقل سعرا.,أرخص شوي.,أرخص شوية.,ارخص شوية.,شوي ارخص.,أرخص بشوي.,ارخص شوية.,أرخص شوية.,أرخص بشوي.,فندق ارخص.,فندق ارخص.,ارخص بشوي.,أرخص شوي.,أرخص شوية.,شويه اغخص.,قليلاً .,أرخص قليلا.,رخيص شوية.,ارخص بقليل.,شوي .,ب شويه.,اوتيل رخيص.,أرخص شوية.,رخيص شوي.
15020,شخص ختيار.,هواية شخص قديم.,نشاط لكبار السن.,متل هواية لشخص كبير.,واحد هوبي عجوز.,هواية رجال جبير.,رجل جبير.,هواية لحدا ختيار.,كبير في العمر.,حد من زمان.,شخص كبير بالعمر.,هواية شياب.,هواية لشي حد كبير.,بهوأية رجل كبير.,شخص كبير.,هواية زول قديم.,هوايه شخص كبيغ.,شخص هرم .,هواية الشخص القديم.,هواية للناس المتقدمين فالسن.,هواية العجائز.,واحد قديم .,هوايه واحد عجوز.,نشاط لكبار السن.,هواية واحد شيباني.,عبد اكبير فلعمر.
15024,تعطيني وقت شوي كمان؟,تدينى شوية وقت كمان؟,تعطيني وقت أكثر؟,تعطيني شوية وقت أكتر؟,تديني وقت اكتر شوية؟,تنطيني وقت اكثر؟,تنطيني وقت اكثر؟,بعد شوية وأت؟,تعطيني شوية وقت زيادة؟,تديني شوية وقت؟,تعطيني شوية وقت زيادة؟,تعطيني وقت زيادة؟,شوية ديال الوقت؟,تطيني وقت زيادة؟,تعطيني شوية وقت؟,تديني زمن اكتر شوية؟,تنطيني شويه وقت بعد؟,أن تعطيني وقتاً أكثر ؟,تعطيني المزيد من الوقت؟,تقدر تعطيني شوية دلوقت؟,تقدر تعطيني وقت اكثر؟,بتقدر تعطيني وقت كمان؟,لي وقت شويه زياده؟,تعطيني اكثر وقت؟,تعطيني شوية وقت زيادة؟,تعطيني أكثر وقت؟
15025,عم يوجعني.,جالى صداع.,في راسي.,صداع.,عندي صداع.,صداع.,صداع.,عم يوجعني.,صداع.,صداع.,عم يوجعني.,صداع.,حريق الراس.,صداع.,بيوجعني.,صداع.,صداع.,بالصداع .,صداع.,كيضرني.,صداع.,بيوجعني .,صداع.,يوجعني.,صداع.,وجيعة راس.
15036,القهوة؟,نشرب قهوة؟,خذينا قهوة؟,بفنجان قهوة؟,معايا قهوة؟,كهوه ويايه؟,نشرب كهوة؟,معي أهوة؟,معايا لقهوة؟,نشرب قهوة؟,معي قهوة؟,قهوة معاي؟,تشاركني فالقهوة؟,قهوة معأي؟,معي قهوة؟,لي لقهوة؟,نشغب قهوي؟,القهوة معي ؟,في القهوة؟,ليا فالقهوة؟,لشرب القهوة؟,تنضملي لقهوة؟,نشرب قهوة؟,نشربوا قهوة؟,قهوة معاي؟,نشربو قهوة؟
15037,ووصل مشان تأميني.,و إيصال للتأمين بتاعى.,ووصل التأمين ديالي.,والوصل عشان تأميني.,ووصل التامين بتاعي.,ووصل بالتأمين مالتي.,و وصل للتأمينات.,ووصل للتأمين.,و إيصال لتأميني.,وفاتورة للتأمين بتاعي.,وإيصال للتأمين تبعي.,ورصيد حق التأمين.,وإيصال للتأمين.,فاتورة للتامين حقي.,وفاتورة للتأمين.,و ايصال لتأميني.,لشركة للضمان مالتي.,التأمين الخاص بي .,طبية وإيصال للتأمين.,وتوصيل للتأمين ديالي.,و إيصال لتأميني.,طبية للتاأمين تبعي .,فاتوره للتامين حقي.,و توصيل للسيقورتة.,واصل للتأمين متاعي.,ادوه للضمان متاعي.
15046,إذا سمحت. تأخرنا.,استعجل. إحنا متأخرين.,أسرع. رانا متأخرين.,اسرع. إحنا متأخرين.,سرع. إحنا متاخرين.,استعجل. تره تأخرنا.,ارسع. احنع متأخرين.,بتريد استعجل. تأخرنا.,اسرع. نحنا متأخرين.,سمحت. احنا متأخرين.,رجاءً. تأخرنا.,عاد. تأخرنا.,عافاك. راحنا معطلين.,عجل. احنا متأخرين.,سمحت اسرع. اتأخرنا.,أسرع. نحن متأخرين.,استعجل. احنه متاخرين.,أسرع . إننا متأخرون .,فضلك. نحن متاخرين.,راه احنا متأخرين.,استعجل. نحن متأخرين.,. احنا متأخرين .,اقطب. قد احنا متاخرين.,فيسع. رانا موخرين.,فضلك فيسع. عطلنا.,ازرب، رانا موخرين.
15051,من عشرين دولار.,أكتر من عشرين دولار.,من عشرون دولار.,من عشرين دولار.,من عشرين دولار.,من عشرين دولار.,من عشرين دولار.,من عشرين دولار.,من عشرين دولار.,أكتر من عشرين دولار.,من عشرين دولار.,من عشرين دولار.,من عشرين دولارا.,فوق عشرين دولار.,من عشرين دولار.,من عشرين دولار.,من عشين دولار.,من عشرين دولاراً .,أكثر من عشرين دولارا.,من عشرين دولار.,من عشرين دولار.,من عشرين دولار .,من عشرين دولار.,من عشرين دولار.,من عشرين دولار.,من عشرين دولار.
15062,قلي اش عم بصير.,قوللى إيه اللى بيحصل.,واش كاين.,إحكيلي شو عم بيصير.,قولي ايه اللي بيحصل.,كلولي شدا يصير.,كلي شنو جاي يصير.,الطيارة؟ شو صاير.,قولي شن قاعد يصير.,إيه اللي بيحصل.,قلي شو عم يصير.,قول لي شصاير.,قل لي شنو واقع.,تقلع؟ علمني أيش صأير.,احكيلي شو عم بصير.,وريني الحاصل شنو.,قلي اش عيصيغ.,أخبرني عما يجري .,أخبرني ما الذي يحدث.,قل ليا اشنو واقع.,علمني وش صاير.,احكيلي ايش في .,قل لي ما بيحصل.,قلي شنوة فما.,قولي شن صاير.,قولي شنوة صاير.
15073,ع شقفة ورقة؟,الأجرة على حتة ورقة؟,سعر التوصيلة على ورقة؟,تكتبلي الأجرة على ورقة؟,الأجرة على ورقة؟,تكتبلياها على ورقة؟,على قطعة ورق؟,تكتبلي التسعيرة عورأة؟,الأجرة على قطعة ورقة؟,الاجرة على ورقة؟,الأجرة على ورقة؟,تكتبها في ورقة؟,الأجرة على شي ورقة؟,تكتبها في ورقة؟,الأجرة على ورقة؟,برة في قطعة ورقة؟,التكلفه على ورقة؟,الأجرة على قطعة ورق ؟,الأجرة في ورقة؟,تكتبو ليا على ورقة؟,الأجرة على ورقة؟,تكتبلي الاجرة على ورقة؟,الرسوم في ورقه؟,سوم السيباق على ورقة؟,السوم علي ورقه؟,السوم في ورقة؟
15083,كرسي بينطوى.,من اللى بيتنى.,نكري ترانزات.,مريح ممكن ينتني.,على سطح الباخرة.,كرسي مطوي.,كرسي طبك.,عسطح السفينة.,على ظهر السفينة.,كرسي بحر.,كرسي طوي.,كرسي بحر.,نكري أريكة.,كرسي يتطبق.,كرسي بحر.,كرسي سطح.,على سطح السفينه.,مركب .,سطح سفينة.,ممدود .,كرسي السفينة.,سطح السفينة .,على ظهر السفينه.,متاع شط.,متاع مركب.,في ضهر البابور.
15087,إذا سمحت.,لو سمحت.,من فضلك.,لو سمحت.,لو سمحت.,دقيقة، رجاءً.,دقيقة، رجاءا.,إزا بتريد.,لو سمحت.,من فضلك.,دقيقة، رجاءً.,لو سمحت.,دقيقة، عافاك.,لو سمحت.,لو سمحت.,من فضلك.,دقيقه، رجاءا.,فضلك .,لو سمحت.,الدقيقة، عافاك.,لو سمحت.,سمحت .,لو سمحت.,من فضلك.,لو سمحت.,دقيقة، يعيشك.
15088,فساتين رسمية؟,يلبسوا فساتين رسمية؟,يلبسوا فستان رسمي؟,فساتين رسمية؟,يلبسوا فستانين رسمية؟,فساتين رسمية؟,هدوم رسمية؟,فساتين رسمية؟,يلبسن قفاطين رسمية؟,فساتين رسمي؟,فساتين رسمية؟,ثياب رسمية؟,يلبسو الفساتين الرسمية؟,لبس رسمي؟,فساتين رسمي؟,يلبسوا فساتين رسمية؟,يلبسون زي رسمي؟,فستان سهرة ؟,لبس الفساتين الرسمية؟,شي لباس رسمي؟,فستان رسمي؟,يلبسو رسمي؟,يلبسين رسمي؟,روب محترمة؟,يلبسو رسمي؟,حوايج رسمية؟
15095,تدقرني.,متلمسنيش.,متمسنيش.,تلمسني.,متلمسنيش.,تلمسني.,تجيسني.,تلمسني.,ماتلمسنيش.,ماتلمسنيش.,تلمسي.,تيودني.,تلمسنيش.,تلمسني.,تلمسني.,تهبشني.,تلمسني.,تلمسني .,تلمسني.,تقيسنيش.,تلمسني.,تلمسني .,تلمسني.,تشدنيش.,تمسنيش.,ماتلمسنيش.
15109,دخان؟,سجاير؟,سجائر؟,دخان؟,سجاير؟,جكارة؟,جكاير؟,دخان؟,دخان؟,سجاير؟,سجاير؟,زقاير؟,عندك سجائر؟,دخان؟,سجاير؟,عندك سجائر؟,عندك جكاير؟,سجائر ؟,سجاير؟,عندك السجائر؟,سجائر؟,سيجارة؟,شقاره؟,سيقارو؟,دخان؟,سجارو؟
15123,نروح ع تيكي بوينت.,ممكن نروح تيكى بوينت.,نقدرو نروحو لتيكي بوينت.,منقدر نروح على تيكي بوينت.,ممكن نروح تيكي بوينت.,نكدر نروح لتيكي بوينت.,نكدر نروح لتيكي بوينت.,فينا نروح عنئطة التيكي.,نقدرو نعدو لتيكي بوينت.,ممكن تيكي بوينت.,فينا نروح على تيكي بوينت.,نقدر نروح تيكي بوينت.,ممكن نمشيو لتيكي بوينت.,نقدر نروح لتيكي بوينت.,نروح على تيكي بوينت.,ممكن نمشي لتيكي بوينت.,نطيق نغوح لتيكي بوينت.,لم تكن الريح قوية .,نقدر نروح إلى تيكي بوينت.,لينا نمشيو لتيكي بوينت.,نقدر نروح لتيكي بوينت.,بنقدر نروح لتيكي بوينت.,عنقدر نسير لتيكي بوينت.,انجموا نمشيو لتيكي بوينت.,نمشو لي تيكي بوينت.,رانا مشينا لتيكي بوينت.
15126,رائع.,رائع.,روعة.,خيالي.,رائع.,رائع.,رائع.,روعة.,خيال.,يجنن.,رائع.,عجيب.,رائع.,روعة.,رائع.,رائع.,رائع.,.,رائع.,رائع.,رائع.,.,يجنن.,هايل.,مليح.,تحفون.
15133,شكراً لانتباهك.,شكرا على اهتمامك.,على انتباهك.,إلك على اهتمامك.,متشكر لإهتمامك.,شكراً على انتباهكم.,شكرا لانتباهك.,بشكرك لإنتباهك.,شكرا لانتباهك.,شكرا لاهتمامك.,شكراً لإهتمامك.,على انتباهك.,شكرا على الاهتمام.,شكراً لانتباهك.,شكراً لاهتمامك.,شكرا ليك لانتباهك.,شكرا لانتباهك.,على انتباهكم .,على الاهتمام.,ليك على اهتمامك.,لك على انتباهك.,شكرا لانتباهك .,شكرا لانتباهك.,يعيشكم على الإنتباه.,علي الاهتمام.,صحة على الإنتباه.
15145,بألوان تانية؟,اى ألوان تانية؟,هو بلون آخر؟,بأي لون تاني؟,الوان تانية؟,لون آخر؟,على غير لون؟,بغير لون؟,ألوان أخرى؟,أي لون تاني؟,غير ألوان؟,بألوان ثانية؟,فشي ألوان أخرى؟,بلون تاني؟,هدا ألوان تانية؟,بأي لون تاني؟,باي لون اللاخ؟,من هذا ؟,أي لون اخر؟,فشي ألوان أخرى؟,بلون مختلف؟,بألوان ثانية؟,ثانيه لهذا؟,ألوان اخرين؟,الوان تانيه؟,ألوان أخرى؟
15149,هو؟,دة؟,شكون؟,هاد؟,ده؟,منو؟,هذا؟,بيكون؟,هضا؟,ده؟,مين؟,من؟,هادا؟,مين؟,هو؟,هو؟,هو؟,هذا ؟,هذا؟,هو؟,هو؟,هاد؟,هو؟,شكونه؟,منو؟,شكون؟
15157,في موقف تكسي؟,فين محطة التاكسى؟,نقدر نصيب محطة طاكسي؟,في موقف تاكسي؟,موقف التاكسي فين؟,وين موقف التاكسي؟,وين موقف التكسيات؟,وين بيوأف التاكسي؟,وين يوقف التاكسي؟,فين موقف التاكسي؟,في موقف تاكسي؟,لي وين محطة التكاسي؟,هو موقف الطاكسي؟,فين يوقف التاكسي؟,وين في موقف تكسي؟,وين موقف التكسي؟,وين تقف التكسي؟,مكان موقف سيارات الأجرة ؟,هو موقف سيارات الأجرة؟,فين نلقى محطة الطاكسيات؟,وين موقف التكاسي؟,تحكيلي وين موقف التكسي؟,اين موقف التكاسي؟,انجم نلقى محطة تكسي؟,اليافطه متاع التاكسي؟,وين التاكسيات يقفو؟
15170,وللشرب؟,وتشرب؟,للشرب؟,وللشرب؟,وتشرب؟,والشرب؟,تشرب؟,والمشروب؟,للشراب؟,تشرب إيه؟,وللشرب؟,الشرب؟,تشرب؟,وتشرب؟,وللشرب؟,الشراب؟,للشغب؟,؟ .,تشرب؟,وللشرب؟,للشراب؟,للشرب؟,للشرب؟,للشربان؟,شن تشرب؟,تشرب؟
15181,هو.,أهو.,هاوليك.,هيو.,اهو.,هياته.,هو.,تفضل.,هو.,أهو.,ليكه.,اكاهو.,هو.,اهو.,هيو.,ليه.,هيانو.,.,هو.,هو.,هو.,.,هاه.,اهوا.,اهوا.,أهوا.
15201,محل عدة؟,أدوات منزلية؟,القريب من هنا؟,محل معدات؟,قطع غيار الكمبيوتر؟,محل أجهزه؟,محل هاردويرات؟,مخزن عدة؟,محل خردوات؟,محل أدوات؟,أدوات منزلية؟,محل عدة؟,متجر الأجهزة؟,محل معدات؟,محل أجهزة؟,متجر أجهزة؟,مال اجهزة؟,لأجهزة الكمبيوتر ؟,محل الأجهزة؟,محل دالخردة؟,محل معدات؟,مخزن للاجهزة؟,محل اجهزه؟,اقرب كانكيوري؟,دكان عدة؟,متع معدات؟
15206,ع مقعد فاضي، إذا بتحب.,تتحرك لكرسى فاضى، لو تحب.,تبدل المكان اذا حبيت.,على مقعد فاضي، إذا بتحب.,تنقل لكرسي فاضي، لو إنت عايز.,للمعقد الشاغر، اذا تحب.,لمقعد شاغر، اذا تحب.,تنؤل عمأعد فاضي إزا بدك.,لمقعد شاغر، لو تبي.,تتحرك لكرسي فاضي، لو حبيت.,على مقعد فاضي، إذا بدك.,لكرسي فاضي، اذا بغيت.,لمقعد خاوي، الى بغيتي.,بكرسي فاضي، اذا تبا.,على كرسي فاضي، ازا بتحب.,تحركه لمقعد فاضي، إذا داير.,لمقعد فارغ، اذا انت تحب.,إلى مقعد شاغر إذا كنت تريد ذلك .,لكرسي فاضي، اذا تبغى.,تبدل البلاصة إلا بغيتي.,لمقعد فاضي، اذا تبغى.,لكرسي فاضي، اذا بتحب .,ل مقعد فاضي، اذا تشتي.,تبدل البلاصة كان تحب.,لكرسي تاني فاضي، اذا تبي.,مش هك.
15221,على هاد.,على دة.,على هاذا.,على هاد.,عليه ده.,هذا الشي.,اباوع لهذا.,فتش عهيدا.,في هضا.,على ده.,على هاد.,ادور هذي.,على هادا.,على دا.,على هدا.,لي دا.,على هذا.,هذا .,عن هذا.,على هادا.,عن هذا.,هاي .,على ذيه.,على هذا.,علي هدا.,على هذا.
15240,بدك مشان التحلاية؟,وتحب إيه للتحلية؟,تاخذ للتحلية؟,بدك حلويات؟,ايه فى التحلية؟,حلويات وره الأكل؟,تحب للتحلية؟,وشو بتحب للتحلاية؟,شن تبي للحلو؟,تاخد إيه حلو؟,بتحب للتحلاية؟,تبغي الحلو؟,تبغي للتحلية؟,تبا للحلى؟,بتحب تتحلى؟,تحب شنو للتحلية؟,تحب تحلي؟,أن تختم به الطعام ؟,وماذا تحب للحلوى؟,تبغي للتحلية؟,وش تبغى للحلى؟,شو بتحب تتحلى؟,ما تشتي للحلى؟,شنوة تاخذ ديسار؟,شن تبي تحلي؟,تحب لتحلية؟
15246,ولا بولمان؟,عربية نوم؟,أو بولمان؟,عربة نوم؟,عربية نوم؟,لو بولمان؟,لو بولمان؟,ولا بولمان؟,لا عربة نوم؟,نوم مميزة؟,عربة نوم؟,عربة نوم؟,أو بولمان؟,عربة نوم؟,عربة نوم؟,ول بولمان؟,لو بولمان؟,مجهزة للنوم ؟,أو بولمان؟,مقطورة النوم؟,عربة نوم؟,ولا بولمان؟,والا بولمان؟,والا بلمان؟,أو بولمان؟,جرارة نوم؟
15247,إذا سمحت، قبل بساعة من وقت الطيارة.,هناك، من فضلك، ساعة قبل ميعاد الرحلة.,من فضلك أرواح ساعة قبل الإنطلاق.,لو سمحت، قبل بساعة وحدة من رحلة الطيران.,هنا، لو سمحت، قبل ميعاد الرحلة بساعة.,كون متواجد هناك، رجاءا، ساعة قبل موعد الرحلة.,هناك، رجاءا، قبل موعد الطيران بساعة.,هونيك، إزا بتريد، أبل بساعة من السفرة.,غادي، لو سمحت، ساعة وحدة قبل موعد الرحلة.,هناك، لو سمحت، ساعة قبل معاد الرحلة.,هنيك، لو سمحت، قبل بساعة من وقت الرحلة.,هناك، لو سمحت، ساعة قبل الرحلة.,كون تما، عافاك، قبل ساعة من وقت الرحلة.,هناك، لو سمحت، قبل الرحلة بساعة.,هناك، لو سمحت، قبل ساعة من وقت الرحلة.,كن هناك، من فضلك، قبل ساعة من زمن الرحلة.,كون هنوك، رجاءا، قبل موعد الطياغه بساعه.,. كن هناك قبل وقت الرحلة بساعة من فضلك .,هناك، من فضلك، ساعة قبل وقت الرحلة.,خاصك تكون هنا ساعة قبل وقت الطيران.,هناك، لو سمحت، ساعة قبل وقت الرحلة.,. كون هناك، يو سمحت، ساعة قبل الرحلة .,هاناك، لو سمحت، قبل وقت الرحله بساعه.,متاعك. بالله ايجا قبل بساعة قبل المشيان.,غادي، من فضلك، قبل وقت الطياره بساعه.,عبد غادي ساعة قبل وقت الطيارة، يعيشك.
15257,ألم حاد.,ألم حاد.,حاد.,وجع قوي.,ألم شديد.,ألم حاد.,الم حاد.,أوي.,الم حاد.,بشع.,قوي.,الم حاد.,ألم صعيب.,قوي.,كتير.,ألم حاد.,الم قوي.,حاد .,ألم قوي.,وجع قاصح.,الم حاد.,كثير .,حاد.,كبيرة.,حاد.,صغيرة.
15259,ستة واحد تنين أربعة تسعة خمسة.,ستة واحد اتنين أربعة تسعة خمسة.,وثلاثون واحد وستون أربعة وعشرون خمسة عشر.,ستة واحد اتنين أربعة تسعة خمسة.,ستة واحد اتنين اربعة تسعة خمسة.,ستة واحد اثنين اربعة تسعة خمسة.,ستة واحد اثنين اربعة تسعة خمسة.,تنان ستة واحد تنان أربعة تسعة خمسة.,اثنين ستة واحد اثنين أربعة تسعه خمسة.,ستة واحد اتنين اربعة تسعة خمسة.,اتنين ستة واحد اتنين أربعة تسعة خمسة.,ستة واحد اثنين اربعة تسعة خمسة.,اثنين ستة واحد جوج أربعة أربعة تسعة.,ستة واحد اتنين أربعة تسعة خمسة.,ستة واحد تنين أربعة تسعة خمسة.,ستة واحد اتنين أربعة تسعة خمسة.,اثنين ستي ويحد اثنين اربعه تسعه خمسي.,اثنان ستة واحد اثنان أربعة تسعة خمسة .,اثنين ستة واحد اثنين أربعة أربعة تسعة.,جوج ستة واحد جوج ربعة تسعود خمسة.,اثنين ستة واحد اثنين أربعة تسعة خمسة.,اثنين ستة واحد اثنين اربعة تسعة خمسة .,اثنين سته واحد اثنين اربعه تسعه خمسه.,ستين و اربعة و عشرين خمسة و تسعين.,اتنين ستة واحد اتنين أربعه تسعه خمسه.,ثنين ستة واحد ثنين أربعة تسعة خمسة.
15262,كتير مرضان.,تعبان جدا.,في قلبي.,كتير مريض.,عيان خالص.,كولش مريض.,كلش مريض.,مريض كتير.,مريض بكل.,تعبان أوي.,مرضان كتير.,لايعة جبدي.,بلعيا بزاف.,تعبان مرة.,كتير تعبان.,عيان جدا.,بمرض كثيغ.,شديد .,وايد مريض.,مريض بزاف.,تعبان جدا.,مريض .,انا تاعب قوي.,يوجعني.,مريض هلبه.,مريض برشة.
15274,"""كوسيز لاف""؟",""" كوسيز لاف""؟","""كوسيز لوف""؟","ل ""كوسيز لوف""؟","""كوسيز لاف""؟","مال ""كوسيز لاف""؟","عرض""كوسيز لاف""؟","""كوسيس لوف""؟","ل""كوسيز لوف""؟","""كوسيز لوف""؟","تبع ""كوسيز لوف""؟","مالت ""كوسيز لاف""؟","ل ""كوسيز لاف""؟","""كوسيز لاف""؟","""كوسيز لاف""؟","العرض ل""كوسيس لف""؟","ال ""كوسيس لاف""؟","حب كوسي "" ؟","ل ""كوسيز لاف""؟","ديال""كوسيز لوف""؟","ل"" كوسيس لوف""؟","""كوسيز لاف""؟","""كوسيز لف""؟","يقدم ""كوسيس لاف""؟","لي ""كوسيس لاف""؟","يعديو فيهم ""كوسيس لف""؟"
15283,هلئ ولا بعدين؟,دلوقتى ولا بعدين؟,دوكا و لا ممبعد؟,هلأ والا بعدين؟,دلوقتي ولا بعدين؟,مالتك هسه لو بعدين؟,هسه لو بعدين؟,هلأ أو بعدين؟,توا ولا بعدين؟,دلوفتي ولا بعدين؟,هلأ ولا بعدين؟,الحين او بعدين؟,دابا ولا من بعد؟,دحين ولا بعدين؟,هلأ ولا بعدين؟,قهوتك أسى ول لاحقا؟,قهوتك هسا لو بعدين؟,أم فيما بعد ؟,الآن أو في وقت لاحق؟,أو لا من بعد؟,الان ولا بعدين؟,هلا و لا بعدين؟,الان او بعدين؟,و الا من بعد؟,توا و الا بعدين؟,توا وإلى بعد؟
15292,نادي ريغي بنيويورك.,الأكتر إثارة فى نيويورك.,نادي الريغي في نيويورك.,ريغي في نيويوك.,ريجيه في نيويورك.,ريجي بنيويورك.,نادي ريكي بنيويورك.,ملهى ريغيه بنيويورك.,ريغي في نيويورك.,ريجي في نيويورك.,ريجيه حماسي بنيويورك.,ريغي في نيويورك.,نادي ريغي في نيويورك.,جاميكي في نيو يورك.,ريغي في نيويورك.,ريقي في نيويورك.,نادي ريغي بنيويورك.,إثارة في نيويورك .,الريغي في نيويورك.,نادي دالريغي فنيويورك.,ريغي في نيويورك.,ريغي ب نيويورك.,ريغغي في نيو يورك.,السخون في نيويورك.,ريججي في نيويورك.,تحفون في نيو يورك.
15295,منتجك عن منافسيك؟,مختلف عن منافسينك؟,ديالكم على المنافسين؟,عن اللي عند منافسينكم؟,مختلف عن منافسيك؟,عن المنافسين الك؟,عن المنتجات المنافسة؟,عن المنتج المنافس؟,بتاعك يختلف عن منافسيك؟,اللي شبهه ف إيه؟,باقي المنتجات المنافسة؟,غير عن منافسينك؟,منتوجك على المنافسين ديالك؟,يختلف عن المنافسين؟,عن منتجات منافسينك؟,مختلف من منافسينك؟,احسن من منافسيك؟,منتجك ومنتج منافسيك ؟,بها منتجك عن منافسيك؟,على دالمنافسين ديالك؟,مختلف عن منافسينك؟,منتجاتك عن منافسيك؟,منتجاتكم عن المنافسين حقكم؟,على المنافس؟,مختلفه علي المنافسين متاعك؟,على متع المنافسين متعك؟
15296,عم بسمع لتعليمات الأمان؟,بيسمع لتعليمات السلامة؟,واحد يسمع تعليمات السلامة؟,عم بيسمع لتعليمات السلامة؟,حد يسمع لتعليمات الامان؟,تعليمات السلامة؟,يسمع لتعليمات السلامة؟,سمع إرشادات الأمان؟,يسمع في إرشادات الأمان؟,حد بيسمع لتنبيهات الأمان؟,عم يسمع تعليمات الأمان؟,يسمع ارشادات الأمان؟,واحد مكيستمع لتعليمات السلامة؟,لتعليمات الأمان؟,عم يسمع لتعليمات الأمان؟,زول بسمع تعليمات الأمان؟,ويحد عيستمع لارشادات السلامي؟,شخص لتعليمات الأمن ؟,يستمع إلى تعليمات السلامة؟,ما يسمع لتعليمات السلامة؟,احد يسمع تعليمات السلامة؟,بسمع لتعليمات الامان؟,محد بيسمع لتعليمات السلامه؟,حتى حد يسمع نصايح السلامة؟,يسمع في تعليمات السلامه؟,يسمع فالنصائح متع الامن؟
15319,خلفي خطر؟,الخلفى خطر؟,الممر خطير؟,الخلفي خطير؟,الخلفي خطر؟,الخلفية خطرة؟,الخلفي خطر؟,الخلفي خطير؟,الوراني خطير؟,الخلفي خطر؟,الورانية خطيرة؟,الخلفي خطر؟,الشارع خطير؟,الخلفي خطر؟,الخلفي خطر؟,خلفي خطر؟,الخلفي خطر؟,خطر ؟,خلفي خطير؟,الزنقة خطيرة؟,الخلفي خطير؟,الخلفي خطر؟,الخلفي خطير؟,مخطرة؟,الوراني امن؟,تالي يخوف؟
15320,عميل الإجراءت الضرورية.,خد الإجراءات الضرورية.,دير اللازم.,خد الإجراء الضروري.,الإجراء الضروري.,الأجراء اللازم.,الاجراءات اللازمة.,عمول التدابير اللازمة.,خوذ الإجراءات الضرورية.,اللازمة من فضلك.,الإجراء اللازم.,اتخذ الاجراءات اللازمة.,الإجراء اللازم.,خذ الاجراءاة الضرورية.,خود الاجراءات اللازمة.,اخد الإجراء الضروري.,الطريقة الضروري.,اتخذ الإجراء الضروري .,اتخاذ الإجراء اللازم.,الاجراءات اللازمة.,خذ الإجراءات الضرورية.,خذ الاجراءات الضرورية .,اعمل الاجراءات اللازمه.,اعمل الواجب.,دير الإجراء الازم.,الإجراات اللازمة.
15323,شلون رح يتم تعويضي؟,هعرف؟ إزاى هيتم تعويضى؟,واش يكون عندي كمقابل؟,أعرف؟ كيف راح أتعوض؟,هعرف؟ أنا هتعوض إزاي؟,اعرف. شلون راح اتعوض؟,ادري؟ وشلون راح اتعوض؟,بعرف؟ كيف بتعوضولي؟,حنعرف؟ هل حيتم تعويضي؟,إمتى؟ التعويض هايكون إزاي؟,كيف رح يتم تعويضي؟,بعرف؟ شلون بيتم تعويضي؟,نعرف؟ كيفاش غيتم تعويضي؟,حعرف؟ وكيف حتعوض؟,أعرف؟ وكيف رح يعوضوني؟,كيف ح أكون اتعوضت؟,اشون غاح يتم تعويضي؟,؟ وكيف سيتم تعويضي ؟,سأعرف؟ كيف سيتم تعويضي؟,نعرف؟ كيفاش غادي نتعوض؟,بعرف؟ كيف سيتم تعويضي؟,اعرف؟ كيف رح يتم تعويضي؟,ادرى؟ كيف با اتعوض؟,شنوة قلت في المقابل؟,حنعرف؟ و كيف حنتعوض؟,نعلم؟ كيفاش باش تعوضني؟
15331,بطاقة هويتي.,بتاعتى أهى.,التعريف ديالي.,الهوية تبعتي.,البطاة بتعاتي.,الهويه مالتي.,بطاقة هويتي.,تزكرتي.,الهوية بتاعي .,البطاقة بتاعتي.,هويتي.,بطاقة هويتي.,الوطنية ديالي.,بطاقة الهوية.,هويتي.,بطاقتي التعريفية.,التعريفي مالتي.,الخاصة بي .,بطاقتي الشخصية.,الهوية ديالي.,بطاقتي.,هويتي .,هاه هويتي.,التعريف متاعي.,التعريف متاعي.,بطاقة تعريفي.
15337,طاولة عالشباك.,جنب الشباك.,من الطاقة.,على الشباك.,جنب الشباك.,يم الشباك.,يم الشباج.,حد الشباك.,قريب من الروشن.,جنب الشباك.,جنب الشباك.,على الدريشة.,قريبة للسرجم.,جمب الشباك.,على الشباك.,على الشباك.,على الشباك.,النافذة .,مع النافذة.,حدا النافذة.,جنب النافذة.,جنب الشباك .,جمب الطاقه.,بجنب البرسانة.,بحدا الروشن.,فين شباك.
15347,للروحة ع سان فرانسيسكو.,علشان أروح سان فرانسيسكو.,فرانسيسكو بأقل تكلفة.,للروحة على سان فرانسيسكو.,أروح بيها سان فرانسيسكو.,اروح بيها لسان فرانسيسكو.,اروح بيها لسان فرانسيسكو.,طريئة تروح عسان فرانسيكو.,نمشي بيها لسان فرانسسكو.,أروح بيها سان فرانسيسكو.,لروح على سان فرانسيسكو.,حق اروح سان فرانسيسكو.,باش نمشي لسان فرانسيسكو.,اروح فيها لسان فرانسيسكو.,عشان أروح على سان فرانسيسكو.,الارخص للمشي لسان فرانسيسكو.,طريق لسان فرانسيسكو.,للذهاب إلى سان فرانسيسكو .,للذهاب إلى سان فرانسيسكو.,باش نمشي لسان فرانسيسكو.,للذهاب الى سان فرانسيسكو.,اروح على سان فرانسيسكو .,اسير بها ل سان فرانسيسكو.,للمشيان لسان فرانسيسكو.,بيها لي سان فرانسيسكو.,نمشي ل سان فرانسيسكو.
15362,المطعم، كيويا؟,مطعم، كيويا؟,المطعم كييوكا؟,المطعم، كيويا؟,يا كيوايا؟,المعطم، كيويا؟,المطعم، كيويا؟,إسمو كيويا؟,المطعم، كيوايا؟,يا كايويا؟,المطعم، كيويا؟,المطعم، كيويا؟,مطعم، كيويا؟,المطعم، كويويا؟,المطعم، كيويا؟,الكافيتيريا، كيويا؟,المطعم، كيويا؟,يا كيويا ؟,المطعم، كيويا؟,مطعم، كيوكا؟,المطعم، كيويا؟,المطعم، كيويا؟,المطعم، كيويا؟,مطعم كيوكا؟,المطعم، كيويا؟,مطعم، كيويا؟
15378,ذهاب.,واحد.,فقط.,واحد.,رايح بس.,واحد.,واحد.,واحد.,واحد.,واحد.,روحة.,واحد.,واحد.,واحد.,واحد.,واحد.,ويحد.,واحد .,واحد.,ذهاب.,ذهاب.,واحد.,واحد.,كهاو.,واحد.,واحد.
15380,عم باكل طول الوقت.,أقعد هنا وآكل باستمرار.,ناكل هنا باستمرار.,قاعد هون باكل دايما.,هنا اكل بمعدل ثابت.,هنا آكل طول الوقت.,هنا والاكل.,عم باكل كل الوأت.,هنا ناكل بشكل مستمر.,باكل باستمرار وبس.,هون وكتر الأكل.,بس آكل على طول.,جالس هنا وكناكل باستمرار.,اكل بشكل مستمر.,هون بس باكل.,قاعد هنا أكل باستمرار.,قيعد هوني واكل باستمرار.,جالساً هنا آكل باستمرار .,اجلس هنا تناول الطعام باستمرار.,هنا جالس غير كاناكل.,هنا اكل باستمرار.,الاكل المستمر .,بين اكل هانا واصل.,ناكل ديما.,و ناكل طول الوقت.,قاعدة ديمة ناكل.
15400,كويس فيه عرض فلامنكو؟,كويس بعرض فلامنكو؟,مليح بعروض فلامنكو؟,مع عرض فلامنكو؟,بيعرضو فيه رقصة الفلامنكو؟,بيه عرض فلامنكو؟,بي عرض فلامينكو؟,منيح عندو عرض فلامنكو؟,كويس مع عرض فلامنكو؟,فيه فلامنكو شو؟,مع عرض فلامينكو؟,فيه عرض رقصة فلامينغو؟,مزيان فيه عرض الفلامنكو؟,يعرض فيه رقصة الفلامنكو؟,هون مع عرض فلامينغو؟,جيد مع عرض فلامنجو؟,مليح مع عرض الفلامينكو؟,عرض رقصة الفلامنكو ؟,جيد مع عرض الفلامنكو؟,زوين فيه عروض الفلامينكو؟,عندهم تخفضيات الان؟,و فيه عرض فلامينكو؟,حالي مع عرض الفلامينكو؟,فيها عروض فلامينغو؟,فيه عرض فلامينغو؟,عرض فلامنجو؟
15419,يلي لابستيه.,اللى إنتى لابساه.,لابستيه شباب.,اللي لابستيه.,لابساه جميل خالص.,الي لابسته.,حلوة اللابستها.,حلو كتير.,الي لابستيه.,لابساه حلو أوي.,لابستيه حلو.,فستانج.,زوين لابس.,اللي عليك.,لابستيه حلو.,جميل فيك.,اللي ليبستو.,ترتدينه .,الي عندك.,عندك زوينة.,اللي عليك.,حلو .,له حالي.,الي لابستها.,لابستيه حلو.,إلي لبستها.
15431,عم توجعني.,بتوجعنى.,في رجلي.,رجلي.,واجعاني.,توجعني.,يأذيني.,عم توجعني.,توجع.,بتوجعني.,عم يوجعوني.,تألمني.,كتضرني.,توجعني.,بتوجعني.,تؤلم.,عتاذيني.,تؤلمني .,تألمني.,كتضرني.,توجعني.,بيوجعوني .,بيوجعني.,توجعني.,يوجعو.,يوجعو.
15436,أقرب مغسلة؟,أقرب مغسلة؟,المغسلة القريبة؟,مغسلة ملابس؟,أقرب مغسلة؟,غرفة غسيل؟,مغسلة الية؟,أأرب مصبغة؟,مغلسة الية؟,هدوم عامة هنا؟,محل غسيل؟,اقرب مغسلة؟,غرفة غسيل؟,اقرب مغسلة؟,غرفة غسيل؟,أقرب مغسلة؟,غرفة غسيل؟,مغسلة ؟,غرفة غسيل؟,أقرب مصبنة؟,اقرب مغسلة؟,غرفة غسيل؟,غرفه غسيل؟,المغسلة القريبة؟,أقرب مغسله؟,يغسلوا فيها بلفلوس؟
15443,إذا سمحت؟,معايا، لو سمحت؟,معايا، من فضلك؟,معي، لو سمحت؟,معايا، لو سمحت؟,المقاعد، رجاءً؟,وياي، رجاءا؟,إزا بتريد؟,معايا، لو سمحت؟,معايا، لو سمحت؟,بالمقعد، لو سمحت؟,معاي، لو سمحت؟,بالمقعد، عافك؟,معأيا، لو سمحت؟,معي، لو سمحت؟,معاي، من فضلك؟,معاي، رجاءا؟,مقاعدنا من فضلك ؟,معي، من فضلك؟,معايا، عافاك؟,معي، لو سمحت؟,معي، لو سمحت؟,معي، لو سمحت؟,معايا، يعيشك؟,معاي، من فضلك؟,إماعاية عيشك؟
15447,انفصلت.,بتاعتنا انفصلت.,كيف كيف.,صاروا مفرقين.,عن بعض.,صارت منفصلة.,تفرقت.,منفصلين.,تفرقن.,جنب بعض.,عن بعض.,منفصلة.,ديالنا تفرقات.,عن بعض.,عن بعض.,اتفصلت.,منفصلي.,مقاعدنا .,مفصولة.,ديالنا مفرقين.,انفصلت.,منفصلة .,اتفرقين.,جنب لجنب.,بحدا بعض.,إتفرقو.
15452,هاد الطرد كمان.,دة متأمن عليه كمان.,هاذ الطرد كذلك.,هاد الطرد كمان.,ده متأمن عليه كمان.,يكون مؤمن ايضاً.,الطرد يؤمن هم.,عهالظرف كمان.,مأمن عليها حتى هي.,أأمن على الطرد كمان.,هاد الطرد كمان.,على الطرد بعد.,الطرد يكون مؤمن.,الطرد يتأمن كمان.,هدا الطرد كمان.,الحزمة دي مأمنة برضه.,على هذا الطرد همين.,على هذا الطرد أيضاً .,هذا الطرد مؤمن أيضا.,الطرد يكون مأمن.,هذا الطرد أيضا.,يكون مأمن كمان .,الطرد يتامن والكل.,الطرد هذا.,الطرد هدا.,هذا إمسوجر زادة.
15463,لميتين دولار.,لميت دولار.,مئة دولار.,ميت دولار.,ماية دولار.,مية دولار.,بمية دولار.,لمية دولار.,لميه دولار.,بمية دولار.,الميت دولار.,مية دولار.,لمئة دولار.,مية دولار.,مية دولار.,مية دولار.,لميت دولار.,دولار .,مائة دولار.,لمية دولار.,بمئة دولار.,دولار .,لميه دولار.,للمية دولار.,مية دولار.,ميات دولار.
15464,وسط، وورا هالطيارة.,نص، وآخر الطيارة.,و من وراء الجهاز.,بنص، وبآخر هاي الطيارة.,وفي النص ومن ورا.,الوسط، والخلف بهاي الطياره.,وسط، ونهاية هاي الطيارة.,وبالنص وبآخر الطيارة.,و ورا الطيارة هضي.,قدام، في النص، وورا.,هي الطيارة، وبنصها، وبآخرها.,قدام، وفي الوسط وورا.,وفالوسط وفالخلف ديال الطيارة.,ورا في دي الطيارة.,نص، و أخر الطيارة.,و خلف الطائرة دي.,بالوسط، وبنهاية هذي الطياغه.,ووسط ومؤخرة هذه الطائرة .,النص والخلف من هالطائرة.,و فاللور ديال الطيارة.,الوسط، و خلف الطائرة.,و باخر الطيارة .,المبنى، والوسط، وخلف الطايره.,الوسط، والتالي في الماكينة.,الوسط و في نهاية الطيارة.,و فالاخر امتع اتيارة.
15470,رجع تأكد.,إتعاد تأكيده.,الحجز ديالكم مجددا.,تأكيد حجزك.,حجزك إتأكد.,الحجز مالتك.,حجزك تاكد.,حجزك تأكد.,اعادة التأكيد عليه.,حجزك إتأكد.,رجع تأكد.,حجزك تأكد.,تأكد مرة اخرى.,مرة تانية.,حجزك مؤكد.,تم إعادة تأكيده.,حجزك اتاكد.,التأكيد على حجزك .,تأكيد الحجز.,الحجز ديالك.,إعادة تأكيده.,اعادة تأكيده .,حجزك مؤكد.,حجزك تاكد.,متاعك اتاكد.,عودنا اكدناه.
15476,كتير عالي.,عالى جدا.,عالي بزاف.,كتير عالي.,عالية خالص.,جدا عالية.,كلش عالي.,عالي كتير.,عالي بكل.,عالي أوي.,كتير عالي.,واجد رفيع.,شوية.,مرة عالي.,كتير عالي.,عالية شديد.,كلش عيلي.,جداً .,مرتفع جدا.,عالي بزاف.,عالي جدا.,عالي .,قوي عالي.,عالي بارشا.,هلبه عالي.,يسرعالي.
15477,طاولة عالتراس.,فى التراس.,طاولة فالتراس.,على الترس.,في البالكونة.,على الشرفة.,ع الشرفة.,طاولة عالسطيحة.,على الفرنده.,في التراس.,طالة عالتراس.,على البلكونة.,طبلة فالسطح.,على الرصيف.,على التراس.,في الشرفة.,على البلكوني.,الشرفة .,على الشرفة.,الطاولة فالسطح.,على الشرفة.,الترس .,في البلكونه.,في التراس.,في التراس.,طاولة البرة.
15482,الأهل لازم يفكروا إذا يخلوا الولاد يشوفوا الفيلم.,الآباء محتاجين يفكروا لو هيسمحوا للأطفال يشوفوا الفيلم.,لازم يقرروا اذا يخليو الأطفال يشوفوا و لا لالا.,لازم يفكروا إذا ممكن يخلوا أطفالهم يحضروا الفيلم.,فالوالدين محتاجين يشوفو هيخلو العيال يتفرجو على الفيلم.,الآباء لازم ينظرون اذا يسمحون للأطفال يشوفون الفيلم.,لازم يفكرون يخلون ولدهم يشوفون الفلم لو لا.,لازم يشوفو الأهل إزا بخلو ولادون يحضرو الفيلم.,الاهل مفروض يراعو اذا يبو يخلو العيال الصغار يشوفو الفيلم.,يبقوا بيقرروا إذا كانوا هيسمحوا للأطفال تشوف الفيلم.,لازم يقرروا إذا بدهن يسمحوا للأطفال يشوفوا الفيلم.,الأهل لازم يفكرون يخلون عيالهم يشوفون الفلم او لا.,داكشي لاش خاص الآباء يقرروا واش يسمحو للأطفال يتفرجو فالفيلم.,لازم يشوفو اذا عادي الأطفال يتفرجو ولا.,الأهل لازم يقررو ازا يخلو الأطفال يحضرو الفيلم.,الوالدين بحتاجوا يختوا في الاعتبار سواء يخلوا الأطفال يحضروا الفلم.,الاهل لازم باخذون بالاعتبار اذا يخلون الاطفال يشوفون الفلم.,إلى الأخذ بعين الاعتبار إذا ما كانوا سيدعون الأطفال يشاهدون الفيلم .,لازم يفكرون اذا بيسمحون لاطفالهم يشوفون الفلم او لا.,يقرروا واش يخليو الأطفال يشوفو الفيلم أو لا لا .,لذلك يجب على الإباء التفكير بالسماح للأطفال بمشاهدة الفيلم.,لازم يوخذو بعين الاعتبار اذا ممكن يخلو الاطفال يحضرو الفيلم .,لازم يطرحو في اعتبارهم يخلو الجهال يبسرو الفلم او لا.,هوما الي يقرروا صغارهم يتفرجوا و الا لا.,الاهل لازم يعرفو يخلو صغارهم يتفرجو أو لا.,لازم الولدين إيشوفو كان إينجموش إيخلو إسغرهم يتفرجو.
15487,عبي هالورقة ووقع هون.,الورقة دى وتمضى هنا.,عمر هذه الورقة ووقع هنا.,هاي الورقة ووقع هون.,إملى الورقة وإمضي هنا.,هاي الورقة ووقع هنا.,هاي الورقة ووقع هنا.,عبي هالورأة ومضي هون.,الورقة هضي و وقع هنا.,إملا الورقة دي وإمضي.,عبي الورقة ووقع هون.,ملي هالورقة ووقع هني.,هاد الورقة ووقع هنا.,البيانات بدي الورقة ووقع هنا.,عبي هاي الورقة ووقع هون.,الورقة دي و وقع هنا.,هذي الورقه ووقع هوني.,هذه الورقة ووقع هنا .,هذه الورقة والتوقيع هنا.,الورقة و وقع هنا.,هذي الورقة و وقع هنا.,الورقة و وقع هون .,عبي الورقه ووقع هانا.,عمر الورقة و صحح هوني.,الورقه و وقع هنايا.,عمر ورقة.
15509,بطني بتوجعني.,معدتى بتوجعنى.,في كرشي.,معدتي بتوجعني.,معدتي يتوجعني.,معدتي توجعني.,معدتي تأذيني.,بتوجعني معدتي.,توجع فيا.,بطني بتوجعني.,بتوجعني معدتي.,معدتي تألمني.,كتضرني كرشي.,بطني توجعني.,معدتي بتوجعني.,بطني بتوجع.,معدتي تاذيني.,أحياناً .,معدتي تآلمني.,كتضرني المعدة.,معدتي تؤلمني.,بتوجعني .,بطني توجعني.,في معدتي.,توجع فيا.,كرشي توجعني.
15522,أنا عامل ريحيم، هلئ.,انا عامل دايت، دلوقتى.,راني في حمية حاليا.,أنا عامل رجيم، هلأ.,أنا عامل دايت، دلوقتي.,اني دا اسوي رجيم حالياً.,مسوي رجيم، هسه.,عم بعمل دايت هلأ.,انا نتبع في دايت، توا.,عامل دايت، الفترة دي.,كتير؟ عامل ريجيم، حالياً.,انا مسوي رجيم، الحين.,الحرارية؟ انا داير ريجيم، دابا.,ماشي على حمية، دحين.,لأني عم بعمل دايت، هلأ.,انا في حمية أسى.,انا بحميه غذائي، هسا.,فأنا أتبع نظاما غذائياً حالياً .,أنا على نظام غذائي، الآن.,الحرارية؟ أنا داير الريجيم، دابا.,القليلة؟ انا اتبع حمية، الان.,عامل رجيم، هلا .,انا عامل ريجيم، الان.,حيتني في ريجيم.,خاطر اني مريجيم، توا.,. خطرني إنريجم، توا.
15529,ضرورة للكلفة.,رسوم حتمية.,والو.,داعي للرسوم.,نكلفة ضرورية.,كلفة ضرورية.,كلفة لازمة.,تكلفة ضرورية.,دفع ضروري.,دفع ضروري.,داعي للرسم.,لازم تدفع.,والو.,رسوم لازمة.,رسوم ضرورية.,ضروري الشحن.,تغيير ضروري.,ضروري .,ماضروري.,تخلص والو.,رسم إضافية.,ضروري .,رسوم لازمه.,ما تخلصوا.,داعي تدفع.,رسم منهتجوه.
15539,لجيانتس ودودجرز.,لجاينتس أند دودجرز.,جيون ودوجرز.,للعمالقة والمتهربين.,تذكرتين العمالقة والمحتالين.,للعمالقة والمهربين.,للعبة جاينتس والدوجرز.,لذا جاينتس ودودجرز.,للجاينتس و دودجيرز.,جيانتس آند دودجيرز.,للجاينتس اند دودجيرز.,جيانتس اند دوجرز.,تذكيرات للعمالقة والمهربين.,للعمالقة والمتهربين.,للعمالقة و المهربين.,للجيانتس و دودقرس.,لعرض العمالقه والمحتالين.,""" و "" المحتالين "" .",للعمالقة والمهربين.,لجيانت و دودجيرس.,لجاينتس و دودجرز.,و المهربين .,جاينتس و دودجرز.,تساكر لالعمالقة والمهربين.,لي جاينتس اند دودجيرز.,ل جيانتس و دودجرس.
15546,مزودين الكومبيوترات الميكروية.,موردين الكمبيوترات الصغيرة.,المزودين بأجهزة الكمبيوتر.,الموردين للكمبيوترات الصغيرة.,موردين الكومبيوترات الصغيرة.,كبار الموردين للمايكروكومبيوتر.,اكثر المجهزين للمايكروكومبيوترات.,موزعين الكومبيوترات الزغار.,المزودين للكمبيوترات الصغيرة.,الموزعين للكمبيوتر الدقيق.,للكمبيوترات الصغيرة.,موزعين المايكروكمبيوتر.,ديال الحواسيب الصغيرة.,المزودين للكمبيوترات الصغيرة.,الموردين للكمبيوترات الصغيرة.,الموردين بتاعين المايكروكمبيوترات.,المجهزين مال الكومبيوترات الصغيغي.,أجهزة الميكروكومبيوتر .,الموردين من الحواسيب الصغيرة.,موردين للحواسب الصغيرة.,الموردين للمايكروفونات.,الموردين للكمبيوترات الصغيرة .,الموردين للكمبيوترات الصغيره.,مصنعين الكمبيوتر.,الموريدين متاع الميكروكمبيوتر.,ال مكركمبترس.
15553,كمان. باي لوقتها.,باى لحد وقتها.,إلى المرة القادمة.,مع- السلامة لوقت تاني.,سلام لغاية بعدين.,لذلك الوقت مع السلامة.,في امان الله.,كمان. بخاطرك.,السلامة لعند هضكي الوقت.,لحد مانتقابل تاني.,كمان. باي هلأ.,اشوفك على خير.,السلامة حتى لمن بعد.,السلامة لين بعدين.,باي لوقتها.,السلامة لغاية الوقت داك.,بيباي حتى هذاك الوقت.,اللقاء فيما بعد .,حتى ذيك الحين.,أنا. إلى اللقاء.,السلامة الى ذاك الوقت.,مع السلامة لوقتها .,معسلامه لوقتها.,شاء الله المرة الجاية.,اني. بسلامه توا.,حتى لل مرة اجيا.
15564,إذا سمحت.,لو سمحت.,بينواغ، من فضلك.,لو سمحت.,بحمام، لوسمحت.,حمام، رجاء.,وحمام، رجاءا.,مغطس، إزا بتريد.,حمام، لو سمحت.,لو سمحت.,حمام، لو سمحت.,حمام، لو سمحت.,مع حمام، عافاك.,لو سمحت.,حمام، لو سمحت.,حمام، من فضلك.,حمام، رجاءا.,من فضلك .,حمام، من فضلك.,مع الحمام، عافاك.,حمام، لو سمحت.,لو سمحت .,حمام، لو سمحت.,و بانو.,لو سمحت.,ودوش، عيشك.
15566,عالدرج.,على السلم.,فالدروج.,عن الدرجات.,على السلم.,على الدرج.,من الدرج.,عالدرج.,من الدروج.,ع السلالم.,من عالدرج.,على الدرج.,فالدروج.,على الدرج.,عن الدرج.,على السلالم.,على الدرج.,درجات السلم .,على السلالم.,من الدروج.,من الدرج.,على الدرج.,بالدرج.,من الدروج.,في الدروج.,في الدروج.
15575,كريم بتنصح؟,اللى ترشحه؟,اللي تنصحني بيه؟,بتنصحني فيها؟,كريم ايه؟,كريم تنصح؟,موطة تطلب؟,بوظة بتنصحني؟,تنصح بيه؟,كريم إيه؟,بوظة بتنصح؟,ايسكريم تقترح؟,كريم كتوصي؟,تنصحني فيه؟,بوظة بتنصح؟,انت بتزكي؟,موطا تنصح؟,الذي تزكيه ؟,توصي عليه؟,تنصحني بيه؟,تنصح به؟,بتنصح فيها؟,كريم تقترح؟,تنصحني بيها؟,تنصحني بيه؟,إلي تنصحني بيه؟
15577,طالع حلو عليك.,شكله حلو عليك.,خرج عليك.,شكله حلو عليك.,ده ماشي عليك.,حلو عليك.,طالع حلو عليك.,اللون لابئلك.,باين حلو عليك.,حلو عليك.,طالع حلو عليك.,شكلها حلو عليك.,جا مزيان عليك.,بأين حلو عليك.,اللون لابق عليك.,شكله سمح عليك.,يبين مليح عليك.,اللون جميلاً عليك .,يبين حلو عليك.,اللون كايناسبك.,طالع جميل عليك.,طالع حلو عليك .,طلع حالي عليك.,خرج معاك.,يطلع حلو عليك.,كولر اطلع عليك.
15598,اللغات الأجنبية؟,اللغات الاجنبية؟,باللغة الأجنبية؟,اللغات الأجنبية؟,اللغات الاجنبية؟,اللغات الأجنبية؟,اللغات الاجنبية؟,اللغات الأجنبية؟,بلغات اجنبية؟,اللغات الأجنبية؟,اللغات الأجنبية؟,اللغات الاجنبية؟,اللغة الأجنبية؟,اللغات الأجنبية؟,اللغات الأجنبية؟,اللغة الأجنبية؟,باللغه الاجنبي؟,الأجنبية ؟,اللغة الأجنبية؟,اللغة الأجنبية؟,اللغات الأجنبية؟,اللغة الاجنبية؟,اللغه الاجنبية؟,الكتب الاجانب؟,اللغات الاجنبيه؟,الغات الأجنبية؟
15604,وسبرايت.,وسبرايت.,واحد سبرايت.,وسبرايت.,وسبرايت.,وسبرايت.,وسبرايت .,ووحدة سبرايت.,و سبرايت.,و سبرايت.,وسبرايت.,وسبرايت.,و سبريت.,وسبرأيت.,و سبرايت.,و اسبرايت.,وسبرايت.,سبرايت .,و سبرايت.,واحد سبرايت.,و سبرايت.,سبرايت .,و سبرايت.,و سبريت.,و سبرايت.,امتع سبرت.
15607,كم سيجارة.,سجاير.,سجائر.,كم سيجارة.,شوية سجاير.,جكاير.,جكاير.,سجاير.,شوية دخان.,سجاير.,شوية سجاير.,زقاير.,ديال السجائر.,زقأير.,كم سيجارة.,بعض السجائر.,شويه جكاير.,سجائر .,بعض السجاير.,شي سجائر.,بعض السجائر.,سيجارة .,شويه شقاره.,دخان.,شوية دخان.,اشوية سواجر.
15610,هيك كل شي خالص تقريباً.,أظن دة كدة كل حاجة.,حسنا، نظن بلي هاذا ماكان.,طيب، أنا بتوقع هاد كل شي.,طيب، أعتقد ده كل حاجة خلاص.,آسف. اوكيه. اعتقد هذا كولشي.,زين، اعتقد هذا كلشي.,يعتئد إنو هيك كل شي.,باهي، انضني هضا هو كل شي.,أعتقد ده كدة كل حاجة.,بظن إنه هيك خالصين تقريباً.,شكله خلاص هذي كل شي.,صافي، كنظن هادا كولشي.,اظن دا كل شيء.,طيب، بتوقع هدا كل اشي.,طيب، أظن داك ي كل شي.,ماشي، اتوقع هذا كلشي.,أخمن في كيفية العناية بكل شيء .,انزين، أعتقد هذا كل شيء.,آسف. إيوا، كنضن هاد كل شي.,طيب، اظن هذا كل شيء.,اتوقع انو هاد كل شي .,طيب، اتوقع هذاك كل شي.,ايه، ضاهرلي هذا كل شيء.,اظني هدا هو كل شي.,حسب رايي إنو هذا كل شي.
15652,لفلوريدا من سنتين. وأنت؟ عم تسافر لحالك؟,لفلوريدا من سنتين. إنت أخبارك إيه؟ بتسافر بنفسك؟,عامين. و أنت؟ راك مسافر وحدك؟,سنتين. شو بالنسبة إلك. إنت بتسافر لحالك؟,لفلوريدا من سنتين. وإنت أخبارك أيه؟ إنت مسافر لوحدك؟,لفلوريدا قبل سنتين. وانته؟ تسافر وحدك؟,لفلوريدا قبل سنتين. شنو عنك؟ تسافر وحدك؟,عفلوريدا من سنتين. وإنت؟ مسافر لوحدك؟,لفلوريدا قبل سنتين. و أنت؟ أنت مسافر بروحك؟,فلوريدا من سنتين. وإنت؟ إنت مسافر لوحدك؟,على فلوريدا من سنتين. وأنت؟ مسافر لحالك؟,انتقلوا فلوريدا قبل سنتين. وانت؟ مسافر بروحك؟,فلوريدا قبل عامين. وشنو بالنسبة ليك؟ واش كتسافر بوحدك؟,نقلو لفلوريدا قبل سنتين. ونت؟ حتسافر بنفسك؟,على فلوريدا قبل سنتين. وانت؟ مسافر لحالك؟,قبل سنتين. كيف عنك انت؟ هل بتسافر براك؟,قبل سنتين. ماذا عنك انت؟ هل عتسافر بنفسك؟,منذ عامين . ماذا عنك ؟ هل تسافر بمفردك ؟,لفلوريدا قبل سنتين. وانت؟ مسافر وحدك؟,هادي عامين. وانتا؟ واش كتسافر بوحدك؟,لفلوريدا قبل سنتين. ماذا عنك؟ تسافر لحالك؟,فلوريدا من سنتين . و انت؟ بتسافر لحالك؟,لفلوريدا قبل سنتين. وانت كيف؟ عتسافر لوحدك؟,عنده عامين. و انت؟ مسافر وحدك؟,فلوريدا من عامين. و انت؟ مسافر بروحك؟,أعمين ال تلي. و إنت؟ إتسافر وحدك؟
15664,مرضان.,عيان.,مريض.,مريض.,عيان.,مريض.,مريض.,مريض.,مريض.,تعبان.,مريض.,مريض.,مريض.,مريض.,عيان.,عيان.,مريض.,مريض .,مريض.,مريض.,مريض.,مريض .,تاعب.,مريض.,مريض.,امريض.
15666,من السخونة.,بسبب الحمى.,مهلوك بالحمى.,التعب عشان الحرارة.,عيان بالحمى.,من الصخونة.,من الصخونة.,بسبب الحرارة العالية.,من الحرارة.,بسبب السخونة.,كتير من الحرارة.,تعبان بسبب السخونة.,بزاف بسباب السخانة.,مرة بسبب السخونة.,عيان من السخونة.,نتيجة الحمى.,بسبب الحمي.,بسبب الحمى .,بسبة الحمى.,حالتو بالسخانة.,بسبب الحرارة.,الحرارة .,من الحمى.,وفاته السخانة.,من الحراره.,تعيب برشة مسخنة.
15673,إذا سمحت.,لو سمحت.,من فضلك.,لو سمحت.,لو سمحت.,الحجم، رجاءً.,الحجم، رجاءا.,إزا بتريد.,من فضلك.,لو سمحت.,لو سمحت.,لو سمحت.,القياس، عافاك.,لو سمحت.,لو سمحت.,من فضلك.,الحجم، رجاءا.,فضلك .,لو سمحت.,القياس، عافاك.,لو سمحت.,لو سمحت .,لو سمحت.,هذا، يعيشك.,لو ممكن.,هذا، عيشك.
15674,لفنانين وباحثين مميزين بهاليوم.,والعلماء فى اليوم دة.,الجامعيين المميزين بهاذ المناسبة.,والعلماء المميزين بهاد اليوم.,المميزين في اليوم ده.,والعلماء المتميزين بهيج يوم.,والعلماء المتميزين في هذا اليوم.,الثئافي للفنانين والعلماء المتميزين.,والعلماء المميزين في اليوم هضا.,ثقافية في اليوم ده.,الثقافي للفنانين والعلماء المتميزين.,شرف ثقافية في هاليوم.,والعلماء المتميزين فهاد النهار.,من الثناء من المجتمع.,العلما المميزين في هدا اليوم.,مميزين في اليوم داك.,والعلماء المتميزين بهذا اليوم.,المتميزين في هذا اليوم .,والعلماء المتميزين في هذا اليوم.,والباحثين المتميزين فهاد النهار.,وعلماء مميزين في هذا اليوم.,والعلماء المميزين بهاليوم .,المميزين في هذا اليوم.,و الجامعيين المميزين بهذه المناسبة.,المميزين في اليوم هدا.,خاص بالفنانين معينن باحثين .
15676,ياباني.,يابانى.,ياباني.,ياباني.,ياباني.,ياباني.,ياباني.,ياباني.,ياباني.,ياباني.,ياباني.,ياباني.,يابانى.,ياباني.,ياباني.,ستة ألف ين لليلة.,ياباني.,ياباني .,ياباني.,ياباني.,ياباني.,ياباني .,ياباني.,ياباني.,ياباني.,ياباني.
15692,كتير غالي.,غالى جدا.,غالي.,كتير غالي.,غالي جداً.,مكولش غالي.,كلش غالي.,غالي.,غالي بكل.,غالي أوي.,غالي.,واجد غالي.,غالي بزاف.,غالي.,كتير غالي.,غالي شديد.,كلش غالي.,جداً .,غال واجد.,غالي بزاف.,غالي جدا.,غالي .,قوي غالي.,برشا.,غالي هلبه.,غالية برشة.
15699,بروح ع كيوتو-إيكي.,اللى بيروح لكيوتو-إيكى.,الحافلة لطوكيو.,بروح على كيوتو-إكي.,كيتو - إيكي.,الي يروح لكيوتو-اكي.,الي يروح لكيوتو-ايكي.,رايح عكيوتو إكي.,الي ماشي لكيوتو-اكي.,اللي رايح كيوتو-إكي.,بروح على كيوتو-إيكي.,يروح كيوتو-ايكي.,اللي كيدي لكيوتو-إكي.,يودي لكيوتو أيكي.,بروح على كيوتو_اكي.,البمشي لي كيوتوايكي.,اللي يغوح لكوتو-ايكي.,إلى محطة كيوتو .,تذهب إلى كيوتو-إكي.,اللي غادي لكيوطو-إكي.,يروح الى كيوتو-ايكي.,بيروح على كيوتو-ايكي .,بيسير ل كيوتو-ايكي.,لكيوتو إيكي.,ماشي لي كيوتو-ايكي.,تمشي ال كيوتواكي.
15710,للأعضاء بس؟,للأعضاء بس؟,للأعضاء؟,بس للأعضاء؟,للأعضاء بس؟,للأعضاء فقط؟,للاعضاء بس؟,بس للأعضا؟,للاعضاء بس؟,للأعضاء بس؟,بس للأعضاء؟,الاعضاء بس؟,للاعصاء فقط؟,للأعضاء؟,بس للأعضاء؟,للأعضاء فقط؟,للاعضاء بس؟,فقط ؟,للأعضاء بس؟,على الأعضاء؟,للاعضاء فقط؟,بس للاعضاء؟,للاعضاء بس؟,للمشاركين؟,بالاشتراك بس؟,أعضاء كهو؟
15735,آلاف ين بالليلة.,ين فى الليلة.,آلاف ين لليلة.,الآف ين بالليلة.,ين في الليلة.,آلاف ين بالليلة.,الاف ين لليلة.,آلاف ين بالليلة.,الاف ين لليله.,ين في اللية.,آلاف ين بالليلة.,ين في الليلة.,آلاف ين لليلة.,ين لليلة الوحدة.,ين في الليلة.,ألف ين لليلة.,الاف ين باليلي.,ين في الليلة .,آلاف ين لليلة.,آلاف ين للليلة.,الاف ين لليلة.,ين بالليلة .,الف ين بالليله.,الاف يان لليلة.,ين في الليله.,و إتلثن ين اليلة.
15763,هاد عالطيارة؟,على متن الطيارة؟,داخل الجهاز؟,جوا الطيارة؟,معايا على الطيارة؟,ويايه بالطياره؟,هاي للطيارة؟,هيدا عالطيارة؟,على الطيارة؟,الطيارة بده؟,معي عالطيارة؟,معاي على الطيارة؟,هادا فالطيارة؟,في جوا الطيارة؟,على الطيارة؟,في ركوب الطيارة؟,معاي بداخل الطياغه؟,على متن الطائرة ؟,على متن الطائرة؟,هاد الشي فالطيارة؟,على متن الطائرة؟,على الطيارة؟,لفوق الطايره؟,في الطيارة؟,معاي للطيارة؟,معايا على طيارة؟
15775,الشغل رح يطالع كلفتو.,الشغل دايما بيدفع بطريقته الخاصة.,اذا القضية مربحة في النهاية.,الشغل راح يدفع دايماً بطريقتة الخاصة.,الشغل هيدفع اصلاً بطريقته الخاصة.,العمل راح يدفع بطريقته الخاصة.,راح يندفع بطريقته الخاصة.,الشغل رح يعطي مردود لحالو.,الشغل عمره حيدفع طريقه الخاص.,كان الشغل هايغطي مصاريفه.,الشغل رح يجيب همه.,اذا الشغل بيمشي بروحه.,واش القضية مربحة فالأخير.,راس المال ولا لا.,رح يدفع على طريقتو الخاصة.,العمل أبدا ح يدفع بطريقته.,الشغل غاح يدفع طريقتو.,ما كان المشروع سيحقق ربحاً .,كان العمل سوف يدفع بطريقته الخاصة.,هاد العمل غادي يولي مربح.,العمل التجاري بيدفع لطريقه الخاص.,العمل رح يدفع بطريقته .,اذا البزنس بيدفع بطريقته.,كان الخدمة باش توفا بالربح.,اذا الخدمه حتخلص حقها.,أفار بش إيسلك روحوا.
15784,لفاحة معو؟,تليق مع دة؟,شال مع هاذا؟,يمشي مع هاد؟,علشان يمشي على ده؟,ويه هذا؟,يمعد ويه ذاك؟,بيلبأ مع هيدا؟,يمشي مع هضا؟,يليق مع ده؟,بتروح مع هاد؟,شال معاه؟,كيمشي معا هادا؟,تمشي معاها؟,يزبط مع هدا؟,يمشي مع داك؟,وشاح مع هذاك؟,يتناسب مع هذا ؟,للذهاب مع ذلك؟,باش يتماشى مع هادا؟,يتناسب معه ذاك؟,بيزبط مع هاي؟,تناسب هذا؟,مع هذا؟,تمشي معاها؟,تطلع عليه؟
15788,إذا سمحت.,لو سمحت.,من فضلك.,لو سمحت.,لو سمحت.,الباتري، رجاءً.,الباتري، رجاءا.,إزا بتريد.,لو سمحت.,لو سمحت.,البطارية، رجاءً.,لو سمحت.,الباطري، عافاك.,لو سمحت.,لو سمحت.,من فضلك.,الباتري، رجاءا.,من فضلك .,لو سمحت.,البطارية، عافاك.,لو سمحت.,لو سمحت .,لو سمحت.,الباتري، يعيشك.,لو سمحت.,بطرية، عيشك.
15791,جاهز أطلب.,إنى أطلب.,ندير نطلبية.,عشان أطلب.,مستعد اطلب.,مستعد اطلب.,جاهر للطلب.,جاهز تإطلب.,عشان نطلب.,جاهز أطلب.,جاهز لأطلب.,حق اطلب.,ندير طلب.,جاهز اطلب.,جاهز أطلب.,جاهز للطلب.,انو اطلب.,للطلب .,جاهز لطلب.,مستعد للطلب.,جاهز للطلب.,اطلب .,جاهز للطلب.,باش ناخذ.,باش نطلب.,بش نطلب.
15798,جلدك ناعم وأملس.,جلدك بإحساس نعومة وليونة.,بشرتك ناعمة و ملساء.,ملمس بشرتك ناعم وملس.,تحس انها ناعمة وملساء.,تخلي بشرتك ناعمة وسلسة.,جلدك يحس بنعومة.,الحمام بتنعم البشرة.,ملمسها ناعم و سلس.,بشرتك طرية وناعمة.,بشرتك رقيقة وناعمة.,بتخلي بشرتك ناعمة.,بشرتك ناعمة وسلسة.,بشرتك تحس بالنعومة.,يصير ناعم و سلس.,تحس ناعمة و ملساء.,بشرتك نيعمي وطريي.,بشرتك ناعماً وأملس .,بشرتك ناعمة وسلسة.,البشرة ديالك ناعمة ورطبة.,بالشعور بالنعومة و السلاسة.,ناعمة و رقيقة .,بشرتك ملمسها ناعم وطاسي.,لحمك حنين و مالس.,بشرتك ناعمه و رطبه.,رطبة و سلسة. .
15804,الجوية ورقم الطيارة، كمان.,و رقم الرحلة، كمان.,و رقم الرحلة، تاني.,ورقم الرحلة، كمان.,ورقم الرحلة، برضه.,رقم الرحلة، وياها.,ورقم الرحلة، هم.,ورأم الرحلة، كمان.,رقم الرحله، حتى هي.,ورقم الرحلة، برضه.,ورقم الرحلة، كمان.,ورقم الرحلة، بعد.,ورقم الرحلة، حتا.,ورقم الرحلة، كمان.,و رقم الطيارة، كمان.,و رقم الرحلة، برضه.,ورقم الرحله، هم.,ورقم الرحلة أيضاً .,ورقم الرحلة، أيضا.,ورقم الرحلة، حتى هو.,و رقم الرحلة، أيضا.,رقم الرحلة، كمان .,ورقم الرحله، والكل.,و نومرو الرحلة، زادة.,حتى رقم الرحلة.,و نومرو الرحلة، زادة.
15814,والأحد أبشع يوم.,هو أسوأ يوم.,الاحد هو أسوأ يوم.,والأحد اسوأ يوم.,ده أسوء يوم.,هو اسوء يوم.,والاحد أسوء يوم.,والأحد هوي أبشع يوم.,الاحد هو اسوء يوم.,والحد أسوأ يوم.,هوة أسوأ يوم.,الأحد أتعس يوم.,والأحد هو أسوأ نهار.,والأحد أسوأ يوم.,الأحد هو أسوأ يوم.,و الأحد اكعب يوم.,هو اسؤ يوم.,والأحد هو أسوء الأيام .,هو أسوأ يوم.,والأحد أسوأ يوم.,الاحد أسوأ يوم.,الاحد اسوأ يوم .,والاحد اخس يوم.,نهار الاحد اخيب نهار.,الأحد أبيخ يوم.,لحد هو أخيب نهار.
15896,تخلص من النفايات.,تخلص من النفايات.,في معالجة النفايات.,بالخلاص من الزبالة.,التخلص من النفايات.,التخلص من النفايات.,التخلص من النفايات.,تصريف زبالة.,رمي الفضلات.,رمي الزبالة.,صرف صحي.,التخلص من الزبالة.,معالجة الأزبال.,تتخلص من النفأيات.,التخلص من الزبالة.,عدم تصرف.,الاشياء ذات الاستخدام الويحد.,تخلص من الفضلات .,التخلص من النفايات.,ديال جمع الأزبال.,تصريف نفايات.,من النفايات .,التخلص من القمامه.,رسكلت الزبلة.,يتخلصو من الكناسه.,تتخلص مل بوبال.
15897,بوضع خمس اماكن.,فى وضع خمس أماكن.,وضع خمسة أماكن.,بوضع خمس أماكن.,في وضع خمس اماكن.,بوضع خمس اماكن.,بخمس اماكن.,بخمس مطارح.,وضع بخمس اماكن.,بس لوضع خمس اماكن.,لوضع خمس أماكن.,وضع خمسة اماكن.,وضع ديال خمس أماكن.,في وضع خمس اماكن.,بوضعية خمس اماكن.,وضع خمسة أماكن.,بوضع خمس اماكن.,أماكن مرصعة .,وضع خمسة اماكن.,ديال خمسة بلايص.,وضع خمس أماكن.,لوضع خمس اماكن .,لوضع بخمس مجالس.,متاع خمسة بلايص.,بوضع خمس مكانات.,وضع متاع خمسة بلايص.
15899,دخل مزدوج.,دخل مزدوج.,زوج مداخيل.,أكتر من دخل.,مصدرين للدخل.,دخل متعدد.,اكثر من مدخل.,عندون مدخولين.,دخل ثنائي.,مصدرين للدخل.,دخل مزدوج.,مصدر دخل مزدوج.,عندها دخل مزدوج.,عندها دخل ثنائي.,دخل مزدوج.,دخول مزدوجة.,عندم دخلين.,مصدرين للدخل .,دخل عالي.,دخل مزدوج.,عندهم دخل مزدوج.,دخل مزدوج .,معاهم معاشين.,زوز مداخيل.,عندهم دخلين.,زوز شهاري.
15902,"والجرس"". متأكد بدك تبدلها؟",أكيد إنت عاوز تبدلها؟,راك متأكد بلي حبيت تبدلو؟,متأكد إنه بدك تبدلها؟,"والجرس"". أكيد ناوي تبدله؟","""القمر والجرس"". متأكد تريد تبدلها؟",. اكيد تريد تبدلها؟,أكيد إنو بدك تبدلها؟,"والجرس"". متأكد تبي تبدلها؟",إنت متأكد إنك عايز تبدلها؟,"والجرس"". متأكد بدك تبدلها؟",متأكد انك تبغي تبدلها؟,متأكد بلي باغي تبادلها؟,"والجرس"". اكيد تبا تبدلها؟","الجرس"". متأكد بدك تبدلها؟","الجرس"" . اكيد داير تبادلا؟","والجغس"". متاكد تغيد تبدلا؟",. هل تريد أن تغيرها أكيد ؟,متأكد من أنك تبغا تبادلها؟,واش متأكد باغي تبدلها؟,"ذا بل"". اكيد تبغى تبدله؟","الجرس "" متأكد انو بدك تبدلها؟","والجرس"". اكيد تشتي تبدلهن؟","والجرس"". ثابت تحب تبدلهم؟","و الجرس"". متأكد انك تبي تبدلها؟","الناقوز"". مثبت تحب تبدل بها؟"
15911,يوصلوا لهون حوالي الساعة سبعة المسا.,هيوصلوا هنا حوالى الساعة سبعة بالليل.,يوصلو حوالي السبعة تع العشية.,يوصلوا هون حوالي الساعة سبعة المسا.,هيوصلو حوالي الساعة سبعة بليل.,راح يوصلون حوالي بالسبعة مساءً.,راح يوصلون هنا بحدود السبعة بالليل.,لهون صوب الساعة سبعة من عشية.,حيوصلن هنا مع السبعه في الليل.,هايوصلوا هنا على الساعة سبعة بليل.,يصلوا لهون عالسبعة المسا تقريباً.,بيوصلون هني على الساعة سبع المسا.,وغادي يوصلو لهنا فالساعة السابعة مساء.,حيوصلو هنا على سبعة المساء.,يوصلو هون بحدود الساعة سبعة المسا.,ح يوصلوا حوالي سبعة في المساء.,غاح يصلون هوني حوالي السبعه المسا.,سيصلان هنا حوالي السابعة مساءً .,هنا فى حوالى الساعة السابعة مساء.,يوصلو هنا مع ديك السبعة دلعشية.,هنا حوالي الساعة سبعة المساء.,يوصلو هون تقريبا على السبعة مسا .,عيوصلو هانا حوالي سبع الليل.,يشوفوني. يوصلوا من توة للسبعة.,يزوروني. حيوصلو هنايا الساعه سبعه العشيه.,يصلوا هوني مع سبعة متع لعشية.
15942,دارج هالسنة.,السنة دى.,هاذ العام.,هاي السنة.,السنة دي.,هاي السنة.,هاي السنة.,كتير هالسنة.,السنة هضي.,السنة دى.,دارج هالسنة.,منتشر هالسنة.,كبيرة هاد العام.,دي السنة.,هاي السنة.,السنة دي.,كلش هالسني.,هذا العام .,اشتهر هالسنة.,هاد العام.,هذي السنة.,السنة .,هذه السنه.,بارشا السنة.,موضه السني.,لعام هذا.
15950,مخطط تجي؟,تيجى إمتى؟,تخمم باش تجي؟,مخطط عشان تيجي؟,تيجي إمتى؟,مخطط تحي؟,مخطط تجي؟,مفكر تجي؟,ناوي تجي؟,تيجى إمتى؟,عم تفكر تجي؟,مخطط انك تجي؟,كتخططو تجيو؟,ناوي تجي؟,مخطط تيجي؟,مخطط تجي؟,مخطط تجي؟,تخطط للمجيء ؟,تخططون اتييون؟,مخططين اتجيو؟,ناوي تجي؟,متى مخطط تيجي؟,مخطط تجي؟,وقتاش جاي؟,تفكر تجي؟,تبرمج بش تجي؟
15967,إذا سمحت.,لو سمحت.,من فضلك.,لو سمحت.,لو سمحت.,معقدين، رجاءً.,مقعدين، رجاءا.,إزا بتريد.,مقعدين، لوسمحت.,لو سمحت.,لو سمحت.,لو سمحت.,مقاعد، عافاك.,لو سمحت.,لو سمحت.,من فضلك.,مقعدين، رجاءا.,من فضلك .,من فضلك.,بلايص، عافاك.,لو سمحت.,لو سمحت .,لو سمحت.,بلايص، يعيشك.,من فضلك.,بلايص، يعيشك.
15989,السوق؟,السوق؟,راه السوق؟,الدكانة؟,السوق؟,الأسواق؟,السوك؟,السوء؟,السوق؟,السوق؟,السوق؟,المحل؟,هو السوق؟,السوق؟,الدكان؟,السوق؟,السوق؟,السوق ؟,السوق؟,السوق؟,السوق؟,السوق؟,هو السوق؟,السوق؟,السوق؟,سوق؟
16007,السباق الجديدة.,بدلة السباق الجديدة بتاعتى.,اللبسة تع السباق ديالي.,بدلتي السباق الجديدة.,السباق الجديدة بتعاتي.,السباق الجديدة مالتي.,بدلة سباقي الجديدة.,السبأ الجديدة.,بدلة السباق الجديدة بتاعي.,السباق الجديد بتاعي.,سترة السباق تبعي.,السباق مالتي الجديدة.,ديال السباق الجديدة.,حقت السباق الجديدة.,بدلة السباق الجديدة.,بدلة السباق حقتي.,بدله السباق مالتي.,الخاصة بي .,بدلة سباق جديدة.,اللبسة الجديدة دالسباق.,السباق الجديدة حقتي.,السباق الجديدة.,بدل السباق الجديده.,نجرب دبش الكورس الجدد.,لبسة السباق الجديده متاعي.,عندي سباق جديد.
16016,بس أكلتوا دونات.,لسة واكلين دوناتس.,غير لي بينيي.,خلصتوا أكل الدونات.,انكم اكلتو دونات بس.,اكلتوا دونط.,اكلتو دوناتس.,بس دوناتس.,دونات يا شباب.,دوناتس يا جماعة.,أكلتوا دوناتس.,توكم كلتوا دونت.,غي الحلاوة.,اكلتو دونات.,أكلتو دونتس.,أنكم اكلتوا دونات.,بس اكلتم دونات.,الكعك المخبوز فقط .,أكلت الدونت بس.,غير السفنج.,توكم ماكلين دونات.,بتوكلو بس دونت .,انكم عادكم اكلتم دوناتس.,كليت كان الكعك.,كليتو دونتس.,كليتو يويو أكهو.
16034,ع إدينبره، إذا سمحت؟,لإيدينبره، لو سمحت؟,لإيدنبره، من فضلك؟,على إيدنبيره، لو سمحت؟,الاولى لإيدنبره، لو سمحت؟,اولى لأيدنبيره، رجاءً؟,الاولى لادنبره، رجاءا؟,الأولى عأيدنبر، إزا بتريد؟,لادنبره، لو سمحت؟,لأدنبره، لو سمحت؟,على إدنبره، لو سمحت؟,لإدنبره، لو سمحت؟,الأولى إلى أدنبرة، عافاك؟,اولى لأيدنبيره، لو سمحت؟,الأولى لايدنبيرة، لو سمحت؟,إلى ادينبيره، من فضلك؟,اولى الى ادنبره، رجاءا؟,"إدنبره , من فضلك ؟",إلى أدنبرة، من فضلك؟,الأولى لإيدنبرة، عافاك؟,الى ادنبره، لو سمحت؟,ل ايدنبيره، لو سمحت؟,ل ايدنبره، لو سمحت؟,الدرجة الأولى، يعيشك؟,لي إدنبره، لو سمحت؟,ال ايدنبره، يعيشك؟
16042,ياهن ناقصين عشرة دولار.,مقصرة فى عشرة دولار.,من المجموع لي رجعتهولي.,إياهم أنقص بعشرة دولار.,انت ادتهوملي مش كفاية.,ناقصة عشرة دولارات.,اقل بعشر دولارات.,ياهون نائصين عشرة دولار.,ليا ناقصات عشرة دولار.,ناقصة عشرة دولار.,اياهن ناقصين عشرة دولار.,اياها قاصرة عشر دولارات.,هي عشرة دولارات قصيرة.,أياها ناقصة عشرة دولار.,ياها ناقصة عشر دولارات.,ليها أقل بعشرة دولارات.,عطيتنيهيه ناقصه عشغ دولارات.,ناقصة عشر دولارات .,هو عشرة دولارات قصيرة.,ليا ناقصة عشرة دولار.,إياها اقل بعشرة دولار.,عشر دولارت بس .,لي عشرة دولار بالضبط.,على لفلوس الي رجعتهملي.,ناقصين عشرة دولار.,عشرة دولارات.
16046,حدا رد. بتشوف إذا لساتو بقيان هون؟,فى رد. ممكن تشوف لو هو لسة قاعد هناك؟,لي رجع. اذا راك عارف بلي حجز هنا؟,في جواب. ممكن تشوفلي إذا هو لسا قاعد هون؟,مكانش فيه رد. ممكن تشولي لو هو لسة موجود هنا؟,جواب. ممكن تشوف اذا بعده باقي هنا؟,تكدر تشوف اذا بعده باقي هنا؟,ما حدا رد. فيك تشفلي إزا بعدو هون؟,رد. ممكن تشوف لو هو مزال قاعد هنا؟,محدش رد. ممكن تشوف إذا كان لسه هنا؟,حدا رد. ممكن اتشوف إذا لساته نازل هنيك؟,ممكن تشوف لي اذا هو للحين موجود هني؟,رد. واش يمكن لك تعرف واش مازال جالس هنا؟,مارد. ممكن تعلمني اذا لسا حيقعد هنا؟,حدا رد. بتقدر تشوفلي ازا لساتو مقيم هون؟,في رد. ممكن تعرف إذا هو لسة قاعد هنا؟,اكو جواب. ممكن تشوفين اذا بعدو مقيم هوني؟,أحد . هل لك أن ترى هل لا يزال يقيم هنا ؟,على التليفون. ابغا اعرف إذا كان لا يزال مقيم هنا؟,ماكايجاوبش. واش يمكن ليك تعرف واش باقي تما؟,يرد. تقدر تكتشف اذا هو ما زال مقيم هنا؟,حدا رد . بتقدر تشوف اذا لساتو هون؟,محد رد. ممكن تبسر اذا عاد هو بيجلس هانا؟,اما حد ما جاوب. تعرفشي هبطشي الهوني؟,ما حد رد. تقدر تشوفه كانا مازال قاعد هنايا؟,أما مفماش جواب. تشوفلي كان مازال هوني؟
16061,واحد حديث.,واحد عصرى.,واحد حديث.,واحد حديث.,واحد مودرن.,واحد حديث.,الحديث.,واحد معاصر.,وحدة عصرية.,حاجة مودرن.,واحد حديث.,واحد جديد.,وحدة جديدة.,شيء جديد.,واحد مودرن.,واحد حديث.,ويحد متطور.,حديثة .,وحدة جديدة.,واحد عصري.,شيء حديث.,حديث .,واحده حديثه.,وحدة جديدة.,واحد موديرن.,واحد مودارن.
16070,بشركة نشر.,شركة نشر.,دار نشر.,بشركة نشر.,شركة نشر.,شركة نشر.,نشر .,بشركة نشر.,لشركة نشر.,شركة نشر.,بشركة نشر.,شركة نشر.,فشركة نشر.,شركة نشر.,بشركة نشر.,لشركة نشر.,بشركه نشر.,نشر .,شركة نشر.,فمؤسسة النشر.,لشركة نشر.,نشر .,لشركه نشر.,دار طباعة.,شركة نشر.,متع إشهار.
16073,إذا سمحت؟,تملا دة؟,لي هاذا؟,تعبيلي هاد؟,تملى ده؟,بليه زحمة؟,تملي هذا؟,بتعبي هيدا؟,تعبي هضا؟,تملا ده؟,لو سمحت؟,لو سمحت؟,تعمر هادا؟,البيانات دي؟,تعبيلي هدا؟,تملأ دا؟,تملي هذا؟,وتملأ هذه ؟,ملء هذا؟,تعمر هادشي؟,لو سمحت؟,تعبي هاي؟,تعبي هذا؟,عمر هذا؟,تعبي هدا؟,هذي يعيشك؟
16080,شارع هاد؟,شارع إيه؟,هاذ الطريق؟,هاد الشارع؟,ايه ده؟,شارع هذا؟,شارع هذا؟,أي شارع؟,شارع هضا؟,شارع ايه؟,شارع هاد؟,شارع هذي؟,شارع هادا؟,الشارع دا؟,أي شارع؟,شارع دا؟,شارع هذا؟,الشارع ؟,هالشارع؟,هاد الزنقة؟,شارع هذا؟,هاد الشارع؟,شارع هذا؟,النهج هذا؟,الشارع هدا؟,طريق هذا؟
16082,هالطرد؟,الرزمة دى؟,هاذ الحزمة؟,هاي المجموعة؟,الطرد ده؟,هاي الرزمة؟,هاي المجموعة؟,تزين هالعلبة؟,الطرد هضا؟,الطرد ده؟,هاد الطرد؟,توزن هالطرد؟,هذه الحزمة؟,الحزمة دي؟,هدا الطرد؟,الحزمة دي؟,هذي الحزمه؟,هذا الطرد ؟,هذه الحزمة؟,هاد الباكية؟,هذا الطرد؟,هاي الزمة؟,هذا الطرد؟,الباكو هذا؟,الصندوق هدا؟,لباكو هذا؟
16089,هاد بالإنكليزي؟,فى الإنجليزى؟,هاذا بالانجليزية؟,هاد بالإنجليزي؟,د ه بالانجيليزي؟,هذا بالأنكليزي؟,ذاك بالانكليزي؟,هيدا بالإنكليزي؟,لهضا بالانجليزي؟,ايه بالانجليزى؟,بتسميه بالانجليزي؟,هذي بالانجليزي؟,باللغة الإنجليزية؟,داك بالإنجليزي؟,لهدا بالانجليزي؟,داك بالانجليزي؟,هذاك بالانكليزي؟,بالإنجليزية ؟,باللغة الإنجليزية؟,الشي بالإنجليزية؟,هذا بالانجليزي؟,هاد بالانجليزي؟,هذا بالانجليزي؟,هذا بالانقلاي؟,هدا بالانجليزي؟,بل أنغلاي؟
16091,بعدين بتلاقيه عالطرف اليمين.,كدة هتلاقيه على الجنب اليمين.,تصيبو على اليمين.,راح تلاقيه على جهة اليمين.,ده، هتلاقيه على يمينك.,تلكاه على جهة اليمين.,تلكاه على الجانب الايمن.,بتلائي عاليمين.,تلقاه على الجهة اليمين.,هتلاقيه على الجنب اليمين.,ورح تلاقيه عالطرف اليمين.,عقب بتشوفه على يمينك.,في الجهة ديال ليمين.,وحتلاقيه على اليمين.,بتلاقيه على اليمين.,ح تلقاه على الجانب اليمين.,غاح تشوفو على يمينك.,وستجدها على الجانب الأيمن .,ستجده على الجانب اليمين.,غادي تلقاه على اليمين.,بتلقاه على الجهة اليمين.,على الجهة اليمين .,بتلاقيه على جهه اليمين.,تو تلقاه على ليمين.,بعدين حتلقاه علي يمينك.,توا تلقاه على يمينك.
16098,ع هاد.,على دة.,على هاذا.,اأمن هاد.,على ده.,أأمن هذا.,على هذا.,أمن عهيدا.,نأمن هضا.,على ده.,على هاد.,أأمن هذي.,من هادا.,على دا.,من هدا.,أأكد دا.,تامين لهذا.,هذا .,من هذا.,هاد الشي.,أأمن هذا.,هاد .,ااكد هذا.,نسوقر هذا.,نأمن هدا.,في هذا.
16106,الاستقبال. فيني ساعدك؟,الاستقبال. أقدر أساعدك؟,بواش نقدر نخدمك؟,الإستقبال. بقدر أساعدك؟,الاستقبال. اقدر أساعدك؟,الاستقبال. شلون اساعدك؟,الاسقبال. ممكن اساعدك؟,الإستئبال. كيف بساعدك؟,الاستقبال. كيف نقدر نساعدك؟,الإستقبال. ممكن اساعدك؟,الاستقبال. فيني ساعدك؟,الاستقبال. شلون اقدر اساعدك؟,الاستقبال. ممكن نساعدك؟,كيف اقدر اساعدك؟,الاستقبال. بقدر أساعدك؟,الاستقبال. ممكن اساعدك؟,. ممكن اساعدك؟,هل لي أن أساعدك ؟,الاستقبال. اقدر أساعدك؟,باش نقدر نساعدك؟,الاستقبال. اقدر اساعدك؟,الاستقبال، بقدر اساعدك؟,الاستقبال. ممكن اساعدك؟,شنوة انجم نعملك؟,كيف نقدر نساعدك؟,الإستقبال. نجم نعاونك؟
16127,سمحت دخول.,فضلك ادخل.,ادخل امالا.,سمحت إدخل.,سمحت أدخل.,ادخل رجاءً.,رجاءا ادخل.,إزا بتريد.,خش جوا.,لو سمحت.,رجاءً فوت.,حياك.,عافك دخل.,سمحت ادخل.,سمحت أدخل.,فضلك خش.,رجاءا اصعد.,بالدخول .,يرجى الدخول.,عافاك ادخل.,سمحت اركب.,سمحت تفضل.,سمحت ادخل.,ادخل مالا.,فضلك خش.,حطوا الداخل.
16130,التنين للجمعة، قبل ما أروح عالشغل.,من الاتنين للجمعة، قبل ما أروح الشغل.,من الاثنين إلى الجمعة، قبل الذهاب إلى العمل.,الإثنين للجمعة، قبا ما أروح على الشغل.,من الاتنين للجمعة، قبل ماروح الشغل.,الأثنين للجمعة، قبل لا اروح للشغل.,الاثنين للجمعة، قبل لا اروح للشغل.,من التنين للجمعة، أبل ما روح عالشغل.,من الاثنين للجمعة، قبل ما نعدي للشغل.,من الاتنين للجمعة، قبل ماروح الشغل.,التنين للجمعة، قبل ما روح عالشغل.,الأثنين لي الأربعاء، قبل ما اروح الشغل.,الاثنين إلى الجمعة، قبل مانمشي للخدمة.,الاثنين للجمعة، قبل ما اروح الشغل.,للجمعة، قبل ما أروح على الشغل.,من الاتنين للجمعة، قبل أمشي الشغل.,الاثنين للجمعه، قبل ان اغوح للشغل.,"الاثنين حتى الجمعة , قبل الذهاب للعمل .",الاثنين إلى الجمعة، قبل أن أروح للعمل.,إلى الجمعة، قبل ما نمشي الخدمة.,الى الجمعة، قبل ما اذهب الى العمل.,من الاثنين للجمعه، قبل ما اروح للشغل .,الاثنين للجمعه، قبل ما اسير العمل.,لكل، من الاثنين للجمعة، قبل ما نمشي نخدم.,الاتنين للجمعه، قبل ما نمشي للخدمه.,مل ثنين ل جمعة، قبل مانمشي نخدم.
16140,مشكلة.,مشكلة.,مشكل.,في مشكلة.,مشكلة.,مشكلة.,مشكلة.,مشكلة.,مشكلة.,مشكلة.,مشكلة.,مشكلة.,حتى مشكل.,مشاكل.,مشكلة.,مشكلة.,مشكله.,مشاكل .,مشكلة.,حتى مشكل.,فيه مشكلة.,مشكلة .,مشكله.,حتى مشكل.,مشكله.,مشكل.
16141,تنين تسعة واحد تمانة.,اتنين تسعة واحد تمانية.,وستون ثمانية عشر.,تنين تسعة واحد تمنية.,اتنين تسعة واحد تمانية.,اثنين تسعة واحد ثمانية.,اثنين تسعة واحد ثمانية.,ستة تنان تسعة واحد تمانة.,اثنين تسعة واحد ثمانية.,اتنين تسعة واحد تمانية.,اتنين تسعة واحد تمانة.,اثنين تسعة واحد ثمانية.,جوج تسعة واحد ثمانية.,ستة تسعة واحد تمانية.,ستة تنين تسعة واحد تمنية.,اتنين تسعة واحد تمنية.,اثنين تسعه ويحد ثميني.,ستة اثنان تسعة واحد ثمانية .,تسعة تسعة واحد ثمانية.,جوج تسعود واحد تمنية.,اثنين تسعة واحد ثمانية.,اثنين تسعة واحد ثمنية .,سته اثنين تسعه واحد ثمانيه.,تسعة و ستين ثمنطاش.,اتنين تسعة واحد تمانية.,ثنين تسعة واحد ثمانية.
16158,من الساعة سبعة.,من سبعة.,من الساعة السابعة.,من الساعة سبعة.,من الساعة سبعة.,من السبعة.,من السبعة.,من الساعة سبعة.,من السبعه.,خدمتك من سبعة.,من السبعة.,من السبع.,من السبعة.,من الساعة سبعة.,من الساعة سبعة.,من سبعة.,نخدمك من السبعه.,بداية من السابعة .,من سبع.,ابتداءا من السبعة.,من سبعة.,من السبعة .,من الساعة سبع.,من السبعة.,من السبعة.,م سبعة.
16167,تشطح هون.,نام هنا.,هنا.,تمدد هون.,مدد هنا.,هنا رجاءً.,اتمدد هنا.,تمدد هون.,اتكي هنا.,اتمدد هنا.,لو سمحت.,انبطح هني.,استلقي هنا.,انسدح هنا.,اتمدد هون.,ارقد هنا.,استلقي هوني.,هنا .,الاستلقاء هنا.,تمد هنا.,انسدح هنا.,هون .,تمدد هانا.,هوني.,تمدد هنايا.,لوطا هوني.
16169,هالخدمة السريعة.,الخدمة سريعة.,هاذ الخدمة.,هالخدمة السريعة.,السريعة دي.,خدمة سريعة.,خدمة سريعة.,هالخدمة السريعة.,خدمة سريعة.,سريعة.,هالخدمة السريعة.,السريعة.,سريعة.,سريعة.,هالخدمة السريعة.,من خدمة.,خدمه سريعه.,سريعة !,خدمة سريعة.,سريعة هادي.,خدمة سريعة.,السريعة .,السريعة هذه.,خدمة سريعة.,سريعة والله.,ل فيسع.
16191,يبين لسا.,لسة هيظهر.,يعاود يظهر.,يضل يظهر.,لسه هييجي.,راح يظهر.,بعده يبين.,يضل يبين.,مزال حيبان.,لسه هيبان.,يضل يبين.,بعد يبين.,غادي يبان.,يظهر.,يضل يظهر.,ح يظهر.,غاح يبين.,ترتفع .,يظهر.,غادي يبان.,يظهر.,يظهر .,عيرجع يظهر.,تو يضهر.,مازال حيبان.,يضهر هذا.
16217,عاليسار عالمفرق الجاي.,عند التقاطع الجاى.,اليسار في التقاطع المقبل.,الشمال من التقاطع الجاي.,عند التقاطع اللي جاي.,من التقاطع الجاي.,بالمعبر الجاي.,عتاني تئاطع طريء.,على التقاطع الجاي.,شمال التقاطع الجاي.,بالمفرق يللي بعده.,عند التقاطع الجاي.,لليسارفالتقاطع الجاي.,عند التقاطع الجأي.,اليمين عند التقاطع التاني.,في التقاطع الجاي.,التقطع اللي يجي.,عند التقاطع التالي .,عند اللفة الياية.,اليسار فالتقاطع الجاي.,عند التقاطع الجاي.,على التقاطع الجاي .,يسار بالتقاطع الجاي.,في المفترق الجاي.,في التقاطع الجاي.,فل قصة ثانية.
16219,بروح عالبنك؟,أوصل البنك؟,باش نلحقوا للضفة؟,لعند البنك؟,أوصل للبنك؟,اروح للبنك؟,اوصل للبنك؟,بوصل عالبنك؟,نمشي للمصرف؟,للبنك إزاى؟,بصل عالبنك؟,اروح البنك؟,نمشي للبنكة؟,اقدر اروح للبنك؟,بقدر أوصل للبنك؟,أوصل البنك؟,اصل للبنك؟,الوصول إلى المصرف ؟,الي البنك؟,نمشي للبنك؟,اروح للبنك؟,كيف اروح للبنك؟,اوصل للبنك؟,باش منشيو للشط؟,نمشي للبنك؟,لل بنكا؟
16222,باصات لمتحف فورد؟,لمتحف فورد؟,عندو خدمة الحافلة؟,لمعرض الفورد؟,أتوبيسات لمتحف فورد؟,لمتحف فورد؟,لمتحف فورد؟,باصات عمتحف الفورد؟,لمتحف فورد؟,لمتحف فورد؟,على متحف فورد؟,لمتحف فورد؟,الطوبيس لمتحف فورد؟,لمتحف فورد؟,لمتحف فورد؟,إلى فورد ميوسيم؟,باص لمتحف فورد؟,إلى متحف فورد ؟,إلى متحف فورد؟,الطوبيسات لمتحف فورد؟,الى متحف فورد؟,ل متحف فورد؟,لمتحف فورد؟,نجموا نمشيولها بالكار؟,ل متحف فورد؟,متحف لفورد؟
16227,غرفتك، إذا سمحت.,أوضتك، لو سمحت.,الغرفة، من فضلك.,غرفتك، لو سمحت.,الأوضة، لو سمحت.,الغرفة، رجاءً.,غرفتك، رجاءا.,أوضتك إزا بتريد.,دارك، لو سمحت.,الأوضة، لو سمحت.,عرفتك، لو سمحت.,غرفتك، لو سمحت.,الغرفة ديالك، عافاك.,غرفتك، لو ممكن.,غرفتك، لو سمحت.,غرفتك، من فضلك.,غرفتك، رجاءا.,", من فضلك .",غرفتك، من فضلك.,الغرفة ديالك، عافاك.,غرفتك، لو سمحت.,غرفتك، لو سمحت .,غرفتك لوسمحت.,نومرو البيت، يعيشك.,دارك، من فضلك.,ال بيت، يعيشك.
16231,عاليابان بالبريد الجوي؟,يوصل اليابان بالبريد الجوى؟,تلحق لليابان بالطيارة؟,عن طريق البريد الجوي؟,يوصل اليابان بالبريد الجوي؟,لليابان بالبريد الجوي؟,لليابان بالبريد الجوي؟,عاليابان بالبريد الجوي؟,لليابان بالبريد الجوي؟,يوصل اليابان بالبريد الجوى؟,عاليابان بالبريد الجوي؟,يوصل اليابان بالبريد الجوي؟,توصل لليابان بالبريد الجوي؟,لليأبان بالبريد الجوي؟,في البريد الجوي؟,يوصل اليابان بالبريد الجوي؟,لليابان بالبريد الجوي؟,عن طريق البريد الجوي ؟,اليابان عن طريق البريد الجوي؟,لليابان بالبريد الجوي؟,اليابان بالبريد الجوي؟,عن طريق البريد الجوي؟,توصل لليابان بالبريد الجوي؟,قداش وقت بالطيارة؟,باش يوصل اليابان؟,لل يابان ب طيارة؟
16238,يوم الأحد.,اتنين يوم الحد.,الثانية بعد الزوال.,الأحد الساعة تنتين.,اتنين يوم الحد.,ثنتين يوم الأحد.,يوم الاحد.,عالساعة تنان.,الاثنين الأحد.,اتنين يوم الحد.,تنتين يوم الأحد.,الأحد الساعة ثنتين.,الجوج نهار الاحد.,الاحد الساعة اتنين.,التنتين يوم الأحد.,الثانية في الأحد.,بالثنتين الاحد.,الثانية يوم الأحد .,الثنتين يوم الأحد.,الأحد مع الجوج.,ثنتين يوم الاحد.,الثنتين يوم الاحد.,ثنتين يوم الأحد.,الاحد، الساعتين.,الساعه تنين.,ساعتين نهار سبت.
16258,نيويورك ع تورنتو.,من نيويورك لتورنتو.,من نيويورك لطورونتو.,نيويورك على تورونتو.,عن طريق نيويورك.,نيويورك الى تورونتو.,نيويورك لتورنتو.,نيويورك عتونوتو.,نيويورك لتورنتو.,من نيويورك.,نيويورك عتوروتنو.,نيويورك لي تورنتو.,نيويورك لتورونتو.,نيو يورك لتورنتو.,نيويورك على تورنتو.,نيويورك إلى تورونتو.,نيويورك الى تورونتو.,طريقي إلى تورونتو .,نيويورك إلى تورونتو.,نيويورك لتورونتو.,نيويورك الى تورنتو.,ل تورونتو .,نيويورك لا تورونتو.,نيويورك إلى تورنتو.,نيويورك لتورنتو.,يورك ال تورنتو.
16259,كمان متلو؟,من نفس النوع؟,واحدوخرين من نفس النوع؟,كمان منه نفسه؟,عندك منه تاني؟,مثله بعد؟,بعد مثله؟,عندك متلو؟,من نفس الشي؟,زيها تانى؟,منه كمان؟,زيادة نفس الشي؟,كثر من هادي نيت؟,عندك زيها؟,عندك زيو كمان؟,زيادة في المثل؟,بعد مثلو؟,مزيد من نفس النوع ؟,عندك أكثر نفسه؟,بزاف من نفس النوع؟,من نفس النوع؟,كمان من نفسو؟,ثانيات نفسه؟,اخرين من نفس النوعية؟,من نفس النوع؟,برشة كيما هكا؟
16271,وسخ شوي.,نوعا ما.,حد ما.,من الوساخة.,نوع زبالة.,من القذارة.,من الوساخة.,موسخ.,نوعا ما.,متوسخ شوية.,وسخ شوي.,شوي وسخ.,من الوسخ.,شكله وسخ.,من الوسخ.,من الوساخة.,ما وسخ.,الدناءة .,من الوصخ.,الشي موسخ.,قذر.,وسخ .,كأنو وسخ.,امسخ.,شكله خامر.,مسخ.
16279,هي بطاقة الطيارة تبعتي.,تذكرة الطيران بتاعتى أهى.,الرحلة؟ هاك التذكرة ديالي.,الطيران؟ هي تذكرتي الطيران.,إفضل تذكرة الطيران بتاعتي.,هاي تذاكر السفر مالتي.,الطيران؟ هاي بطاقتي.,هيدي بطاءة السفرة.,هاك تذكرة الطيران بتاعي.,دى التذكرة بتاعتى.,هي تذكرة الطيران تبعي.,هذي تذكرة الطيران.,ديالي؟ وهادي تذكرة الطيران.,دا رقم التذكرة.,هي تزكرة الطيران.,تزكرتي بتاعت الخطوط الجوية.,هياني تذكرتي الجويي.,؟ هاهي تذكرة الطيران .,وهاذي تذكرة طيران مالتي.,ديالي؟ هاهي تذكرة الطيران ديالي.,هذي تذكرة الطيران حقتي.,تذكرة طيران .,هذي حقي التذكرة.,متاعي. اهي تسكرتي.,اهي التذكرة متاعي.,طيارتي؟ هذي تسكرتي.
16291,بأخضر أغمق؟,أخضر أغمق؟,فالأخضر الغامق؟,بخضار أغمق؟,أخضر غامق؟,بلون اخضر غامق؟,على اخضر طوخ؟,بلون أخضر غامئ؟,بخضر غامق؟,أخضر أغمق؟,أخضرغامق أكتر؟,أخضر أغمق؟,فخضر مغلوق؟,اخضر غامق؟,أخضر أغمق؟,في أخضر غامض؟,باخضر اعمق؟,الأخضر الداكن ؟,في الظلام الأخضر؟,فالاخضر غامق؟,اخضر غامق؟,لون اخضر غامق؟,اخضر غامق؟,الاخظر الغامق؟,اللون الاخضر الداكن؟,أخضر لغامق؟
16292,كانتيبوري وبترجعني؟,وترجعنى تانى؟,و ترجعني؟,الكانتربيري وترجعني؟,وترجعني تاني؟,لكانتربيري وترجعني؟,لكانتربيري وترجعني؟,عكانتربوري وترجعني؟,و ترد بيا؟,كانتربري وترجعنى؟,كانتيربوري واترجعني؟,كانتربري وترجعني؟,لكانتيربوري وترجعني؟,لكانتربري وترجعني؟,كانتبيري و ترجعني؟,و تجيبني راجع؟,لكانتربري وترجعني؟,وتعيدني إلى هنا ؟,كانتيربوري وترجعني؟,وترجعني لكانتيربوري؟,و بترجعني؟,كانتيربوري وترجعني؟,كانتربري وترجعني؟,و ترجعني؟,كانتيربوري و تردني؟,و بعد ترجعني؟
16311,شوكة جديدة؟,شوكة جديدة؟,فرشيطة واحدوخرى؟,شوكة جديدة؟,شوكة جديدة؟,جطل جديد؟,شوكة جديدة؟,شوكة جديدة؟,شوكة جديدة؟,شوكة تانية؟,شوكة جديدة؟,شوكة جديدة؟,شوكة جديدة؟,شوكة تانية؟,شوكة جديدة؟,شوكة جديدة؟,شوكه جديدي؟,أخرى ؟,شوكة جديدة؟,على شوكة جديدة؟,شوكة جديدة؟,شوكة جديدة؟,شوكة جديدة؟,فورشيتة جديدة؟,شوكة جديدة؟,فرغيتة جديدة؟
16312,ع لطفك.,جدا للطفك.,اللطف ديالك.,على لطفك.,على طيبتك.,على لطفك.,جزيلا للطافتك.,كتير علطافتك.,على كرمك.,على لطفك.,على لطفك.,على طيبتك.,الطيبوبة ديالك.,مرة لطيبتك.,على لطافتك.,كتير للطفك.,اللك للطافتك.,لعطفك .,على لطفك.,اللطف ديالك.,جزيلا للطافتك.,على لطفك.,على لطفك.,على حسن اخلاقك.,علي طيبتك.,على معاونتك.
16335,بطاقات للمسرح.,بنبيع تذاكر للمسرح.,تذاكر للمسرح.,منبيع بطاقات للمسرح.,بنبيع تذاكر للمسرح.,نبيع تذاكر للمسرح.,بطايق المسرح.,بطاءات للمسرح.,في تذاكر للمسرح.,مبنبعش تذاكرمسرح.,تذاكر للمسرح.,تذاكر المسرح.,تذاكر للمسرح.,تذاكر للسينما.,تزاكر للمسرح.,تزاكر للمسرح.,نبيع تذاكر للمسرح.,نبيع تذاكر للمسرح .,نبيع تذاكر للمسرح.,تذاكر المسرح.,تذاكر للمسرح.,بنبيع تذاكر للمسرح.,تذاكر للمسرح.,تساكر للمسرح.,في تذاكر للمسرح.,لل مسرح.
16337,أشوف هاد.,أشوف دة.,نشوف هاذا.,أشوف هاد.,أشوف ده.,اشوف هذا.,اشوف هذا.,شوف هيدا.,نشوف هضا.,أشوف ده.,شوف هاد.,اشوف هذي.,نشوف هادا.,اشوف دا.,أشوف هدا.,اشوف دا.,اشوف هذا.,هذا .,اشوف هذا.,هاد الشي.,اشوف هذا.,هاد .,ابسر هذا.,نشوف هذا.,نشوف هدا.,نشوف هذا.
16339,لازم أعمل؟,المفروض أعمل إيه؟,لازم ندير؟,شو لازم أعمل؟,المفروض اعمل ايه؟,المفروض اسوي؟,شنو لازم تسوي؟,لازم أعمل؟,شن لازم ندير؟,لازم أعمل إيه؟,لازم أعمل؟,لازم اسوي؟,شنو خاصني ندير؟,أيش لازم اسوي؟,لازم أعمل؟,مفروض اعمل شنو؟,اش لازم اعمل؟,علي أن أصنع ؟,شو لازم اسوي؟,اشنو خاصني ندير؟,وش لازم اسوي؟,شو لازم اعمل؟,ايش لازم اعمل؟,لازمني نعمل؟,لازم اندير؟,شنية لازمني نعمل؟
16344,هون يومين كمان.,يومين تانى أطول.,ديالي هنا ليومين.,هون لكمان يومين.,هنا ليومين أطول.,ليومين اطول.,بعد يومين .,يومين زيادة.,هنا يومين زيادة.,هنا يومين كمان.,هون يومين.,هني يومين زيادة.,لمدة يومين اطول.,هنا ليومين كمان.,هون كمان يومين.,هنا ليومين زيادة.,هوني ليومين اطول.,ليومين آخرين .,لمدة يومين أطول.,الإقامة ديالي يوماين.,هنا ليومين زيادة.,لمدة يومين أطول.,هانا يومين اطول.,الاقامة نهارين.,هنايا يومين تانيات.,هنا نهايرن اخرين.
16351,غير مقعدي.,الكرسى بتاعى.,من فضلك.,غير مقعدي.,غير كرسيا.,المقعد مالتي.,غير مقعدي.,غيرلي مأعدي.,غير مقعدي.,الكرسى بتاعى.,غيرلي مقعدي.,غير كرسيي.,المقعد ديالي.,بدل مقعدي.,غيرلي مقعدي.,غير مقعدي.,بدل مقعدي.,مقعدي .,كرسي مالي.,بدل بلاصتي.,غير مقعدي.,كرسيي .,غير مقعدي.,من فضلك.,غيرلي كرسيا.,بدلي بلاصتي.
16365,كتير طيب اليوم.,جدا النهاردة.,بنين اليوم.,زاكي اليوم.,كويسين جداً إنهاردة.,زين اليوم.,اليوم .,ممتاز اليوم.,كويس بكل اليوم.,أوى النهارة.,كتير اليوم.,زين اليوم.,مزيانة بزاف هاد النهار.,كويس اليوم.,كتير منيح اليوم.,الجيد اليوم.,مليح اليوم.,جداً اليوم .,الجيد اليوم.,ازوين اليوم.,جدا اليوم.,كثير .,قوي اليوم.,سمحة اليوم.,جمبري مليح.,باهية ليوم.
16371,فاتح؟,لحد إمتى؟,حتى لوقتاش؟,بضل فاتح؟,لغاية إمتى؟,علما تفتح؟,حتى يفتح؟,فاتح بالليل؟,مفتوح متأخر؟,لحد امتى؟,بضل فاتح؟,متى فاتح؟,كيبقى فاتح؟,فاتح دا؟,بيضل فاتح؟,هو بفتح؟,هو مفتوح؟,تظل مفتوحة ؟,في فتحه؟,على الفتيح؟,متأخر يفتح؟,يتأخر بفتحه؟,هو فاتح؟,الوقتاش محلولين؟,يقعد مفتوح؟,يحل مخر؟
16395,ولا بلا؟,ولا غير؟,ماشي مدخن؟,وإلا لأ؟,ولا لأ؟,غير مدخنين؟,لو لا؟,أو لأ؟,لا لا؟,مش مدخن؟,ولا لاء؟,او لا؟,أو بلاش؟,ولا بدون؟,ولا بدون؟,ول لا؟,لو لا؟,لا ؟,او لا؟,أو لا؟,او لا؟,لا لأ؟,او لغير؟,ما تتكيفش؟,أو لا؟,ولا لا؟
16403,بتحسن تعملو أرخص؟,مش ممكن تخليه أرخص؟,متقدرش تخفضلي السعر؟,ما بتقدر تعمله أرخص؟,ممكن ترخصه شوية؟,تكدر تسوي ارخص؟,تكدر تسويها ارخص؟,فيك ترخصلي يا؟,ماتقدرش تخليه ارخص؟,مش ممكن تنزله شوية؟,مافيك ترخصه؟,ما تقدر ترخصه؟,ممكن ترخضلي شوية؟,ممكن ترخصه؟,ما بتقدر ترخصو؟,ما ممكن تعمله ارخص؟,ما تطيق تعملو اغخص؟,يمكنك تخفيض السعر قليلاً ؟,تقدر اتنزل شوي بالسعر؟,مايمكنشي ترخصو شوية؟,ما تقدر ترخصه؟,. ما بتقدر ترخصه؟,ما تقدرش ترخصه؟,تنجم اتيحلي السوم؟,تقدرش تخليه أرخص؟,متنجمش ترخص فيه؟
16409,أو الجمعة بعد الضهر.,أو الجمعة بعد الضهر.,الجمعة بعد منتصف النهار.,أو الجمعة بعد الظهر.,أو الجمعة بعد الضهر.,او الجمعة بعد الظهر.,او الجمعة بعد الظهر.,والجمعة بعد الضهر.,و لا الجمعة العشية.,أو الجمعة بعد الضهر.,الجمعة بعد الضهر.,الصبح والجمعة الظهر.,أو الجمعة بعد الظهر.,او الجمعة بعد الظهر.,الصبح للجمعة المسا.,أو الجمعة بعد الظهر.,او الجمعه بعد الظهغ.,بعد ظهر الجمعة .,أو الجمعة بعد الظهر.,صباح والجمعة فالعشية.,او الجمعة بعد الظهر.,او الجمعة العصر.,او الجمعة بعد الظهر.,الصباح و الجمعة لعشية.,أو الجمعه بعد الظهر.,ولا جمعة عشية.
16413,حجزت.,معملتش حجز.,حجز.,عملت حجز.,محجزتش.,سويت حجز.,حجزت.,حجزت.,حجز.,ماحجزتش.,حجزت.,سويت حجز.,الحجز.,عملت حجز.,ما حجزت.,عملت حجز.,عملتو حجز.,بالحجز .,قمت بالحجز.,الحجز.,حجزت.,حجزت .,عملتش حجز.,حجز.,درتش حجز.,حجز.
16434,كان عنا مكيف أيام زمان.,وإحنا مكنش عندنا تكييف أيام زمان.,وماكانش عندنا البراد هاديك المرة.,كان عنا مكيفات أيام زمان.,و إحنا مكنش عندينا تكييفات زمان.,جان عدنا تكييف ايام زمان.,جان عدنا مكيفات هواء باللايام القديمة.,كان عنا مكيفات من زمان.,و ماكنش عندنا مكيف هواء زمان.,وإحنا ماكنش عندنا تكييف زمان.,وما كان عنا تكييف من زمان.,حار، وقبل ما كان عندنا كنديشنات.,عندنا مكيف الهواء في الأيام الفايتة.,وما كان عندنا مكيف زمان.,وما كان عنا مكيفات قبل.,ما عندنا مكيف هواء في الأيام القديمة.,كان عدنه مكيفات هوا بالايام القديميي.,ولم يكن لدينا تكييف هواء قديماً .,ساخن، وما كان عندنا مكيفات قبل.,هادي ماكانش عندنا مكيف الهواء.,لان ما عندنا مكيفات في الماضي.,عنا مكيف من ايام زمان .,قوي، وماكانش معانا تكييف زمان.,سخون، و ما عندناش كليماتيزور.,و زمان ما كانش عندنا مكيفات.,معناش مكيفات في ليمات لقديمة.
16444,تمانة الصبح بكرة؟,الساعة تمانية الصبح بكرة؟,لثامنة غدوة صبح؟,بكرا الصبح الساعة تمنية؟,تمانية بكرة الصبح؟,ثمانية باجر الصبح؟,باجر بثمانية الصبح؟,عالساعة تمانة الصبح؟,الثمانية بكرة الصبح؟,الصبح الساعة تمانية؟,تمانة بكرا الصبح؟,بكرة الساعج ثمان الصبح؟,فثمانية ديال صباح غدا؟,الساعة تمانية الصباح بكرة؟,الساعة تمنية الصبح بكرا؟,تاكسي صباح بكرة؟,بالثميني غدا الصبح؟,الساعة الثامنة صباح غد ؟,في ثماني الصبح باجر؟,بطاكسي غدا فالتمنية دالصباح؟,الساعة ثمانية الصبح بكرة؟,بكرا ثمنية الصبح؟,ثمان غدوة الصبح؟,الثمنية غدوة الصباح؟,الصبح الساعة تمانيه؟,ثمانية غدوة صباح؟
16453,شرير.,نحس.,كئيب.,نحس.,شمولي.,شؤوم.,شرير.,شرير.,شؤم.,شرير.,مو منيح.,شرير.,شريرة.,مشؤوم.,شرير.,شرير.,شرير.,مريب .,اشريرة.,مخيف.,شرير.,.,شرير.,خايبة.,مشوم.,خايبة.
16465,الباص تحت الشمسية؟,تحت المظلة؟,تحت الساترة؟,الباص تحت المضلة؟,تحت المظلة؟,الباص جوه المظلة؟,الباص جوا السقيفة؟,الباص تحت الشمسية؟,الحافلة تحت السقيفة؟,تحت التندة؟,الباص تحت الشادر؟,الباص تحت المظلة؟,الطوبيس تحت المظلة؟,الباص تحت المظلة؟,الباص تحت المظلة؟,البص في المظلة؟,الباص تحت المظله؟,تحت التندة ؟,الحافلة تحت المظلة؟,تحت المظلة؟,الباص تحت المظلة؟,الباص تحت المظلة؟,للباص تحت المظلة؟,الكار تحت البرطال؟,الباص تحت الظلاليه؟,تحت ضل؟
16477,أفرجيك المكتب.,أفرجك على المكتب.,نوريلك المكتب.,آخدك لفة بالمكتب.,خليني أوريك المكتب.,اشوفك المكتب.,ارويك المكتب.,خليني فرجيك المكتب.,نوريك المكتب.,أفرجك ع المكتب.,ورجيك المكتب.,اوريك المكتب.,نوريك أنحاء المكتب.,اوريك المكتب.,أفرجيك المكتب.,أوريك حول المكتب.,اشوفك حول المكتب.,أريك أرجاء المكتب .,اراويك أنحاء المكتب.,نوريك اجوايه المكتب.,اوريك المكتب.,افرجيك المكتب .,اعملك لفة حول المكتب.,نزورك في المكتب.,بيك لفه في المكتب.,نشوفك بحذ لمكتب.
16478,التسعة للتسعة.,تسعة لتسعة.,صباحا حتى التاسعة ليلا.,التسعة للتسعة.,من تسعة لتسعة.,التسعة للتسعة.,التسعة للتسعة.,التسعة للتسعة.,من التسعة للتسعة.,تسعة ل تسعة.,التسعة للتسعة.,تسع لي تسع.,تسعة إلى تسعة.,إلى تسعة الليل.,التسعة للتسعة.,من تسعة لتسعة.,من التسعه للتسعه.,التاسعة حتى التاسعة .,تسع الى تسع.,من التسعود للتسعود.,تسعة الى تسعة.,التسعة للتسعة .,تسع لا تسع.,مالتسعة للثمنية.,تسعة لي التسعة.,تسعة ل تسعة.
16484,أنام منيح بالليل.,كويس بالليل.,مليح فاليل.,أنام منيح بالليل.,كويس بليل.,انام زين بالليل.,زين بالليل.,منيح بالليل.,كويس في الليل.,كويس بليل.,منيح بالليل.,في الليل.,مزيان فليل.,كويس على تسعة.,منيح في الليل.,انوم كويس بالليل.,مليح بالليل.,أثناء الليل .,في الليل.,ننعس مزيانبالليل.,كويس في الليل.,منيح بالليل .,في الليل.,في الليل.,كويس في الليل.,في لل.
16487,الركود عالشغل؟,أثرت على العمل؟,على أعمالك؟,بأثر على الشعل؟,على الشغل؟,على الاعمال التجارية؟,ع الاعمال التجارية؟,الكساد عالشغل؟,في البزنس؟,أزاى على التجارة؟,الركود عالأعمال؟,في التجارة؟,على الأعمال التجارية؟,على الاعمال؟,على الشغل؟,في العمل؟,على الاعمال؟,على الشركة ؟,على الأعمال التجارية؟,على المعاملات التجارية؟,على العمل التجاري؟,على الاعمال؟,الاقتصادي على الاعمال؟,على خدمتك؟,الاقتصادية علي الخدمة؟,مست خدمة؟
16495,موعد تاني.,ميعاد تانى.,موعد آخر.,إجتماع تاني.,ميعاد تاني.,موعد آخر.,موعد ثاني.,موعد تاني.,واحد اخر.,معاد تانى.,موعد تاني.,موعد ثاني.,موعد أخر.,موعد تاني.,موعد تاني.,موعد تاني.,موعد اللاخ.,آخر .,اجتماع ثاني.,موعد آخر.,موعد ثاني.,ثاني .,موعد ثاني.,موعد آخر.,موعد تاني.,موعد أخر.
16516,طرقات المدينة؟,طريق للمدينة؟,مخطط للمدينة؟,لشوارع المدينة؟,لطرق المدينة؟,خريطة طرق للمدينة؟,الطرق للمدينة؟,الطريء تبع المدينة؟,طريق للمدينة؟,الرئيسية في البلد؟,طرقات المدينة؟,مسارات المدينة؟,طريق للمدينة؟,لدي المدينة؟,طرق للمدينة؟,خريطة شارع؟,الطرق مال المدينه؟,لطرق المدينة ؟,خريطة طريق للمدينة؟,على خريطة الطرقان دالمدينة؟,مسار للمدينة؟,لجولة المدينة؟,طرق للمدينة؟,متاع الدار؟,للطرق متاع المدينة؟,متع ل مدينة؟
16536,بدور عليه بالضبط.,كنت بدور عليه.,راني نحوس.,بتطلع عليه.,على نفس الحاجة.,جنت ادور عليه.,ادور عليه.,عم فتش علي.,كنت ندور فيه.,بدور عليها.,دور عليه تماماً.,كنت ادور عليه.,كنقلب عليها.,ابحث عنه.,منت أدور عليه.,بفتش فيه.,كنتو ادوغ علينو.,أبحث عنه .,أدور عنه.,كنت كنقلب عليه.,كنت ابحث عنه.,بدور عليه .,كنت بين ادوره.,نلوج عليه.,اندور فيه.,نلوج عليها.
16542,بفهم شرحك.,فاهم شرحك.,الشرح ديالك.,فاهمة شرحك.,الشرح بتاعك.,التفسير مالتك.,افهم تفسيراتك.,فهمت شرحك.,فاهم شرحك.,فاهم شرحك.,افهم شرحك.,شرحك.,الشرح ديالك.,شرحك.,الشرح تاعك.,فاهم توضيحاتك.,ماعدفتهم تفسيراتك.,شرحك .,لشرحك.,التفسير ديالك.,افهم شرحك.,شرحك .,فهمتش شرحك.,تفسيرك.,الشرح متاعك.,نفهم تفسيرك.
16546,رايح ع بوسطن.,رايح بوسطن.,نروح لبوسطن.,الروحة على بوسطن.,توصيلية. الروحة لبوسطن.,رايح لبوسطن.,رايح لبوستن.,إرسال. رايح عبوسطن.,ماشي لبوسطن.,روح بوسطن.,رايح على بوسطن.,الثانية. رايح بوسطن.,نمشي لبوسطن.,رأيح لبوسطن.,رايح على بوسطن.,ماشي لبوسطن.,تواصل. غيح لوبوسطن.,ذاهبة إلى بوسطن .,الذهاب إلى بوسطن.,نمشي لبوسطن.,بروح لبوسطن.,روحة على بوسطن .,عدسير بوسطن.,ماشي لبوستن.,ماشي لي بوسطن.,امشي لبوسطن.
16547,محل للسياحة؟,مكان للسياحة؟,مكان للسياحة؟,مكان للسياحة؟,مكان للسياحة؟,مكان للسياحة؟,مكان للسياحة؟,محل للسياحة؟,مكان للسياحية؟,مكان للسياحة؟,مكان للسياحة؟,مكان للسياحة؟,بلاصة للسياحة؟,مكان للسياحة؟,مكان للسياحة؟,مكان للسياحة؟,مكان للسياحة؟,لمشاهدة المعالم ؟,مكان للسياحة؟,بلاصة للسياحة؟,مكان للسياحة؟,مكان للسياحة؟,بقعة للسياحة؟,بلاصة للسياحة؟,مكان للسياحية؟,بلاصة للسياحة؟
16576,بضاين؟,متين؟,يقاوم؟,متين؟,متين؟,متين؟,يطول؟,بدوم؟,يتحمل؟,يستحمل؟,ماكن؟,يتحمل؟,هادا دائم؟,يتحمل؟,متين؟,متين؟,هو مقاوم؟,متينة ؟,هو دائم؟,مقاوم؟,هو يتحمل؟,دائم؟,هو متين؟,روحو؟,تعيش؟,يبقى؟
16577,كتير.,استمتعت جدا.,بزاف.,حالي كتير.,إتمتعت جداً.,هوايه.,اتونست هواي.,كتير.,جوي بكل.,نفسي جدا.,كتير.,واجد.,بزاف.,انبسطت.,انبسطت.,استمتعت جدا.,كثيغ.,كثيرا .,كثيرا.,بزاف.,جدا.,كثير .,بوقتي قوي.,برشا.,تمتعت هلبه.,روحي برشة.
16581,أصغر متل جوليا روبرتس.,أصغر زى جوليا روبرتس.,أصغر كيما جوليا روبرت.,أصغر متل جوليا روبرتس.,اصغر زي بتاع جوليا روبرتس.,اصغر مثل جوليا روبرتس.,اصغر مثل جوليا روبرتس.,متل جوليا روبرتز.,اصغر زي جوليا روبرتس.,اصغر زي جوليا روبرتس.,متل جوليا روبرتس.,اصغر نفس جوليا روبرتس.,صغير بحال جوليا روبرتس.,زي جوليا روبرتس.,زي وجه جوليا روبرتس.,أصغر زي جوليا روبرتس.,اصغغ مثل جوليا روبرتس.,كتلك التي مع جوليا روبرتس .,أصغر مثل جوليا روبرتس.,فحال ديال جوليا روبرتس.,اصغر مثل جوليا روبرتس.,زي جوليا روبرت .,صغير ساع جوليا روبرتس.,اصغر من وجه جوليا روبارتس.,صغير زي جوليا روبرتس.,صغير كيما جوليا روبرتس.
16586,إذا سمحت؟,لو سمحت؟,من فضلك؟,لو سمحت؟,لو سمحت؟,هذا، رجاءً؟,هذا، رجاءا؟,إزا بتريد؟,لو سمحت؟,لو سمحت؟,لو سمحت؟,لو سمحت؟,هادا، عافاك؟,لو سمحت؟,لو سمحت؟,من فضلك؟,هذا، رجاءا؟,، من فضلك ؟,هذا، من فضلك؟,تاخد هادا، عافاك؟,لو سمحت؟,لو سمحت؟,هذا لوسمحت؟,هذا، يعيشك؟,من فضلك؟,هذا، يعيشك؟
16601,المتوجهة لطوكيو رجاء التقدم إلى البوابة عشرين للإجراءات الحكومية.,المتجهة لطوكيو من فضلكم تطلعوا لبوابة عشرين للإجراءات الحكومية.,لطوكيو يتفضلوا لباب الاقلاع رقم عشرون للإجراءات الحكومية.,تلاتة المتجهة لطوكيو لو سمحتوا إتحركوا للبوابة عشرين للإجراءات الحكومية.,الي رايحة طوكيو لو سمحتو إتقدمو لبوابة عشرين للإجراءات الحكومية.,المتجهة لطوكيو رجاءا روحو لبوابة عشرين للإجراءات الحكومية.,وتلاثة لطوكيو الرجاء التوجه للبوابة عشرين للجراءات الرسمية.,الراحين عطوكيو تفضلو عالبوابة رأم عشرين للإجراءت الحكومية.,ثلاثة لطوكيو لو سمحتم قدمو للبوابة عشرين للاجراءات الحكومية.,لطوكيو من فضلكم اتحركوا لبوابة عشرين للاجراءات الحكومية.,المتوجهة على طوكيو لو سمحتوا روحوا عالبوابة عشرين للاجراءات الحكومية.,لو سمحتوا روحوا بوابة عشرين عشان الاجراءات الحكومية.,ثلاثة لطوكيو عافاكوم تقدمو للبوابة عشرين للإجراءات الحكومية.,الرجاء التوجه لبوابة عشرين لإنهاء الاجراءات الحكومية.,لطوكيو لو سمحتو توجهو للبوابة عشرين عشان الاجراءات الحكومية.,المتجهة لطوكيو من فضلكم اتقدموا للبوابة عشرين للاجراءات الحكومية.,المتوجهي لطوكيو رجاءا غوحو للبوابه عشين علمود الاجراءات الحكوميي.,طوكيو التفضل بالتوجه إلى بوابة رقم عشرين لإنهاء الإجراءات الرسمية .,لطوكيو من فضلكم روحوا بوابة عشرين للاجراءات الحكومية.,المتوجهة لطوكيو عافاكوم تتقدمو للبوابة عشرين للإجراءات الرسمية.,الى طوكيو الرجاء التوجه الى البوابة عشرين للإجراءات الحكومية.,رايحة لطوكيو لو سمحتوا امشوا للبوابة العشرين للإجراءات الحكومية.,طوكيو لوسمحتوا تقدموا الى البوابة رقم عشرين للاجرائات الحكومية.,ماشية لطوكيو بالله يمشيو للباب نومرو عشرين للاجراءات الحكومية.,ماشيه طوكيو لو سمحتو برو للبوابه عشرين للأجراءات الحكوميه.,دركسيون طوكيو مذابين يقدموا لباب عشرين للإجراءات الرسمية.
16607,تبع بي؟,بتاع بى؟,الحافلة ل بي؟,ل بي؟,بتاع بي؟,مال بي؟,مال بي؟,تبع بي؟,بتاع بي؟,بتاع بي؟,تبع بي؟,حق بي؟,الطوبيس ديال بي؟,حق بي؟,ل بي؟,بتاع بي؟,الباص لبي؟,ل بي ؟,حق بي؟,ديال بي؟,حق بي؟,تبع بي؟,حق بي؟,متاع بي؟,متاع بي؟,متاع بي؟
16643,إذا سمحت.,لو سمحت.,من فضلك.,لو سمحت.,لو سمحت.,رجاءً.,رجاءا.,إزا بتريد.,لو سمحت.,لو سمحت.,لو سمحت.,لو سمحت.,عافاك.,لو سمحت.,لو سمحت.,من فضلك.,مفردين، رجاءا.,ً من فضلكم .,من فضلك.,عافاك.,لو سمحت.,سمحت .,الفردي، لوسمحت.,يعيشك.,لو سمحت.,يعيشك.
16653,مفرش طاولة؟,مفرش ترابيزة؟,فرشة للطاولة؟,أشتري غطا طاولة؟,فوط للطربيزة؟,مفرش طاولة؟,غطا ميز؟,إشتري شرشف طاولة؟,مفرش طاولة؟,تربيزة منين؟,اشتري غطا طاولة؟,شرشف طاولة؟,ثوب ديال الطبلة؟,فرشة للطاولة؟,شرشف طاولة؟,قماش طربيزة؟,ميز حواس؟,مفارش مائدة ؟,قماش للطاولة؟,لغطا ديال الطابلة؟,طاولة ملابس؟,اشتري طاولة لبس؟,مفرش للطاولة؟,غطاء طاولة؟,مفرش طاوله؟,طاولة قماش؟
16679,بيحكي ياباني؟,بيتكلم يابانى؟,دليل يهدر اليابانية؟,بحكي -ياباني؟,مرشد بيتكلم ياباني؟,يحجي ياباني؟,يحجي ياباني؟,بيحكي ياباني؟,متحدث لليابانية؟,بيتكلم ياباني؟,بيحكي ياباني؟,يتكلم ياباني؟,تكلم اللغة اليابانية؟,يتكلم يأباني؟,بيحكي ياباني؟,يتكلم ياباني؟,يحكي ياباني؟,يتحدث اللغة اليابانية ؟,يتكلم باللغة اليابانية؟,مرشد كيهضر باليابانية؟,يتكلم اليابانية؟,بيحكي ياباني؟,يتحاكى ياباني؟,قيد يتكلم اليابانية؟,يتكلم ياباني؟,يحكي ياباني؟
16696,آخدلك صورتك؟,آخد صورتك؟,ناخذلك تصويرة؟,أخد صورتك؟,أخدلك صورة؟,اخذ صورتك؟,اخذ صورت؟,صورك؟,ناخذلك صورة؟,آخد صورتك؟,آخدلك صورة؟,اصورك؟,تبغيني نصورك؟,صورة لك؟,أخدلك صورتك؟,اخد صورتك؟,اخذلك صورتك؟,لك صورة ؟,انا اصورك؟,تبغيني نصورك؟,اخذ صورتك؟,اخد صورك؟,اشل صورتك؟,ناخذلك تصويرة؟,ناخدلك صورة؟,نصورك؟
16709,أخدت هالوجبة.,الطبق دة.,هاذ الطبق.,هاد الصحن.,الطبق ده.,هذا الصحن.,هذا الصحن.,أكلت هالصحن.,التبسي هضا.,ده قبل كدة.,هي الوجبة.,طلبت هالطبق.,هاد الطبق.,الطبق دا.,هدا الطبق.,الصحن دا.,هذا الطبق.,هذا الطبق .,عندي هالطبق.,هاد الطبق.,هذا الطبق.,الطبق .,هذا الطبق.,الصحن هذا.,الأكله هادي.,الماكلة هادي.
16718,شي مطهر؟,فى مطهر؟,عندك مطهر؟,في هون مطهر؟,فيه مطهر؟,اكو مطهر؟,اكو مطهر؟,شي مطهر؟,أي مطهر؟,فيه مطهر؟,في مطهر؟,في مطهر؟,كاين شي مطهر؟,فيه مطهر؟,في مطهر؟,هل هناك مطهر؟,هل اكو مطهر؟,هل يوجد مطهر ؟,في مطهر؟,كاين شي مطهر؟,فيه مطهر؟,في معقم؟,به مطهر؟,دواء متاع قيح؟,عندك مطهر؟,فما معقم؟
16723,خمسة وتسعين سنت؟,بخمسة وتسعين سنت؟,بخمسة و تسعون سنتيم؟,بخمسة وتسعين سنت؟,بخمسة وتسعين سنت؟,ابو خمسة سنت؟,وتسعين سنت؟,خمسة وتسعين سنت؟,خمسه وتسعين سنت؟,اللي بخمسة وتسعين سنت؟,بخمسة وتسعين سنت؟,بخمسة وتسعين سنت؟,خمسة وتسعين سنتيمترا؟,خمسة وتسعين سنت؟,و تسعين سنت؟,طابعة بخمسة وتسعين سنت؟,ابو تسعه وخمسين سنت؟,خمسة وتسعين سنتاً ؟,من خمسة وتسعين سنت؟,فياس خمسة و تسعسن سنتيمتر؟,بخمسة وتسعين سنت؟,و تسعين سنت؟,طابع ابو خمسه-وتسعين؟,خمسة و تسعين فرنك؟,خمسة و تسعين سنت؟,خمسة و تسعين سنت؟
16736,بالتمانة إلا ربع.,تمانية إلا ربع.,الثامنة غير ربع.,التمنية إلا ربع.,الساعة تمانية الا ربع.,بالثمانية الا ربع.,ثمانية الا ربع.,تمانة إلا ربع.,الثمانية الا ربع.,تمانية إلا ربع.,تمانة إلا ربع.,إلا ربع.,الثمنية قل ربع.,الا ربع.,التمنية الا ربع.,التامنة إلا ربع.,بالثميني الا ربع.,إلى الربع .,ثمان الا ربع.,التمنية قل ربع.,ثمانية الا ربع.,الا ربع .,ثمان الا ربع.,غير ربع.,الا ربع.,ثمنية غير ربع.
16746,عطر.,برفان.,الريحة.,عطر.,عايز برافان.,عطر.,شوي عطر.,عطر.,شوية عطر.,شوية برفان.,شوية عطر.,عطر.,ديال العطور.,عطر.,ريحا.,بعض العطر.,شويه عطر.,عطراً .,بعض العطر.,شي ريحة.,عطر.,عطر .,شويه عطر.,اوفاح.,ريحة.,شويا برفوم.
16747,جدول مواعيد؟,مواعيد العمل؟,جدول زمني؟,جدول المواعيد؟,جدول الواعيد؟,الجدول الزمني؟,الجدول الزمني؟,جدول زمني؟,جدول مواعيد؟,جدول زمني؟,جدول مواعيد؟,جدول التوقيت؟,جدول زمني؟,جدول الوقت؟,جدول أوقات؟,جدول زمني؟,الجدول الزمني؟,مواعيد ؟,جدول زمني؟,على جدول زمني؟,جدول الوقت؟,طاولة وقت؟,جدول زمني؟,نشوف الوقت؟,جدول مواعيد؟,جدول الاوقات؟
16751,عالمدرسة هون؟,المدرسة هنا؟,تروح للمدرسة؟,المدرسة هون؟,المدرسة هنا؟,للمدرية هنا؟,للمدرسة هنا؟,بالمدرسة هون؟,للمدرسة هنا؟,المدرسة هنا؟,عالمدرسة هون؟,المدرسة هني؟,للمدرسة هنا؟,المدرسة هنا؟,مدرسة هون؟,للمدرسة هنا؟,مدرسي هوني؟,المدرسة هنا ؟,المدرسة هنا؟,للمدرسة هنا؟,لمدرسة هنا؟,مدرسة هون؟,المدرسه هانا؟,تمشي للمدرسة؟,لمدرسة هنايا؟,إلي لهنا؟
16758,كان فيه؟,فيها كام؟,بزاف لداخل؟,كان فيه؟,قد ايه؟,جان بيها؟,جان بي؟,في بألبو؟,كان؟,قد إيه؟,كان فيه؟,كان فيه؟,كان فيه؟,كان؟,كان فيو؟,كان فيه؟,اكو بينو؟,ثمنها ؟,كان؟,كان فيه؟,كان فيه؟,كان فيه؟,كان داخله؟,برشا الداخل؟,كان فيه؟,كان فيه؟
16760,من هون؟,بعيد من هنا؟,بعيد من هنا؟,من هون؟,بعيد من هنا؟,بعيد منا؟,بعيد منا؟,من هون؟,بعيد من هنا؟,بعيد عن هنا؟,من هون؟,من هني؟,بعيد من هنا؟,من هنا؟,من هون؟,بعيد من هنا؟,بعيد من هوني؟,عن هنا ؟,بعيد عن هنا؟,بعيد من هنا؟,بعيد من هنا؟,من هون؟,من هانا؟,من هوني؟,بعيد من هنايا؟,من هنا؟
16769,حطيتو بشنتايتي.,حطيته فى شنطتى.,في حامل الملفات ديالي.,حطيته بمحفظتي.,حطيته في شنطتي.,بالحقيبة مالتي.,خليته بجنطتي.,حطيتو بشنطتي.,في شنطتي.,حطيتها في شنطتي.,حطيته بشنتايتي.,خليته في شنطتي.,حطيتو فحقيبتي.,في الشنطة.,حطيتو في شنتتي.,ختيته في شنطتي.,خليتوها بجنطتي.,الأوراق الخاصة بي .,خليته في حقيبتي.,فالباليزة ديالي.,حطيته في شنطتي.,بشنتتي الصغيرة .,طرحته في شنطتي.,في كلاسوري.,حطيته في شنطتي.,في ساكي.
16770,إيديك.,فوق.,إلى السماء.,إيديكم.,الأيدين.,ايدك.,ايدك.,لفوء.,فوق.,إيدك.,إيديك.,يدك.,يديك.,استسلم.,لفوق.,فوق.,للاعلى.,أيديكم .,يديك.,يديك.,فوق.,ايدك .,ايديكم.,الفوق.,فوق.,الفوق.
16771,فيه قريب من هون؟,قريب من هنا؟,بيه قريب من هنا؟,فيه قريب من هون؟,تنصحني بيه؟,بيه قريب منا؟,بي قريب منا؟,في أريب من هون؟,بيه قريب من هنا؟,عليه قريب من هنا؟,قريب من هون؟,قريب من هني؟,بيه ويكون قريب من هنا؟,قريب من هنا؟,قريب من هون؟,قريب من هنا؟,بينو قغيب على هوني؟,بالقرب من هنا ؟,عليه بالقرب من هنا؟,قريب من هنا؟,قريب من هنا؟,فيه قريب من هون؟,من هانا؟,قريب من هوني؟,بيه قريب من هنايا؟,تنجم تطلب منو؟
16773,غامق ولا كاشف؟,ولا خفيف؟,غامق ولا فاتح؟,غامق وإلا فاتح؟,غامق ولا فاتح؟,لو فاتح؟,لو الفاتح؟,أو الفاتح؟,و لا فاتح؟,فاتح ولا غامق؟,ولا فاتح؟,او فاتح؟,ولا مفتوح؟,ولا الفاتح؟,ولا فاتح؟,غامض ول فاتح؟,لو فاتح؟,أم فاتح ؟,أو خفيف؟,أو لا المفتوح؟,غامق ولا فاتح؟,و لا الفاتح؟,او الضوء؟,ولا الفاتح؟,و الا هافت؟,ولا إضو؟
16781,لوين طايرين؟,طايرين فين؟,وين نروحو؟,إحنا متوجهين؟,طايرين فين؟,احنا طايرين؟,جاي نطير؟,لوين مسافرين؟,وين مسافرين؟,طايرين على فين؟,لوين مسافرين؟,طايرين لوين؟,فين غنطيرو؟,احنا رأيحين؟,احنا مسافرين؟,نحن طايرين؟,غاح نطيغ؟,تحليق الطائرة الآن ؟,وين نطير؟,لي فين غاديين؟,وين مسافرين؟,رح نطير؟,لاين عنسافر؟,وين ماشين؟,وين بنطيرو؟,قاعدين نطيرو؟
16793,إذا سمحت.,لو سمحت.,من فضلك.,لو سمحت.,لو سمحت.,تحويل، رجاءً.,نقل، رجاءا.,إزا بتريد.,لو سمحت.,لو سمحت.,لو سمحت.,لو سمحت.,التذكرة، عافاك.,لو سمحت.,لو سمحت.,من فضلك.,الباطاقه، رجاءا.,أخرى من فضلك .,من فضلك.,الإرسال، عافاك.,لو سمحت.,سمحت .,لو سمحت.,بعثان، يعيشك.,لو سمحت.,من فظلك.
16796,لرحلة يوم واحد؟,لمدة يوم واحد؟,نديرو رحلة ليوم واحد؟,حلو لرحلة ليوم-واحد؟,لجولة ليوم واحد؟,سفره يوم واحد؟,لونسة يوم واحد؟,حلو لرحلة ليوم واحد؟,لزردة يوم واحد؟,لرحلة لمدة يوم احد؟,لرحلة يوم واحد؟,رحلة يوم واحد؟,لرحلة ليوم واحد؟,حق رحلة ليوم واحد؟,للراحة ليوم واحد؟,سياحية يوم واحد؟,لرحله يوم ويحد؟,نزهة ليوم واحد ؟,لرحلة ليوم واحد؟,زوينة للرحلات فنهار واحد؟,لرحلة يوم واحد؟,لرحلة يوم واحد؟,نعمل لها يوم رحله؟,باش نعملوا خرجة بنهار؟,لرحلة متاع يوم؟,لنهار متع دورة؟
16799,بنفس ستايل هي.,كيلى بنفس الستايل دة.,نفس الطراز كيما هاذا.,كيلي بنفس هاد النمط.,الحمرة نفس الإستايل ده.,بنفس تريب هذا.,بنفس هذا الستايل.,من نفس ستايل هيدا.,نفس الستايل زي هضا.,الحمرا بنفس النظام ده.,بنفس موديل هاد.,الحمرة بنفس هالستايل.,نفس الشكل بحال هادا.,نفس تصميم دا.,نفس هدا الستايل.,نفس الاستايل زي دي.,بنفس التصميم مال هذي.,نفس هذا الطراز .,نفس الشكل نفس هذا.,فنفس النوع د هادا.,بنفس التصميم هذا.,احمر نفس ستايل هاي.,نفس هذا الموديل.,نفس الفورمة مع هذا.,نفس الموديل متاع هادي.,عندها نفس المواصفات متع هاذي.
16805,هداك الجدول؟,الجدول دة؟,نحافظو التواريخ؟,تنفذ المخطط؟,الجدول ده؟,هذا الجدول؟,ذاك الجدول؟,تعمل هالبرنامج؟,الجدول هضكي؟,الجدول الزمني ده؟,جدول المواعيد؟,ذاك الجدول؟,داك الجدول الزمني؟,داك الجدول؟,هداك الجدول؟,الجدول داك؟,هذاك الجدول؟,جدول المواعيد ؟,هالجدول الزمني؟,هاد الجدول؟,ذاك الجدول؟,تعمل هاد الجدول؟,هذاك الجدول؟,نحطوا التواريخ؟,نفس المواعيد؟,على إجدول هاك؟
16810,بيفتح البنك؟,الساعة كام؟,يفتح البنك؟,البنك بفتح؟,بيفتح إمتى؟,البنك يفتح؟,يفتح البنك؟,بيفتح البنك؟,يفتح المصرف؟,بيفتح إمتى؟,بيفتح البنك؟,يفتح البنك؟,غايفتح البنك؟,يفك البنك؟,بيفتح البنك؟,فيه البنك؟,بفتح البنك؟,المصرف ؟,يفتح فيه البنك؟,كاتفتح البنكة؟,يفتح البنك؟,البنك بفتح؟,بيفتح البنك؟,تحل البانكا؟,يفتح البنك؟,تحل البانكة؟
16811,بالمرض.,إنى عيان.,بروحي مليح.,إني مريض.,اني تعبان.,احس بيه.,روحي مريض.,مريض.,حاس بمرض.,إني تعبان.,حالي مرضان.,اني مريض.,بالمرض.,اني تعبان.,حالي عيان.,أشعر تمام.,بالمرض.,بالإعياء .,بالمرض.,براسي مريض.,اني مريض.,مريض .,احس بتعب.,موش لاباس.,روحي مريض.,روحي مريض.
16819,مانع ترسملي خريطة؟,ترسم لى خريطة؟,ترسملي مخطط؟,بتمانع ترسملي خريطة؟,ترسملي خريطة؟,ترسملي خريطة؟,ترسملي خريطة؟,ترسملي خريطة؟,تمانع ترسملي خريطة؟,ترسم لي خريطة؟,ترسملي خريطة؟,ترسم لي خريطة؟,ممكن ترسملي خريطة؟,ترسملي خريطة؟,ترسملي خريطة؟,تمانع ترسم لي خريطة؟,ترسملي خريطه للي؟,رسم خريطة لي ؟,في رسم خريطة لي؟,ليا واحد الخريطة؟,ترسم لي خريطة؟,عندك مانع ترسملي خريطة؟,ترسم لي خريطه؟,تسورلي بيانو؟,ترسملي خريطة؟,تنجم تصورلي خريطة؟
16822,برا.,برة.,الخارج.,برا.,برة.,بره.,برا.,برا.,برا.,برة.,برا.,برع.,خارج.,برا.,برا.,برة.,بغه.,.,برع.,خارج.,برا.,.,خارج.,البرة.,برا.,البرا.
16829,عالمشفى.,للمستشفى.,للمستشفى.,على المستشفى.,للمستشفى.,للمستشفى.,للمستشفى.,عالمستشفى.,للمستشفى.,للمستشفى.,عالمستشفى.,المستشفى.,للمستشفى.,للمستشفي.,على المستشفى.,للمستشفى.,للمستشفى.,المستشفى .,الى المستشفي.,للسبيطار.,للمستشفى.,المستشفى .,للمستشفى.,للسبيطار.,للمستشفى.,لسبيتار.
16833,كل يوم؟,المستشفى كل يوم؟,للمستشفى كل يوم؟,المستشفى كل يوم؟,المستشفى كل يوم؟,كول يوم؟,للمستشفى يومية؟,كل يوم؟,للمستشفى كل يوم؟,المستشفى كل يوم؟,كل يوم؟,كل يوم؟,للمستشفى كل يوم؟,كل يوم؟,المستشفى كل يوم؟,للمستشفى كل يوم؟,للمستشفى كل يوم؟,المستشفى كل يوم ؟,المستشفى كل يوم؟,يوميا للسبيطار؟,كل يوم؟,المستشفى كل يوم؟,للمستشفى يوميه؟,كل يوم؟,كل يوم؟,كل يوم؟
16837,عم توجعني.,بتوجعنى.,في كرشي.,بتوجعني.,بتوجعني.,توجعني.,تاذيني.,عم توجعني.,توجع.,بتوجعني.,عم توجعني.,تألمني.,كتضرني.,يوجعني.,بتوجعني.,تؤلم.,تاذيني.,تؤلمني .,تعورني.,وجع فالمعدة.,توجعني.,بتوجعني .,بتوجعني.,في ماعدتي.,توجع.,توجع فيا.
16839,بعت هالرسالة عاليابان؟,الجواب دة بالبريد لليابان؟,نبعث هاذ الرسالة لليابان؟,هاي الرسالة على اليابان؟,الجواب ده لليابان؟,ادز هاي الرسالة لليابان؟,هاي الرسالة لليابان؟,بدي إبعت هالرسالة عاليابان؟,بالبريد الرسالة هضي لليابان؟,أبعت الجواب ده لليابان؟,هالرسالة عاليابان؟,برسل هالرسالة لليابان؟,نصيفط الرسالة لليابان؟,ارسل الرسالة دي لليأبان؟,أبعت هاي الرسالة لليابان؟,أرسل الرسالة دي لليابان؟,هذي الرساله لليابان؟,الخطاب إلى اليابان ؟,الرسالة إلى اليابان؟,تصيفط هاد الرسالة لليابان؟,هذي الرسالة الى اليابان؟,ابعث هاي الرسالة لليابان؟,لليابان عبر البريد؟,نبعث الجواب هذا لليابان؟,نبعت الرسالة هادي لليابان؟,ها جواب ليابان؟ ؟
16842,كاسة نبيذ.,كاس نبيذ.,كأس شيري.,كاسة خمر.,كاس شيري.,كلاص شيري.,كلاص شيري.,كاس نبيد.,طاسة خمرة.,نبيذ جاف.,كاسة شيري.,كاس شيري.,من شيري.,كاسة خمرة.,كاسة شيري.,كاس شيري.,من الخمره.,شيري الأسباني .,من النبيذ.,د الشيري.,كأس شيري.,شيري .,قلص شيري.,كاس خمر.,طاسة شيري.,كاس شري.
16869,من المطار؟,من المطار؟,نجيبك من المطار؟,من المطار؟,ياخدك من المطار؟,من المطار؟,من المطار؟,من المطار؟,من المطار؟,من المطار؟,من المطار؟,من المطار؟,من المطار؟,من المطار؟,من المطار؟,تترفع من المطار؟,من المطار؟,ليأخذك من المطار ؟,يتم شلها من المطار؟,موراك للمطار؟,من المطار؟,من المطار؟,لك من المطار؟,على المطار؟,من المطار؟,يجيبك ملمطار؟
16872,سمحت كون هنيك قبل هيك.,تكونوا هناك قبل كدة.,الرابعة. ارواح من قبل.,سمحتوا كونو قبل إذا هيك.,سمحت خليك هناك بل كدة.,كون هناك قبل هذا الوقت.,انت كون هناك قبلها.,بتريد كون هونيك أبل هالوأت.,سمحتم خليكم غادي قبله بوقت.,فضلك كون موجود قلبك كدة.,كون هنيك قبل بوقت رجاءً.,كون هناك قبل الوقت.,علاش خاصك تكون تما قبل.,تعال هناك قبل دا الوقت.,فلو سمحت كون هناك قبل.,كدا كون هناك قبل الزمن داك.,رجاءا كونو هنوك عندا.,فضلكم كونوا هناك قبل هذا الموعد .,يرجى تكون هناك قبل ذلك.,إذن عافاك كون تما قبل.,لو سمحت كن هناك قبل الوقت.,هيك كون هناك قبل .,كون هناك قبل هذاك الوقت.,و نصف. ايجاو قبل.,فضلك كون غادي قبل هكي.,مالا اجا قبل وقت هاذاك.
16878,ألف ين.,ألف ين.,ألف ين.,ألف ين.,الف ين.,الف ين.,الف ين.,ألف ين.,الف ين.,ألف ين.,ألف ين.,ألف ين.,ألف ين.,الاف ين.,ألف ين.,ألف ين.,الف ين.,ين .,ألف ين.,ألف ين.,الف ين.,ألف ين.,الف ين.,الف يان.,الف ين.,ألف يان.
16879,بطاقة تلفون؟,كارت تليفون؟,بطاقة تلفونية؟,أشتري بطاقة تلفون؟,تليفون من فين؟,كارد تليفون؟,كارت تلفون؟,إشتري بطاءة للتليفون؟,بطاقة تليفون؟,شريحة تليفون؟,اشتري بطاقة تلفون؟,بطاقة تلفون؟,بطاقة هاتفية؟,بطاقة تلفون؟,كرت تلفون؟,بطاقة هاتف؟,كرت تليفون؟,بطاقة هاتف ؟,بطاقة هاتف؟,بطاقة هاتفية؟,بطاقة تيليفون؟,اشتري بطاقة تلفون؟,اشتري كرت للتلفون؟,كارطة تالفون؟,نشري كرت تلفون؟,كارتا متع تليفون؟
16888,بغير مدينة؟,لمدينة تانية؟,مدينة آخرى؟,مدينة تانية؟,مدينة تانية؟,بمدينة مختلفة؟,ببلدة ثانية؟,عبلد تاني؟,مدينة مختلفة؟,في مدينة مختلفة؟,بغير مدينة؟,مدينة ثانية؟,فمدينة مختلفة؟,مدينة تانية؟,مدينة تانية؟,في مدينة مختلفة؟,ببلده اللخ؟,مدينة مختلفة ؟,مدينة ثانية؟,مدينة أخرى؟,مدينة مختلفة؟,لقرية مختلفة؟,مدينه ثانيه؟,بلاد اخرى؟,مدينة تانيه؟,بلاصة أخرى؟
16889,طنعش يوم.,لمدة اتناشر يوم.,عشر يوم.,أضل طنعشر يوم.,لإتناشر يوم.,عشرين يوم.,لثنعش يوم.,طنعشر يوم.,لاطناشر يوم.,أقعد اتناشر يوم.,اطنعشر يوم.,اثنعش يوم.,عشر يوما.,لاثناعشر يوم.,لتناعشر يوم.,لاتناشر يوم.,لايدعش يوم.,عشر يوماً .,عشر يوما.,اطناشر يوم.,لاثني عشر يوم.,يوم .,ل اثناعشر يوم.,ثناش يوم.,بنقعد طناشر يوم.,ثناش يوم.
16893,الفوقانية أطول شوي.,فوق أطول شوية.,شويا للأعلى.,فوق أطول شوي.,القمة اطول شوية.,شويه اطول.,شوي اطول.,من فوء شوي.,القمة أعلى شوية.,التوب أطول سنه.,من فوق.,شي من فوق.,لفوق شوية.,فوق أطول.,القبة شوي أطول.,القمة أطول شوية.,شويه اطول.,العلوي أطول قليلاً .,شويه لفترة أطول.,عليه شوية.,الأعلى أطول شوي.,اطول شوي .,الفنيليه اطول شويه.,من الفوق.,شويه أطول.,طويل شوية.
16896,تشوف أخصائي.,تشوف متخصص.,تشوف مختص.,تشوف مختص.,تشوف متخصص.,تشوف اخصائي.,تشوف اخصائي.,حدا مختص.,تشوف متخصص.,تشوف أخصائي.,تشوف اختصاصي.,تشوف مختص.,شي أخصائي.,تشوف متخصص.,تشوف أخصائي.,تشوف أخصائي.,تشوف اخصائي.,أخصائي .,رؤية أخصائي.,واحد الاختصاصي.,تشوف اخصائي.,اخصائي .,تبسر متخصص.,تشوف مختص.,تشوف أخصائي.,طبيب مختص.
16899,إذا سمحت.,لو سمحت.,من فضلك.,لو سمحت.,لو سمحت.,بعد، رجاءً.,قليلة، رجاءا.,إزا بتريد.,لو سمحت.,من فضلك.,لو سمحت.,لو سمحت.,دقايق، عافاك.,لو سمحت.,لو سمحت.,من فضلك.,اللخ، رجاءا.,من فضلك .,من فضلك.,أخرى، عافاك.,لو سمحت.,دقيقة، .,لو سمحت.,اخرين، يعيشك.,دقايق تانيات.,اخرين، بالله.
16904,رقم أربعطعش.,رقم أربعتاشر.,أربعة عشر.,رقم أربعطعش.,رقم اربعتاشر.,التتبع اربعين.,رقم اربعطش.,رأم أربعتش.,رقم اربعطاش.,رقم أربعتاشر.,رقم أربعة.,رقم اربعطعش.,أربعة عشر.,التتبع اربعطعشر.,رقم أربعتاش.,رقم اربعتاشر.,رقم ارباطعش.,عشر .,أربعة عشر.,رقم اربعطاش.,أربعة عشر.,اربعطعش .,رقم اربعطاعش.,نومرو اربعطاش.,رقم اربعطاش.,رقمأربعطاش.
16911,عندك تشكيلة كبيرة.,بالتأكيد عندك تشكيلة كبيرة.,عندكم خيار كبير.,أكيد عندك خيارات كتيرة.,باتاكيد عندك تشكيلة كبيرة.,عندك مجموعة جبيره.,عندك مجموعة جبيرة.,عندك خيار واسع.,اكيد عندك اختيار مسخط.,إنت عندك اختيار كبير.,عندك مجموعة واسعة.,عندك مجموعة كبيرة.,عندك بالتأكيد مجموعة كبيرة.,عندكم كل شيء.,عندك مجموعة كبيرة.,بالتأكيد عندك خيار كبير.,اكيد عندك تشكيله واسعه.,لديك تشكيلة كبيرة .,عندك مجموعة كبيرة.,أكيد اختيار كبير.,بالتأكيد عندك خيارات كبيرة.,عندك اختيارات كبيرة.,معك قسم كبير.,برشا خيارات.,عندك خيارات هلبه.,عندك شعبية كبيرة.
16928,ولا بمحل.,فى أى مكان.,حتى مكان.,ولا مكان.,في أي حتة.,بأي مكان.,اي حال.,بولا مطرح.,في أي مكان.,في أي مكان.,بأي مكان.,في أي مكان.,فشي بلاصة.,بأي مكان.,أي مكان.,في اي محل.,باي مكان.,في أي مكان .,في أي مكان.,فشي بلاصة.,في أي مكان.,مكان .,اي بقعه.,حتى بلاصة.,ا ي مكان.,فحتى بلاصة.
16936,ع لندن؟,فاضية للندن؟,أماكن للندن؟,فاضي على لندن؟,فاضية لندن؟,شاغره للندن؟,شاغر للندن؟,فاضية علندن؟,شاغرة للندن؟,فاضية للندن؟,فاضية على لندن؟,حق لندن؟,مقاعد خاوية للندن؟,فاضي للندن؟,فاضية للندن؟,مقاعد فاضية للندن؟,مقاعد فارغه للندن؟,شاغرة للندن ؟,فاضية في لندن؟,شي بلايص للندن؟,الى لندن؟,ل لندن؟,فاضيه للندن؟,بلايص للندن؟,فاضيات لي لندن؟,رحلة اللندن؟
16952,تقرير السرقة.,تقرير السرقة.,من تصريح السرقة.,تقرير السرقة.,من تقرير السرقة.,تقرير السرقة.,تقرير السرقة.,تئرير السرئة.,تقرير السرقة.,تقرير السرقة.,تقرير السرقة.,تقرير البوقة.,تقرير السرقة.,تقرير الحرامي.,تقرير الحرامي.,تقرير السرقة.,تقرير السرقه.,تقرير السرقة .,تقرير السرقة.,من الإشعار بالسرقة.,تقرير السرقة.,تقرير السرقة.,تقرير السرقه.,ورقة السرقة.,تقرير الخنبة.,رابور المسروق.
16955,سكني واحد بالشارع.,في الشارع.,في الشارع.,في الشارع.,واحد في الشارع.,واحد بالشارع.,في الشارع.,واحد بالشارع.,في الشارع.,في الشارع.,واحد بالشارع.,واحد في الشارع.,في الشارع.,تقاطع في الشارع.,واحد في الشارع.,في الشارع.,في الشارع.,واحدة في الشارع .,واحد في الشارع.,تقاطع في الشارع.,واحد في الشارع.,واحد بالشارع.,في الشارع.,في الشارع.,في الشارع.,في الشارع.
16960,ما دام مطالعها؟,لما تكون فيه؟,مادام راك هنا؟,ما إنت هناك؟,تكون هناك؟,طالما انته عليه؟,مدان انت عليه؟,كنت رحت؟,بما انك فيها؟,لما تكون فيه؟,تشعلي بطريقك؟,مرة وحدة؟,ملي تكون فيه؟,لما تكون هناك؟,تكون عليه؟,لم تكون عنده؟,لمن تكون بداخلو؟,عندما تكون فيها ؟,بينما انا هناك؟,تعطيني الضو؟,بما انك عنده؟,انت لساتك فيها؟,لمن تكون هناك؟,كيف تحضر؟,في طريقك؟,كيف تدخل غادي؟
16962,السيجارات خفاف؟,دى خفيفة؟,سجائر خفيفة؟,سجاير خفيفة؟,دي معتدلة؟,الجكاير خفيفة؟,الجكاير خفيفة؟,خفاف؟,مش قويات؟,دي خفيفة؟,السجاير خفيفة؟,الزقاير خفيفة؟,سجائر خفيفة؟,الزقأير مطفية؟,السجاير خفيفة؟,دي خفيفة؟,الجكاير خفيفي؟,معتدلة ؟,السجاير خفيفة؟,السجائر خفيفة؟,السجائر معتدلة؟,السجاير خفيفة؟,السجاير خفيفات؟,دخان خفيف؟,هدا خفيف؟,سواجر ليجار؟
16964,هيك بس.,دة بالظبط.,هاكذا برك.,متل هاد.,ده بس.,مثل هذا.,ما هي.,بس هيك.,هكي بالضبط.,دي بالظبط.,هيك.,جذي.,هكا بالضبط.,زي كذا.,زي هدا.,أعجب بي دي.,مثل هذا.,هذه فسحب .,مثل هذا.,غير هاكدا.,مثل هذا.,زيو .,هكذا بالضبط.,كيف هكا.,هدا هو.,كما هكاكة.
16967,خلال ساعة.,فى خلال ساعة.,في ساعة.,ساعة وحدة.,خلال ساعة.,خلال ساعة.,خلال ساعة.,بيجي بعد ساعة.,خلال ساعة.,خلال ساعة.,خلال ساعة.,عقب ساعة.,بقالو ساعة.,بعد ساعة.,خلال ساعة.,خلال ساعة.,ساعه وحدي.,بعد ساعة .,خلال ساعة واحدة.,دابا ساعة.,بعد ساعة.,ساعة وحدة .,خلال ساعه.,بعد ساعة.,بعد ساعة.,بعد ساعة.
16976,الرياضي يتطولوا.,الرياضى دة تطول.,تع هاذ السترة الرياضية.,جاكيت الرياضة هاد.,بتاعة الجاكيت الرياضي دي.,الستره الرياضية اطول.,السترة تطول.,هالجاكيت الرياضة.,الرياضية هضي مطولات.,جاكت الرياضة ده تطول.,هالجاكيت الرياضي.,الجاكيت الرياضي هذي.,الجاكيت الرياضة تطوال.,الجاكيت الرياضي طويلة.,السبورت تكون طويلة.,الرياضي دا تتطول.,الستره الرياضي تطول.,الجاكت الرياضي طويلة .,جاكيت رياضي اطول.,جاكيت ديال الرياضة.,الرياضي ان تطول.,جكيت الرياضة .,الجاكت الرياضي.,البلوزان متاع الرياضة.,الجاكة الرياضيه هادي.,لبست سبور.
16992,رقم التأكيد.,دة رقم التأكيد.,رقم التأكيد.,رقم تأكيد الحجز.,رقم تأكيد الحجز.,رقم التأكيد.,رقم التأكيد.,رأم تئكيد الحجز.,رقم التأكيد.,وده رقم التأكيد.,رقم التأكيد.,رقم التأكيد.,هو رقم التأكيد.,رقم التأكيد.,هي رقم التأكيد.,رقم التأكيد.,رقم التاكيد.,رقم تأكيد الحجز .,هو رقم التأكيد.,الرقم ديال التأكيد.,رقم التأكيد.,رقم التأكيد .,رقم التاكيد.,نومرو التأكيد.,هدا رقم التأكيد.,نومرو ال موافقة.
17027,ميلادك عالطريق.,فى الطريق.,ميلادك قرب.,ميلادك قرب.,ميلادك قرب.,صار قريب.,ميلادك بالطريق.,عيد ميلادك.,ميلادك جاي.,ميلادك قرب.,عيد ميلادك.,قريب.,ميلادك فالطريق.,ميلادك جأي.,على الطريق.,في الطريق.,جيي عالطريق.,اقترب .,في الطريق.,ميلادك قرب.,ميلادك جاي.,ميلادك قرب.,قدو عيجي.,ميلادك قرب.,ميلادك جاي.,في طريق.
17030,بسبب الإضراب.,بسبب الإضراب.,على جال الإضراب.,عشان الإضراب.,بسبب الإضراب.,بسبب الاضراب.,بسبب الاضراب.,بسبب الإضراب.,بسبب الاعتصام.,بسبب الإضراب.,بسبب الإضراب.,بسبب الاضراب.,بسباب الإضراب.,عشان الاضراب.,عشان الاضراب.,بسبب الضربة.,بسبب الاضراب.,الإضراب .,بسبب الإضراب.,بسباب الإضراب.,بسبب الإضرابات.,عشان الإضراب.,بسبب الاضراب.,حيتهم مضربين.,خاطر الإضراب.,خاطر إضراب.
17038,تصلح هاد؟,تصلح دة؟,توجدلي هاذا؟,تصلح هاد؟,تصلح ده؟,تصلح هذا؟,تصلح هذا؟,تصلح هيدا؟,تصلح هضا؟,تصلح دي؟,تصلح هاد؟,تصلح هذي؟,تصلح هادا؟,تصلح دا؟,تصلح هدا؟,تصليح دا؟,تصلح هذي؟,تصلح ذلك ؟,تصلح هذا؟,تصلح هادشي؟,تصلح هذا؟,تصلح هاد؟,تصلح هذا؟,تصلح هذا؟,تصلحه؟,تصلح هذا؟
17068,معجئ بالسيارات.,مزحوم بالعربيات.,معمرة بالسيارات.,أزمة سيارات.,مزحوم بالعربيات.,مزدحم بالسيارات.,مزدحم بالسيارات.,مليان سيارات.,معبي سيارات.,مليان بالعربيات.,معجوء بالسيارات.,متروس سيارات.,مزداحم بالسيارات.,مليان سيارات.,مليان سيارات.,مزحوم بالعربات.,مزدحم بالسيارات.,بالسيارات .,مزدحم بالسيارات.,عامرة بالطوموبيلات.,مزدحم بالسيارات.,سيارات .,مزحوم بالسيارات.,مبلعة بالكراهب.,معبي بسيارات.,بل كراهب.
17079,هديك البناية البيضا.,المبنى الأبيض دة.,في هاذ العمارة البيضاء.,شمال المبنى الأبيض.,شمال المبنى الأبيض.,يسار المبنى الأبيض.,ذاك المبنى الابيض.,البناية البيضة.,من هضكي المبنى الأبيض.,شمال المبنى الأبيض ده.,هداك المبنى الأبيض.,يسار هذاك المبنى الأبيض.,يسار المبنى الأبيض.,لداك المبنى الأبيض.,شمال هديك العمارة البيضا.,بتاع المبنى الأبيض داك.,يساغ هذيك البنايه البيضا.,هذا المبني الأبيض .,يسار المبنى الأبيض.,ديال ديك البناية البيضا.,ذاك المبنى المبنى.,هداك المبنى الابيض .,يسار هذك العمارة البيضاء.,متاع البنية البيضة.,اليسار من المبنى الابيض.,يسار ال بنية ثالثة.
17094,الأول بيطلع عالساعة إدعش الصبح.,خمسة وعشرين بيتحرك حداشر الصبح.,على الساعة الحادية عشر صباحا.,أكتوبر وماشيين احدعش الصبح.,في اللي بيمشي الساعة حيداشر بليل.,الأول نغادر بالدعش الصبح.,اكتوبر نغادر اهدعش الصبح.,الأول عالساعة حدعش الصبح.,ونغادر على الاحداش في الصبح.,أكتوبر بيطلع حداشر الصبح.,وطالعين عالساعة إدعش الصبح.,اكتوبر بتطير احدعش الصبح.,نمشيو فالحادية عشرة في الصباح.,على الساعة حداعشر الصباح.,أكتوبر الساعة احداعش الصبح.,والمغادرة عند حداشر صباحا.,خمسي وعشين نغادر بالايدعش الصبح.,في الساعة الحادية عشر صباحاً .,والمغادرة في الحادية عشرة في الصباح.,أكتوبر مع لحضاش دصباح.,مغادرين الساعة احدى عشر الصبح.,على الساعة اهدعش الصبح .,يمشي الساعة حداعش الصبح.,أكتوبر لحداش متاع النهار.,اكتوبر الساعة حداش الصبح.,عشرين خارجين مع لحداش صباح.
17097,قدام. هون، اي.,كمان. هناك، أيوة.,هاهو، إيه.,قدام. هناك، صح.,أيوة، هناك.,بالأمام. هنا، نعم.,كدام. هناك، اي.,هونيك، إي.,لقدام. هنك، اها.,قدام. هناك، أيوة.,قدام. هنيك، اي.,قدام. هني، اي.,الواجهة. هناك، نعم.,قدام. هناك، أيوا.,أه، هناك.,المقدمة. هناك، أيوة.,بالامام. هوني، اي.,هناك ، نعم .,جدام. هناك، نعم.,تما، نعم.,قدام. هناك، ايه.,. هون، اه .,هاناك، ايوة.,ماهياش داخلة.,القدام. ايواه، غادي.,غادي، إي.
17115,بيشمل الوجبات.,بيشمل الوجبات.,ماشي داخلة.,بتضمن الوجبات.,ميشملش الوجبات.,يشمل الوجبات.,يشمل الوجبات.,بيتضمن الأكل.,يتضمنش وجبات.,بيشمل الوجبات.,بيشمل الوجبات.,يشمل الوجبات.,وجبات الطعام.,مو داخلة.,بيشمل الوجبات.,بشمل وجبات.,يتضمن الوجبات.,يشمل الوجبات .,يشمل وجبات الطعام.,الوجبات ماداخلاش.,بدون وجبات.,وجبات الاكل .,يشملش الوجبات.,ماهياش داخلة.,غير الماكلة.,مفيهش ماكلة.
17117,أرجع هالبطاقة؟,دى فين؟,هاذ التذكرة؟,أسترجع هاي التذكرة؟,فلوس التذكرة دي؟,ثمن هاي التذكره؟,هاي البطاقة؟,إسترد حق هالبطاءة؟,فلوسي للتذكرة هضي؟,التذكرة دي؟,مبلغ هي التذكرة؟,ارجع هالتذكرة؟,نرجع هاد التذكرة؟,دي التذكرة؟,هاي التزكرة؟,قيمة التزكرة دي؟,هذي التكت؟,هذه التذكرة ؟,هذه التذكرة؟,ثمن هاد التذكرة؟,هذي التذكرة؟,هاي التذكرة؟,تيه التذكرة؟,سوم التسرة؟,نرجع التذكره؟,فلوس تسكرة هذي؟
17120,هيك بصير؟,دة بيحصل؟,يصرا دايمن؟,هيك صار؟,حصل ليه؟,هذا الشي؟,صار هذا؟,صار هيك؟,يصير هضا؟,حصل ليه؟,بيصير هيك؟,يصير؟,كيوقع هادشي؟,يصير كدا؟,هيك صار؟,هو بحصل؟,صاغ هشكل؟,هذا ؟,صار ذلك؟,الشي كايوقع؟,يصير؟,هيك بصير؟,بيحصل؟,يصير ساعات؟,صار هكي؟,صار؟
17149,أرتاح.,آخد ريست.,نشوف الباقي.,آخد استراحة.,آخد راحة.,ارتاح.,ارتاح.,آخد غطة.,ناخذ راحة.,آخد راحة.,آخد راحة.,اريح.,نرتاح شوية.,اخذ راحة.,أستريح.,اخد راحة.,اخذ راحه.,على استراحة .,اخذ راحة.,ناخود الباقي.,راحة.,ارتاح .,ارتاح.,نشوف الباقي.,ناخد راحه.,نشوف الباقي.
17158,سمحت تعا وخدها.,سمحت تعالى خدها.,تديها من فضلك.,سمحت تعال وخدها.,تيجي وتاخدها.,تعال اخذها.,تعال اخذها.,بترد تعا خدا.,تعال و خوذها.,سمحت تعالا وخدها.,سمحت تعال خدها.,سمحت تعال خذها.,أجي وخودها.,سمحت تعال وخذها.,تعال و خدها.,تعال و شيلا.,تعال وخذا.,فضلك احضر لتأخذها .,تعال و خذها.,أجي تردها.,تعال و خذها.,تعال و خدها .,جي شلها.,هزها يعيشك.,تعالى خودني.,اجا هزهالي.
17163,شوي من ورا.,شوية من ورا.,طويل من الخلف.,شوي من ورا.,شوية من ورا.,من وره.,اطول من ورا.,بشوي من ورا.,شوية من لاورا.,أطول سنة من ورا.,بشوي من ورا.,اطول من ورا.,شوية من اللور.,شوية من ورا.,أطول من ورا.,شوية في الخلف.,اطول بالخلف.,رأسي أطول قليلاً .,قليلا في الخلف.,طويل من اللور.,شوي بالخلف.,من عند الظهر .,شوية من ورا.,شوية من تالي.,شويه من التالي.,شوية في ضهر.
17177,يلي عندك؟,اللى عندك؟,الأنواع عندكم؟,عندك أنواع؟,اللي عندك؟,الي عندك؟,نوع عندك؟,نوع عندك؟,الي عندك؟,أنواع إيه؟,يللي عندك؟,اللي عندك؟,اللي عندك؟,اللي عندك؟,عندك أنواع؟,أنواع عندك؟,نوع عندك؟,التي لديكم ؟,التي عندك؟,أشكال عندك؟,الأنواع عندك؟,اللي عندك؟,من انواع؟,الي عندك؟,انواع عندك؟,ل عندك؟
17179,من محلاتي المفضلة.,الأماكن المفضلة عندى.,المفضلة بالنسبة لي.,من الأماكن المفضلة عندي.,من الاماكن المفضلة عندي.,من الأماكن المفضلة عندي.,من اماكني المفضلة.,المطارح المفضلة عندي.,من الأماكن المفضلة عندي.,من أحسن الأطباق عندي.,الأماكن المفضلة عندي.,من افضل الاماكن عندي.,بين البلايص المفضلة عندي.,الأماكن المفضلة عندي.,الأماكن المفضلة عندي.,من أماكني المفضلة.,من اماكني المفضله.,الأماكن المفضلة لي .,الأماكن المفضلة عندي.,الأماكن المفضلة عندي.,من اماكني المفضلة.,الاماكن المفضلة عندي .,من اماكني المفضلة.,من البلايص الي نحبهم.,من مكاناتي المفضله.,أعز بلايص عندي.
17180,يلي ببالك؟,اللى فى دماغك؟,النماذج لي عندكم؟,اللي حاطته ببالك؟,اللي في دماغك؟,الي أبالك؟,موديل ببالك؟,حاطط براسك؟,الي في بالك؟,معين في دماغك؟,حاطه ببالك؟,في بالك؟,عندك في الاعتبار؟,في بالك؟,حاطو ببالك؟,عندك في بالك؟,الموديلات اكو ببالك؟,الذي تفكر فيه ؟,عندك في عقلك؟,عندك فالراس؟,في بالك؟,اللي ببالك؟,من موديل؟,عندك في مخك؟,الموديلات في بالك؟,في مخك؟
17204,صفر واحد ع طوكيو.,خمسة زيرو واحد لطوكيو.,ديالي هو خمسمئة و واحد لطوكيو.,خمسة صفر واحد لطوكيو.,خمسة زيرو واحد لطوكيو.,خمسة صفر واحد لطوكيو.,الرحلة خمسمية وواحد لطوكيو.,الرحلة خمسمية وواحد عطوكيو.,هو خمسه صفر واحد لطوكيو.,خمسة صفر واحد لطوكيو.,خمسة صفر واحد على طوكيو.,الرحل خمسمية وواحد لطوكيو.,خمسة صفر واحد لطوكيو.,خمسة صفر واحد لطوكيو.,خمسة صفر واحد من طوكيو.,خمسة صفر واحد لطوكيو.,هو خمسي صفر ويحد لطوكيو.,خمسة ، صفر ، واحد .,خمسة صفر واحد لطوكيو.,هو خمسة زيرو واحد لطوكيو.,خمسة صفر واحد الى طوكيو.,خمسة صفر واحد لطوكيو.,خمسة صفر واحد الى طوكيو.,متاعي خمسة صفر واحد لطوكيو.,خمسة صفر واحد لطوكيو.,طوكيو هو خمسة صفر واحد.
17216,خريطة بسيطة من هون؟,خريطة بسيطة من هنا؟,المكان اللي رانا فيه؟,خريطة مبسطة من هون؟,مبسطة من هنا؟,بسيطة منا؟,خريطة بسيطة منا؟,خريطة بسيطة من هون؟,بسيطة من هنا؟,خرطة واضحة من هنا؟,من هون لو سمحت؟,بسطية من هني؟,خريطة من هنا؟,صغيرة من هنا؟,خريطة ضغيرة من هون؟,خريطة بسيطة من هنا؟,بسيطه من هوني؟,خريطة بسيطة من هنا ؟,مبسطة من اهني؟,خريطة ساهلة دهاد البلاصة؟,خريطة مبسطة من هنا؟,خريطة بسيطة من هون؟,خريطة مبسطة من هانا؟,للبلاصة الي احنا فيها؟,بسيطه من هنايا؟,بسيطة من هوني؟
17217,منلتقى؟,بنتقابل فين؟,نديرو موعد؟,راح نلتقي؟,بنتقابل فين؟,نلتقي؟,تلتقي؟,منتلائى؟,نتلاقو؟,فين؟,منلتقى؟,نلتقي؟,نتلاقاو؟,نتقابل؟,بنتقابل؟,بنتلاقى؟,نلتقي؟,نتقابل ؟,بنتقابل؟,نتلاقاو؟,نلتقي؟,نتقابل؟,نلتقي؟,نتقابلوا؟,نتلاقو؟,نتقابلو؟
17222,متل ما كان.,زى ما كان.,المشطة اللي مقبل.,زي ما كان.,شعري زي ماكانت.,مثل ما كان.,ما جان.,متل ما كان.,زي ما كان.,شعري زي ما كانت.,متل ما كان.,ما كان.,مجموع كيف كان.,زي ما كان.,ما هو معمول.,زي ما كان.,مثل ما كان.,عليها من قبل .,مثل ما كان.,ديال قبل.,ما كان.,ما كان .,مثل ما كان.,كيف قبل.,زي ما هوا.,مشطة كيما قبل.
17229,إذا سمحت.,لو سمحت.,من فضلك.,لو سمحت.,لو سمحت.,خمسين، رجاءً.,خمسين، رجاءا.,إزا بتريد.,لو سمحت.,لو سمحت.,لو سمحت.,لو سمحت.,خمسين، عافاك.,لو سمحت.,لو سمحت.,من فضلك.,خمسين، رجاءا.,من فضلك .,من فضلك.,خمسين، عافاك.,لو سمحت.,لو سمحت.,خمسين لوسمحت.,خمسين، يعيشك.,لو سمحت.,خمسين، يعيشك.
17272,عالخطوط الجوية اليابانية؟,فى الخطوط الجوية اليابانية؟,للخطوط الجوية اليابانية؟,مع الخطوط الجوية اليابانية؟,الخطوط الجوية اليابانية فين؟,دخول للخطوط اليابانية؟,للخطوط الجوية اليابانية؟,عالخطوط اليابانية؟,ان للخطوط الجوية اليابانية؟,في الخطوط الجوية اليابانية؟,وصول بالخطوط الجوية البايانية؟,الخطوط الجوية اليابانية؟,في الخطوط الجوية اليابانية؟,على الخطوط الجوية اليابانية؟,للخطوط الجوية اليابانية؟,الخطوط الجوية اليابانية؟,للخطوط الجوية اليابانية؟,للخطوط الجوية اليابانية ؟,الخطوط الجوية اليابانية؟,للخطوط الجوية اليابانية؟,الخطوط الجوية اليابانية؟,للخطوط الجوية اليابانية؟,للخطوط الجوية اليابانية؟,الجوية اليابانية؟,للخطوط الجوية اليابانية؟,الجوية اليابانية؟
17280,هنن المحتويات؟,المحتويات؟,هو المحتوى؟,المحتويات؟,المكونات؟,المحتويات؟,المحتويات؟,المحتويات؟,المحتويات؟,هي المحتويات؟,المحتويات؟,المحتويات؟,هي المحتويات؟,المحتويات؟,المحتويات؟,شنو؟,المحتويات؟,المحتويات ؟,اهي المحتويات؟,المضمون؟,هي المحتويات؟,المحتويات؟,المحتويات؟,شفيه؟,المحتويات؟,المحتوى؟
17295,بالمنطقة بينصح فيها؟,المنطقة بتترشح بقوة؟,بيها بزاف فالحومة؟,تكون كتير منصوح فيها؟,بيتصنف ينصح بيها قوي؟,ينصح بيها بشدة؟,يوصون بيها كلش؟,بتنصحني فيون كتير؟,المنطقة موصى بيهن بكل؟,المنطقة مترشحة بدرجة كبيرة؟,بالمنطقة نصيحة كتير؟,هالمنطقة يمدحونها بزيادة؟,المنطقة موصين بيها بزاف؟,دي يقتروحوه بشكل كبير؟,بتنصح فيها كتير؟,المنطقة البتتزكي بشكل عالي؟,بالمنطقه موصى بها كثيغ؟,تلقي تزكية كثيرة ؟,في المنطقة توصيني عليها؟,عليهم الاقبال فالمنطقة؟,منصوح بها بشدة؟,بالنطقة ينصح فيها؟,المنطقة ينصحوا بها بشدة؟,في الحي؟,منصوح بيها هلبه؟,منصوح بها؟
17311,إذا سمحت.,لو سمحت.,من فضلك.,لو سمحت.,لو سمحت.,خردة، رجاءً.,خردة، رجاءا.,إزا بتريد.,لو سمحت.,لو سمحت.,لو سمحت.,لو سمحت.,الصرف، عافاك.,لو سمحت.,لو سمحت.,من فضلك.,صرف، رجاءا.,بعض الفكة .,من فضلك.,الصرف، عافاك.,لو سمحت.,لو سمحت .,فكة لوسمحت.,الفلوس، يعيشك.,لو ممكن.,فلوس، يعيشك.
17313,شناتيك رح تكون هون.,شنطك هتكون هنا.,ديالك يكونو هنا.,شنطك راح يكونوا هون.,شنطك هتبقى هنا.,مالتك تكون هنا.,جنطك يكونن هنا.,شنطك رح يكونو هون.,شناطيك يقعدن هنا.,إن شنطك هتكون هنا.,إنه يوصلوا شناتيك.,شناطج يكونون هني.,الحقائب ديالك غتكون هنا.,شنطتك تكون هنا.,شناتيك رح يكونو هون.,شنطك ح يكونوا هنا.,جنطك غاح تكون هنوك.,حقائبك ستكون هنا .,شناطك بتكون اهني.,الصيكان ديالك هنا.,حقائبك بتكون هنا.,شناتيك يكونو هون .,الشنط يوقعين هانا.,لين الساك يكون هوني.,شناطيك يكونو هنايا.,كل باش تكون هوني.
17315,موسى مشوي.,دوفرسول مشوى.,صول دوفر مشوي.,الدوفر المشوي.,دوفر المشوي.,سمك دوفر المشوي.,سول مشوي.,الدوفر سول المشوي.,سمك موسى مشوي.,المشوي الوحيد بتاع دوفر.,دوفر سول مشوي.,خوفعة مشوية.,المشوي دوفر سول.,مفلطح مشوي.,السمك المشوي.,دوفر سول.,المشوي الوحيد.,موسى المشوي الخاص بدوفر .,دوفر الوحيد.,سول دوفر مشوي.,دوفر سول.,سول مشوي .,دوفر سول مشوي.,نداس مشوي.,حوت مشوي.,مشوي ال وحيد.
17339,نضل.,هنكون مقيمين.,رايحين نقعدو.,نضل قاعدين.,قاعدين.,نبقى.,نبقى.,نبئى.,حنقعدو.,حنستنى.,نبقى.,بنتم.,نبقاو.,حنقعد.,نضل.,نكون قاعدين.,نكون بيقيين.,.,بنقعد.,نبقاو.,بنجلس.,نضل .,عنجلس.,نقعدوا.,حانقعدو.,نبقاو.
17350,انتشلت.,إتثبت.,عليا.,تهاجمت.,اتثبت.,تسلبت.,انبكت.,سرأوني.,انسرقت.,تهديد السلاح.,انسرقت.,باقوني.,خلل.,انسرقت.,انسرقت.,اتسرقت.,سرقتي.,سلب .,لهجوم.,للاعتداء.,انسرقت.,هجم علي.,استرقت.,ضربوني.,انخنبت.,تسرقت.
17356,لازم أركزو؟,محتاج أركز عليه؟,نركز عليه؟,أركز عليه؟,اركز عليها؟,لازم اركزها؟,اركز عليها؟,لازم ركزا؟,نركز عليه؟,لازم أسنتره؟,اعمله فوكاس؟,اسوي فوكس؟,نركز عليه؟,اركز عليها؟,أركز عليه؟,على اركزه؟,اركز علينو؟,أن أقوم بتركيزها ؟,علي اركز عليه؟,ندير الخلاصة؟,لازم اركزه؟,لازم اركزعليه؟,لازم اركزعليه؟,لازمني نركز؟,لازم نعدله؟,لازمني نعينو؟
17381,نشارك.,هنتشارك.,نتقاسمو.,نشارك.,فيه.,نشارك.,نتشارك.,نتئاسم.,توا نتشاركو.,هنشارك.,نشارك.,بنتشارك.,نتشاركو.,حنتشارك.,نتشارك.,ح نشارك.,غاح نتشارك.,.,سنتشارك.,نتشاركوا.,بنتقاسم.,نتشارك .,عنشارك.,نتشاركوا.,حانتشاركو.,نتقاسمو.
17394,المستودع. استنا دقيقة بس، إذا سمحت.,بتاعنا. استنى دقيقة بس، من فضلك.,فالمخزن ديالنا. انتظر دقيقة، من فضلك.,أشيك المخزن. استنى دقيقة، لو سمحت.,على المخزن . إستنى دقيقة، لو سمحت.,المخزن. انتظر بس دقيقة، رجاءً.,راح اجيك مخزننا. انتظر دقيقة رجاءا.,المخزن. دئيئة وحدة بس، إزا بتريد.,مخزنا. ارجى دقيقة وحدة، من فضلك.,فروعنا. إستنى دقيقة واحدة، من فضلك.,شوف بالمخزن. استنى بس دقيقة رجاءً.,المخزون. انتظر دقيقة بس، لو سمحت.,في المخزن. تسنى دقيقة وحدة، عافاك.,المستودع. دقيقة انتظر، لو سمحت.,في المخزن. استنى دقيقة، لو سمحت.,ارصدتنا. إنتظر دقيقة بس، من فضلك.,اجيك مخازنه. انتظر بس دقيقه، رجاءا.,. انتظر دقيقة من فضلك .,مخزوننا. انتظر دقيقة واحدة، من فضلك.,من الخزين ديالنا. اتسنى دقيقة، عافاك.,مخزوننا. اصبر دقيقة، لو سمحت.,القائمة عنا . استنى دقيقة، لو سمحت .,شابسر المخزن. راعي شوية لوسمحت.,في المخزن. استناني دقيقة، يعشك.,المخزن. استنى دقيقة، لو سمحت.,سلعة. استنى ادقيقة عيشك.
17398,إذا سمحت.,لو سمحت.,من فضلك.,لو سمحت.,لو سمحت.,المي، رجاءً.,وماي، رجاءا.,إزا بتريد.,لو سمحت.,لو سمحت.,لو سمحت.,لو سمحت.,بالما، عافاك.,لو سمحت.,لو سمحت.,من فضلك.,ماي، رجاءا.,من فضلك .,من فضلك.,ماء، عافاك.,لو سمحت.,لو سمحت .,ماء، لوسمحت.,بالماء، يعيشك.,من فضلك.,ماء، عيشك.
17399,شقد بكلف؟,يكلف أد إيه؟,شحال يسوا؟,كم بكلف؟,بكام ده؟,شكد يكلف؟,شكد يكلف؟,أديش حقه؟,كم يكلف؟,بكام ده؟,أديش بكلف؟,حلو. بكم؟,شحال كيكلف؟,بكم يكلف؟,قديش بيكلف؟,كم بيكلف؟,اشقد يكلف؟,ما الثمن ؟,كم يكلف؟,شحال كايسوى؟,كم يكلف؟,قديش بيكلف؟,كم يكلف؟,قداش يعمل؟,قداش يكلف؟,هيلة. قادش سومه؟
17414,تاخد الدوا من هنيك.,تاخد الدوا من هناك.,تصيب الدواء لهيك.,راح تلاقي الدوا هناك.,تاخد الدوا من هناك.,تكدر تاخذ الدوه هناك.,تكدر تاخذ الدوا مناك.,تجيب الدوا من هونيك.,تقدر تحصل الدواء غادي.,تقدر تلاقي الدوا هناك.,تجيب الدوا من هنيك.,تحصل الدوا هناك.,تقدر تاخد الدوا تماك.,حتلاقي الدواء هناك.,تاخد الدوا من هناك.,تحصل على الدواء هناك.,اتطيق تاخذ الدوا هنوك.,الحصول على الدواء من هناك .,الحصول على الدواء هناك.,تما تلقى الدوا.,تقدر تاخد الدواء هناك.,الدوا من هناك .,تشل العلاج من هاناك.,تو تلقى الدواء.,حيعطوك الدوا غادي.,تاخد دوى من غادي.
17438,طلبت هاد.,طلبت دة.,طلبت هاذا.,طلبت هاد.,طلبت ده.,طلبت هذا.,طلبت ذاك.,هيدا.,طلبت هضا.,طلبت ده.,هداك.,هذاك.,هاداك.,داك.,هداك.,داك.,طلبتو هذاك.,ذلك .,ذلك.,الشي .,ذاك.,هاد .,طلبت هذاك.,هذا.,طلبت هدا.,إطلبت هذا.
17453,محطة بين هون وشيكاغو.,محطة بين هنا وشيكاجو.,تحب من هنا لشيكاغو.,محطة بين هون وتشيكاغو.,محطة بين هنا وشيكاغو.,محطة بين هنا وشيكاغو.,محطة منا لشيكاكو.,محطة بين هون وشيكاغو.,ما بين هنا و شيكاغو.,محطة بين هنا وشيكاغو.,محطة بين هون وشيكاغو.,محطة بين هني وشيكاغو.,محطة بين هنا وشيكاغو.,محطة بين هنا وشيكاغو.,بين هون و شيكاغو.,بين هنا و شيكاغو.,محطه بين هوني وشيكاغو.,محطة ما بين هنا وشيكاغو .,محطة بين اهني وشيكاغو.,مابين هنا و شيكاغو.,بين هنا و شيكاغو.,بين هون و شيكاجو .,محطة بين هانا وشيكاجو.,حاجتك بها من هوني لشيكاغو.,بين هنايا و شيكاجو.,أي إمحتى منهنا الشيكاغو.
17460,هدايا تذكارية؟,تذكارية منين؟,أشياء تذكارية؟,أشتري هدايا تذكارية؟,من فين؟,شويه تذكارات؟,هدايا تذكارية؟,إشتري تزكارات؟,شوية تذكرات؟,هدايا تذكارية؟,شوية هدايا تذكارية؟,اشتري هدايا؟,ديال الهدايا التذكارية؟,ذكرى سنوية؟,أشتري سوفينير؟,بعض التذكارات؟,شويه هدايا؟,بعض الهدايا التذكارية ؟,بعض الهدايا التذكارية؟,شي هدايا تذكارية؟,اشتري تذكارات؟,اشتري هدايا تذكارية؟,اشتري تذكارات؟,حاجات للذكرى؟,شويه حاجات تذكاريه؟,حاجات للذكرى؟
17475,بحسن أشتريه.,مقدرش أشتريه.,منقدرش نشريه.,ما بقدر أشتريه.,أنا مقدرش اشتريه.,ما اكدر اشتريه.,اكدر اشتريه.,بقدر إشتري.,مانقدرش نشريه.,مقدرش أشتريه.,مافيني اشتريه.,ماقدر اشتريه.,منقدرش نشريه.,قادر اشتريه.,بقدر أشتريه.,ما بقدر اشتريه.,ما اطيق اشتغينو.,لا أستطيع شرائها .,ماقدر اشتريها.,مانقدرش نشريه.,اقدر اشتريه.,بقدر اشتريه .,مقدرش اشتريه.,منجمش نشريه.,ما نقدرش نشريه.,منجمش نشريها.
17482,اند كومباني بشيكاغو، إذا سمحت.,كومباني فى شيكاجو، لو سمحت.,سي أند كومباني، من فضلك.,كومباني في شيكاغو، لو سمحت.,آند كومباني في شيكاغو، لو سمحت.,آند كومبني بشيكاغو، رجاءً.,سي اند كومباني بشيكاكو، رجاءا.,آند كومباني بشيكاغو، إزا بتريد.,شركة في شيكاغو، لو سمحت.,كومباني في شيكاغو، لو سمحت.,أند كومباني بشيكاغو، لو سمحت.,كومباني في شيكاغو، لو سمحت.,اند كومباني في شيكاغو، عافاك.,كومباني في شيكاغو، لو سمحت.,كومباني في شيكاغو، لو سمحت.,اند كمباني في شيكاغو، من فضلك.,سي اند كومباني بشيكاغو، رجاءا.,سي والشركة في شيكاغو من فضلك ؟,اند كومباني في شيكاغو، من فضلك.,بي سي أند كومباني فشيكاغو، عافاك.,كومباني في شيكاغو، لو سمحت.,كومباني بشيكاغو، لو سمحت .,أند كومباني في شيكاجو، لوسمحت.,آند كومباني في شيكاغو، يعيشك.,كومباني في شيكاغو، لو سمحت.,آند كومباني في شيكاغو، عيشك.
17488,الكاتدرائية؟,الكاتدرائية؟,راهي الكاتدرائية؟,الكنيسة؟,الكاتدرائية؟,الكاتدرائية؟,الكاتدرائية؟,الكاتدرائية؟,الكاتدرائية؟,الكاتدرائية؟,الكاتدرائية؟,الكنيسة؟,الكاتدرائية؟,الكنيسة؟,الكاثدرالية؟,الكاتدرائية؟,الكاتدرائيه؟,الكاتدرائية ؟,الكاتدرائية؟,كاينة الكاتدرالية؟,الكاتدرائية؟,الكاتدرائية؟,الكاثدرائية؟,الكنيسية؟,الكنيسة؟,الكنيسة؟
17496,البيض تبعك؟,بتاعك إزاى؟,البيض ديالك؟,البيض تبعك؟,بتاعك إزاي؟,البيض مالتك؟,البيض مالك؟,بدك البيض؟,الدحي بتاعك؟,البيض إزاي؟,بدك البيض؟,تبغي بيضتك؟,البيض ديالك؟,البيض حقك؟,تاعك يكون؟,داير بيضك؟,البيض مالك؟,تأكل البيض ؟,تبغا بيضك؟,تاخد البيض؟,البيض حقك؟,البيض تبعك؟,حقك البيض؟,تحب عضماتك؟,الدحي متاعك؟,لعذذم إمتيعك؟
17504,جنب هالمبنى.,على طول.,العمارة بالضبط.,جنب هاي البناية.,على طول.,هذا المبنى.,بصف البناية.,حد هالبناية.,المبنى هضا.,ده علطول.,المبنى تمام.,هذاك المبنى.,المبنى مباشرة.,على طول.,جنب العمارة.,دا طوالي.,هذي البنايه.,المبني تحديداً .,هالمبنى مباشرة.,هاد البناية.,المبنى مباشرة.,المبنى مباشرة.,المبنى بالضبط.,البنية هذه.,المبنى هدا.,بضبط .
17526,يجيبولنا واحد.,نسيوا يجيبولنا واحد.,نساو مجابولناش واحد.,نسيوا يجيبولنا واحد.,نسيو يجبولنا واحد.,يجيبولنا واحد.,يجيبولنا واحد.,نسيو يجيبولنا واحد.,يجيبولنا وحدة.,نسيوا يجبولنا واحد.,يجيبولنا واحد.,يجيبون لنا واحد.,تجيب لينا وحدة.,يجيبو لنا واحد.,يجيبولنا واحد.,يجيبوا لينا واحد.,يجيبولنه ويحد.,يحضروا واحدة لنا .,أن اتييب لنا واحدة.,يجيبو لينا واحد.,يجيبون لنا واحد.,يجيبلولنا وحدة.,يدوا لنا واحد.,باش يجيبولنا واحد.,يجيبولنا واحد.,إيجبولنة وحدة.
17537,مشان في حال احتجنا نتصل فيك؟,فى حالة لو إحتجنا نتصل بيك؟,ديالك، بالاك نحتاجو نتصلو بيك؟,في حالة احتجنا إنو نتواصل معك؟,حالة لو إحنا احتجنا نتواصل معاك؟,مالتك، بس بحالة نريد نتصل بيك؟,في حال احتاجينا نتصل بيك؟,في حال عزنا نتصل فيك؟,حالة بس لو احتجنا نتواصلو معاك؟,في حالة لو احتجنا نتصل بيك؟,في حال إحتجنا نتواصل معك؟,في حالة احتجنا نتصل فيك؟,بيك، غي فحالة حتاجينالك نتاصلو بيك؟,لو نبا نتواصل معاك؟,في حال بدنا نتواصل معك؟,في حالة دايرين نتصل عليك؟,التليفون، بس بحاله احتجنه نتصل بيكم؟,تليفونك في حالة الحاجة إلى الاتصال بك ؟,حالة اننا نحتاج نتصل فيك؟,تلفون ديالك، إلا احتاجنا نتصلوا بيك؟,فقط في حالة احتجنا نتواصل معك؟,بس بحالة احتجنا نحكي معك؟,احتياط لو احتجنا نتواصل معك؟,في صورة ما استحقينا نكلموك؟,تلفونك، في حالة احتجنا نكلموك؟,تليفونك، ربما نعاود نكلموك؟
17548,اسم الرسام؟,الرسام إيه؟,الرسام؟,إسم الرسام؟,اسم الرسام؟,اسم الرسام؟,اسم الصباغ؟,إسم الرسام؟,اسم الرسام؟,اسمه إيه؟,اسم الرسام؟,اسم الرسام؟,اسم الرسام؟,اسم الرسام؟,اسم الرسام؟,دا منو؟,اسم الرسام؟,الرسام ؟,اسم الرسام؟,اسم الرسام؟,اسم الرسام؟,اسم الرسام؟,اسم المرنج؟,الرسام؟,اسم الرسام؟,ارسام؟ ؟
17559,فيك بس يجي؟,لما يدخل؟,يتصل بيك غير يوصل؟,مرة تانية بس يرجع؟,لما يجي؟,بيك لمن يجي؟,من يرجع؟,بس يرجع؟,يكلمك لما يخش؟,بيك تاني لما يرجع؟,فيك وقت يفوت؟,فيك لما يوصل؟,بيك ملي يرجع؟,لما يجي؟,معك لما يجي؟,عليك لم يجي داخل؟,بيك لمن يرجع؟,بك عندما يعود ؟,ثانية عندما ايي؟,بيك منين يرجع؟,عليك اذا دخل؟,ثانية بس يرجع؟,بك لما يجي؟,يكلمك كيف يجي؟,لما يجي؟,كي ايجي؟
17593,آخد هاد.,آخد دة.,حاب هاذا.,آخد هاد.,عايز ده.,اخذ هذا.,ذاك .,آخد هيدا.,ناخذ هضكي.,ده.,هداك.,آخذ هذي.,داك الواحد.,داك الشيء.,أخد هداك.,الواحد داك.,هذاك الويحد.,هذا .,يكون هذا.,هادا.,على ذاك.,هداك .,اشل هذاك.,هذه.,من هدا.,نخو أذكة.
17606,الطلعة. خليني أشرب بصحتك.,بعد الركوب. فى صحتك.,عند الصعود. نشربو لصحتك.,ما نطلع. بنخب صحتك.,البوردنج. خليني نشرب في صحتك.,وره الصعود. اسمحلي اشرب بصحتك.,خليني اشرب في صحتك.,خليني إشرب كاس في صحتك.,الركوب. خليني نشرب في صحتك.,بعد الركوب. خليني اشرب في صحتك.,اطلعنا. خلينا نشرب بصحتك.,نركب. خلني اشرب بصحتك.,بالشمبانيا بعد الطلوع، بصحتك.,بعد الركوب، بصحتك.,بعد ما نركب. بصحتك.,بعد الركوب. خليني اشرب في صحتك.,بعد الركوب. اسمحلي نشغب بصحتك.,. دعني أشرب فى صحتك .,خلني اشرب في صحتك.,من بعد الركوب. نشربو فصحتك.,الصعود. خلني اشرب في صحتك.,نطلع . خليني اشرب في صحتك .,ما نطلع. خلينا نشرب في صحتك.,الركوب. نشربوه على صحتك.,ما ركبت. صحتين لصحتك.,بعد منطلعو. في صحتك.
17609,لتمان سنتات بالميل.,زائد تمانية سنت للميل.,عشرة سنت للميل.,تمنية سنت لكل ميل.,تمانية سنتات لكل ميل.,ثمن سنتات للميل.,ثمان سنتات للميل.,تمانة سنت عالميل.,ثمانية سنت للميل.,تمانية سنت لكل ميل.,سنت لكل ميل.,ثمانية سنت حق الميل.,ثمانية سنتات لكل ميل.,تمانية سنت لكل ميل.,تمنية سنت على الميل.,تمنية سنت للميل.,ثمن سنتات لكل ميل.,ثمانية سنت لكل ميل .,ثمانية سنتات لكل ميل.,تمنية د السنت للميل.,ثمانية سنت للميل.,سنتات لكل ميل .,ثمانية سنت بالميل.,عشرة سنت للميل.,عليهم تمانية سنتات للميل.,وثمانية سنتات فيل ميل.
17615,بخمس دولارات.,خمسة دولار.,خمسة دولارات.,بخمسة دولار.,بخمس دولارات.,بخمس دولارات.,بخمس دولارات.,عخمسة دولار.,بخمسة دولار.,بخمسة دولار.,بخمسة دولار.,بخمسة دولار.,بخمسة دولار.,خمسة دولار.,بخمسة دولار.,خمسة دولارات.,خمس دولارات.,دولارات .,بخمسة دولارات.,بخمسة دولار.,بخمسة دولار.,دولارات .,بخمسة دولار.,بخمسة دولار.,بخمسة دولار.,خمسة دولار.
17636,حدا تاني؟,أوردر حد تانى؟,شخص واحد آخر؟,حدا تاني غيري؟,حد تاني؟,شخص آخر؟,واحد ثاني؟,حدا تاني؟,حد ثاني؟,طلب حد تاني؟,حدا تاني؟,احد ثاني؟,ديال شي حد اخور؟,طلب شخص تاني؟,حدا تاني؟,زول تاني؟,مال شخص اخر؟,شخص آخر .,شخص ثاني؟,ديلا واحد آخر؟,شخص اخر؟,حدا ثاني؟,احد ثاني؟,واحد آخر؟,حد تاني؟,شخص أخر. ؟
17645,بوصل للمتحف؟,أوصل المتحف؟,نروح للمتحف؟,أوصل للمتحف؟,للمتحف إزاي؟,اوصل للمتحف؟,ع المتحف؟,بوصل عالمتحف؟,نوصل للمتحف؟,أروح المتحف؟,بوصل عالمتحف؟,اروح المتحف؟,نمشي للمتحف؟,اقدر اروح للمتحف؟,أوصل على المتحف؟,أصل للمتحف؟,اصل للمتحف؟,أذهب إلى المتحف ؟,اوصل إلى المتحف؟,كيفاش نوصل للمتحف؟,اروح للمتحف؟,اوصل على المتحف؟,اوصل للمتحف؟,نمشي للمتحف؟,نمشي للمتحف؟,نمشي للمتحف؟
17649,بدي أأجل الموعد.,أنا عاوز أأجل الميعاد.,راني حاب نأجل الموعد.,أنا بدي اأجل الإجتماع.,كنت عايز آجل الميعاد.,أريد أأجل الموعد.,اريد أأجل الموعد.,بدي أجل الموعد.,نبي نأجل الموعد.,أنا عاوز أأجل المعاد.,حابب أجل الموعد.,أأجل الموعد.,بغيت نأجل الموعد.,أبا ااجل الموعد.,حابب أأجل الموعد.,داير ااجل الموعد.,اغيد ااجل الموعد.,أود تأجيل الميعاد .,ابغا ااجل الموعد.,نؤجل الموعد.,ابغى أأجل الموعد.,بدي أجل الموعد .,انا اشتي ااجل الموعد.,نأجل الموعد.,نبي انأجل الموعد.,ناجل إل موعد.
17652,تنصح برحلة؟,ترشح نزهة؟,تنصحني برحلة؟,تنصحني برحلة؟,تصحني برحلة؟,تنصح بسفرة؟,تقترح نزهة؟,بشي رحلة؟,برحلة قصيرة؟,ترشح رحلة؟,تقترح رحلة؟,رحلة تمدحها؟,بشي رحلة؟,حق نزهة؟,برحلة؟,تزكي نزهة؟,برحله قصيغه؟,رحلة قصيرة ؟,توصى برحلة؟,بشي جولة؟,برحلة قصيرة؟,برحلة قصيرة؟,رحلة صغيرة؟,خرجة سمحة؟,تنصحني برحلة؟,تنصحني برحلة؟
17660,من الرصيف تمانة.,من رصيف تمانية.,الرصيف رقم ثمانية.,من رصيف تمنية.,رصيف تمانية.,من منصة ثمانية.,من المنصة ثمانية.,المحطة رأم تمانة.,المنصة ثمانية.,من رصيف تمانية.,المنصة رقم تمانة.,الرصيف رقم اثنعش.,يخوي المنصة فالثمنية.,من الرصيف التامن.,رصيف رقم تمنية.,من الرصيف تمنية.,من المنصه ثميني.,رقم ثمانية .,من منصة ثمانية.,من الرصيف تمنية.,المنصة ثمانية.,رصيف ثمنية .,المنصة الثامنة.,البلاصة نومرو ثمنية.,منصة تمانية.,مل رصيف ثمنية.
17673,مع شريط بيتعدل.,بحزام قابل للتعديل.,حزام كتف قابل للتعديل.,حزام ممكن يتغير.,شنطة بحزام بيتظبط.,حزام قابل للتعديل.,بجزام قابل للتعديل.,شريط بقدر إتحكم بطولو.,سير قابل للتعديل.,بحزام بيطول ويقصر.,إلها قشاط بيطول وبيتقصر.,يتعدل سيرها.,حزام قابل للتعديل.,بحزام يتعدل.,مع قشاط بيتزبط.,شريط يمكن يتعدل.,حبيل قابله للتعديل.,بحزام متحرك .,حزام قابل للتعديل.,السمطة ديالو كتركب.,بحزام قابل للتعديل.,حزا بيتعدل .,بحزام قابل للتعديل.,بسلسلة تتحرك.,نقدر نعدل سبتتها.,متاعو يتولوا و يقسروا.
17674,مية وتمانين دولار.,من تمانين دولار.,من ثمانمئة وتسعون دولار.,من مية وتمانين دولار.,من ماية وتمانين دولار.,مية وثمانين دولار.,المية وثمانين دولار.,المية وتمانين دولار.,و ثمانين دولار.,مية وتمانين دولار.,المية وتمانين دولار.,المية وثمانين دولار.,مائة وثمانين دولار.,والتمانين دولار.,مية و تمنين دولار.,و تمنين دولار.,الميي وثمانين دولار.,مائة وثمانين دولار .,مائة وثمانين دولار.,مية وتمانين دولار.,مئة و ثمانين دولار.,و ثمانين دولار .,مية وثمانين دولار.,و ثمانين دولار.,مية و تمانين دولار.,ميا و ثمانين دولار.
17739,أكون طلعت منيح.,ما اتفرج.,عندي الوقت باش نشوفو.,ما ألف بالمنطقة.,ابص بصة.,ما ادور.,ما اباوع حولنا.,ما إتفرج.,نكون شفت تلايا.,آخد بصة حواليا.,بس اتفرج.,اتفرج على المكان.,مانشوف فالنواحي.,ما اشوف.,ما أدور.,اكون فتشت الأرجاء.,ان اشوف.,نظرة هنا وهناك .,ماشوف حولنا.,ما نشوف حدايا.,ابحث بالجوار.,اتفقد حولنا .,ادورفي المنطقة.,الوقت باش نعمل طلة.,بعد مانشوف.,بعد منشوف.
17745,بيبدا من تلاتة وعشرين تموز.,بداية من تلاتة وعشرين يوليو.,من الثالث و العشرون جوان.,ببدا بتلاتة وعشرين يوليو.,بداية من تلاتة وعشرين يوليو.,تبدي تلاثة وعشرين تموز.,من تلاثة وعشرين حزيران.,ببلش بتلاتة وعشرين تموز.,يبدا ثلاثة وعشرين سبعه.,من تلاتة وعشرين يوليو.,ابتداءً من تلاتة وعشرين تموز.,سمحت. من ثلاثة وعشرين يوليو.,من الثالث والعشرين من يوليو.,بدأية من تلاتة وعشرين يوليو.,التلاتة و عشرين من شهر سبعة.,ببدا تلاتة وعشرين يوليو.,يبدي بتموز ثلاثي وعشين.,بدء من الثالث والعشرين من يوليو .,بداية من الثالث والعشرين من يوليو.,من تلاتة و عشرين يوليوز.,من ثلاثة و عشرين يوليو.,بشهر سبعة ثلاثة و عشرين .,يبدأ ثلاثة وعشرين يوليو.,ثلاثة و عشرين جوان.,من تلاتة و عشرين يوليو.,يبداو إتلثا و عشرين إجويلية.
17757,وحدات بتصميم مختلف؟,بتصاميم مختلفة؟,بأنماط مختلفة؟,تانية بتصاميم مختلفة؟,تانية بتصميمات مختلفة؟,شي تصميم مختلف؟,شي بتصميم مختلف؟,غري بغير تصميم؟,أخرى لتصميمات مختلفة؟,مختلفة تانية؟,موديلات تانية؟,بتصاميم مختلفة؟,من تصاميم مختلفة؟,تانية بتصميم مختلف؟,من موديلات مختلفة؟,من تصميم مختلف؟,بتصاميم مختلفي؟,ذات تصميمات مختلفة .,من التصاميم المختلفة؟,نماذج مختلفة؟,بتصاميم مختلفة؟,ثانية بتصاميم مختلفة؟,بموديلات ثانية مختلفة؟,اخرين بمنضر اخر؟,موديلات تانية؟,اب تصميم اخر؟
17765,يلي بتريدو؟,اللى تحبه؟,الفواكه اللي راك حاب؟,اللي حابب تشربه؟,من العصير؟,العصير تحب؟,العصير تعجبك؟,عصير بتحب؟,الي تبيه؟,عصير إيه؟,عصير بدك؟,اللي تبغيه؟,العصير بغيتي؟,اللي تباه؟,شو بتحب؟,العصير انت بتحب؟,العصاير تغيد؟,الذي تفضله ؟,الي تبغاه؟,دالعصير بغيتي؟,العصير تبغى؟,اللي بدك ايه؟,عصير تشتي؟,عصير شنوة؟,الي تبيه؟,إلي تحبو؟
17780,مشان العطل؟,فى الأجازات؟,لدارك فالعطلة؟,بلدك عشان العطل؟,في الاجازات؟,للبيت بالعطل؟,للبيت بالعطلة؟,عالبيت بالعطلة؟,عشان العطلة؟,البيت علشان الإجازات؟,بلدك بالعطل؟,في الاجارة؟,للدار فالعطلات؟,البيت للأجازة؟,البيت للعطلة؟,البيت للاعياد؟,للبيت بالعطل؟,في الاجازات ؟,لقضاء العطلة؟,باش تدوز العطلة؟,في الأعياد؟,البيت بالعطلات؟,في الاجازة؟,في العطلة؟,في العطله؟,فل عطلة؟
17782,منظر حلو متل العادة؟,منظر حلو بجد؟,مكان مليح بزاف؟,إطلالة جد كتير حلوة؟,منظر رائع بجد؟,اشوف منظر حلو؟,اشوف مظر حلو؟,منظر عن جد حلو؟,منظر حلو بكل؟,أشوف منظر حقيقي كويس؟,منظر حلو كتير؟,مناظر حلوة؟,نشوف منظر زوين؟,واشوف منظر حلو؟,أشوف منظر حلو؟,منظر جميل حقيقة؟,اشوف مناظر كلش حلوي؟,منظراً رائعاً حقاً ؟,مكان حلو؟,منظر طبيعي زوين؟,اشوف منظر جميل؟,اطلالة جد حلوة؟,منظر حالي قوي؟,بلايص سماح؟,نشوف منظر حلو؟,نشوف منظر باهي؟
17786,لما فتحت الطرد.,لما فتحت الرزمة.,فتحت المجموعة.,مكسوربس فتحت العلبة.,لما فتحت الطرد.,من فتحت الرزمة.,قبل لا افتح الطرد.,وأت فتحت العلبة.,لما فتحت الطرد.,لما جيت أفتح الطرد.,وقت فتحت العلبة.,لما فتحت الطرد.,قبل ملي فتحت الحزمة.,لما فتحت الطرد.,لما فتحت الطرد.,لم فتحت العبوة.,من فتحتو العلبي.,عندما فتحت الطرد .,لما بطلت الحزمة.,منين حليت الطرد.,عندما فتحت العلبة.,فتحت الطرد .,لما فتحت العلبة.,حليت الباكو.,اول ما فتحت صندوق.,ملي حالنا كولي.
17790,وعشرين آب.,تسعة وعشرين.,عشرون أوت.,وعشرين أغسطس.,وعشريت اغسطس.,وعشرين آب.,وعشرين اب.,وعشرين آب.,وعشرين ثمانيه.,وعشرين أغسطس.,وعشرين آب.,وعشرين اغسطس.,تسعة وعشرون.,وشعرين أغسطس.,عشرين أغسطس.,التاسع والعشرين.,تسعه وعشين.,أغسطس .,التاسع والعشرون.,عشرين غشت.,عشرين أغسطس.,ثمنية .,وعشرين اغسطس.,عشرين أوت.,عشرين اغسطس.,عشرين أوت.
17797,بالبريد الجوي عاليابان.,بالبريد الجوى لليابان.,هاذا بالطيارة لليابان.,الجوي على اليابان.,بالبريد الجوي لليابان.,بلابريد الجوي لليابان.,بالبريد الجوي لليابان.,بالبريد الجوي عاليابان.,بالبريد الجوي لليابان.,لليابان بالبريد الجوي.,بالبريد الجوي عاليابان.,بالبريد الجوي لليابان.,بالبريد الجوي لليابان.,عن طريق الجو لليأبان.,الجوي على اليابان.,بالبريد الجوي لليابان.,بالبريد الجوي لليابان.,اليابان بالبريد الجوي .,البريد الجوي إلى اليابان.,بالبريد الجوي لليابان.,بالبريد الجوي لليابان.,الجوي لليابان .,بالبريد الجوي لليابان.,بالطيارة لليابان.,الجوي لليابان.,بالبريد جوي لجابن.
17798,يلي بيدعموا المجتمع من خلال شغلون.,اللى بيدعموا المجتمع من خلال أعمالهم.,جميع اللي يدعمو المجتمع بالعمل ديالهم.,هدول اللي بدعموا المجتمع بشغلهم.,من دم دعم للمجتمع باعمالهم.,الي يدعمون المجتمع باعمالهم.,كل الي يساندون المجتمع بشغلهم.,كل اللي بيدعمو المجتمع بشغلون.,نشكرو الي دعمو المجتمع بعملهم.,اللي بيدعموا المجتمع بشغلهم.,لكل يللي بيدعموا المجتمع بأعمالهن.,فيه الناس اللي يطورون المجتمع بشغلهم.,اللي كيدعمو المجتمع بالأعمال ديالهم.,كل اللي ساعدو المجتمع بشغلهم.,للعمال يلي بيخدمو المجتمع بشغلهم.,لأولئك البدعموا المجتمع بأعمالهم.,هذولي الي يدعمون المجتمع باعمالم.,لكل الذين ساندوا المجتمع بأعمالهم .,الذين يدعمون المجتمع من خلال أعمالهم.,الناس اللي كايدعموا المجتمع بخدمتهم.,جميع من يساعد المجتمع بعمله.,بيدعمو مجتمعهم عن طريق شغلهم .,هذولا الي بيدعموا المجتمع باشغالهم.,الي يحميوا المجتمع بالخدمة.,الي يدعمو في المجتمع بالخدمه متاعهم.,يقوموا فيه بشكر لعمال.
17799,كتير صغيرة.,صغيرة جدا.,صغيرة بزاف.,كتير صغيرة.,صغيرة خالص.,كولش صغيره.,كلش صغيرة.,كتير زغيرة.,صغيرة بكل.,صغيرة أوي.,صغيرة كتير.,واجد صغيرة.,صغيرة بزاف.,مرا صغيرة.,كتير صغيرة.,صغيرة شديد.,كلش صغيغي.,جداً .,وايد صغيرة.,صغيرة بزاف.,صغيرة جدا.,صغيرة .,صغيرة قوي.,ياسر صغيرة.,صغيره هلبه.,هذي صغيرة.
17803,كمان، إذا سمحت؟,تانى، لو سمحت؟,من الشاي، من فضلك؟,شاي، لو سمحت؟,تاني، لو سمحت؟,جاي، رجاءً؟,جاي، رجاءا؟,شاي، إزا بتريد؟,زيادة، لو سمحت؟,شاي، لو سمحت؟,كمان، لو سمحت؟,زيادة، لو سمحت؟,ديال أتاي، عافاك؟,لو سمحت؟,شاي، لو سمحت؟,إضافة، من فضلك؟,جاي بعد، رجاءا؟,الشاي ، من فضلك ؟,من فضلك؟,على أتاي، عافاك؟,زيادة، لو سمحت؟,شاي، لو سمحت؟,زيادة، لوسمحت؟,تاي، يعيشك؟,تاني، من فضلك؟,تي عيشك؟
17805,نضفان اليوم.,متنضفة على آخر اليوم.,وقت لاحق من اليوم.,مغسولين بعد بكرا.,تتغسل بالكتير بكرة.,تنغسل اخر اليوم.,نظيفة اليوم .,اليوم بعد شوي.,نظيف اليوم بعدين.,على آخر اليوم.,منضفين اليوم المسا.,حق بعدين.,من بعد فهاد النهار.,على نهأية اليوم.,يكونو مغسولين اليوم.,مغسلة بنهاية اليوم.,تتنظف بعدين اليوم.,وقت لاحق اليوم .,وقت عقب من اليوم.,يتنظفو اليوم.,الملابس لاحقا اليوم.,يتنظف اليوم .,نظيفات لا بعدين.,اقصى وقت الصباح.,نظاف اليوم بعدين.,ليوم بعيد شوية.
17808,بنك هون؟,من هنا؟,قريب من هنا؟,بنك بالمنطقة؟,من هنا؟,قريب منا؟,بنك هنا؟,أريب من هون؟,مصرف هنا؟,قريب من هنا؟,من هون؟,من هني؟,بنكة فهاد النواحي؟,من هنا؟,من هون؟,حوالي هنا؟,قغيب على هوني؟,من هنا ؟,من هنا؟,بنكة هنا؟,من هنا؟,من هون؟,من هانا؟,من هوني؟,من هنايا؟,بنكا هوني؟
17811,إذا سمحت؟,من فضلك؟,من فضلك؟,لو سمحت؟,لو سمحت؟,الطاولة، رجاءً؟,الميز، رجاءا؟,إزا بتريد؟,لو سمحت؟,لو سمحت؟,لو سمحت؟,لو سمحت؟,الطبلة، عافاك؟,لو سمحت؟,لو سمحت؟,من فضلك؟,الميز رجاءا؟,المنضدة من فضلك ؟,لو سمحت؟,الطاولة، عافاك؟,لو سمحت؟,لو سمحت؟,الطاولة، لوسمحت؟,الطولة، يعيشكم؟,من فضلك؟,طاولة عيشك؟
17840,إذا سمحت.,لو سمحت.,من فضلك.,لو سمحت.,لو سمحت.,رجاءً.,رجاءا.,إزا بتريد.,لو سمحت.,لو سمحت.,لو سمحت.,لو سمحت.,عافاك.,لو سمحت.,لو سمحت.,من فضلك.,رجاءا.,فضلك .,من فضلك.,عافاك.,لو سمحت.,لو سمحت.,لوسمحت.,يعيشك.,لو سمحت.,يعيشك.
17841,مواد مطبوعة.,مطبوعات.,مطبوعات.,أشياء مطبوعة.,كلهم مطبوعات.,مواد مطبوعة.,شغلات مطبوعة.,مواد مطبوعة.,مواد مطبوعه.,كله مطبوع.,مطبوعات.,مطبوعين.,مواد مطبوعة.,مطبوعين.,مواد مطبوعة.,مسألة مطبوعة.,مواد مطبوعه.,مطبوعات .,مواد مطبوعة.,مطبوعين.,كلها مطبوعات.,مطبوعة .,كلهن مطبوعات.,مطبوعين.,مواد للطباعه.,مشكلة طباعة.
17842,رقم غرفتك ورا.,أوضتك على الضهر.,ديالك من الخلف.,رقم غرفتك ورا.,الأوضة بتاعتك من ورا.,غرفتك ليوره.,غرفتك ورا.,رأم أوضتك عالأفا.,دارك من لاورا.,الأوضة بتاعتك على الضهر.,غرفتك ورا.,رقم غرفتك ورا.,الغرفة فالخلف.,رقم غرفتك ورا.,رقم غرفتك ورا.,غرفتك في الخلف.,غرفتك بالظهغ.,الغرفة في الخلف .,الغرفة في الخلف.,الغرفة ديالك اللور.,رقم غرفتك بالخلف.,الغرفة ورا .,غرفتك ورا.,في الضهر.,دارك من التالي.,بيتك من تالي.
17847,وقت مناكل.,أكل لما بناكل.,العيدان للأكل.,الصينية بس ناكل.,احنا وبناكل.,لمن ناكل.,من ناكل.,وأت ناكل.,لما ناكلو.,الأكل لما بناكل.,الأعواد بالأكل.,لما ناكل.,الماكلة ملي كناكلو.,الاكل لما نأكل.,لما ناكل.,لمن نأكل.,من ناكل.,نأكل .,الطعام عندما نأكل.,كانبغيو ناكلو .,الاكل اذا اكلنا.,للاكل .,صينية لمن ناكل.,باش ناكلوا.,لما ناكلو.,ماكلة كي ناكلو.
17852,نيو أورليانز رح تتأخر حوالي الساعة.,أورليانز هتتأجل ساعة تقريبا.,اورليانز يتم تأجيلها حوالي ساعة.,لنيو أورليانز حتتأجل ساعة تقريباً.,اورليانز هتتأخر تقريباً ساعة .,راح تتأخر حوالي ساعة وحده.,راح تتاخر تقريبا ساعة وحدة.,أورلينز رح تتأخر شي ساعة تأريبًا.,اورلنز حتكون متأخرة حوالي ساعة.,أورليانز حتتأجل حوالي ساعة.,أورلينز رح تتأخر ساعة تقريباً.,لنيو أورلينز بتتأخر ساعة تقريباً.,غادي تأجل تقريبا ساعة وحدة.,اوريليانز حتتاجل تقريباً لساعة.,اورليانز رح تتأخر تقريباً ساعة.,اورلينز ح تتأخر حوالي ساعة.,غاح تتاخر تقريبا ساعه وحدي.,أورلينز سوف تتأخر حوالي ساعة .,أورلينز بتتأخر حوالي ساعة.,أورنيانز غادي تتأجل ساعة تقريبا.,لنيو اورلينز بتتأخر بحوالي ساعة.,رح تتأجل تقريبا ساعة وحدة .,اورلينز عتتاخر تقريبا ساعة واحدة.,ماشية لنيو اورليانز باش توخر ساعة.,نيو اورلينز حتتاخر ساعه تقريبا.,النيو أورلينس باش تتاجل تقريب ساعة.
17854,عندك وقت، إذا سمحت بعتلي رسالة.,وقت، من فضلك إبعتلى جواب.,اذا عندك الوقت، واجبلي.,عندك وقت، لو سمحت إبعتلي رسالة.,وقت، لو سمحت إكتبلي جواب.,عندك وقت، ارجوك تبعثلي رسالة.,عندك وقت، رجاءا ارسلي رسالة.,معك وأت، إزا بتريد بعتلي رسالة.,وقت، لو سمحت دزلي رسالة.,وقت، من فضلك ابعتلي جواب.,عندك وقت، رجاءً ابعتلي رسالة.,وقت، طرش لي رسالة لو سمحت.,كان عندك الوقت، عافاك صيفطلي رسالة.,عندك وقت، ارسلي رسالة.,عندك وقت، لو سمحت ابعتلي رسالة.,زمن، من فضلك رسل لي رسالة.,عندك وقت، رجاءا اكتبلي رساله.,وقت ، من فضلك أرسل لي خطاباً .,لديك الوقت، الرجاء ارسال لي رسالة.,عند الوقت، عافاك صيفط ليا رسالة.,وقت، لو سمحت ارسل لي رسالة.,عندك وقت، لو سمحت ابعثلي رسالة .,وقت لوسمحت رسل لي رسالة.,كان عندك وقت، رجعلي.,عندك وقت، من فضلك ابعتلي رساله.,عندك وقت يعيشك إبعثلي جواب.
17855,تبعتي بالفندق.,الطيران فى الأوتيل.,الطيارة ديالي فالفندق.,الطيران بالفندق.,الطيران في الفندق.,مالتي بالفندق.,الطيارة بالفندق.,الجوي بالأوتيل.,بتاعي في الهوتيل.,بتاعتي في الفندق.,الطيران بالأوتيل.,في الفندق.,الخاصة بيا فالفندق.,في الفندق.,في الأوتيل.,الخطوط الجوية في الفندق.,السفر بالفندق.,بي في الفندق .,مالتي في الفندق.,ديالي فالأوطيل.,حقتي في الفندق.,بالفندق .,حقي في الفندق.,الطيارة في الوتيل.,متاعي في الهوتيل.,طيارة فالهوتل.
17861,دوش، إذا سحمت.,حمام، لو سمحت.,حمام، من فضلك.,دش، لو سمحت.,حمام، لو سمحت.,بدون دوش، رجاءً.,حمام، رجاءا.,دوش، إزا بتريد.,دوش، لو سمحت.,حمام، لو سمحت.,حمام، لو سمحت.,شور، لو سمحت.,دوش، عافاك.,حمام، لو سمحت.,دش، لو سمحت.,دش، من فضلك.,حمام، رجاءا.,من فضلك .,مسبح، من فضلك.,حمام، عافاك.,حمام، لو سمحت.,دش، لو سمحت .,دش، لوسمحت.,دوش، يعيشك.,دوش، من فضلك.,غير دوش، يعيشك.
17869,كتير ناس بينسوا يوقعوا اسمون؟,كتير بتميل إنها تنسى تمضى أساميهم؟,ناس لي موالف ينساو يمضو أسمهم؟,كتير ناس بنسوا يسجلوا أسمائهم؟,كتيرة ناوية تنسى تمضي اسمائها؟,ينسون يوقعون اساميهم عادة؟,هواي ينسون يوقعون اسمائهم؟,كتير ناس بينسو يمضو إسمون؟,في ناس ينسو يوقعو أسمائهم؟,كتير بيتوهوا عن إنهم يوقعوا أساميهم؟,يللي بينسوا يوقعوا أسمائهن؟,واجد ناس ينسون يوقعون؟,بزاف كاتنى ماتوقعش على أسمائهم؟,تنسى تكتب اسمها بالعاني؟,ناس بينسو يكتبو اسماؤهم؟,كتار بيتعمدوا ينسوا يوقعوا اسمائهم؟,عاده ينسون يوقعون على اسمائم؟,الناس أن ينسوا توقيع أسمائهم ؟,الناس إلى نسيان التوقيع على أسمائهم؟,الناس كاينساو يوقعو على الأسماء ديالهم؟,من الناس ينسون يوقعون اسمهم؟,ناس بيتعمدو ينسو يوقعو اسماءهم؟,ناس خيرات ينسوا يوقعوا؟,عباد نساو ما صححوش؟,هلبه ناس ينسو يوقعو اسمهم؟,برشة مستانسين ينساو إصححو أساميهم؟
17886,هالنقاش يوم الخميس عالوحدة؟,دى الخميس الساعة واحدة؟,نهار الخميس على الثالثة بعد الزوال؟,نكمل هاد النقاش الثلاثاء الساعة وحدة؟,دي يوم الخميس الساعة وحدة؟,المناقشة يوم الخميس الساعة وحده؟,هاي المناقشة يوم الخميس بالوحدة؟,نهار الخميس الساعة وحدة؟,النقاش هضا الخميس مع الواحد؟,دي يوم الخميس على واحدة؟,نكمل هالنقاش الخميس عالساعة وحدة؟,يوم الخميس الساعة وحدة؟,المناقشة نهار الخميس في الوحدة؟,يوم الخميس الساعة وحدة؟,النقاش يوم الخميس الساعة وحدة؟,النقاش دا في الخميس عند الواحدة؟,هذا النقاش الخميس بالوحدي؟,هذه المناقشة يوم الخميس في الساعة الواحدة ؟,المناقشة يوم الخميس في واحدة؟,الهضرة الخميس مع الوحدة؟,هذا الحديث الخميس الساعة وحدة؟,النقاش يوم الخميس على الوحدة؟,النقاش يوم الخميس الساعة واحدة؟,نحكيو نهار الخميس الماديساعة؟,نكملو نقاشنا يوم الخميس الساعه واحد؟,الخميس اجاي مرة وحدة؟
17899,بيجاما.,بيجامات.,حاب بيجاما.,بيجامات.,شوية بيجامات.,بيجاما.,بجامه.,بيجامات.,شوية بيجامات.,شوية بيجامات.,كم بيجامة.,بجامات.,شي بيجامة.,بجأيم.,بجامات.,بعض البجامات.,شوية بجامات.,البيجامات .,بعض بجامات.,شي بيجاما.,بيجامة.,بيجامات .,بيجاما.,دبش النوم.,بيجاما.,شوي بيجامات.
17919,فيك بس يجهزوا.,يكونوا جاهزين.,يكونوا واجدين.,بس يكونوا جاهزيين.,لما يكونو جاهزين.,بيك لمن تجهز.,عليكمن يجهزون.,فيك بس يجهزو.,يكونو جاهزين.,لما يبقوا جاهزين.,بس يجهزوا.,لما يجهزون.,ملي يكونو واجدين.,لما يكونو جاهزين.,معك لما يجهزو.,بيك لم يجهزوا.,لمن يكونون جاهزين.,عندما يكونوا جاهزين .,عندما تكون فاضي.,منين يكونو واجدين.,اذا جهزوا.,معك بس يجهزو .,لما يجهزين.,كيف يحظروا.,لما يوتو.,يحظرو نكلمك.
17935,مشان الغدا؟,أخبار الغدا؟,والفطور؟,بالنسبة للعشا؟,في غدا؟,رأيك بالغده؟,ع الغدا؟,منشان الغدا؟,في غداء؟,إيه ظروفه؟,بشان الغدا؟,على الغدا؟,بالنسبة للغدا؟,شرايك غداء؟,رأيك بغدا؟,عن الغداء؟,بالنسبه للغدى؟,الغداء ؟,عن الغداء؟,بخصوص الغدا؟,عن الغداء؟,بالنسبة للغدا؟,نتغدى؟,والفطور؟,في غدي؟,فالفطور؟
17947,البوابة الشمالية أول.,البوابة الشمالية الأولى.,عند باب الشمال.,البوابة الشمالية بأول.,البوابة الشمالية الأولى.,ببوابه ثمانية اولاً.,الشمالية اول مرة.,الشمالية بالأول.,البوابة الشمالية الأولى.,البوابة الشمالية الأول.,عالبوابة الشمالية أول.,البوابة الشمالية اول.,الشمالية أولا.,البوابة الشمالية اول.,البوابة الشمالية أول.,البوابة الشمالية أول.,البوابه الشمالي بالبدايه.,الشمالية أولاً .,البوابة الشمالية أولا.,فالبوابة الشمالية أولا.,البوابة الشمالية أولا.,الشمالية اول اشي .,البوابة الشمالية اول.,الاول في الباب الغربي.,البوابه الشماليه الاول.,إلي على ليسار لوول.
17963,أستخدم مطعم الفندق؟,الاوتيل لحد إمتى؟,نروح لمطعم الفندق؟,أستخدم فيه مطعم الفندق؟,متأخر لغاية قد أيه؟,استعمل مطعم الفندق؟,استخدم مطعم الفندق؟,ضل إستعمل مطعم الأوتيل؟,المطعم بتاع الهوتيل؟,أفضل أستخدم مطعم الفندق؟,استخدم مطعم الأوتيل؟,استخدم مطعم الفندق؟,نستعمل مطعم الفندق؟,استخدم مطعم الفندق؟,أستعمل مطعم الأوتيل؟,ممكن استعمل كافيتريا الفندق؟,استخدم مطعم الفندق؟,للاستخدام من قبلي ؟,استخدم مطعم الفندق؟,نستخدم مطعم الأوطيل؟,استخدم مطعم الفندق؟,استخدم مطعم الفندق؟,استخدم مطعم الفندق؟,نمشي لمطعم اللوتيل؟,نستخدم مطعم الهوتيل؟,نستعمل مطعم الهوتل؟
17966,قطار مباشر؟,قطر مباشر؟,قطار مباشر؟,قطار مستقيم؟,قطر مباشر؟,قطار مباشر؟,قطار مباشر؟,ترين مباشر؟,قطار دركت؟,قطر مباشر؟,قطار مباشر؟,قطار مباشر؟,طران مباشر؟,يوصل مباشر؟,قطار دايركت؟,قطر مباشر؟,قطار مباشر؟,مباشر ؟,قطار مباشر؟,قطار مباشر؟,قطار مباشر؟,قطار مباشر؟,قطار مباشر؟,يمشي طول؟,قطار مباشر؟,تراين مباشر؟
17977,هلئ. شكراً إلك كتير عالأمسية الحلوة.,دلوقتى. أشكرك جدا على الليلة الرائعة.,صحا بزاف على هاذ العشية الرائعة.,شكراً إلكم كتير على السهرة الحلوة.,دلوقتي. متشكر جدا على الامسية الرائعة دي.,شكراً جزيلاً على هاي الامسية اللطيفة.,هسه. شكرا جزيلا لهاي الليلة الرائعة.,شكرًا كتير عهالسهرة الرائعة.,نمشي توا. شكرا بكل على الليلة الحلوة.,شكرا ليك جدا ع الليلة الرائعة.,هلأ. شكراً كتير عالمسوية الحلوة.,شكراً على هالليلة الحلوة.,دابا. شكرا بزاف ليك على الأمسية ازوينة.,دحين. شكراً على الأمسية الحلوة.,هلأ. شكراً كتير على السهرة الحلوة.,الآن. شكرا ليك كتير للمساء الرائع.,شكرا جزيلا على هاي الامسيه الرائعه.,أغادر الآن . شكرا جزيلا لك على الأمسية الرائعة .,أن أترك الآن. شكرا جزيلا لك على أمسية رائعة.,لك بزاف على هاد العشية الزوينة.,شكرا لك جدا للامسية الجميلة.,شكرا الك كثير على الامسية الحلوة .,شكرا جزيلا لك على المساء الرائع.,نمشي. يعيشك على السهرية.,توا. صحيت هلبه علي الليله الحلوه.,توا، يعيشك على سهرية المزيانة.
17986,مشان وجع بطني؟,لوجع معدتى؟,دواء لآلام المعدة؟,لوجع البطن؟,لألم المعدة؟,للآم المعدة؟,لالم معدتي؟,لوجع البطن؟,دواء لمعدتي؟,دوا لمعدتي؟,دوا لوجع معدتي؟,حق معدتي تألمني؟,أدوية ديال المعدة؟,لالم بطني؟,لوجع معدتي؟,الدواء لوجع بطني؟,شويه ادويه لمعدتي؟,لآلام في معدتي ؟,بعض الأدوية للمعدة؟,على شي أدوية للمعدة؟,دواء لمعدتي؟,ادوية لوجع معدتي؟,لوجع معدتي؟,لوجيعة الماعدة؟,دوا لي بطني؟,دوه لمعدتي؟
18003,فروج مشوي.,فراخ مشوية.,الدجاج المشوي.,جاج مشوي.,فراخ مشوية.,دجاج مشوي.,دجاج مشوي.,دجاج محمر.,دجاج محمر.,فراخ مشوية.,جاج مشوي.,دجاج مشوي.,الدجاج المشوي.,دجاجة مشوية.,جاج مشوي.,جداد مشوي.,جيج مشوي.,فراخ مشوية .,الدجاج المشوي.,الدجاج مشوي.,دجاج مشوي.,مشوي .,دجاجة مشوية.,دجاج مصلي.,دجاجه محمره.,دجاج ماشي.
18018,مو غلطك.,مش غلطتك.,ماشي ديالك.,مش غلطك.,غلطك إنت.,مو خطأك.,مو صوجك.,الحأ عليك.,مش غلطك.,مش غلطتك.,مو خطأك.,مو غلطتك.,الغلطة ديالك.,مو غلطتك.,مش غلطتك.,ما غلطك.,ما خطأك.,ليس خطأك .,ليست غلطتك.,ماشي ديالك.,ليس ذنبك.,غلطك .,مشو غلطك.,موش غلطتك.,مش غلطتك.,موش غلطك.
18036,بيخلص هالفيلم؟,دة بيخلص إمتى؟,يخلاص الفيلم؟,هاد الفيلم؟,هيخلص إمتى؟,يخلص هذا الفلم؟,هذا الفلم؟,ساعة بيخلص الفيلم؟,الفيلم هضا؟,ده حيخلص إمتى؟,هاد الفيلم؟,يخلص هالفلم؟,يسالي الفيلم؟,يغلق دا الفلم؟,بيخلص هدا الفيلم؟,الفلم دا؟,يخلص الفلم؟,هذا الفيلم ؟,ينتهي هالفيلم؟,غادي يسالي الفيلم؟,هذا الفيلم؟,هاد الفيلم؟,هذا الفلم؟,الفيلم يوفى؟,الفلم هدا؟,ال فيلم هذا؟
18040,إذا سمحت.,لو سمحت.,من فضلك.,لو سمحت.,لو سمحت.,بلية زحمة.,رجاءا.,إزا بتريد.,لو سمحت.,لو سمحت.,لو سمحت.,لو سمحت.,الواحد، عافاك.,لو سمحت.,لو سمحت.,من فضلك.,الويحد، رجاءا.,فضلك .,من فضلك.,عافاك.,لو سمحت.,سمحت .,لوسمحت.,يعيشك.,لو سمحت.,يعيشك.
18077,أرفع تقرير.,أقدم تقرير.,لازم نصرح بيه.,أقدم تقرير.,عايز ابلغ.,ابلغ بخصوصها.,اريد فايل تقرير.,أدم تئرير.,محتاج نقدم تقرير.,أعمل بلاغ.,قدم بلاغ.,اقدم تقرير.,محتاج ندير تقرير.,افك بلاغ.,أقدم تقرير.,اعمل ملف تقرير.,افتح تقرير.,بحاجة لتقديم بلاغ .,إلى تقديم تقرير.,خاصني ندير شكاية.,اقدم تقرير.,اقدم تقرير .,اقدم بلاغ.,لازمني نخبر.,اندير تقرير.,نعمر تقرير.
18103,رح أوصلك بأستاذ جونز.,هوصلك بأستاذ. جونز.,بعلاقة مع السيد جونس.,أشبكك مع الأستاذ جونز.,انا هوصلك بالاستاذ جونز.,اوصلك بالسيد جونز.,اوصلك بالسيد جونز.,رح حولك للسيد حونز.,حنوصلك بسيد. جونز.,حوصلك بمستر جونز.,رح أوصلك بالاستاذ جونز.,بوصلك بسيد جونز.,لي السيد جونز.,احولك على السيد جونز.,أوصلك بالسيد جونز.,ح اوصلك لمستر. جونز.,اربطك بالسيد جونز.,سأوصلك بالسيد جونز .,باتصلك بالسيد جونز.,ليك السيد جونس.,بوصل للسيد. جونز.,اوصلك مع السيد جون .,شاوصلك بمستر جونز.,مع سي جونس.,حنوصلك بالسيد جونز.,بش نعديلك سي. جونز.
18110,طيران يونايتد.,طيران يونايتد.,خطوط طيران يونايتد.,طيران يونايتد.,طيران يونايتد.,يونايتد الجويه.,الجوية يونايتد.,طيران يونايتد.,طيران يونايتد.,طيران يونايتد.,يونايتد معك.,يونياتد الجوية.,خطوط يونايتد الجوية.,طيران يونايتد.,طيران يونايتد.,يونايتيد الجوية.,طيران يونايتد.,الخطوط الجوية المتحدة .,طيران يونايتد.,طيران يونايتد.,طيران يوناتيد.,الجوية يونايتد .,طيران يونايتد.,خطوط طيران يونايتد.,طيران يونايتد.,طيران يونايتد.
18131,جونز ياباني؟,إتعلم يابانى فين؟,جونس اليابانية؟,جونز اللغة اليابانية؟,إتعلم اليابانية فين؟,تعلم اليابانية؟,تعلم اليابانية؟,جونز اللغة اليابانية؟,تعلم ياباني؟,إتعلم ياباني فين؟,جونز الياباني؟,وين تعلم ياباني؟,جونز اليابانية؟,جونز اللغة اليأبانية؟,جونز اليابانية؟,اتعلم اليابانية؟,جونز اليابانيه؟,اللغة اليابانية ؟,جونز اليابانية؟,جونس اليابانية؟,جونز اليابانية؟,جونز الياباني؟,جونز اللغة اليابانية؟,تعلم اليابانية؟,جونز الياباني؟,قرى ليباني؟
18138,بنفس التصميم.,من نفس التصميم.,من نفس النوع.,بنفس التصميم.,اصغر بنفس التصميم.,نفس التصميم.,على اصغر.,ومن نفس التصميم.,من نفس التصميم.,من نفس التصميم.,نفس الموديل.,بس واحد صغير.,من نفس التصميم.,نفس التصميم.,من نفس الموديل.,بنفس التصميم.,بنفس التصميم.,نفس التصميم .,من نفس التصميم.,من نفس التصميم.,نفس التصميم.,بنفس التصميم .,نفس الموديل.,المودال هو بيده.,من نفس الموديل.,في نفس شكل.
18155,تضيق هالبنطلون؟,البنطلون دة؟,هاذ السروال؟,هاد البنطلون؟,البنطلون ده؟,هذا البنطرون؟,هذا البنطرون؟,تاخود هالبنطلون؟,السروال هضي؟,البنطلون ده؟,اتديقلي هالبنطلون؟,تصغر هالبنطلون؟,هاد السروال؟,البنطلون دا؟,هدا البنطلون؟,السروال دا؟,هذا البنطرون؟,هذه البناطيل ؟,هالبنطلون؟,هاد السروال؟,هذا السروال؟,هاد البنطلون؟,هذا البنطلون؟,تضيق السروال؟,السروال هدا؟,السروال هاذا؟
18161,المسا، عالتسعة.,الساعة تسعة.,التاسعة مساءا.,الساعة تسعة.,الساعة تسعة.,الساعة تسعة.,بالليل، بالتسعة.,عالساعة تسعة.,على التسعه.,الساعة تسعة.,عالساعة تسعة.,الليل، الساعة تسع.,الجمعة، فالتاسعة.,على تسعة.,على التسعة.,في التاسعة.,بالليل، بالتسعه.,في التاسعة .,على تسع.,مع التسعود.,الساعة تسعة.,على التسعة.,الساعة تسعة.,الليل، الثمنية.,الساعه تسعه.,مع تسعة.
18166,لاس فيغاس؟,للاس فيجاس؟,للاس فيغاس؟,لاس فيغاس؟,لاس فيجاس؟,للاس فيغاس؟,للاس فيكاس؟,علاس فيغاس؟,للاس فيغاس؟,للاس فيجاس؟,لاس فيغاس؟,لاس فيغاس؟,البوابةللاس فيغاس؟,لاس فيقاس؟,للاس فيجاس؟,الى لوس انجلوس؟,للاس فيكاس؟,إلي لاس فيجاس ؟,لاس فيغاس؟,لرحلة لاس فيغاس؟,للاس فيغاس؟,لاس فيغاس؟,لا لاس فيغاس؟,لاس فيغاس؟,متاع لاس فيغاس؟,لاس فيغاس؟
18181,من المطار؟,من المطار؟,من المطار؟,من المطار؟,من المطار؟,من المطار؟,من المطار؟,من المطار؟,من المطار؟,من المطار؟,من المطار؟,من المطار؟,من المطار؟,من المطار؟,من المطار؟,من المطار؟,من المطار؟,من المطار ؟,من المطار؟,طوبيس من المطار؟,من المطار؟,من المطار؟,من المطار؟,من المطار؟,من المطار؟,كار للمطار؟
18189,إذا سمحت.,من فضلك.,من فضلك.,لو سمحت.,لو سمحت.,بلية زحمة.,خاشوكة، رجاءا.,إزا بتريد.,لو سمحت.,لو سمحت.,لو سمحت.,لو سمحت.,أخرى، عافاك.,لو سمحت.,لو سمحت.,من فضلك.,اللخ، رجاءا.,من فضلك .,لو سمحت.,أخرى، عافاك.,لو سمحت.,سمحت .,ثانية، لوسمحت.,اخرى، يعيشك.,من فضلك.,أخرى، يعيشك.
18211,كل هالمسافة من اليابان؟,معاك كل الطريق من اليابان؟,جبتو من اليابان؟,معك طول الطريق من اليابان؟,جبته معاك طول الطريق من اليابان؟,طول الطريق من اليابان؟,وياك على طول الطريق من اليابان؟,جبتو معك من اليابان؟,معاك الطريق كلها من اليابان؟,معاك طول الطريق من اليابان؟,جبته معك من اليابان؟,جايبه معاك من اليابان؟,معاك الطريق كاملة لليابان؟,جأيبه معاك من اليأبان؟,كل الطريق من اليابان؟,جبته معاك كل الطريق من اليابان؟,معالك كل المسافه من اليابان؟,معك طوال الطريق من اليابان ؟,معك على طول الطريق من اليابان؟,واخا تجيبو معاك لليابان؟,جبته معك من اليابان؟,معك طول الطريق من اليابان؟,اديته معك من اليابان؟,جبته من اليابان؟,فيه معاك من اليابان؟,طول طريق مل يابان؟
18226,إذا خرج.,لو ممكن.,كان ممكن.,إذا ممكن.,لو ممكن.,اذا امكن.,اذا ممكن.,إزا كان ممكن.,لو ممكن.,بسرعة، لو أمكن.,إذا ممكن.,اذا ممكن.,كان ممكن.,اذا تقدر.,فيه، ازا ممكن.,لو ممكن.,اذا ممكن.,كان ذلك ممكنا .,كان ممكن.,إلا كان ممكن.,اذا ممكن.,اذا ممكن .,اذا ممكن.,كان ممكن.,من فضلك.,كان تنجم.
18254,دولارات هون كعربون؟,دولار هنا عربون؟,دولار دوكا كضمانة؟,هون عشان التأمين؟,دولارات هنا عربون؟,هنا مال عربون؟,دولارات تأمينات؟,عشرة دولار رعبون؟,دولار هنا للعربون؟,دولار تحت الحساب؟,دولار هون رعبون؟,هني حق عربون؟,دولار هنا للعربون؟,دولار كعربون؟,دولارات هون عربون؟,دولارات هنا كعربون؟,دولارات هوني للعربون؟,عشرة دولارات للمقدم ؟,عشرة دولارات للعربون؟,عشر دولارات عربون؟,دولار هنا عربون؟,دولارات هون كعربون؟,دولار هانا كعربون؟,دولار ضمان؟,عشرة دولار كضمان؟,هوني لل إيداع؟
18264,ساعات، إذا سمحت.,ساعات، لو سمحت.,ساعات، من فضلك.,ساعات، لو سمحت.,ساعات، لو سمحت.,تلث ساعات، رجاءً.,تلث ساعات، رجاءا.,ساعات، إزا بتريد.,ساعات، لو سمحت.,تلت سعات، لو سمحت.,ساعات، لو سمحت.,ساعات، لو سمحت.,بعد ثلاث ساعات، عافاك.,ساعات، لو سمحت.,ساعات، لو سمحت.,ساعات، من فضلك.,ثلاث ساعات، رجاءا.,"ساعات , من فضلك .",ثلاث ساعات، من فضلك.,د السوايع عافاك.,ساعات، لو سمحت.,ساعات، لو سمحت .,ثلاث ساعات، لوسمحت.,ثلاثة سوايع، يعيشك.,ساعات، من فضلك.,تلاثة سوايع، يعيشك.
18273,إذا سمحت.,لو سمحت.,طلبية، من فضلك.,لو سمحت.,لو سمحت.,اطلب، رجاءً.,اطلب، رجاءا.,إزا بتريد.,لو سمحت.,أعمل أوردر.,إذا بتريد.,لو سمحت.,نطلب، عافاك.,لو سمحت.,لو سمحت.,من فضلك.,اطلب، رجاءا.,من فضلك .,من فضلك.,نديرطلبية، عافاك.,لو سمحت.,سمحت .,اطلب، لوسمحت.,نسوق، يعيشك.,لو سمحت.,طلب، يعيشك.
18274,ولا لأ؟,ولا لأ؟,إيه ولا لالا؟,وإلا لأ؟,ولا لأ؟,لو لا؟,لو لا؟,أو لأ؟,ولا لا؟,أيوة ولا لأ؟,ولا لاء؟,او لا؟,نعم أم لا؟,او لا؟,ولا لأ؟,ول لا؟,اي لو لا؟,نعم أو بـ لا ؟,نعم أم لا؟,نعم أولا لا؟,او لا؟,و لا لأ؟,ولا لا؟,و الا لا؟,او لا؟,ولا لا؟
18282,إذا سمحت.,لو سمحت.,من فضلك.,لو سمحت.,لو سمحت.,بلية زحمة.,رجاءا.,إزا بتريد.,لو سمحت.,لو سمحت.,لو سمحت.,لو سمحت.,ملاعق، عافاك.,لو سمحت.,لو سمحت.,من فضلك.,رجاءا.,فضلك .,لو سمحت.,معالق، عافاك.,لو سمحت.,سمحت .,لوسمحت.,مغارف، يعيشك.,من فضلك.,يعيشك.
18323,المحطة الجاية؟,المحطة الجاية؟,المحطة المقبلة؟,المحطة التانية؟,اللي جاية؟,الموقف الجاي؟,الوكفة الجاية؟,تاني موأف؟,المحطة الجاية؟,جاية إيه؟,يللي بعده؟,المحطة الجاية؟,المحطة الجاية؟,التوقف الجأية؟,المحطة التانية؟,الجاي شنو؟,اللي يجي؟,القادمة ؟,المحطة التالية؟,المحطة التالية؟,المحطة الجاية؟,المحطة الجاي؟,المحطة الجاية؟,من بعد؟,المحطة الجايه؟,المحطة الجاية؟
18334,صوت غريب.,صوت غريب.,صوت غريب.,صوت غريب.,صوت غريب.,ضوضاء غريبة.,صوت غريب.,صوت غريب.,هرجة غريبة.,إزعاج غريب.,صوت غريب.,صوت غريب.,صداع غريب.,أصوات غريبة.,أصوات غريبة.,ازعاج غريب.,اصوات غريبي.,غريبا .,ازعاج غريب.,أصوات غريبة.,صوت غريب.,غريب .,اصوات غريبة.,حس يضحك.,صوت غريب.,حس قوي.
18336,مكتب البريد؟,بيقفل الساعة كام؟,مركز البريد؟,البريد بسكر؟,بتقفل إمتى؟,مكتب البريد؟,يعزل البريد؟,مكتب البريد؟,يسكر مكتب البريد؟,بيقفل إمتى؟,مكتب البريد؟,مكتب البريد؟,مكتب البريد؟,مكتب البريد؟,بيسكر البريد؟,فيه مكتب البريد؟,مكتب البريد؟,البريد أبوابه ؟,فيه مكتب البريد؟,مكتب البريد؟,مكتب البريد؟,فيه مكتب البريد؟,مكتب البريد؟,تسكر البوسته؟,مكتب البريد؟,تسكر البوستة؟
18338,خمسين دولار لما دخلت.,لما عملت تشيك إن.,بخمسين دولار غير وصلت.,خمسين دولار بس وصلت.,لما عملت تشيك إن.,دولار عربون من سجلت.,خمسين دولار من دخلت.,بس سجلت دخولي.,لما درت تشيك ان.,عربون لما جيت الفندق.,دولار وقت فتت.,يوم سويت جيك ان.,خمسين دولار ملي دخلت.,دولار لما دخلت.,لما نزلت في الأوتيل.,خمسين دولار لما دخلت.,عربون عدما سجلتو الدخول.,قمت بتسجيل إجراءات إقامتي بالفندق .,دولارلما سجلت دخول .,دولار منين جيت.,عندما سجلت الدخول.,دولار بس دخلت .,لما سجلت دخولي.,دوب ما جيت.,دولار اول ما خشيت.,خمسين دولار وقت سجلت.
18341,وجع المعدة؟,لاضطراب المعدة؟,لمشاكل المعدة؟,لإضطراب المعدة؟,لإضطراب المعدة؟,اضطراب معدة؟,معدة تعبانة؟,للتعصيب المعدة؟,للمعدة المضطربة؟,للمعدة البايظة؟,للمعدة المضطربة؟,اضطراب المعدة؟,للاضطراب فالمعدة؟,لالم بطنك؟,لوجع المعدة؟,لبطن قالبة؟,للمعدي المتخربطي؟,لتقلبات المعدة ؟,للالم في المعدة؟,دوا للمعدة؟,للمعدة المضطربة؟,لقلبان المعدة؟,لمعدة وجيعة؟,لاوجايع المعدة؟,الي توجع؟,للمعدة المتقلقة؟
18342,جاكيت وكرافة؟,ألبس بالطو وكرافتة؟,مونطو وربطة عنق؟,كبوت وجرافتة؟,البس بالطو وكرافتة؟,كبوط وربطة؟,كوت وربطة؟,كبوت وكرافات؟,كبوط و قرواطه؟,بالطو وكرافتة؟,مانطو وغرافة؟,كوت وربطة؟,معطف وربطة عنق؟,معطف وكارافته؟,و كرافتة؟,جاكيت و كارافتة؟,كبوط وربطه عنق؟,و رابطة عنق ؟,وربطة عنق؟,و كرافاط؟,معطف وكرافتة؟,كبوت و ربطة؟,كوت وكرفتة؟,و كرافات؟,و قرواطه؟,ونحط كرافات؟
18344,حساب التوفير تبعي؟,فلوس لحساب التوفير بتاعى؟,إلى حساب التوفير ديالي؟,لحساباتي التوفير؟,لحساب التوفير بتاعي؟,لحساب التوفير مالتي؟,لحساب التوفير مالتي؟,عحساب الإدخار؟,حساب المدخرات بتاعي؟,حساب التوفير بتاعي؟,عحساب التوفير تبعي؟,لحساب التوفير مالي؟,لحساب التوفير الخاص بيا؟,لحساب الادخار حقي؟,لحساب التوفير؟,لحسابي بتاع الادخار؟,الى حساب التوفير مالتي؟,حساب المدخرات الخاص بي ؟,حساب التوفير الخاص بي؟,الفلوس لحساب التوفير ديالي؟,من رصيد ادخاري؟,لحسابي التوفير؟,لحاسب التوفير حقي؟,في كرني الادخار؟,لحساب التخزين متاعي؟,لحساب الإدخار متاعي؟
18355,الإيد تبعتي.,اليد بتاعتى.,اليد ديالي.,شنطة إيدي.,اليد بتعاعتي.,اليد مالتي.,الايد مالتي.,جزداني.,شنطتي.,شنطة إيدي.,شنتايت إيدي.,شنطتي.,حقيبتي.,شنطتي.,شنتة ايدي.,شنطتي.,الايد مالتي.,حقيبتي اليدوية .,حقيبتي.,نسيت صاكي.,اليد حقتي.,شنتتي .,اليد حقي.,ساكي.,شنطة يدي.,ساكي.
18382,على طيارتي.,تأكيد رحلتى.,على الرحلة ديالي.,اأكد رحلتي.,على رحلتي.,الرحلة مالتي.,حجز الطيارة.,أكد سفرتي.,على رحلتي.,حجز رحلتي.,أكد رحلتي.,أأكد رحلتي.,الرحلة ديالي.,أأكد رحلتي.,على طيارتي.,تأكيد رحلتي.,تاكيد رحلتي.,حجز الرحلة .,تأكيد رحلتي.,الرحلة ديالي.,تأكيد رحلتي.,على رحلتي .,أاكد رحلتي.,ناكد الرحلة.,علي طيارتي.,على رحلتي .
18401,جديدة مصنوعة بسويسرا.,الصنع ماركة جديدة.,جديدة، مصنوعة في سويسرا.,صناعة سويسرية .,نيو سويس رقمية.,صناعة سويسرية رقمية.,رقمية سويسرية جديدة.,الماركة ومصنوعة بسويسرا وديجيتال.,صناعة سويسرية ديجتال.,مصنوعة في سويسرا ديجيتال.,جديدة صنع سويسرا.,جديدة مصنوعة في سويسرا.,جديدة مصنوعة فسويسرة ورقمية.,سويسرية رقمية.,جديد سويسري ديجيتال.,صناعة سويسرية ديجتال.,قص رقميي مصنوعه بسويسرا.,ماركة حديثة سويسرية الصنع .,الجديدة السويسرية الصنع الرقمية.,جديدة من صنع سويسرا.,جديدة بصناعة سويسرية.,السويسرية الجديدة الرقمية .,جديدة سويسرية رقمية.,تصنعت في سويسرا.,رقمي سويسري جديد.,إلكتروني سويسري جديد.
18409,تبع الألوان الطيارة.,دة بنجاح.,الامتحان بكل سهولة.,بنتائج ممتازة.,بالوان طايرة.,ويه الالوام المتطايره.,بسهولة تامة.,الفحص بتفوؤ.,مع الوان طايرة.,ده بكل سهولة.,الفحص بتفوق.,وجنه العيد.,الاختبار فسهولة.,بشيء كويس.,الامتحان بتفوق.,داك بألوان طائرة.,بالوان عتتطايغ.,بنجاح كبير .,تحلق الألوان.,الامتحان مزيان.,الاختبار بسهولة.,اللي بتطير .,بألوان طايرة.,الامتحان بسهولة.,الالوان الي يتطايرو.,الامتحان بسهولة.
18412,أنا سائح، متل ما بتعرف.,سايح، إنت عارف كدة.,مهمين. أنا سائح، علابالك.,أنا سايح، إنت بتعرف.,أنا سايح، إنت عارف.,سايح مثل ما تعرف.,انت تعرف انا سائح.,ما بتعرف، أنا سايح.,جو. انا سايح، تعرف.,أنا سايح، إنت عارف.,أنا سائح، متل ما بتعرف.,انا سايح، خبرك.,مثيرة. أنا سائح، كتعرف.,انا سائح، فاهم.,ممتعة. أنا سايح، بتعرف.,انا سائح، انت عارف.,انا سائح، انت تعغف.,"أنني سائح , أنت تعرف .",المثيرة. أنا سائح، كما تعلمون.,كيفما كاتعرف أنا سائح.,انا سائح. تعرف.,سائح، زي ما بتعرف .,مثل ما انت تعرف.,انا سايح، كيما تعرف.,سائح، زي ما تعرف.,انا سايح، ماو تعرف.
18419,سياحية وقت السفية بالمرفأ؟,لما السفينة تكون فى المينا؟,تكون الباخرة فالميناء؟,ما السفينة لسا بالمينا؟,ما السفينة واقفة في المينا؟,طالما السفينة بعدها بالميناء؟,بينما اسفينة بالميناء؟,وأت تكون السفينة عالمينا؟,ان السفينة قاعده في الميناء؟,المدينة والمركب فى المينا؟,وقت توقف السفينة بالميناء؟,السياحية والسفينة في الميناء؟,المدينة مادام السفينة فالميناء؟,بينما السفينة في الميناء؟,و السفينة في المينا؟,وجود السفينة في الميناء؟,المدينه بينما السفينه بالميناء؟,رسو السفينة في الميناء ؟,حين أن السفينة في الميناء؟,السياحة حدما الباطو باقي فالميناء؟,بينما السفينة في الميناء؟,ما دام السفينة بالمينا؟,سياحية والسفينة في الميناء؟,البابور راكح في البرت؟,السفينه واقفه في المينأ؟,مادام البابور في البورت؟
18437,المراية الخلفية.,المراية اللى ورا.,تضبط المرآة.,المراية الخلفية.,المراية الخلفية.,تضبط المراية الخلفية.,المراية الخلفية.,مراية السيارة.,مراية الخلفية.,مراية الصالون.,المراية الورانية.,تعدل المنظرة.,مراية الرؤية الخلفية.,المرأيا الخلفية.,المراي الخلفية.,المراية الخلفية.,المغي الخلفي مالتك.,العاكسة للرؤية الخلفية .,مرآة الرؤية الخلفية.,المراية الخلفية.,المراية الخلفية.,المراية الخلفية .,المراية الخلفية.,تريقل الروترفزور.,المرايا الخلفيه.,ترى بها من تالي.
18440,دقايق أو هيك شي.,انتظار أو كدة.,دقائق انتظار.,أو إشي زي هيك.,إنتظار او حاجة كدة.,لعشرة دقايق او اكثر.,دقايق ا هجي شي.,عشر دئايئ.,مراجاة أو هكي.,دقايق انتظار أو أكتر.,دقايق أو هيك شي.,عشر دقايق.,الانتظار أو هكاك.,دقائق او حولينها.,عشر دقايق أو أكتر.,دقائق إنتظار ول كدا.,تاخير او هكذ شي.,ما يقارب ذلك .,دقائق أو نحو ذلك.,دقايق د الانتظار.,دقائق او حولها.,دقايق او شوي .,دقايق ولا شي.,تستنى درجين.,انتظار او حاجه هكي.,دقايق ولا أكثر.
18441,آخدلك طباقك؟,الأطباق بتاعتك؟,الصحون ديالكم؟,آخد صحونك؟,الاطباق بتاعتك؟,المواعين مالتك؟,اشيل مواعينك؟,آخد صحونكن؟,تحول تباسيك؟,الأطباق بتاعتكم تيكاوي؟,آخد الصحون؟,اشيل صحونكم؟,الطباسل ديالك؟,اخذ صحونك؟,أقيم صحونكم؟,أشيل صحونك؟,اشيل اطباقك؟,الأطباق الخاصة بك ؟,ياخذ الصحون؟,اللوحات ديالك؟,اخذ صحونك؟,اخذ لوحاتك؟,اشل صحونكم؟,نهز الصحونة؟,انقيم صوانيكم؟,لوصحنة متاعكم؟
18451,هيك. إينا وقت بتحب؟,الوقت اللى تحبه؟,سروري. وقتاش يساعدك؟,متى بتحب؟,تحب انهي وقت؟,الشي. شوكت تريد؟,يمته يعجبك؟,ساعة بدك؟,اي وقت تحب؟,اللى تحبه إمتى؟,بأي وقت بدك؟,الساعة كم؟,اينا وقت بغيتي؟,الوقت اللي يعجبك؟,ساعة بتحب؟,ياتو زمن بتحب؟,اي وقت تحب؟,ترغب في ذلك ؟,ما الوقت الذي تريد؟,إينا وقت يناسبك؟,متى تبي؟,اي وقت بتحب؟,وقت تحب؟,الوقت الي يساعدك؟,وقت تحب؟,وقت إلي تحبو؟
18487,تعشيت هون امبارحة بالليل.,لما اتعشيت هنا إمبارح.,جيت تعشيت هنا لبارح عشية.,تعشيت هون الليلة الماضية.,لما كنت بتعشى إمبارح.,تغديت هنا ليلة البارحة.,هنا من تعشيت امس.,تعشيت هون مبارح بالليل.,كليت العشاء هنا ليلة امس.,ورايا وأنا بتعشى إمبارح.,وقت تعشيت هون مبارح.,امس لما كنت اتعشا.,كنتعشا هنا الليلة الفايتة.,جيت اتعشى هنا امس.,اتعشيت هون الليلة الماضية.,اتعشيت هنا الليلة الماضية.,اتعشيتو هوني الليلي الغاحت.,أتناول العشاء هنا الليلة الماضية .,تناول العشاء هنا الليلة الماضية.,تعشيت هنا فالليل.,حينما تعشيت هنا امس.,كنت اتعشى هون مبارح .,لما تعشيت هانا امس.,كيف جيت نتعشا البارح.,تعشيت هنايا امس.,لتالي وقت فطرت هوني البارح.
18492,عند البوابة.,عند البوابة.,باب الصعود.,عند البوابة.,عند البوابة.,على البوابة.,من البوابة.,عن البوابة.,عند البوابة.,عند البوابة.,عالبوابة.,عند البوابة.,فالبوابة.,عند البوابة.,عند البوابة.,في البوابة.,عد البوابه.,البوابة .,على البوابة.,فبوابة الركوب.,على البوابة.,البوابة .,عند البوابة.,باب الطلوع.,عند البوابه.,فل مدخل.
18502,الموضوع. صار عملت أنت أكتر من اللازم.,منه. إنت خلاص عملت أكتر من الكافى.,بيه. راك درت بزاف حاجات.,إنت أصلاً عملت أكتر من اللي لازم ينعمل.,إنت عملت اكتر من اللازم اصلاً.,بالموضوع. انته سويت الي عليك واكثر.,بي انا. انت سويت الكافي .,إعتني في. عملت أكتر من اللزوم.,بيه. أنت أساسا درت أكثر من الكفاية.,منه. إنت عملت أكتر من اللازم قبل كدة.,عملت بما فيه الكفاية.,انت سويت اكثر من اللي عليك.,درتي كثر من داكشي من قبل.,فيه. أنت سويت اكثر من اللازم.,انت عملت أكتر من اللازم أصلاً.,منه. انت اصلا عملت اكتر من الكافي.,انت اعملت اكثغ من اللازم مسبقا.,. لقد قمت بالفعل بما هو اكثر من كاف .,تأخذ الرعاية من ذلك. لقد سويت الازم.,نتكلف بيه. راك درتي فوق جهدك.,به. سويت اكثر من اللازم مسبقا.,اصلا عملت اللي بيكفي و زيادة .,بالموضوع. قد عملت كفاية وزيادة.,نتكفل بها. عملتوا الازم.,اني. انت درت اكتر من لازم.,زيد إنت عملت أكثر م لازم.
18519,بدلو. إذا سمحت.,تبدله، لو سمحت.,من فضلك.,بتبدله، لو سمحت.,ن لو سمحت.,تبدلها، رجاءً.,تبدلها، رجاءا.,بدلو، إزا بتريد.,لا بدله، لو سمحت.,تغيرها، لو سمحت.,بدله، جاءً.,تبدله، لو سمحت.,بدلو، عافاك.,تغيره، لو سمحت.,بتبدلو، لو سمحت.,تبدله، من فضلك.,تبدلو، رجاءا.,، من فضلك .,تبدله، من فضلك.,بدلو، عافاك.,لو سمحت.,لو سمحت .,ولا تبدله، لوسمحت.,بدله، يعيشك.,بدله، من فضلك.,تبدل بيه، يعيشك.
18521,وقت الشهر الجاي.,ما الشهر الجاى.,الشهر الجاي.,وقت الشهر الجاي.,وقت الشهر اللي جاي.,ما الشهر الجاي.,الاوقات الشهر الجاي.,يوم الشهر الجايي.,وقت الشهر الجاي.,يوم الشهر الجاي.,الشهر الجاية.,الشهر الياي.,وقت الشهر الجاي.,تاني الشهر الجأي.,يوم الشهر الجاي.,الشهر الجاي.,الشهغ اللي يجي.,ما الشهر القادم .,وقت هالشهر المقبل.,فالشهر الجاي.,ما الشهر الجاي.,الشهر الجاي .,وقت الشهر الجاي.,الشهر الجاي.,الجاي في وقت ما.,شهر جاي.
18527,خود وقتك.,خد وقتك.,وقتك.,خد وقتك.,خد وقتك.,وقتك الكافي.,اخذ وقتك.,خود وأتك.,خوذ وفتك.,خد وقتك.,خود وقتك.,راحتك.,خود وقتك.,لو سمحت.,خود وقتك.,اخد زمنك.,خذ وقتك.,تروى .,لو سمحت.,خود وقتك.,خذ وقتك.,وقتك .,خذ وقتك.,وقتك.,خود وقتك.,خوذ وقتك.
18531,مع المنتج الموجود؟,يتقارن مع المنتج الحالى؟,مقارنة بالمنتوجات المتوفرة؟,الجديد بالمنتجات الموجودة؟,بيقارن المنتجات الموجودة؟,الجديد بالمنتجات الموجودة؟,الجديد بالمنتج الموجود؟,الجديد والمنتج الموجود؟,مع المنتجات الي قاعدات؟,إيه مقارنة بالمنتجات الموجودة؟,مع المنتجات الموجودة؟,مقارنةً بالمنتجات الموجودة؟,الجديد مع المنتجات الموجودة؟,مع المنتجات الموجودة؟,الجديد مع المنتجات الموجودة؟,يقارن مع المنتجات الموجودة؟,مع المنتجات اللخ؟,مع المنتجات الموجودة ؟,الجديد مع المنتجات الموجودة؟,الجديد مع باقي المنتجات؟,الجديد بالمنتج الحال؟,بيتقارن مع المنتجات الموجودة؟,الجديد بالمنتجات الموجودة؟,من البرودوي الموجود؟,مقارنة بالمنتوج القديم؟,مع البردويات الموجودة؟
18540,لطيفين بهالمحل.,فى المحل دة.,هاذ المحل.,لطيفين بهاد المحل.,في المتجر ده.,انسان جدا لطيف.,المحل كلش لطفاء.,لطيفين بهالمحل.,هضا كويسين بكل.,ده طيبين قوي.,لطفا بهالمحل.,في هالمحل.,ظريفين بزاف.,في المتجر دا.,المحل كتير لطيفين.,في المتجر دا.,كلش لطيف.,المتجر لطفاء جداً .,في هذا المخزن.,المحل ضريفين بزاف.,بهذا المحل.,بهاد المحل .,المحل قوي حبوبين.,في المغازة هذه.,هدا كويسين هلبه.,محلاه فالمعمل هذا.
18552,تعفلي هاد؟,تشيللى دة؟,لي بهاذا؟,بهاد معك؟,من ده؟,تحتفظلي بهذا؟,هاي الي؟,هيدا معك؟,هضي ليا؟,تخليلي دي؟,تخليلي هاد؟,هذي عندك؟,من أجلي؟,تخليه عندك؟,تخليلي هدا؟,لي دا؟,بهذا للي؟,لي ؟,هاذي بالنسبة لي؟,بهاد الشي؟,بهذا لي؟,هاي معك؟,هذا لي؟,على هذا؟,تشدلي هدا؟,تخللي هذا؟
18562,إذا سمحت.,من فضلك.,من فضلك.,لو سمحت.,لو سمحت.,بلية زحمة.,دقيقة، رجاءا.,إزا بتريد.,لو سمحت.,لو سمحت.,لو سمحت.,لو سمحت.,عافاك.,لو سمحت.,لو سمحت.,من فضلك.,دقيقه، رجاءا.,من فضلك .,من فضلك.,عافاك.,بوصل للسيد. جونز.,سمحت .,لو سمحت.,يعيشك.,من فضلك.,وحدة، يعيشك.
18569,الاستلام تبعك؟,الاستلام بتاعك؟,التسجيل للأمتعة ديالك؟,الاستلام تبعك؟,الاستلام بتاعك؟,الاستلام مالتك؟,الجنط مالتك؟,الاستلام تبعك؟,الاستلام بتاعك؟,الشنط بتاعك؟,الاستلام تبعك؟,الامتعة حقك؟,الاستلام ديالك؟,الاستلام حقك؟,بطاقات شناتيي؟,الاستلام حقتك؟,الاستلام مالتك؟,ادعائك ؟,الاستلام حقك؟,التسجيل دالأمتعة؟,الاستلام حقك؟,الاستلام تبعك؟,الاستلام حقك؟,الباقاج متاعك؟,الاستلام متاعك؟,الاستلام متاعك؟
18572,سيارة أسبوع.,لمدة أسبوع.,سيارة لأسبوع.,سيارة لأسبوع.,عربية لمدة اسبوع.,هذا الأسبوع.,لمدة اسبوع.,سيارة عجمعة.,سيارة لأسبوع.,لمدة أسبوع.,لمدة اسبوع.,حق اسبوع.,لمدة أسبوع.,لمدة أسبوع.,سيارة لأسبوع.,عربية لأسبوع.,سياره لاسبوع.,لمدة أسبوع .,لمدة أسبوع.,طوموبيلة لسيمانا.,سيارة لاسبوع.,لاسبوع .,لمده اسبوع.,لمدة جمعة.,سياره لأسبوع.,جمعة من زمان.
18580,بشكل منفصل.,بطريقة منفصلة.,قبل وحدوا.,كل واحد لحال.,إغسله لوحده.,بشكل منفصل.,اغسله وحده.,غسلو لوحدو.,كل وحدة بروحها.,اغسله لوحده.,اغسله لحاله.,غسله بروحه.,وغسلو مفرق.,غسلها لوحدها.,اغسلو لحالو.,بشكل منفصل.,بشكل منفصل.,اغسليها على منفصلة .,وغسله بشكل منفصل.,غسلو مفرق.,اغسله منفصل.,لحاله .,غسله لوحده.,موش مع بعضهم.,كل واحد بروحه.,اغسلوا وحدو.
18585,ساعات رجالية.,ساعات رجالى.,تع الرجال.,ساعات رجالية.,شوية ساعات رجالي.,ساعات رجالية.,ساعات رجالية.,ساعات رجالي.,شوية ساعات رجالية.,شوية ساعات رجالي.,رجالية لو سمحت.,ساعات رجالية.,ساعات ديال الرجال.,لو سمحت.,ساعات رجالية.,بعض الساعات للرجال.,ساعات للغجيل.,الساعات الرجالي .,بعض الساعات للرجال.,سوايع دالرجال.,بعض الساعات للرجال.,ساعات رجالي .,بعض الساعات للرجال.,مناقل رجال.,ساعات رجاليه.,مناقل رجال.
18595,وعشرة.,وعشرة.,عشرة تع لعشية.,أربعة عشرة.,اربع عشرات.,وعشرة.,اربعة وعشرة.,أربعة وعشرة.,اربعه عشرة.,أربعة عشر.,وعشرة.,اربع وعشر.,اربعة عشر.,أربعة وعشر.,و عشرة.,أربعة عشرة.,اربعمي وعشغه.,عشرة .,أربعة عشرة.,ديال العشية.,و عشر.,عشرة .,اربع وعشر.,و درجين.,عشرة.,و درجين.
18612,ع مركز المدينة؟,تروح لمركز المدينة؟,نروح لوسط المدينة؟,تروح على مركز المدينة؟,كام لمركز المدينة؟,اريد اروح لمركز المدينة؟,يوديك لمركز المدينة؟,عوسط المدينة؟,تمشي لوسط البلاد؟,عشان تروح وسط المدينة؟,على مركز المدينة؟,بروح مركز المدينة؟,باش نمشي لوسط المدينة؟,اروح وسط المدينة؟,تروح على وسط البلد؟,تمشي لمركز المدينة؟,للغوحه لمركز المدينه؟,إلى وسط المدينة ؟,إلى وسط المدينة؟,للذهاب لوسط المدينة؟,للذهاب لمركز المدينة؟,للروحة لوسط المدينة؟,لوسط المدينه؟,توصلني لوسط البلاد؟,لوسط البلد؟,باش تمشي وصت ريف؟
18614,الصبح هاد.,النهاردة الصبح.,الصبح.,هاد الصبح.,الصبح.,هذا الصبح.,الصبح.,اليوم الصبح.,الصبح هض.,الصبح.,الصبح.,اليوم الصبح.,الصباح.,الصباح.,الصبح.,الصباح دا.,الصبح.,الصباح .,الصبح.,الصباح.,هذا الصباح.,الصبح .,الصبح.,اليوم الصباح.,الصبح اليوم.,صباح ليوم.
18617,عم يطلعوا.,هما خلاص بيركبوا.,يديرو إجراءات الصعود.,أصلا بيطلعوا.,عملو بوردنج أصلاً.,بدوا يصعودن.,صعدو للطيارة.,عم يطلعو بالطيارة.,قلعو أساسا.,هما خلاص طلعوا.,بلشوا يطلعوا.,بدا الصعود.,طلعو من قبل.,قاعدين يصعدو.,يطلعوا أصلاً.,هم بالفعل بركبوا.,بدو يصعدون مسبقا.,انهم يركبون بالفعل .,بالصعود لانه.,غادي يطاعو دابا.,يصعدون مسبقا.,همه اصلا بيطلعو .,هم بيطلعوا من الان.,بداو يطلعوا.,لانهم بدو يركبو.,هوما طالعين.
18632,عالضبط.,تماما.,تماما.,كتير.,يادوب كويس.,كاعدة وزن.,كلش مناسب.,عالأد.,معايا صح.,مناسب بالظبط.,منيح.,مضبوط.,غي اليمين.,مناسب.,مناسبة.,صاح بس.,بمقاسي تماما.,تماما .,الحق فقط.,نيشان.,تماما.,بالزبط .,بالضبط.,بالباهي.,القد بالضبط.,صحيح.
18639,فروج.,على فراخ.,الدجاج.,جاج.,طلبت فراخ.,دجاج.,طلبت دجاجة.,دجاج.,طلبت دجاج.,طلبت فراخ.,جاج.,طلبت دجاج.,على الدجاج.,طلبت دجاج.,جاج.,عن جداد.,طلبتو جيج.,دجاجا .,عن الدجاج.,الدجاج.,دجاج.,الجاج .,دجاج.,دجاج.,طلبت دجاج.,دجاج.
18640,أيام.,أيام.,أيام.,أيام.,تيام.,أيام.,عشرة ايام.,تيام.,أيام.,عشرة أيام.,تيام.,عشرة أيام.,عشرة أيام.,أيام.,أيام.,أيام.,ايام.,أيام .,عشرة أيام.,أيام.,أيام.,ايام .,ايام.,ايام.,ايام.,عشرة أيام.
18642,عمر هالصبي؟,كام سنة؟,هاذ الولد؟,هاد الولد؟,كام سنة؟,هذا الولد؟,هذا الولد؟,عمر هالصبي؟,العيل هضا؟,ده كام؟,عمر هالولد؟,عمر هالصبي؟,هاد الولد؟,الولد دا؟,هدا الولد؟,الولد دا؟,هذا الولد؟,الصبي ؟,عمر هالولد؟,هاد الدري؟,هذا الولد؟,هاد الولد؟,هذا الولد؟,قداش عمره؟,الوليد هدا؟,طفل هذا؟
18643,كلوا؟,مع بعضه؟,للكل؟,مع بعض؟,بعض بكام؟,على بعض؟,كلهم سوا؟,كلون سوا؟,مع بعضهن؟,بعض بكام؟,كلهن؟,كامل؟,داكشي مجموع؟,السعر كله؟,مع بعض؟,كله كدا؟,كلم سوى؟,كلها ؟,كامل؟,للمجموع؟,كله؟,مع بعض؟,هو كله؟,للكل؟,مع بعض؟,مع بعضهم؟
18646,إذا سمحت.,دة، لو سمحت.,هاذا، من فضلك.,لو سمحت.,ده، لو سمحت.,هذا، رجاءً.,ذاك، رجاءا.,إزا بتريد.,بالضبط، لو سمحت.,ده، لو سمحت.,لو سمحت.,لو سمحت.,بحال هادا، عافاك.,داك، لو سمحت.,لو سمحت.,من فضلك.,هذاك، رجاءا.,من فضلك .,من فضلك.,الشي عافاك.,لو سمحت.,لو سمحت .,لو سمحت.,هذا، يعيشك.,من فضلك.,هذا، يعشك.
18685,السفر تبعي.,السياحى بتاعى.,السفر ديالي.,شيكاتي السياحية.,السياح بتعاتي.,السياحية مالتي.,صكوكي السياحية.,شيكاتي السياحية.,بتاعي .,السياحية بتاعتي.,شيكاتي السياحية.,جيكاتي السياحية.,شيكات المسافر.,شيك السياحة.,شيكاتي السياحية.,المسافر حقتي.,صكات المسافرين.,السياحية .,حجوزات المسافرين.,السفر ديالي.,المسافر حقي.,المسافر .,شيكي السياحي.,شاكات السفر.,"""ترافلز شيك"" متاعي.",صفر متاعي.
18687,دوا للرشح.,دوا برد.,لنزلة البرد.,دوا زكام.,دوا برد.,دوه بارد.,دوا نشلة.,دوا للرشح.,شوية دواء برد.,شوية دوا برد.,دوا للرشح.,دوا حق الزكام.,الأدوية الباردة.,دواء زكام.,دوا رشح.,بعض دواء النزلة.,ادويه بيغدي.,دواء للبرد .,بعض الأدوية الباردة.,أدوية دالبرد.,دواء للبرد.,ادوية باردة .,لي علاج للبرد.,دواء للقريب.,دوا برده.,دوا برد.
18690,حطو بقمع.,فى قرطاس.,في مخروط.,حطها بقرطوس.,في قمع.,خليها بمخروط.,خليها بمخروط.,حطو بكورنيه.,في طربوش.,في قرطاس.,حطه ببوري.,في بسكوت.,حطها فمخروط.,في كوز.,في أرطوس.,في شكل مخروط.,خليها بمخروط.,في قمع .,في مخروط.,الشي فمخروط.,فيه كوز.,بمخروط .,في كون.,في مخروط.,في طربوش.,فل كون.
18725,الصبح بالقطار.,يوم الصبح فى القطر.,صبح فالقطار.,يوم الصبح بالقطار.,يوم الصبح في القطر.,الصبح بالقطار.,ع القطار الصبح.,بشوفو بالترين.,صبح على القطار.,الصبح في قطر.,الصبح بالقطار.,اشوفه في القطار.,فالصباح فالطران.,الصبحية عند القطار.,صبح في القطار.,صباح في القطر.,كل صبح بالقطار.,في القطار .,على متن القطار.,صباح فالقطار.,صباح على القطار.,على القطار .,كل صباح بالقطار.,في الترينو.,كل صبح في القطار.,كل يوم صباح.
18727,معنا المسا؟,النهاردة بالليل؟,معانا لعشية؟,اليوم المسا؟,معانا الليلة؟,هاي الليلة؟,ويانه الليلة؟,معنا الليلة؟,الليلة هضي؟,الليلة دي؟,معنا الليلة؟,ويانا الليلة؟,هاد الليلة؟,دا المساء؟,اليوم المسا؟,المساء دا؟,هذا المساء؟,معنا هذا المساء ؟,العشاء معنا هالمساء؟,معانا هاد الليلة؟,هذا المساء؟,اليوم المسا؟,في الليل؟,في الليل؟,معنا الليله؟,معنا ليلة؟
18747,مبسوط إذا بتخبروا أني هون.,هكون مبسوط لو قولتله إنى هنا.,اذا تقدر تقولوا له بلي ننزل فيه.,أكون مبسوط إذا حكتله إني هون.,هبقى مبسوط لو قولتله أني هنا.,ممنون اذا تبلغه باني هنا.,سعيد اذا كلتله انا هنا.,ممنون إزا إلتلو أني هون.,فرحان لو قلتله اني هنا.,سعيد لو بلغته إني هنا.,سعيد إذا قلتله إني هون.,لو سمحت خبره اني هني.,الى قلتي ليه بلي غانكون هنا.,مبسوط لو تقله اني هنا.,مبسوط ازا بتقلو اني هون.,اكون سعيد لو كلمته اني هنا.,اكون سعيد اذا تقلو انو انا هوني.,مسروراً إذا أخبرته أنني هنا .,إذا بتقول له أني اهني.,فرحان إلا اخبرتيه باللي راني هنا.,سعيد اذا علمته اني هنا.,اذ قلتلو اني انا هون .,لو تقل له ان انا هانا.,تقلو الي انا في هوني.,كانا تقدر تقوله اني قاعد هنايا.,برشة كان تقولوا ال أنا هوني.
18770,وأربعين دقيقة.,وأربعين دقيقة.,وأربعون دقيقة.,خمسة وأربعين دقيقة.,واربعين دقيقة.,خمسة واربعين دقيقة.,خمسة واربعين دقيقة.,وأربعين دئيئة.,وأربعين دقيقة.,خمسة وأربعين دقيقة.,وأربعين دقيقة.,واربعين دقيقة.,خمسة وأربعين دقيقة.,وأربعين دقيقة.,و أربعين دقيقة.,وأربعين دقيقة.,واربعين دقيقه.,خمسة وأربعين دقيقة .,خمسة وأربعين دقيقة.,و ربعين دقيقة.,و أربعين دقيقة.,اربعين دقيقة .,خمسه-واربعين دقيقه.,شينو ياماد.,و اربعين دقيقه.,ساعة غير ربع.
18771,شينو يامادا.,شينو يامادا.,شينو يامادا.,شينو يامادا.,شينو يامادا.,شينو يامادا.,شينو يامادا.,شينو يامادا.,شينو يامادا.,شينو يامادا.,شينو يامادا.,شينو يامادا.,شينو يامادا.,شأينو يامادا.,شينو يامادا.,شينو يامادا.,شينو يامادا.,يامادا .,شينو يامادا.,شينو يامادا.,شينو يامادا.,شينو يامادا.,شينو يامادا.,شينو ياماد.,شينو يامادا.,شينو يمادى.
18784,تخصص هالمطعم؟,المطعم دة؟,تع هاذ الفندق؟,هاد المطعم؟,المطعم ده؟,هذا المطعم؟,بهذا المطعم؟,إختصاص هالمطعم؟,المطعم هضا؟,المطعم ده؟,هاد المطعم؟,في هالمطعم؟,هاد المطعم؟,دا المطعم؟,هدا المطعم؟,تخصصها شنو؟,هذا المطعم؟,هذا المطعم ؟,تخصص هالمطعم؟,هاد المطعم؟,هذا المطعم؟,المطعم ؟,هذا المطعم؟,المطعم هذا؟,المطعم هدا؟,مطعم هذا؟
18798,أبيض ممتاز.,أبيض فاخر.,أبيض هايل.,أبيض ممتاز.,أبيض ممتاز.,ابيض فاخر.,ممتاز .,أبيض ممتاز.,ابيض ممتاز.,بيضا ممتازة.,أبيض ممتاز.,ابيض ممتاز.,الأبيض الممتاز.,ابيض ممتاز.,أبيض ممتاز.,بيضاء ممتازة.,ابيض ممتاز.,ممتاز .,الأبيض الممتاز.,أبيض زوين.,ابيض ممتاز.,الأبيض الممتاز.,ابيض ممتاز.,ابيض هايل.,ابيض مليح.,أبيض طيارة.
18830,دوا رشح.,برد بس.,لنزلات البرد.,دوا زكام.,برد بس.,ادويه باردة.,دوا نشلة.,دوا للرشح.,دواء برد.,برد بس.,رشح بس.,ادوية زكام.,الأدوية الباردة.,دواء زكام.,دوا رشح.,دواء النزلة.,ادويه بيغدي.,للبرد .,الأدوية الباردة.,دالدوا للبرد.,دواء للبرد.,أدوية باردة.,برد بس.,طوابع للقريب.,برده بس.,دوا برودة.
18834,عالصالة بكرة الصبح؟,للوبى بكرة الصبح؟,للهول غدوة صبح؟,على اللوبي بكرا الصبح؟,عند الإستقبال بكرة الصبح؟,جوه للوبي باجر الصبح؟,للردهة باجر الصبح؟,الإستئبال بكرا الصبح؟,تحت للردهة بكرة الصبح؟,في المدخل بكرة الصبح؟,عاللوبي بكرا الصبح؟,اللوبي بكرة الصبح؟,البهو غدا فصباح؟,لين اللوبي بكرة الصباح؟,اللوبي بكرا الصبح؟,اللوبي صباح بكرة؟,الاسفب بالصاله غدا الصبح؟,الردهة غداً صباحاً ؟,اللوبي صباح الغد؟,ديالي للرواق غدا فالصباح؟,الى الردهة بكرة الصبح؟,اللوبي بكرا الصبح؟,الفندق نازل بكره الصبح؟,الهول غدوة الصباح؟,للصاله الاستقبال غدوه الصبح؟,لوبي غدوة صباح؟
18836,كل مرة بسافر فيها.,كل مرة أسافر فيها.,كلما نروح في سفر.,بكل مرة بسافر فيها.,تضيع كل ما اسافر.,اضيع شي من اسافر.,شي كلما اسافر.,بضيع شي.,حاجة كل ما نسافر.,في كل مرة وأنا مسافر.,سافرت بضيع شي.,كل مرة اسافر.,كنسافر كنضيع شي حاجة.,شيء كل مرة اسافر.,كل مرة بسافر فيها.,حاجة كل مرة أسافر.,شي كل مره اسافر.,كل وقت أسافر فيه .,في كل مرة أسافر.,كانضيع شي حاجة فالأوطيل.,كل مرة اسافر.,كل مرة بسافر .,حاجه كل مره اسافر.,كل ما نسافر.,حاجه كل ما نسافر.,حاجة وقت نسافر.
18845,أستعمل إيدي اليمين.,دراعى اليمين.,ذراعي اليمين.,أستخدام إيدي اليمين.,استخدم ايدي اليمين.,استخدام ايدي اليمنى.,ايدي اليمنى.,إستعمل إيدي اليمين.,يدي اليمين.,استخدام دراعي اليمين.,إيدي اليمين.,ماقدر استخدمها.,يدي دليمن.,يدي اليمين.,ايدي اليمين.,يدي اليمين.,بايدي اليمين.,الأيمن .,ذراعي اليمين.,د اليمين.,يدي اليمنى.,ذراعي اليمين .,ايدي اليمين.,يدي اليمين.,يدي اليمين.,ب ذراعي ليمين.
18847,محل روي؟,دة رويز؟,في روي؟,معي رويز؟,بتاع روي؟,منو روي؟,هذا روي؟,بيت روي؟,مكان روي؟,ده روي؟,تبع روي؟,بيت روي؟,هادا روي؟,معأيا روي؟,هدا لروي؟,دا رويس؟,هاذا رويز؟,تعود إلى روي ؟,هذا روي؟,هادا روي؟,حق روي؟,هاد روي؟,هذا روي؟,بخير في روي؟,رقم روي؟,هذا روي؟
18848,إذا لحقت الشارع بتوصل عالمحطة.,ماشى فى الشارع هتوصل المحطة.,تتبع الطريق، توصل للمحطة.,ماشي فيه راح توصل للمحطة.,في الشارع ده هتوصل للمحطة.,تتبع الشارع راح توصل للمحطة.,تتبع الشارع راح توص للمحطة.,مشيت بهالشارع بتوصل عالمحطة.,تبعت الشارع حتوصل للمحطة.,مشيت في الشارع حتوصل للمحطة.,كملت الشارع بتوصل عالمحطة.,على الشارع بتوصل المحطة.,تبعتي الشارع غتوصل للمحطة.,مشيت مع الشارع حتوصل للمحطة.,مع الشارع رح توصل للمحطة.,كملت بالشارع ح تصل المحطة.,تتبع الشارع غاح تصل للمحطه.,سلكت الشارع ستصل إلى المحطة .,كنت تتبع الشارع ستصل إلى المحطة.,تبعتي الشارع غادي توصل للمحطة.,اتبعت الشارع بتوصل للمحطة.,الشارع رح توصل على المحطة .,على الشارع عتوصل للمحطه.,النهج، تو تلقى روحك في محطة الترينو.,تبعت الشارع حتوصل للمحطة.,تبع شارع توا تجي فل محطة.
18872,غرفة تدخين بآخر هالعربة.,فى آخر العربية دى.,للمدخنين فالمؤخرة تع العربة.,تدخين نهاية هاي العربة.,في اخر العربية دي.,تدخين بظهر هاي العربة.,تدخين بنهاية هاي العربة.,بالجزء الوراني من هالعربة.,تدخين في نهاية العربة.,في نهاية العربية دي.,غرفة تدخين بآخر عالعربة.,تدخين في نهاية هالعربة.,فالجزء الخلفي ديال هاد العربة.,للتدخين نهاية هادي العربة.,تدخين في أخر هالعربة.,في مؤخرة العربة دي.,مدخنين بنهايه هذي العربه.,تدخين قرب مؤخرة هذه الحافلة .,في الجزء الخلفي من هالعربة.,من اللور ديال هاد العربة.,غرفة مدخنين نهاية العربة.,تدخين بآخر هاي العرباية .,للمشقرين خلف هذه العربة.,آخر الكار باش تتكيف.,للتدخين في نهاية العربة.,دخان نهاية العربة هذي.
18877,آخد بروشور؟,آخد بروشور؟,على منشور؟,آخد نشرة؟,اخد بانفليت؟,تنطيني كراسة؟,اخذ كراسة؟,آخد دليل؟,ناخذ نشرة؟,آخد نشرة؟,تعطيني بروشور؟,تعطيني منشور؟,على كتيب؟,اخذ كتيب؟,تعطيني بروشور؟,على دليل؟,على كتيب؟,سياحي ؟,على كتيب؟,على كتيب؟,على مطوية؟,اخذ بروشور؟,بروشور؟,ناخذ سفود؟,كتيب؟,ناخو بروشيور؟
18879,إذا سمحت.,تسعة، لو سمحت.,من فضلك.,تسعة، لو سمحت.,تسعة، لو سمحت.,بالتسعة، رجاءً.,بالتسعة، رجاءا.,تسعة، إزا بتريد.,لو سمحت.,لو سمحت.,لو سمحت.,التسع، لو سمحت.,التسعة، عافاك.,تسعة، لو سمحت.,التسعة، لو سمحت.,التاسعة، من فضلك.,بالتسعه، رجاءا.,، من فضلك .,تسع، من فضلك.,التسعود، عافاك.,تسعة، لو سمحت.,لو سمحت .,تسع، لو سمحت.,التسعة، يعيشك.,تسعه، من فضلك.,تسعة، يعيشك.
18906,بتريدني أقصو؟,تحب أقطعه إزاى؟,راك حاب نقطعهوملك؟,بدك إياني أقصه؟,عايزني اقطعهالك إزاي؟,تريدني اقطعها؟,تريدني اكصها؟,بدك ياني إصو؟,كيف تبيني نقطعها؟,عاوزني أقطعه إزاي؟,بدك اياني قصه؟,تبغيني اقصه؟,تبغيني نقطعو؟,تباني اقصه؟,بتحب أقطعلك ياه؟,دايرني اقطعه؟,تغيدني اقطعا؟,تريدني أن اقطعها ؟,تبغا مني اقطعه؟,كيفاش بغيتي نقطعو؟,تبغاني اقطعه؟,بتحب اني اقصه؟,تشتيني اقصه لك؟,كيفاش تحبني نقصهملك؟,كيف تبيني نقصه؟,تحبني نقصو؟
18912,غلط بالفاتورة.,فى الفاورة.,خطأ فالملاحظة.,خطأ بالفاتورة.,غلط في الفاتورة.,خطأ بالقائمة.,غلط بالوصل.,غلط بالفاتورة.,في الفاتورة.,في الفاتورة.,خطأ بالفاتورة.,غلط في الفاتورة.,غلط فالفاتورة.,في الفاتورة.,غلط بالفاتورة.,غلط في الفاتورة.,خطا بالفاتورة.,في الفاتورة .,في الفاتورة.,غلط فهاد الفاتورة.,في الفاتورة.,غلط بالفاتورة .,غلط بالفاتوره.,في العدد.,غلط في الفاتوره.,فل فاتورة.
18917,بكون تمام.,هيكون كويس.,برك، مليح.,بكون تمام.,هيبقى تمام.,كولش كافي.,يكون كافي.,بيكون منيح.,خل حيكون تمام.,حيكون كويس.,بس منيح.,وخل اوكي.,وغيكون مزيان.,خل حيكون كويس.,خل منيح.,ح يكون كويس.,غاح يكون كافي.,سيكون جيداَ .,على ما يرام.,الخل غايكونو مزيان.,خل بيكون جيد.,بيكون منيح .,وعيكون تمام.,خل، ولاباس.,بس حيكون كويس.,خل سافا.
18919,ياه. فيني أقترح هاد؟,بالظبط. ممكن أقترح دة؟,تحوس. نقدر نقترحلك هاذا؟,إياه. بقدر أقترح هاد؟,عايزه. ممكن اقنرح ده؟,ممكن اقترح هذا؟,تريده. ممكن اقترح هذا؟,بقدر إعرض عليك هيدا؟,نقدر نقترح هضا؟,ممكن أقترح عليك ده؟,اقترح هاد؟,ممكن اقترح هذي؟,ممكن نقترح هادا؟,ممكن اقترح عليك دا؟,بقدر أقترح هدا عليك؟,ممكن أقترح دا؟,ممكن اقترح هذا؟,هل لي أن اقترح ذلك ؟,لي أن أقترح هذا؟,نقدر نقتارح عليك هادا؟,هل تسمح اقترح هذا؟,بقدر اقترح عليك هاد؟,تشتيه. اقدر اقترح هذا؟,ونقترح عليك هذا؟,نقدر نقترح هدا؟,نجم نقترح هذا؟
18938,مع سكر.,بسكر.,بالسكر.,مع سكر.,بسكر.,حلوه.,وشكر.,مع سكر.,مع سكر.,بالسكر.,مع سكر.,مع سكر.,مع السكر.,مع سكر.,مع سكر.,بسكر.,مع الشكر.,بالسكر .,مع السكر.,بالسكر.,بالسكر.,سكر .,مع سكر.,بالسكر.,بالسكر.,مع سكر.
18948,أنا آسف. غلطت.,آسف. أنا عملت غلطة.,أوه، عفوا. طحت.,أنا آسف. غلطت.,اسف. أنا غلطت.,اني آسف. ارتكبت خطأ.,انا اسف. غلطت.,بعتزر. غلطت.,اسف. انا درت غلط.,آسف. أنا عملت غلطة.,أنا آسف. خربطت.,اوه، آسف. غلطت.,متأسف. درت غلط.,اوه، معليش. غلطت.,متأسف. غلطت.,انا آسف. عملت غلط.,انا اسف. اعملتو خطا.,انا آسف . لقد أخطأت .,أنا آسف. سويت غلط.,أنا أسف. غلطت .,انا اسف. أخطأت.,اسف . غلطت .,انا اسف. غلطت.,سامحني. غلط.,اني اسف. غلطت.,اسف. عملت غلطة.
18951,الدهبي باليابان؟,الدهبى فى اليابان؟,الذهب فاليابان؟,الأسبوع الدهبي باليابان؟,الأسبوع الذهبي في اليابان؟,ذهبي باليابان؟,بالاسبوع الذهبي باليايان؟,بالأسبوع الدهبي باليابان؟,ويك في اليابان؟,الأسبوع الدهبي في اليابان؟,بالاسبوع الدهبي باليابان؟,الذهبي في اليابان؟,بأسبوع ذهبي فاليابان؟,الذهبي في اليأبان؟,الدهبي في اليابان؟,قولدن ويك في اليابان؟,الاسبوع الذهبي باليابان؟,ذهبي في اليابان ؟,أسبوع الذهبي في اليابان؟,بأسبوع الذهب فاليابان؟,الذهبي في اليابان؟,الاسبوع الذهبي باليابان؟,الذهبي في اليابان؟,في اليابان؟,الدهبي في اليابان؟,ذهبية فل يابان؟
18957,لعنا إذا سمحت.,تعالى تانى.,الملتقى القريب.,إرجع مرة تانية.,ابقى تعالى تاني.,مره اخرى.,مرة ثانية.,تانية إزا بتريد.,رد مرة أخرى.,سمحت تعالا تاني.,ترجع مرة تانية.,نشوفك مرة ثانية.,مرة أخرى.,مرة تانية.,تعال كمان مرة.,تعال راجع تاني.,ارجع مره اللخ.,عاود مرة أخرى .,مره ثانية.,ارجع مرة أخرى.,تعال مجددا.,ثانية لو سمحت .,ارجع مره ثانيه.,الى اللقاء.,تعالى تاني.,مرة أخرى.
18963,محجوز كلو؟,على الآخر؟,دايمن معمر؟,الحجوزات مسكرة؟,محجوز بالكامل؟,محجوزه؟,محجوزه كلها؟,محجوز كلو؟,محجوز بالكامل؟,كله محجوز؟,كله محجوز؟,محجوزة كامل؟,محجوزة كلها؟,كلها محجوزة؟,كلو محجوز؟,محجوز كله؟,كلو محجوز؟,بالكامل ؟,محجوزة بالكامل؟,كلشي محجوز؟,محجوز بالكامل؟,كلو محجوز؟,محجوز بكله؟,معبي؟,كلها محجوزه؟,محجوزين كل؟
18974,محل بالبلد؟,مكان فى البلد؟,أي مكان فالبلد؟,مكان بالمدينة؟,مكان في البلد؟,مكان بالبلد؟,مكان بالبلد؟,مطرح بالبلد؟,مكان في البلاد؟,أي حتة في البلد؟,ما كان بالبلد؟,مكان في الدولة؟,فأي بلاصة فالبلاد؟,مكان في البلد؟,مكان في البلد؟,اي محل في البلد؟,باي مكان بالبلد؟,مكان من البلاد ؟,مكان في البلد؟,بلاصة بالبلاد؟,أي مكان بالبلد؟,مكان بالبلد؟,اي بقعه بالبلاد؟,اجي في البلاد؟,مكان في البلاد؟,يجي فل مدينة؟
18986,أدق من هون؟,كام من هنا؟,نتصل بيه منا؟,أحكي من هون؟,اتصل بيه من هنا؟,اتصل منا؟,اتصل منا؟,إطلب من هون؟,نكلم من هنا؟,أطلبه من هنا؟,اتصل فيه من هون؟,اتصل من هني؟,من هنا؟,عليه من هنا؟,اتصل من هون؟,عليه من هنا؟,اتصل من هوني؟,منه هنا ؟,اتصل من اهني؟,نتصل من هنا؟,عليه من هنا؟,ارن عليه من هون؟,اتصل له من هانا؟,نكلمه من هوني؟,نكلم من هنايا؟,نكلمو منا؟
19002,ديزني لاند؟,ديزنى لاند؟,نروحو لديزني لند؟,الديزني لاند؟,لديزني لاند؟,لديزني لاند؟,لدزني لاند؟,عديزني لاند؟,لديزني لاند؟,لديزني لاند؟,ديزني لاند؟,ديزني لاند؟,لديزني لاند؟,لديزني لاند؟,على ديزني لاند؟,لديزني لاند؟,لدزني لاند؟,ديزني لاند ؟,إلى ديزني لاند؟,لديزني لاند؟,لديزني لاند؟,لديزني لاند؟,ديزني لاند؟,نمشيو لديزني لاند؟,لي ديزني؟,ديزناي لاند؟
19005,بتظن؟,كدة؟,تظن؟,هيك؟,شايف كدة؟,تعتقد؟,هشي؟,رأيك؟,اعتقادك هكي؟,كدة؟,رأيك؟,تهقى؟,كتظن هادشي؟,تشوف كدا؟,هيك؟,بتعتقد كدا؟,تعتقد همين؟,ذلك ؟,تعتقد ذلك؟,كاتظن؟,تعتقد؟,رأيك؟,تعتقد؟,تتصور؟,تقول؟,تتصور؟
19007,المطعم الرئيسي؟,المطعم الرئيسى؟,المطعم الرئيسي؟,المطعم الرئيسي؟,المطعم الئيسي؟,المطعم الرئيسي؟,المطعم الرئيسي؟,المطعم الرئيسي؟,المطعم الرئيسي؟,المطعم الرئيسي؟,المطعم الرئيسي؟,المطعم الرئيسي؟,المطعم الرئيسي؟,المطعم الرئيسي؟,المطعم الرئيسي؟,الكافيتيريا الرئيسية؟,المطعم الرئيسي؟,المطعم الرئيسي ؟,المطعم الرئيسي؟,كاين المطعم الرئيسي؟,المطعم الرئيسي؟,المطعم الرئيسي؟,المطعم الرئيسي؟,المطعم الرئيسي؟,المطعم الرئيسي؟,رستو رئيسي؟
19009,مكالمة عاليابان.,مكالمة لليابان.,مكالمة لليابان.,مكالمة لليابان.,مكالمة لليابان.,مكالمة لليابان.,اتصل لليابان.,إتصل عاليابان.,مكالمة لليابان.,مكالمة لليابان.,مكالمة عاليابان.,في اليابان.,مكالمة لليابان.,اتصال لليأبان.,على اليابان.,مكالمة لليابان.,اتصال لليابان.,باليابان .,إلى اليابان.,اتصال لليابان.,اتصل باليابان.,على اليابان .,ل اليابان.,نكلم اليابان.,مكالمه لليابان.,لل يابان.
19036,طنعش . وينو؟,اتناشر. هو فين؟,دي اثناعشر. وين جاي؟,طنعش. وينه؟,اتناشر. فينه؟,اثنعش. وين هذا؟,اثنعش، وينه؟,طنعش. وين موجود؟,دي اطناش. وينه؟,اتناشر. هو فين؟,دي اطنعش. وينه؟,اثنعش. وينه؟,اثني عشر. فين هو؟,اثناعشر. فينه؟,اتناعش. وين هو؟,اتناشر. وين هو؟,دي ايدعش. وينو؟,. أين هو ؟,اثنا عشر. وين صاير؟,دي اطناش. فين جا؟,اثنى عشر. وينه؟,دي اطنعش. وينو؟,دي. اين هو؟,اثناش، وينو؟,دي طناش. وينه؟,نومرو بلاصتي. وينها؟
19037,إذا سمحت؟,من فضلك؟,من فضلك؟,لو سمحت؟,لو سمحت؟,هذا، رجاءً؟,هاذ، رجاءا؟,شو هيدا؟,لو سمحت؟,لو سمحت؟,لو سمحت؟,لو سمحت؟,هادا، عافاك؟,لو سمحت؟,لو سمحت؟,من فضلك؟,هذا، رجاءا؟,فضلك ؟,من فضلك؟,هادشي، عافاك؟,لو سمحت؟,لو سمحت؟,هذا، لوسمحت؟,هذا، يعيشك؟,من فضلك؟,هذا، يعيشك؟
19038,يلي ببالك؟,فى دماغك؟,راهو في راسك؟,حاطه بعقلك؟,في دماغك؟,نوع أبالك؟,نوع ببالك؟,حاطط ببالك؟,في بالك؟,في دماغك؟,حاطته ببالك؟,في بالك؟,كاين فبالك؟,في بالك؟,يلي ببالك؟,في بالك؟,اكو ببالك؟,في مخيلتك ؟,الي براسك؟,داير فبالك؟,في بالك؟,اللي ببالك؟,معك في راسك؟,عندك في مخك؟,في بالك؟,عندك في مخك؟
19045,عالتمانة بالتوقيت المحلي.,بالتوقيت المحلى.,الثامنة، الوقت المحلي.,تمنية بالوقت المحلي.,تمانية بالتوقيت المحلي.,ثمانية بالتوقيت المحلي.,بالثمانية بالتوقيت المحلي.,تمانة بالتوئيت المحلي.,الثانية بالتوقيت المحلي.,تمنية بالتوقيت المحلي.,تمانة عالتوقيت المحلي.,ثمان بالتوقيت المحلي.,فالثمنية بالتوقيت المحلي.,على الوقت المحلي.,التمنية بالتوقيت المحلي.,التامنة توقيت محلي.,بالثميني بالتوقيت المحلي.,حسب التوقيت المحلي .,ثمان بالتوقيت المحلي.,التمنية دالتوقيت المحلي.,ثمانية بالتوقيت المحلي.,الثمنية بالتوقيت المحلي .,ثمان بالتوقيت المحلي.,الثمنية، بالوقت المحلي.,تمانيه بالتوقيت المحلي.,مع ثمانية بوقتنا.
19050,سمحت اتصل فيني.,لو سمحت اتصل بيا.,حاجة، اتصل بيا.,لو سمحت إتصل في.,لو سمحت تواصل معايا.,رجاءً اتصل بيه.,رجاءا اتصل بيه.,بتريد اتصل بقدر.,لو سمحت تواصل معايا.,من فضلك اتصل بيا.,رجاءً تواصل معي.,كلمني لو سمحت.,اتصل بيا، عافاك.,كلمني باللهي.,سمحت تواصل معي.,من فضلك اتصل على.,رجاءا اتصل بي.,بي من فضلك .,اتصل فيني لو سمحت.,عافاك اتصل بيا.,لو سمحت كلمني.,معي لو سمحت .,لوسمحت اتواصل معي.,حاجة، كلمني.,من فضلك كلمني.,أمان كونتكتيني.
19057,خنزير وبيض؟,خنزير وبيض؟,الخنزير و البيض؟,خنزير وبيض؟,خنزير وبيض؟,خنزير وبيض؟,لحم وبيض؟,جامبون وبيض؟,خنزير و دحي؟,لحم الخنزير وبيض؟,هام وبيض؟,خنزير وبيض؟,لحم الخنزير والبيض؟,خنزير وبيض؟,و بيض؟,لحم الخنزير و بيض؟,لحم خنزير وبيض؟,لحم الخنزير والبيض ؟,الخنزير والبيض؟,الخنزير المقدد و البيض؟,خنزير و بيض؟,خنزير و بيض؟,لحم خنزير وبيض؟,و عضام؟,و دحي؟,لحم و عظم؟
19064,إذا سمحت.,من فضلك.,من فضلك.,لو سمحت.,لو سمحت.,بلية زحمة.,للتحلية، رجاءا.,إزا بتريد.,لو سمحت.,للحلو، لوسمحت.,لو سمحت.,لو سمحت.,للتحلية، عافاك.,لو سمحت.,لو سمحت.,من فضلك.,للتحليه، رجاءا.,من فضلك .,من فضلك.,للتحلية، عافاك.,لو سمحت.,لو سمحت .,لو سمحت.,للديسار، يعيشك.,من فضلك.,ديسار، يعيشك.
19068,سخنة منيح.,سخنة كفاية.,سخون بزاف.,سخنة كتير.,سخنة كفاية.,كولش حار.,حار كافي.,سخنة كفاية.,ساخنه كفاية.,مش كفاية.,سخنة زيادة.,حار كفاية.,مسخونش بزاف.,مرة حارة.,سخنة كتير.,ساخنة كفاية.,بما بينو الكفايه.,بالقدر الكافي .,حار كفاية.,سخون كفاية.,حار كفاية.,بشكل كافي .,حامي كفايه.,سخون برشا.,سخونه كفايه.,سخون برشة.
19085,تعمل هيك؟,أعمل دة؟,كيفاش نديرو؟,بنعمل هاد؟,ده بيتعمل؟,نسوي هذا؟,شلون تسويه؟,بيعلمو هيدا الشي؟,ندير هضا؟,إزاي تعمل ده؟,بعمل هيك؟,اسوي هالشي؟,ندير ها؟,اسوي داك؟,كيف نعملو؟,كيف اعمل داك؟,تعمل هذا؟,عمل ذلك ؟,كيف استخدمة؟,ليا كيفاش نديرو؟,اسوي ذاك؟,كيف اعمله؟,تفعل هذا؟,كيفاش نعمل؟,كيف انديره؟,يتعمل هذا؟
19094,عنوانك هون.,التواصل بتاعك هنا.,العنوان ديالك هنا.,عنوانك هون.,التواصل بتاعك هنا.,الاتصال مالتك هنا.,عنوانك هنا.,عنوانك هون.,عنوانك هنا.,الاتصال بتاعك هنا.,الاتصال تبعك هون.,الاتصال فيك هني.,عنوانك هنا.,التواصل حقك هنا.,عنوانك هون.,عنوانك هنا.,عنوانك هوني.,الاتصال بك هنا .,عنوانك اهني.,الاتصال ديالك هنا.,عنوانك هنا.,عنوانك هون .,عنوانك هانا.,متاعك هوني.,عنوانك هنايا.,أدريستك هوني.
19100,أستعمل فلاش؟,أستخدم فلاش؟,نستعمل الفلاش؟,أستخدم الفلاش؟,أستخدم فلاش؟,استعمل فلاش؟,استخدم فلاش؟,ضو الفلاش؟,نستعمل الفلاش؟,أستخدم فلاش؟,استعمل فلاش؟,استخدم فلاش؟,نستعمل الفلاش؟,استخدم فلاش؟,أستعمل الفلاش؟,استخدم فلاش؟,استخدم فلاش؟,إِشارة ضوئية ؟,استخدم الفلاش؟,نستعمل الفلاش؟,استخدم فلاش؟,استخدم الفلاش؟,استخدم الفلاش؟,نستعمل الفلاش؟,نستخدم فلاش؟,ل فلاش؟
19101,بكرة. رح يكونوا الصور جاهزات وقتها.,هجهز الصور فى الوقت دة.,نفس الساعة. التصاور يكونو وجدو.,راح أكون جهزت الصور بهداك الوقت.,الميعاد. هيبقى معايا الصور جاهزة ساعتها.,راح اكون مجهز الصور.,راح تكون الصور جاهزة بوقتها.,الوأت. بيكونو الصور جاهزين.,حيقعد الصور واتيات عندي وقتها.,بكرة. حجهزلك الصور في الوقت ده.,الوقت بكرا. بكونو الصور جاهزين.,الصور جهزت على ما تجي.,غادي يكونو التصاور واجدين فداك الوقت.,الساعة. حغلق الصور وقتها.,بكرا. بيكونو الصور جاهزين وقتها.,ح يكون عندي الصور جاهزة بذلك الوقت.,غاح اجهز الصور اللك بوقتا.,ستكون الصور جاهزة . قبل ذلك .,غدا. بتكون الصور جاهزة ذلك الحين.,غادي يكونو واجدين من هنا لتما.,بجهز الصور على ذاك الوقت.,. رح اكون مجهز الصور .,عيكونين الصور جاهزات لا هذاك الساع.,الوقت. تو تلقى التصاور حاضرين.,غدوه. الصور حيكونو واتيات.,غدوة. توا تلقى تصور حاضرين.
19103,تطلب من المنيو المسائي.,بس من منيو بالليل.,راهو مكتوب في قائمة الطلبات الليلية.,بس من القائمة المسائية.,من القايمة الليلية بس.,من قائمة الطلبلات الليلية.,بس من قائمة الليل.,من لايحة الأصناف الليلية.,الا من المينو الليلي.,من قائمة الليلة بس.,من المينو تبع المسا.,الا من منيو الليل.,من القائمة ديال هاد الليلة.,من القأئمة حقت الليل.,بس من المينيو الليلية.,فقط من المنيو الليلي.,المينيو مال الليل بس.,من قائمة الطعام الليلية .,فقط من القائمة اليلية.,غير داكشي اللي كاين فالقائمة دالليل.,قائمة الطعام الليلية فقط.,من منيو الليل .,من المنيو حق الليل.,المقيد في المني متاع الليل.,المينيو متاع الليل بس.,كان من مينو ليلة.
19113,ولا نقي؟,ولا منقى؟,أو منقى؟,ولا منقى؟,ولا منقى؟,لو نقي؟,لو نقي؟,أو نقي؟,لا نقي؟,ولا منقى؟,ولا منقى؟,او نقي؟,أولى نقي؟,ولا منقى؟,ولا منقى؟,ول نقي؟,لو نقي؟,رصاص ؟,أو نقي؟,لا نقي؟,أو منقى؟,لا نقي؟,والا منقى؟,ولا نقي؟,او صافي؟,غير نقي؟
19144,عم يوجعني.,صداع.,في راسي.,صداع.,عندي صداع.,صداع.,وجع راس.,عم يوجعني.,صداع.,صداع.,عم يوجعني.,صداع.,حريق الراس.,صداع.,بيوجعني.,صداع.,وجع غاس.,بصداع .,صداع.,كايضرني.,صداع.,صداع.,صداع.,في راسي.,صداع.,يوجع.
19147,صفر سبعة.,زيرو سبعة.,مئتين و سبعة.,صفر سبعة.,زيرو سبعة.,صفر سبعة.,وميتين وسبعة.,وميتان وسبعة.,صفر سبعة.,صفر سبعة.,اطنعش صفر سبعة.,وميتين وسبعة.,عشر صفر سبعة.,صفر سبعة.,اتناعش صفر سبعة.,صفر سبعة.,صفر سبعه.,عشر صفر سبعة .,عشر صفر سبعة.,اطناش زيرو سبعة.,عشر صفر سبعة.,صفر سبعه .,صفر سبعه.,متين و سبعة.,صفر سبعه.,حداش صفر سبعة.
19148,غير غرفة.,أوضة مختلفة.,غرفة أخرى.,غرفة تانية.,أوضة مختلفة.,غير غرفة.,غير غرفة.,غير أوضة.,دار مختلفة.,أوضة مختلفة.,غرفة غيرها.,غرفة ثانية.,غرفة مختلفة.,غرفة تانية.,غرفة مختلفة.,غرفة مختلفة.,غيغ غرفه.,أخرى .,غرفة مختلفة.,غرفة مختلفة.,غرفة مختلفة.,مختلفة .,غرفه ثانيه.,بيت اخرى.,دار تانيه.,بيت مختلفة.
19156,صالحة هالفيزا؟,كويسة لحد إمتى؟,صالحة هاذ التأشيرة؟,راح تضل شغالة؟,الفيزة دي كويسة؟,صالحة لشكد؟,شكد مدتها؟,بتخدم هالفيزا؟,هضي ماشية؟,لحد إمتى؟,هي الفيزا؟,شغالة هالتأشيرة؟,هاد التأشيرة مزيانة؟,دي الفيزا؟,هاي الفيزا؟,الفيزا دي جيدة؟,الفيزا صالحه؟,هذه الفيزا ؟,هذه التأشيرة صالحه؟,تبقى صالحة هاد الفيزا؟,الفيزا صالحة؟,هاي الفيزا؟,هذه صالحه؟,لوقتاش صالحة؟,الفيزا هادي؟,فيزا هذي؟
19162,مشفى هون؟,من هنا؟,من هاذ النواحي؟,من هون؟,من هنا؟,قريبة منا؟,قريبة منا؟,مستشفى أريب؟,مستشفى هنا؟,قريب من هنا؟,من هون؟,من هني؟,مستشفى هنا؟,من هنا؟,من هون؟,مستشفى حوالي هنا؟,مستشفى حولنا؟,من هنا ؟,مستشفى اهني؟,سبيطار هنا؟,قريب هنا؟,من هون؟,هانا قريب؟,من هوني؟,الجيهة هادي؟,سبيطار هوني؟
19170,طقم.,بدلة.,حاب بدلة.,بدلة.,عايز بدلة.,جناح.,بدلة.,بدلة.,بدلة.,جناح.,بدلة.,بدلة.,لبسة.,بدلة.,سويت.,بدلة.,بدلي.,بزة .,بدلة.,بدلة.,جناح.,بدلة .,بدله.,كسوة.,بدلة.,لبسة.
19196,عرض أكبر؟,عرض أكبر؟,عريضة كثر؟,عرض أكبر؟,اعرض شوية؟,عرض اكبر؟,عرض اكبر؟,واحد أعرض؟,عرض اكبر؟,حاجة أعرض؟,عرض أكبر؟,عرض اكبر؟,عريض كثر؟,شيء اعرض؟,عرض أكبر؟,عرض أكبر؟,عغض اكبغ؟,أوسع ؟,اعرض اكثر؟,عرض اكبر؟,عرض اكبر؟,عرض اكبر؟,عرض اكبر؟,ما أطول؟,عرض أكبر؟,ما أعرض؟
19215,أجرب تسعة؟,على تسعة؟,مقاس تسعة؟,الساعة تسعة؟,اقيس تسعة؟,رقم تسعة؟,قياس تسعة؟,جرب عالتسعة؟,على تسعه؟,على تسعة؟,قياس تسعة؟,مقاس تسعة؟,نحاول فالتسعة؟,على تسعة؟,على تسعة؟,أجرب تسعة؟,اجغب تسعه؟,مقاس تسعة .,على تسع؟,قياس تسعود؟,على تسعة؟,على التسعة؟,على التسعه؟,قياس تسعة؟,رقم تسعه؟,في تسعة؟
19217,ممتاز، إذا سمحت.,لذيذ، من فضلك.,جيد، من فضلك.,زاكي كتير، لو سمحت.,كويس، لو سمحت.,ريوك مرتب، رجائا.,ريوك رائع. رجاءا.,بئدم ترويئة كتير منيحة.,كويس بكل، لو سمحت.,فطار كويس، لو سمحت.,ظريف كتير، لو سمحت.,لذيذ، لو سمحت.,فطور زوينة، عافاك.,كويس، لو سمحت.,رائع، لو سمحت.,عظيم، من فضلك.,تغيوقه مليحه، رجاءا.,، من فضلك ؟,رائع، من فضلك.,فطور مزيان، عافاك.,رائع، لو سمحت.,بيجنن، لو سمحت .,حالي، لو سمحت.,فطور صباح باهي، يعيشك.,فطور مليح، من فضلك.,صباح طيارة، يعيشك.
19226,حديقة الحيوانات؟,جنينة الحيوانات؟,حديقة الحيوانات؟,حديقة الحيوانات؟,جنينة الحيوانات؟,حيقة الحيوانات؟,حديقة الحيوانظ؟,حديئة الحيوانات؟,حديقة الحيوانات؟,جنينة الحيوانات؟,حديقة الحيوانات؟,حديقة الحيوانات؟,ديال الحيوانات؟,حديقة الحيوانات؟,حديقة الحيوانات؟,حديقة الحيوان؟,حديقة الحيوان؟,الحيوان ؟,حديقة الحيوان؟,حديقة الحيوان؟,حديقة الحيوانات؟,حديقة الحيوانات؟,حديقه الحيوانات؟,حديقة الحيوانات؟,حديقة الحيوانات؟,حديقة حيوانات؟
19232,منون أكبر؟,منهم أكبر؟,من هاذا؟,أكبر منه؟,أكبر؟,شي اكبر؟,شي اكبر؟,أكبر؟,وحدات اكبر؟,أكبر منها؟,أكبر منهن؟,اكبر؟,حاجة كبيرة؟,حجم اكبر؟,أكبر؟,أكبر؟,وحدات اكبغ؟,أكبر ؟,وحده أكبر؟,حاجة اكبر؟,اكبر منها؟,اكبر؟,من هذلا؟,ولا أقل؟,وحدات أكبر؟,وحود كبار؟
19250,دولار وتمانين.,قصاد تمانين.,ثمانون سنتيم.,وتمانين سنت.,تمانين سنت.,ثمانين سنت.,وثمانين دولار.,وتمانين سنت.,باكز ثمانين.,تمانين سنت.,وتمانين سينت.,دولار وثمانين.,دولارات وثمانين.,وتمانين سنت.,و تمانين.,دولار تمنين.,وثمانين سنت.,سنتا .,دولار ثمانين.,تمانين سنت.,و ثمانين.,ثمانين .,و ثمانين.,وثمانين فرنك.,و تمانيه.,ثمانين فرنك.
19251,باليابان المركزية، بأوائل نيسان.,لكن فى وسط اليابان، بداية أبريل.,في وسط اليابان، في أوائل أفريل.,في اليابان، بأول أبريل.,في نص اليابان، من أول ابريل.,بس بوسط اليابان، بداية ابريل.,بوسط اليابان، بداية ابريل.,بوسط اليابان، بأوائل نيسان.,في وسط اليابان، بداية اربعه.,بس في وسط اليابان، أول إبريل.,بوسط اليابان، بأول نيسان.,وسط اليابان، بداية ابريل.,فالوسط ديال اليابان، فالاول ديال أبريل.,نص اليأبات، بدأية ابريل.,بوسط اليابان، أول ابريل.,في وسط اليابان، بداية أبريل.,لكن بمركز اليابان، كل نيسان.,"وسط اليابان , في أوائل أبريل .",في وسط اليابان، أوائل أبريل.,فوسط اليابان، بداية أبريل.,في وسط اليابان، بدايات ابريل.,اليابان، بشهر اربعة .,في وسط اليابان، بدايه ابريل.,وسط اليابان، اول افريل.,وسط اليابان، اول ابريل.,في وسط ليابان، أول آفريل.
19258,وفريت.,وبطاطس.,البطاطا المقلية.,وبطاطا مقلية.,بالجبنة وبطاطس.,وفنكر جبس.,وبتيتة .,وبطاطا مئلية.,بطاطا مقلية.,برجر وبطاطس.,وبطاطا.,وبطاطس.,وبطاطا مقلية.,برقر وبطاطس.,و بطاطا.,و مقليات.,بطاطا مقلي.,بالجبن ومقليات .,والبطاطا المقلية.,بطاطا مقلية.,و بطاطس.,بطاطا مقلية .,مع شبس.,برغر بالفريت.,بطاطا مقليه.,و فريت.
19269,ع آخر قطار.,على آخر قطر.,القطار الأخير.,القطار الأخير.,بالنسبة للقطر الاخير.,اخر قطار.,لاخر قطار.,يجي آخر ترين.,على اخر قطار.,على آخر قطر.,عآخر قطار.,بالنسبة حق القطار الأخير.,للطران الأخير.,لاخر قطار.,لأخر قطار.,لآخر قطر.,بالنسبه لاخر قطار.,في التأخر .,القطار الأخير.,على آخر قطار.,لاخر قطار.,قطار .,للقطار الاخير.,آخر ترينو.,القطار الاخير.,تران لخراني.
19281,عندي فراطة.,أى فكة.,صرف.,أي فكايك.,اي فكة.,اي خردة.,عندي خردة.,عندي فراطة.,أي رقاق.,أي فكة.,فراطة أبداً.,عندي خردة.,شي صرف.,عندي فكة.,عندي فراطة.,اي فكة.,اي صرافه.,صغيرة .,عندي فكة.,صرف.,عندي فكة.,عندي فكة.,عندي فكه.,عنديش صرف.,عنديش رقاق.,صرف.
19294,الباص تبعك؟,الأتوبيس بتاعتك؟,الحافلة ديالك؟,تذكرة الباص؟,الاتوبيس بتاعتك؟,تذكرة الباص؟,الباص مالتك؟,بطاءات الباص؟,الحافلة بتاعك؟,القطر بتاعتك؟,الباص تبعك؟,الباص مالتك؟,الخاصة بيك؟,تذكرة الباص؟,الباص تاعتك؟,تزكرة بصك؟,تكتات الباص مالك؟,الحافلة ؟,مال الحافلة؟,تذكرة الطوبيس؟,الباص حقتك؟,بطاقتك الباص؟,الباص حقك؟,الكار متاعك؟,القطار متاعك؟,تسكرة الكار؟
19306,إذا سمحت.,لو سمحت.,من فضلك.,لو سمحت.,لو سمحت.,رجائا.,رجاءا.,إزا بتريد.,لو سمحت.,لوسمحت.,لو سمحت.,لو سمحت.,الائتمان، عافاك.,لو سمحت.,لو سمحت.,من فضلك.,الائتمان، رجاءا.,من فضلك .,لو سمحت.,الإئتمان، عافاك.,لو سمحت.,سمحت .,لو سمحت.,يعشك.,لو سمحت.,يعيشك.
19307,يونايتد تمانة تنين تمانة.,رحلة تمانية اتنين تمانية.,رقم ثمانية اثنين ثنامية.,يونايتد تمنية اتنين تمنية.,رقم تمانية اتنين تمانية.,رقم ثمانية ثنين ثمانية.,يونايتد ثمنمية وثمانية وعشرين.,تمنمية وتمانة وعشرين.,يونايتد ثمانية اثنين ثمانية.,يونايتد تمنية اتنين تمنية.,رقم تمانة اتنين تمانة.,يونايتد رقم اثنين وثمانين.,يونايتد ثمانية جوج ثمانية.,دلتا تمانية اتنين تمانية.,يونايتد تمنية تنين تمنية.,يونايتد تمنية اتنين تمنية.,يونايتد ثميني اثنين ثميني.,ثمانية اثنان ثمانية .,رقم ثمانية اثنين ثمانية.,يونايتد تمنية جوج تمنية.,ثمانية اثنين صفر ثمانية.,ثمنية اثنين ثمنية .,يونايتد ثمانيه اثنين ثمانيه.,ثمنمية و ثمنية و عشرين.,يونايتد تمانيه اتنين تمانيه.,يونايتد ثمانية ثنين ثمانية.
19317,حوالين غرفتي.,حوالين أوضتى.,قدام الغرفة ديالي.,حولين غرفتي.,حولين الأوضة بتاعتي.,يم غرفتي.,يم غرفتي.,حوالى أوضتي.,تلا داري.,حوالين أوضتي.,حولين غرفتي.,عند غرفتي.,ديال الغرفة ديالي.,عند غرفتي.,حولين غرفتي.,حول الغرفة.,حول غرفتي.,ضجيجا بالغا .,صوب غرفتي.,حدا الغرفة ديالي.,حوالي غرفتي.,غرفتي .,جمب غرفتي.,بحذا بيتي.,جيهة داري.,بحذا بيتي.
19318,نيويورك، واشنطن دي سي، وبوسطن.,نيويورك، واشنطن دى سى و بوسطن.,نيويورك، واشنطن دي سي و بوسطن.,متل نيويورك، واشنطن دي سي وبوسطن.,زي نيويورك، وواشنطن دي سي وبوسطن.,مشهوره، مثل نيويورك، واشنطن العاصمة، وبوسطن.,مثل نيويورك، واشنطن دي سي وبوستن.,متل نيويورك، وواشنطن العاصمة وبوسطن.,نيويورك، واشنطن دي سي و بوسطن.,زي نيويورك، وواشنطن دي سي وبوسطن.,نيويورك، وواشنطن دي سي، وبوسطن.,مثل نيويورك، وواشنطن دي سي وبوسطن.,المشهورة، بحال نيويورك وواشنطن العاصمة وبوسطن.,زي نيويورك، واشنطن دي سي وبوسطن.,نيويورك، واشنطن، دي سي و بوسطن.,نيويورك، واشنطن دي سي و بوسطن.,مثل نيويورك، واشنطن دي سي وبوسطن.,نيويورك ، واشنطن ، دي دي وبوسطن .,مثل نيويورك، وواشنطن دي سي وبوسطن.,بحال نيويورك، واشنطن دي سي، و بوسطن.,يورك، واشنطن دي سي و بوسطن.,زي نيويورك، وواشنطن دي سي وبوسطن.,يورك، واشنطن دي سي و بسطون.,كيما نيويورك، واشنطن دي سي وبوسطن.,نيويورك، واشنطن دي سي و بوسطن.,نيو يورك، واشنطن دي سي و بوسطن.
19327,ورق ياباني؟,أوراق يابانية؟,جرائد يابانية؟,ورق ياباني؟,جرايد يابانية؟,ورق ياباني؟,ورق ياباني؟,ورأ ياباني؟,أوراق يابانية؟,حيطة ياباني؟,جرايد يابانية؟,جرايد يابانية؟,أوراق يابانية؟,أوراق يأبانية؟,وراق يابانية؟,أوراق يابانية؟,اوراق ياباني؟,يابانية ؟,أوراق يابانية؟,جرائد يابانية؟,أوراق يابانية؟,وراق يابانية؟,اوراق يابانيه؟,جرايد يابانية؟,جريده يابانيه؟,أوراق يابانية؟
19329,منيح.,كويس.,مليح.,كويس.,عليه كويس.,زينة.,زين .,منيح.,كويس.,كويس.,منيح.,زين.,زوين.,كويس.,منيح.,جيدا.,مليح.,ما يبدو .,جيد.,مزيان.,جيد.,منيح .,سابره.,باهية.,كويس.,تحفون.
19346,معك للساعة وحدة؟,معاك لحد الساعة واحدة؟,حتى الوحدة بعد الزوال؟,معك لعند الساعة وحدة؟,عندك لغاية الساعة وحدة؟,وياك لحد الساعة وحده؟,يمك للساعة وحدة؟,من هلأ للساعة وحدة؟,معاك لعند الواحد بالضبط؟,معاك لحد الساعة واحدة؟,شناتيي معك للساعة وحدة؟,لي الساعة وحدة؟,عندك حتى للساعة الوحدة؟,لين الساعة وحدة بالضبط؟,معك للساعة وحدة؟,معاك لغاية الساعة واحدة؟,معاك لحد الساعه وحدي؟,معك حتى الساعة الواحدة ؟,معك حتى الساعة الواحدة؟,بالأمتعة حتى الوحدة؟,معك الى الساعة وحدة؟,اغراضي حتى الساعة وحدة؟,معك للساعه واحده؟,باقاجي حتى للماديساعة؟,معاك لغدوه الساعه واحد؟,حتاش الماضي ساعة؟
19347,جولة للمدينة؟,فى المدينة؟,جولة للمدينة؟,رحلة بالمدينة؟,جولة للمدينة؟,جوله بالمدينة؟,مال مدينة؟,جولة بالمدينة؟,جولة للمدينة؟,جولة للمدينة؟,جولة بالمدينة؟,حق المدينة؟,جولة فالمدينة؟,في المدينة؟,في المدينة؟,جولة للمدينة؟,مال المدينه؟,في المدينة ؟,في المدينة؟,زيارة للمدينة؟,حول المدينة؟,في المدينة؟,رحله للمدينه؟,زيارة للبلاد؟,سياحيه للمدينه؟,فل مدينة؟
19360,جودة الحفاظ ع الأمن بهالمنطقة؟,متحافظ عليه كويس فى المنطقة دى؟,الأمن مليح في هاذ الحومة؟,الأمن موجود بهاي المنطقة؟,اخبار الأمن في المنطقة دي؟,مستوى الأمان بهاي المنطقة؟,حال الامن بهاي المنطقة؟,أديش الأمن مستتب بهالمنطأة؟,الامن في المنطقة هضي؟,الأمن في المنطقة دي كويس قد إيه؟,شلون الأمان بهالمنطقة؟,شلون الأمن في هالمنطقة؟,الأمن في هاد المنطقة؟,الأمان في المنطقة دي؟,الأمني في هاي المنطقة؟,الأمن في المنطقة دي؟,الامان محافظ علينو بهالمنطقه؟,حفظ الأمن في هذه المنطقة ؟,على الأمن في هالمنطقة؟,كاين الأمان فهاد الحي؟,الامن في هذي المنطقة؟,وضع الامان بهاي المنطقة؟,متمكن في هذه المنطقه؟,الدنيا امنة في الحي هذا؟,الوضع الامني للمنطقه هادي؟,امني مليح فل بلاصة هذي؟
19391,أستأجر سيتروين.,أأجر عربية سيتروين.,نكري سيتروايان.,استأجر ستروين.,أأجر سيتروين.,استأجر ستروين.,أأجر سيترون.,إستأجر سيتروان.,نأجر سيترون.,إني أأجر سيتروين.,استأجر سيترون.,أأجر سيتروين.,نكري سيتروين.,استاجر سيتروين.,أستئجر سيتروين.,أأجر سيتروين.,استاجر سيروتين.,استئجار سيارة سيتروين .,استئجر سيتروين.,نكري سيتروين.,استأجر سيتروين.,سيترون .,احاول استاجر سيتروين.,نكري سيتروان.,ناجر سيتروين.,نكري سيتروين.
19401,موهبة طبيعية.,موهبة بالفطرة.,موهبة طبيعية.,يوم ما إنولدت.,طبيعية اتولدت بيها.,من الولاده.,من الولادة.,خلئت معي.,ولادة طبيعية.,موهبة طبيعية.,موهبة خلقية.,موهبة بالفطرة.,طبيعية خلقية.,موهبة فطرية.,موهبة ربانية.,مولودة طبيعية.,موهبه طبيعي.,فطرية .,مواهب طبيعية.,موهبة فطرية.,من الولادة.,مواهب طبيعية .,حين ما ولدت.,عند ربي.,موهبه طبيعيه.,ملي تولدت.
19413,وين الخبز؟,فين العيش؟,راهو الخبز؟,منيح. وين الخبز؟,فين العيش؟,وين الخبز؟,وين الخبز؟,وين الخبز؟,وين الخبزه؟,فين العيش؟,وين الخبز؟,وين الخبز؟,فين هي الخبز؟,فين العيش؟,وين الخبز؟,وين العيش؟,مليح. وينو الخبز؟,أين الخبز ؟,وين الخبز؟,فيناهو الخبز؟,وين الخبز؟,. وين الخبز؟,اين الخبز؟,وين الخبز؟,وين الخبزه؟,وين لخبز؟
19415,شباك، إذا سمحت.,جنب الشباك، لو سمحت.,جهة الطاقة، من فضلك.,عند الشباك، لو سمحت.,جنب الشباك، لو سمحت.,يم الشباك رجاءً.,يم الشباج، رجاءا.,مأعد عالشباك إزا بتريد.,مقعد الروشن، لو سمحت.,جمب الشباك، لو سمحت.,عالشباك، إذا بتريد.,يم الدريشة، اذا ممكن.,حدا السرجم، عافاك.,جمب الطاقة، لو سمحت.,على الشباك، لو سمحت.,مقعد شباك، من فضلك.,يم الشباك، رجاءا.,بجوار النافذة ، من فضلك .,النافذة، من فضلك.,حدا النافذة، عافاك.,مقعد نافذة، لو سمحت.,على الشباك، لو سمحت .,على الطاقه، لو سمحت.,البرسانة، يعيشك.,بحدا الروشن، لو سمحت.,بلاصة شباك، يعيشك.
19423,كلفتك عالخياطة؟,تمن الخياطة؟,تخيط هاذا؟,على الخياطة؟,اجرتك للخياطة؟,على الخياطة؟,التكلفة للخياطة؟,كلفة الخياطة؟,تأخذ عالخياطة؟,في الخياطة؟,أجار عالخياطة؟,حق الخياطة؟,ديال الخياطة؟,رسومك للخياطة؟,أجرة الخياطة؟,سعرك للخياطة؟,التكلفه للخياطه؟,التفصيل ؟,على الخياطة؟,كاتقلمو الأظافر؟,رسومك للخياطة؟,بتكلف الخياطة؟,على الخياطه؟,تقلموا؟,تسعيرتك للتعديل؟,فلوس تارزي؟
19444,ولا سيارة إسعاف؟,ولا عربية إسعاف؟,طاكسي ولا سيارة إسعاف؟,التاكسي والا سيارة الإسعاف؟,ولا عربية إسعاف؟,لو الأسعاف؟,لو اسعاف؟,التاكسي أو الإسعاف؟,و لا سيارة اسعاف؟,تاكسي ولا إسعاف؟,ولا سيارة الإسعاف؟,التكسي او الاسعاف<؟,أو الإسعاف؟,التاكي ولا الإسعاف؟,ولا اسعاف؟,تكسي ول إسعاف؟,تكسي لو اسعاف؟,أجرة أم إسعاف ؟,أو سيارة إسعاف؟,أو لا سيارة إسعاف؟,ولا اسعاف؟,و لاسيارة اسعاف؟,واللا اسعاف؟,والا الامبلونص؟,او سيارة اسعاف؟,ولا أمبيلونس؟
19460,البلوزة بألوان تانية؟,بأى ألوان تانية؟,في ألوان أخرى؟,أي لون تاني؟,ده ألوان تانية؟,شيرت بالوان ثانية؟,بس غير الوان؟,كم بس عغير لون؟,بأي الوان أخرى؟,أي ألوان تانية؟,من هاد التيشرت؟,لون ثاني؟,فشي لوان أخرى؟,للتيشيرت دا؟,البلوزة ألوان تانية؟,دا بأي لون تاني؟,باي لون اخر؟,لهذا التي شيرت ؟,شيرت بلون ثاني؟,القميجة فلوان أخرى؟,بأي لون ثاني؟,التيشرت بالوان ثانية؟,ب الوان ثانيه؟,في الوان اخرين؟,هادي الوان تانيه؟,في ألوان أخرى؟
19463,عالتلفزيون طول الوقت.,التليفزيون طول الوقت.,في كل وقت.,تلفزيون طول الوقت.,التليفزيون طول الوقت.,التلفزيون بكل الوقات.,تلفزيون طول الوكت.,تلفيزيون طول الوأت.,على التلفزيون طول الوقت.,التلفزيون طول الوقت .,عالتلفزيون طول الوقت.,التلفزيون طول الوقت.,فالتلفازة فكل وقت.,اليوم كله.,تلفزيون طول الوقت.,التلفزيون كل الزمن.,التلفزيون كل الوقت.,طوال الوقت .,التلفزيون طول الوقت.,تشوف التلفزة.,التلفزيون كل الوقت.,طول الوقت .,تلفزيون طول الوقت.,في التلفزة ديما.,التلفزيون طول الوقت.,نهار و طولو.
19466,عليه، بنوصلوا عليه.,عليه، جايين عليه.,رانا جايين عليه.,عليه، جايين عليه.,عليه، جايين عليه.,عليه، جايين عليه.,عليه. جايين عليه.,عليه، نطلع عليه.,عليه، جايين عليه.,عليه، جايين عليه.,جايين عليه.,عليه، راكبين عليه.,جاين عليه.,عليه، جايين عليه.,عم نيجي عليه.,عليه، جاين عليه.,عليه، جيين عليه.,، على وشك معالجته .,ينيي عليه.,عليه، جايين عليه.,بنيجي عليه.,جايين عليه.,عليه، جايين عليه.,عليه، نوصلو عليه.,عليه، جايين عليه.,عليه، جايين عليه.
19467,تدخل مشفانا.,إنك تدخل المستشفى بتاعتنا.,لمستشفى آخر.,على المستشفى تبعتنا.,تدخل المستشفى.,المستشفى مالتنا.,تدخل لمستشفانا.,عالمستشفى تبعنا.,للمستشفى بتاعنا.,المستشفى بتاعتنا.,عالمستشفى تبعنا.,تدخل مستشفانا.,تخل المستشفى ديالنا.,تدخل مستشفانا.,المستشفى تاعنا.,تخش مستشفتنا.,تدخل مستشفانه.,تدخل مستشفانا .,أفضل المستشفى عندنا.,للسبيطار ديالنا.,دخول مستشفانا.,مستشفى عنا .,دخلت حقنا المستشفى.,باش نهزك للسبيطار.,المستشفى متاعنا.,سبيطارنا بالقدا.
19469,ألاقي سوبرماركت؟,سوبر ماركت؟,سوق تجاري؟,سوبر ماركت؟,سوبرماركت فين؟,الكه سوبرماركت؟,الكى سوبرماركت؟,لائي سوبرماركت؟,نلقى سوبرماركت؟,سوبر ماركت؟,بلاقي سوبرماركت؟,احصل بقالة؟,سوبر مارشي؟,سوبر ماركت؟,سوبر ماركت؟,ألقى سوبرماركت؟,القي سوبرماركت؟,سوبر ماركت ؟,على السوبر ماركت؟,سوبير مارشي؟,سوبر ماركت؟,سوبر ماركت؟,الاقي سوبرماركت؟,نلقى السوق؟,نلقى سوبرماركت؟,نلقى سبيرمرشي؟
19475,بتحسن تراعيني؟,ممكن تدينى هدنة؟,تديرلي سومة؟,بتقدر تعطيني خصم؟,ممكن تديني خصم؟,تنطيني مفكة؟,تكدر تنطيني فرصة؟,تعطيني خصم؟,تقدرش تعطيني استراحة؟,ممكن تنزلي في السعر؟,مافيك تراعيني؟,يصير ترخص لي اياه؟,عطيني استراحة؟,تعطيني شوية وقت؟,تنزلي السعر؟,ممكن تديني بريك؟,تنطيني شويه وقت؟,ألا يمكنك منحي خصماً ؟,تقدر تعطيني راحة؟,تنقص ليا؟,تقدر تعطيني خصم؟,بتقدر تعطيني استراحة؟,تقدرش تديلي فرصه؟,تعملي سوم؟,تقدريش تعطيني اجازه؟,تعطيني إستراحة؟
19479,لبين ما أبدل؟,ما أغير؟,حتى نبدلو؟,لعند ما أبدل؟,لغاية مغير؟,ما ابدل؟,ما ابدل؟,أبل ما غير؟,لعند ما نغير؟,لحد ما أبدل؟,باقي لغير؟,لين ابدل؟,باش نبدل؟,عشان اغير؟,ضل لأغير؟,لغاية اغير؟,ان اغير؟,التحويل ؟,حتى أغير؟,حتا للتبديل؟,ان اغير؟,نوقف حتى اغير؟,لوما اغير؟,مرة باش نبدل؟,قبل ما انغير؟,حتاش نبدل؟
19490,سرقلي جزداني.,سرق محفظتى.,حقيبة اليد ديالي.,سرق محفظتي.,سرق محفظتي.,باك محفظتي.,باك محفظتي.,سرألي جزداني.,سرق شنطتي.,سرق محفظتي.,سرقلي جزداني.,باق شنطتي.,المحفظة ديالي.,سرق محظفتي.,سرق محفظتي.,سرق محفظتي.,باق محفظتي.,كيس نقودي .,سرق بوكي.,ليا الصاك ديالي.,سرق حقيبتي.,سرق محفظتي.,سرق محفظتي.,سرقلي ساكي.,خنب شنطتي.,سرقلي كرتابتي.
19494,المعدة غير بعض، صح؟,المعدة مختلفين، صح؟,آلام المعدة ماشي كيف كيف، ياك؟,المعدة مختلفين، صح؟,المعدة مختلفين، ماشي؟,المعدة مختلفة، مو؟,المعدة مختلفات، صح؟,وجع المعدة ما هيك؟,معدة مختلفات، صح؟,المعدة مختلفين، صح؟,وجع المعدة، صح؟,عن بعض، صح؟,مختلفة، ياك بصح؟,المعدة غير، صح؟,حبوب وجع المعدة، صح؟,ألم المعدة مختلفات، صاح؟,المعدي مختلفين، صح؟,المعدة ، أليس كذلك ؟,مختلفة، أليس كذلك؟,خنيشات حريق المعدة، ياك؟,المعدة مختلفة، صح؟,المعدة بيختلفو، صح؟,البطن ثانيات، صح؟,موش كيف كيف، موش هكا؟,البطن مختلفات، و الا؟,معدة يفرقوا، صحيح؟
19497,أشوف الميناء.,أشوف المينا.,نشوف الميناء.,أشوف المينا.,اشوف المينا.,اشوف الميناء.,اشوف الميناء.,شوف المينا.,نشوف الميناء.,أشوف المينا.,شوف الميناء.,اشوف الميناء.,نشوف الميناء.,اشوف الميناء.,أشوف المينا.,اشوف الميناء.,اشوف الميناء.,الميناء .,اشوف الميناء.,نشوف الميناء.,اشوف الميناء.,اشوف الميناء.,ابسر الميناء.,نارا البرط.,نشوف المينأ.,نشوف البورت.
19500,لطيفة.,جميلة.,شابة.,حلوة.,جميلة.,لطيفة.,حلوة.,كتير حلوة.,حلوة.,حلوة.,حلوة.,فكرة.,زوينة.,حلوة.,حلوة.,جميلة.,حلوي.,جميلة .,جميلة.,زوينة.,حلوة.,جميلة.,حالية.,سمحة.,حلوه.,حلوة.
19501,بطول مشي؟,إيه مشى؟,الوقت مشيا؟,مشي على الرجلين؟,على الرجلين؟,على الأقدام؟,تطول مشي؟,وأت مشي؟,على الكرعين؟,إيه مشي؟,بياخد مشي؟,ياخذ مشي؟,بالمشي على الرجلين؟,لو مشينا برجولنا؟,وقت مشي؟,بياخد بالرجل؟,وقت مشي؟,على الأقدام ؟,مشي على الأقدام؟,دالوقت بالمشي؟,تأخذ بالمشي؟,وقت مشي؟,وقت بالمشي؟,على الساقين؟,علي الرجلين؟,على سقينا؟
19505,أكبر دبدوب، إذا سمحت.,دب لعبة، لو سمحت.,كبيرة، من فضلك.,أكبر حجم، لو سمحت.,اكبر واحد، لو سمحت.,اكبر دبدوب، رجاءً.,دب جبير، رجاءا.,كبير، إزا بتريد.,دباديب، لو سمحت.,دبدوب، لو سمحت.,أكبر قياس، لو سمحت.,اكبر شي، لو سمحت.,دمية الدب الكبيرة، عافاك.,الحجم الكبير، لو سمحت.,أكبر دب، لو سمحت.,خمرة تيدي، من فضلك.,دمية دب كبيغه، رجاءا.,من أكبر حجم .,دمية دب، من فضلك.,نونوس دب، عافاك.,الدببة المحشوة، لو سمحت.,الدب الكبير، لو سمحت.,الدبدوب الكبير، لوسمحت.,دبدوبات، يعشك.,دبودب، من فضلك.,دبادب كبيرة، يعيشك.
19507,تبع الكاشير؟,رقم الكاشير؟,لمسجلة النقد؟,رقم الكاشير؟,رقم الكاشير؟,رقم الكايشير؟,رقم الكاشير؟,رأم الصندوء؟,لأمين الصندوق؟,الكاشير كام؟,رقم الكاشير؟,رقم الكاشير؟,امين الصندوق؟,الرقم للكاشير؟,رقم الكاشير؟,الرقم للكاشير؟,الرقم للكاشير؟,الصراف ؟,لأمين الصندوق؟,رقم الخزنة؟,رقم المحاسب؟,امين الصندوق؟,رقم الكاشير؟,نومرو الكاسة؟,علي الكاسه؟,نومرو الكاسة؟
19508,بدليل الهواتف بس.,فى دليل التليفونات.,برك فالدليل.,نظرة على دفتر التلفونات.,بس في دليل التليفونات.,اباوع بدليل التلفونات.,بدفتر الارقام.,بدليل التليفون.,نشوف دليل التليفون.,حبص في دفتر التليفون.,بدليل الهاتف.,دليل التلفون.,غي فدليل الهاتف.,دليل الهواتف.,دفتر التلفونات.,ح انظر لكتاب التلفون.,ادوغ بكتاب التليفون.,دليل الهاتف فحسب .,فقط في دليل الهاتف.,نشوف دليل التليفونات.,في دليل التيليفون.,دليل التلفون .,شابسر في دفتر التلفون.,نشوف في الدليل.,في مفكرة التلفونات.,نشوف فل أجندة.
19509,أكبر شي؟,أوض أكبر؟,غرف أكبر؟,غرف أكبر؟,اوض أكبر؟,غرف اكبر؟,غرف اكبر؟,أوضة أكبر؟,ديار اكبر؟,أوض أكبر؟,غرف أكبر؟,غرف اكبر؟,غرفة كبر؟,غرف اكبر؟,غرف أكبر؟,غرف أكبر؟,غرف اكبغ؟,أكبر ؟,غرف أكبر؟,كبيرة اكتر؟,غرف اكبر؟,غرف اكبر؟,غرف اكبر؟,ما اكبر؟,ديار اكبر؟,بيوت كبار؟
19547,فاتورتي؟,بكام؟,الفاتورة ديالي؟,طلعت فاتورتي؟,بتاعتي كام؟,الفتوره مالتي؟,القائمة؟,فاتورتي؟,فاتورتي؟,بكام؟,فاتورتي؟,فاتورتي؟,الفاتورة ديالي؟,حساب فاتورتي؟,فاتورتي؟,فاتورتي؟,فاتورتي؟,الحساب ؟,فاتورتي؟,الفاتورة ديالي؟,فاتورتي؟,فاتورتي؟,حقي الفاتورة؟,العدد متاعي؟,الفاتورة متاعي؟,فاتورتي؟
19548,ليلة وحدة كمان.,دى لليلة تانية زيادة.,هاذ الغرفة ليلة آخرى.,لكمان ليلة وحدة.,الاوضة دي ليلة كمان.,الغرفة ليلة ثانية.,الغرفة بعد ليلة.,بعد ليلة.,هضي ليلة وحدة أخرى.,دي ليلة كمان.,ليلة بهي الغرفة.,هالغرفة بعد ليلة.,لليلة وحدة أخرى.,لليلة وحدة زيادة.,الغرفة كمان ليلة.,الغرفة دي لليلة إضافية.,لليلي اللخ.,ليلة واحدة أخرى .,الغرفة لليلة واحدة أخرى.,أخرى فهاد الغرفة.,ليلة زيادة.,كمان ليلة .,الغرفة زد ليلة.,هذه ليلة اخرى.,هادي ليله تانيه.,هذي ليلة أخرى.
19560,أسلم تقرير السرقة.,عاوز اسلم تقرير السرقة.,نسلم تصريح السرقة.,تقرير السرقة.,تقرير عن حادث السرقة.,اسلم تقرير السرقة.,تقرير السرقة.,أسلم تئرير السرئة.,نسلم تقرير السرقة.,أسلم تقرير السرقة.,اسلم بلاغ السرقة.,اقدم تقرير البوقة.,تقرير السرقة.,تقرير السرقة.,أسلم تقرير السرقة.,اسلم تقرير السرقة.,انطي تقرير السرقه.,تسليم تقرير السرقة .,أسلم تقرير السرقة.,نسلم شكاية السرقة.,اسلم تقرير السرقة.,اسلم تقرير السرقة .,اسلم تقرير السرقه.,نسلم بيان السرقة.,نعطي تقرير الخنبه.,نسلم التقرير المسروق.
19572,رح تروح بالباص ولا بالطيارة؟,هتاخدها. إنت هتروح بالأتوبيس ولا بالطيارة؟,تديها. تروح فالحافلة ولا فالطيارة؟,أخدته. إنت رايح بالباص وإلا بالطيارة؟,هتاخدها. انت هتروح باتوبيس ولا طيارة؟,تريد تروح بالباص لو بالطيارة؟,راح تروح بالباص لو بالطيارة؟,رايح بالباص أو بالطيارة؟,تاخذهم. انت ماشي بالحافلة ولا الطيارة؟,حتاخدها. إنت رايح بالأتوبيس ولا بالطيارة؟,رايح بالباص ولا بالطيارة؟,بتاخذها. بتروح بالباص او بالطيارة؟,كتاخذها. واش غادي بالحافلة ولا الطيارة؟,موأصلات. بتروح بباص ولا بطيارة؟,تركبها. انت رايح بالباص ولا بالطيارة؟,تاخدها. هل أنت ماشى بالبص ول الطيارة؟,هل غاح تغوح بباص لو طياغه؟,. هل ستذهب بالحافلة أم الطائرة ؟,بتاخذها. بتروح بالباص او بالطيارة؟,واش غادي تمشي فالطوبيس أولا فالطيارة؟,يتاخذه. بتروح بالباص ولا بالطائرة؟,رح تروح بالباص و لا بالطيارة؟,عتاخذ. عتسير بالباص ولا بالطايره؟,تاخذه. ماشي بالكار والا بالطيارة؟,انت ماشي بالباص و الا بالطياره؟,تمشي بل كار ولا بي طيارة؟
19578,قعدت هون؟,قعدت هنا؟,قعدت هنا؟,قعدت هون؟,قعدت هنا؟,اكعد هنا؟,اكعد هنا؟,إعدت هون؟,قعمزت هنا؟,قعدت هنا؟,أعدت هون؟,اقعد هني؟,جلست هنا؟,اقعد هنا؟,بقعد هون؟,قعدت هنا؟,اقعد هوني؟,جلوسي هنا ؟,أجلس هنا؟,جلست هنا؟,جلست هنا؟,اقعد هون؟,اجلس هانا؟,نقعد هوني؟,نقعمز هنايا؟,نبقى هوني؟
19581,إيميل واحد بدولار؟,واحد بس بدولار؟,إيميل لواحد دولار؟,واحد بس بدولار؟,ايميل بدولار؟,واحد مقابل دولار؟,واحد بدولار؟,واحد بدولار واحد؟,ايميل واحد بدولار؟,ميل واحد بدولار؟,واحد بس بدولار؟,واحد بدولار؟,إلكتروني واحد بدولار؟,أيميل بدولار؟,ايميل واحد بدولار؟,واحد فقط بدولار؟,الكتروني ويحد مقابيل دولار؟,واحد فقط قيمته دولار .,واحد فقط مقابل الدولار؟,البريد بدولار واحد؟,واحد بدولار؟,واحد بدولار؟,إيميل واحد بدولار؟,مايل بدولار؟,واحد بدولار؟,واحد ال دولار؟
19589,لفوق عالغرفة طنعش تلاتين-أربعة.,لأوضة اتناشر أربعة وتلاتين.,و أربعة و ثلاثون.,غرفة طنعش أربعة وتلتين.,لأوضة اتناشر تلاتيتن اربعة.,اثنعش اربعة وتلاثين.,الف وميتين واربعة وتلاثين.,ألف وميتان وأربعة وتلاتين.,اطناش اربعه و ثلاثين.,أوضة ألف ميتين أربعة وتلاتين.,عالغرفة اطنعش أربعة وتلاتين.,الف وميتين واربعة وثلاثين.,اثني عشر وأربعة وثلاثين.,لغرفة اثناعشر وأربعة وتلاتين.,رقم اتناعش أربعة و تلاتين.,لغرفة اتناشر أربعة وتلاتين.,ايدعش الف واربعه وثلاثين.,اثنا عشر أربعة وثلاثون .,الغرفة اثنعشر أربعة وثلاثين.,اطلطاش ربعة و تلاتين.,اثنى عشر اربع وثلاثين.,اطنعش اربعة و ثلاثين .,لغرفه اثناعش اربعه-وثلاثين.,و اربعة و ثلاثين.,طناش اربعه و تلاتين.,ثناش أربعة و تلاثين.
19610,هي، إذا سحمت.,دى، من فضلك.,من فضلك.,هاد، لو سمحت.,لو سمحت.,هاي، رجاءً.,التسجيل، رجاءا.,إزا بتريد.,هضا، لو سمحت.,دي، من فضلك.,هاد، لو سمحت.,هذي، لو سمحت.,نموذج التسجيل.,لو سمحت.,هدا، لو سمحت.,دي، من فضلك.,التسجيل، رجاءا.,", من فضلك .",التسجيل هذا.,التسجيل، عافاك.,لو سمحت.,نموذج التسجيل .,هذه، لوسمحت.,التسجيل يعيشك.,هدا، من فضلك.,تقييد، يعيشك.
19617,وإياب ع أوكسفورد.,وعودة لأكسفورد.,ذهاب اياب لأوكسفورد.,رجعة على أكسفورد.,روحة ورجعة لإكسفورد.,مرجع لأكسفورد.,واياب لاوكسفورد.,رجعة عأوكسفورد.,وعودة لأكسفورد.,وعودة لأكسفورد.,رجعة على أوكسفورد.,ورجعة لأوكسفورد.,مشي ورجوع لأكسفورد.,وعودة لأكسفورد.,رجعة لأوكسفورد.,وعودة لاكسفورد.,مرجع لاوكسفورد.,إلى أكسفورد .,ذهابا وإيابا إلى أكسفورد.,و إياب لأوكسفورد.,وعودة الى اوكسفورد.,ل اكسفورد .,ورجعة لا اوكسفورد.,و جيان لأكسفورد.,و عوده لي اوكسفورد.,مشي وجي لكسفورد.
19619,أجي عالمطار؟,على الساعة كام؟,لازم نروح للمطار؟,آجي على المطار؟,أجي المطار؟,اجي للمطار؟,اجي للمطار؟,لازم إجي عالمطار؟,المفروض نجي للمطار؟,حاجي المطار؟,إجي عالمطار؟,لازم اجي المطار؟,نجي للمطار؟,اجي المطار؟,أجي على المطار؟,اجي المطار؟,اصل للمطار؟,إلى المطار ؟,ايي إلى المطار؟,نمشي للمطار؟,لازم اجي للمطار؟,اجي على المطار؟,اجي المطار؟,نكون في المطار؟,نجي للمطار؟,لل مطار؟
19620,هاد.,بطيء.,ثقيل.,بطيئ.,بطئ.,بطئ.,بطيء.,هيدا.,بطيء.,بطيء.,واطي.,بطيء.,بطيء.,بطيء.,بطيء.,بطئ.,بطيء.,بطيئة .,بطى.,تقيل.,بطيئ.,بطيء.,بطيء.,عقله.,بطيء.,رزين.
19623,أحمض فيلم؟,فيلم فين؟,البيليكول ديالي؟,أحمض فيلم؟,فيلم فين؟,احمض فلم؟,اطور فلم؟,ظهر الفليم؟,نحمض فيلم؟,فيلم فين؟,حمض فيلم؟,احمض الافلام؟,الفيلم ديالي؟,اطور الفلم؟,أحمض فيلم؟,اطور فيلم؟,احمض فلم؟,الفيلم ؟,تطوير الفيلم؟,ندير تحميض الفيلم؟,اطور فيلم؟,اطور فيلم؟,اعمل فلم؟,الفيلم متاعي؟,نحمض الفلم؟,نعمل فيلم؟
19643,لآخر حديثي، لما بطلبون؟,أسألتك لنهاية كلامى، لما أطلبهم؟,ديالك حتى لآخر خطابي، كي ندعوك؟,ما أخلص كلامي، متى سألت عنهم؟,لغاية مخلص كلامي، لما اطلبها؟,ما اكمل كلامي، لمن أسألك عنها؟,اخلص حديثي، من اسأل عنهم؟,أسئلتك تخلص حكي، بس إطلبن؟,أسئلتك لنهاية حديثي، لما أنا نطلبهم؟,أسئلتك لنهاية كلامي، لما أسأل عنهم؟,لخلص حكيي، بس اطلبهن؟,ما اخلص كلامي، لما اطلبهم؟,لتالي ديال كلامي، ملي نسولك عليهم؟,لين نهأية كلامي، لما اسالك عنهم؟,أسئلتك لأخلص كلامي، لما أسأل عنهم؟,أسئلتك لنهاية كلامي، لم اسأل منهم؟,لنهايه كلامي، عدما اقللكم عليهم؟,حتى نهاية حديثي ، لحين طلبها .,حتى اخلص كلامي، لما اقولك؟,لنهاية التدخل ديالي، منين نطلبهم منك؟,حتى اخلص كلامي، اذا سألت عنها؟,اسئلتك بنهاية حديثي، متى رح اسألهم؟,اكمل اتحاكى. لما اسأل عليهن؟,كيف نكمل، كيف نستدعيكم؟,متاعك لنهاية الكلام، لما نسال عليهم؟,نكمل كلامي، وقتاش سئل عليهم؟
19648,مقعد كويس.,كرسى كويس.,مكان مليح.,مقعد منيح.,كرسي كويس.,مقاعد زينة.,مقعد زين.,مأعد منيح.,مقعد كويس.,كرسي كويس.,مقعد ظريف.,كرسي زين.,مقعد مزيان.,مقعدة كويسة.,كرسي منيح.,مقعد جيد.,مقعد مليح.,جيداً .,مقعد جيد.,بلاصة مزيانة.,مقعد جيد.,كويس .,مقعد حالي.,بلاصة باهية.,كرسي كويس.,بلاصة باهية.
19649,يشتغل. بدي مساعدة.,انا محتاج مساعدة.,راني حاب مساعدة.,بشتغل. بدي مساعدة.,انا محتاج مساعدة.,تشتغل. احتاج مساعدة.,احتاج مساعدة.,ماشي. بدي مساعدة.,يخدمش. محتاج مساعدة.,شغال. عايز مساعدة.,شغال. بدي مساعدة.,يشتغل. احتاج مساعدة.,محتاج مساعدة.,شغال. أبا مساعدة.,شغال. بدي مساعدة.,أنا محتاج مساعدة.,يشتغل. احتاج مساعده.,. أحتاج للمساعدة .,انا بحاجة الى مساعدة.,ماخدامش. محتاج للمساعدة.,يشتغل. احتاج مساعدة.,بدي مساعدة .,احتاج مساعدة.,يخدمش. عاوني.,يخدمش. نبي مساعده.,نحب شخص يعاوني.
19651,صعب ولا غامض.,ولا غامضة.,و لا غامضة.,صعب ولا إشي غامض.,ولا غامضة.,صعب ولا غامض.,ولا غامض.,صعب ولا غريب.,و لا غامض.,صعبة ولا غامضة.,غامض أبداً.,ولا غامض.,صعيبة ولا غامضة.,او غير واضح.,صعب ولا غامض.,ولا غامض.,صعب او غامض.,أو غموض .,ولا غامض.,ما غريب.,صعب او غامض.,مش واضح .,صعبة ولا غامضة.,و موش واضح.,و الا غامضه.,ولا حتى غريب.
19654,من هالطريق، إذا سمحت.,دة، من فضلك.,هنا، من فضلك.,الطريق، لو سمحت.,من هنا، لو سمحت.,مالتك. منا رجاءً.,لمقعدك. منا، رجاءا.,هون إزا بتريد.,هنا، لوسمحت.,هنا، لو سمحت.,هون، لو سمحت.,هني، لو سمحت.,هاد الاتجاه عافاكك.,هنا لو سمحت.,من هون، لو سمحت.,دا، من فضلك.,هذا الطريق، رجاءا.,هنا ، من فضلك .,هذا الاتجاه من فضلك.,من هنا، عافاك.,هنا، لو سمحت.,هون، لو سمحت .,من هانا، لوسمحت.,هن هوني، يعيشك.,من هنايا.,منا، يعيشك.
19656,أسألك سؤال؟,أسألك سؤال؟,عليك سؤال؟,اسألك سؤال؟,أسالك سؤال؟,اسألك سؤال؟,اسأ سؤال؟,إسألك سؤال؟,نسألك سؤال؟,أسألك سؤال؟,اسألك سؤال؟,اسألك سؤال؟,نسولك سؤال؟,أسالك سؤال؟,أسألك سؤال؟,أسألك سؤال؟,اسالك سؤال؟,أتوجه إليك بسؤال ؟,أسألك سؤال؟,نقدر نسولك؟,اسألك سؤال؟,اسألك سؤال؟,اسألك سؤال؟,نسالك سؤال؟,نسالك سؤال؟,نجم نسئلك؟
19666,هيك.,كدة.,نعم.,بأمن بهاد.,اعتقد كدة.,اتصور.,هجي.,بعتئد.,هكي.,أعتقد كدة.,بظن.,اظن.,هادشي.,أتوقع.,هيك.,ذلك.,اتوقع همين.,ذلك .,أعتقد هذا.,إييه.,ذلك.,هيك .,هذا والكل.,نتصورصحيح.,ايه.,نتصور.
19675,انبسطت بلقاءك.,إنى قابلتك.,متشرف بمعرفتك.,إنبسطت بمعرفتك.,إني اقابلك.,التقيت بيك.,التقي بيك.,تشرفت بمعرفتك.,تشرفت بمعرفتك.,فرصة سعيدة.,تشرفت بمعرفتك.,استانست بشوفتك.,حيت تلاقيتك.,إني قابلتك.,اتشرفت بمعرفتك.,ان ألاقيك.,ان التقي معاك.,سعيدة .,اللطيف مقابلتك.,متشرف بمعرفتك.,الجيد مقابلتك.,سعيدة .,تشرفت بمعرفتك.,تشرفت بمعرفتك.,تلاقيت معاك.,تشرفت بمعرفتك.
19691,ع طوكيو، إذا سمحت.,لحد طوكيو، لو سمحت.,الأمتعة لطوكيو، من فضلك.,بالطريق لطوكيو، لو سمحت.,لحد طوكيو، لو سمحت.,الجنط لطوكيو، رجاءً.,الحقائب بطوكيو، رجاءا.,عطوكيو، إزا بتريد.,لعند طوكيو، لو سمحت.,لحد طوكيو، من فضلك.,رايحين عطوكيو، لو سمحت.,طوكيو، لو سمحت.,الأمتعة لطوكيو، عافاك.,لطوكيو، لو سمحت.,لطوكيو، لو سمحت.,لطوكيو، من فضلك.,الى طوكيو، رجاءا.,"طوكيو , من فضلك .",إلى طوكيو، من فضلك.,المتاع لطوكيو، عافاك.,الى طوكيو، لو سمحت.,لطوكيو، لو سمحت.,لا طوكيو، لوسمحت.,هذا لطوكيو، يعيشك.,طوكيو، من فضلك.,ال طوكيو، يعيشك.
19694,أكبر شوي؟,أكبر شوية؟,كبير شوية؟,أكبر شوي؟,اكبر شوية؟,وحدات اكبر؟,شي اكبر؟,أكبر بشوي؟,اكبر بشوية؟,أكبر سنة؟,أكبر بشوي؟,اكبر شوي؟,واحد اكبر؟,أكبر بشوي؟,أكبر شوي؟,واحد أكبر شوية؟,شويه اكبغ؟,حجماً أكبر بقليل ؟,قليلا واحد؟,اخر يكون شوية كبير؟,اكبر شوي؟,اكبر بشوي ؟,اكبر شوية؟,آخر اكبر شوية؟,اكبر شويه؟,ماكبر شوية؟
19703,أكيد مخيطة أحسن.,اليابان بالتأكيد متخيطين أحسن.,المصنوعة فاليابان أفضل فصالة.,دون شك مخيطة أحسن خياطة.,اليابان بالتاكيد احسن من اللي متخيطة.,بالتأكيد خياطتها افضل.,بالتاكيد احسن خياطة.,باليابان مخيطين بطريئة أحسن.,اليابان اكيده مخيط احسن.,أكيد متصممة بشكل أحسن.,باليابان خياطتها أحسن بكتير.,اليابان مخيطينها بشكل افضل.,بالتأكيد مصممة بشكل زوين.,اليأبانات مضبوطة اكثر.,في اليابان خياطتها منيحة.,اليابان قطعا مصممة أحسن.,بالتاكيد مخيطه احسن.,تفصيلها على نحو أفضل بالتأكيد .,هي بالتأكيد مصممة بشكل أفضل.,فاليابان مفصلين احسن.,باليابان اكيد افضل خياطة.,مصمم بطريقة أحسن .,باليابان خياطهن احسن.,في اليابان مقصوصين بالباهي.,اليابان مخيطات خير.,خياطة فل يابان.
19715,أحسنلك تستسلم.,أحسنلك تستسلم.,بطلت أفضل.,كان تستسلم.,احسنلك تستسلم.,الأفضل تستسلم.,احسنلك تستسلم.,إزا اتستسلمت.,المفروض تفوته.,الأحسن تستسلم.,أحسنلك تستسلم.,كنت تستسلم.,أفضل تستسلم.,أفضل توقف.,أحسنلك تتنازل.,أن تستسلم.,الاحسنلك تستسلم.,عن ذلك .,أفضل تستسلم.,ليك تستسلم.,افضل تستسلم.,تستسلم .,استسلمت احسن.,باهي تستسلم.,انك توقف.,باهي تستسلم.
19716,إذا سمحت.,لو سمحت.,من فضلك.,لو سمحت.,لو سمحت.,بلية زحمة.,ثانية رجاءا.,إزا بتريد.,لو سمحت.,لو سمحت.,لو سمحت.,لو سمحت.,أخرى عافاك.,لو سمحت.,لو سمحت.,من فضلك.,اللخ رجاءا.,من فضلك .,من فضلك.,عافاك.,لو سمحت.,لو سمحت .,ثانية لوسمحت.,يعيشك.,تانيه من فضلك.,أخرى يعيشك.
19722,التلفون، إذا سمحت؟,التليفون، لو سمحت؟,رقم الهاتف، من فضلك؟,التلفون، لو سمحت؟,التليفون، لو سمحت؟,ورقم التلفون، رجاءً؟,ورقم التلفون، رجاءا؟,التليفون، إزا بتريد؟,رقم التليفون، لو سمحت؟,التليفون، لو سمحت؟,التلفون، لو سمحت؟,ورقم التلفون، لو سمحت؟,ورقم الهاتف، عافاك؟,ورقم الجوال، لو سمحت؟,رقم التلفون، لو سمحت؟,رقم الهاتف، من فضلك؟,ورقم التليفون، رجاءا؟,أجلي ، من فضلك ؟,ورقم الهاتف، من فضلك؟,و رقم التليفون، عافاك؟,رقم التيليفون، لو سمحت؟,رقم التلفون، لو سمحت؟,التلفون والعنوان، لوسمحت؟,نومرو التالفون، يعيشك؟,رقم التلفون، لو سمحت؟,نومرو تليفون، يعيشك؟
19726,هو؟,متسخن؟,مسخن؟,مسخن؟,متسخن؟,محمي؟,محمى؟,مسخن؟,مسخن؟,ده سخن؟,مسخن؟,مسخن؟,سخون؟,دافيء؟,سخن؟,سخن؟,هو محمي؟,تدفئة ؟,هو ساخن؟,هادشي اسخن؟,هي مسخنة؟,حامي؟,حامي؟,ولا؟,مسخن؟,مسخن؟
19732,رح أطلع؟,همشى منه؟,أي مطار؟,نطلع منه؟,مطار ايه؟,اغادر منه؟,راح اغادر؟,بدي روح؟,حنطلع منه؟,أنهو مطار؟,بدي اطلع؟,مطار بمشي؟,مطار غنرحل؟,انا رايح منه؟,رح أطلع؟,مغادر منو؟,انا مسافر؟,سأغادر ؟,مطار بغادر؟,غادي ننطالق؟,مطار بغادر؟,رح اسافر؟,مطار شاسير؟,اما مطار؟,ماشي منه؟,نخرج منو؟
19733,الاستمارة بالطيارة؟,فى الطيارة؟,داخل الطيارة؟,في الطيارة؟,في الطيارة؟,الاستمارة بالطياره؟,الاستمارة بالطيارة؟,إستمارة بالطيارة؟,في الطيارة؟,في الطيارة؟,النموذج بالطيارة؟,في الطيارة؟,النموذج فالطيارة؟,في الطيارة؟,في الطيارة؟,في الطيارة؟,الاستماره بالطياغه؟,بالطائرة ؟,في الطائرة؟,على متن الطيارة؟,على الطائرة؟,النموذج بالطيارة؟,في الطائرة؟,في الطيارة؟,في الطياره؟,في طيارة؟
19735,مكواية.,مكوة.,حاب الحديد.,مكواية.,عايز مكوة.,اوتي.,اوتي.,مكواية.,حدادة.,مكوة.,مكاوية.,اوتي.,مصلوح.,مكوى.,مكواي.,داير مكوة.,اوتي.,مكواة .,اوتي.,مصلوح.,كواية.,مكواية .,كاوية.,حديد حوايج.,مكوة.,حديد حوايج.
19752,دولار كلون سوا.,دولار إجمالى.,ثلاثون لكلش.,كلهم مع بعض.,تمانية وتلاتين دولار.,دولار كولها سوه.,دولار كلهم.,بتمانة وتلاتين دولار.,دولار كله مع بعضه.,وتلاتين دولار بالتمام.,وتلاتين دولار بالمجمل.,وثلاثين دولار.,دولار بالتمام.,دولار مع بعض.,دولار كلهم سوا.,دولار كله سوا.,دولار كلم سوى.,دولاراً إجمالا .,دولارا بالضبط.,و تلاتين دولار.,ثلاثين دولار ككل.,كله مع بعض .,وثلاثين دولار كلهن.,دولار في الكل.,تلاتين دولار بكل شي.,دولار مع بعضهم.
19754,المميزة معنا.,أفكارك الفريدة معانا.,تشاركنا أفكارك الاستثنائية.,بأفكارك المميزة معنا.,لأفكارك الفريدة معانا.,الفريدة ويانه.,الفريدة ويانه.,أفكارك المميزة.,لأفكارك الفريدة معانا.,الفريدة معانا.,الفريدة معنا.,أفكارك المميزة.,الفريدة معانا.,لأفكارك المميزة معانا.,الفريدة معنا.,الفريدة معانا.,المتميزي معانه.,الفريدة معنا .,الفريدة معنا.,أفكاركم الرائعة.,الفريدة معنا.,المفريدة معنا .,افكارك المميزة.,افكارك الباهية.,لينا بافكاركم المميزه.,أفكارك لمختلفة معنا.
19755,بالشهر خلال الموسم.,فى الشهر خلال الموسم.,مرتين فالشهر فالموسم.,بالشهر خلال الموسم.,في الشهر خلال الموسم.,بالشهر خلال الموسم.,مرتين خلال الموسم.,بالشهر بالموسم.,الشهر خلال الموسم.,في الشهر خلال الموسم.,بالشهر خلال الموسم.,كل شهر في الموسم.,مرات فالشهر فالموسم.,بالشهر خلال الموسم.,في الشهر في الموسم.,بالشهر خلال الموسم.,الشهر خلال الموسم.,الشهر خلال الموسم .,الشهر خلال الموسم.,فالشهر خلال الموسم.,بالشهر خلال الموسم.,خلال الموسم .,الشهر خلال الموسم.,الشهر في الموسم.,الشهر في موسم التزلج.,في الشهر في الموسم.
19760,تسعمية وخمسة وخمسين.,ألف تسعمية خمسة وخمسين.,تسعمئة و خمسة و خمسون.,بالألف وتسعمية وخمسة وخمسين.,الف تسعماية خمسة وخمسين.,الف وتسعمية وخمسة وخمسين.,بالالف وتسعميه وخمسة وخمسين.,الألف وتسعمية وخمسة وخمسين.,و تسعميه و خمسه وخمسين.,ألف تسعمية خمسة وخمسين.,ألف وتسعمية وخمسة وخمسين.,ألف وتسعمية وخمسة وخمسين.,ألف تسعمائة خمسة وخمسين.,سنة الف وتسعمية وخمسة وخمسين.,و تسعمية و خمسة و خمسين.,ألف وتسعمية خمسة وخمسين.,بالاف وتسعمي وخمسي وخمسين.,وتسعمائة وخمس وخمسين .,و تسعمئه وخمسة وخمسين .,و خمسة و خمسين.,مئة و خمسة و خمسين.,تسعمية و خمسة و خمسين .,الف وتسعمية وخمسة وتسعين.,تسعمية و خمسة و خمسين.,و تسعميه وخمسه و خمسين.,ميا و خمسة و خمسين.
19769,أستأجر راكيتات؟,مضارب راكيت؟,نكري مضارب؟,استأجر مضارب؟,مضارب راكيت؟,استأجر مضارب؟,استأجر مضارب؟,إستأجر راكيت؟,نأجر مضارب؟,أأجر مضارب؟,استأجر مضارب؟,مضارب تنس؟,نكري مضارب؟,استعير مضارب؟,أستئجر مضارب؟,أأجر مضارب؟,استاجر مضارب؟,مضارب راكيت ؟,استئجر مضارب؟,شي مضارب؟,اعين مضارب؟,أستأجر مضارب؟,استأجر مضارب؟,نكري ركاتات؟,نأجر مضارب؟,نكري ركات؟
19809,لمركز المدينة؟,الصح لوسط البلد؟,الصحيحة لوسط المدينة؟,لوسط البلد؟,بيروح لوسط البلد؟,لمركز المدينة؟,لوسط المدينة؟,رايح عوسط المدينة؟,الصح لوسط البلاد؟,المناسب للمدينة؟,بروح عمركز المدينة؟,يروح وسط المدينة؟,الصحيحة لوسط المدينة؟,وسط المدينة؟,لوسط البلد؟,إلى وسط المدينة؟,الصح لمركز المدينه؟,إلى وسط المدينة ؟,الصحيحة لوسط المدينة؟,اللي كايوصل لوسط المدينة؟,الصحيح لوسط البلد؟,لوسط المدينة؟,الصح لاوسط المدينة؟,لوسط البلاد؟,الي يرفع لوسط البلاد؟,الوسط ل بلاد؟
19813,هالبارفان؟,دة بكام؟,هاذ العطر؟,هاد العطر؟,ده بكام؟,هذا العطر؟,هذا العطر؟,حق هالعطر؟,العطر هضا؟,البرفان ده؟,هاد العطر؟,هالعطر؟,هاد العطر؟,دا العطر؟,هاي الريحا؟,سعر العطر؟,هذا العطر؟,العطر ؟,هالعطر؟,هاد الريحة؟,هذا العطر؟,حق هالعطر؟,هذا العطر؟,اللفاح هذا؟,الريحه هادي؟,بارفان هذا؟
19814,إيش هو؟,لإيه؟,وعلاش؟,هاد؟,لأيه؟,شنو هذا؟,هذا؟,لشو؟,هو؟,لإيه؟,هاد؟,شنو؟,كيصلح؟,أيش؟,هو؟,لشنو؟,هذا؟,منها ؟,لشو؟,هادشي؟,فائدته؟,هاي؟,هو؟,تعمل بيه؟,شيني؟,شنوا معمول؟
19819,الإجراءات الرسمية؟,الإجراءات الرسمية؟,الإجراءات الرسمية؟,الاجراءات الرسمية؟,الإجراءات الرسمية؟,للآجراءات الرسمية؟,للاجراءات الرسمية؟,إمرأ بالإجراءات الرسمية؟,للاجراءات الرسمية؟,الاجراءات الرسمية؟,الإجراءات الرسمية؟,الاجراءات الرسمية؟,للاجراءات الرسمية؟,اخلص الاجراءات الرسمية؟,من الاجراءات الرسمية؟,للاجراءات الرسمية؟,للاجراءات الرسميي؟,الإجراءات الرسمية ؟,اسوي الإجراءات الرسمية؟,ندير الاجراءات الرسمية؟,للاجراءات الرسمية؟,للاجراءات الرسمية؟,الاجراءات الرسمية؟,الاجراءات الرسمية؟,للاجراءات الرسميه؟,الاجراءات الرسمية؟
19838,جنيه.,جنيه.,جنيه.,جنيه.,جنيه.,جنيه.,جنيه.,جنيه.,جنيه.,جنيه.,جنيه.,جنيه.,جنيه.,جنيه.,جنيه.,جنيه.,جنيه.,جنيهاً .,جنيه.,جنيه.,جنيه.,جنيه .,جنيه.,جنيه.,جنيه.,جنيه.
19840,بيشمل الضريبة؟,شامل الضريبة؟,طاكس داخلين؟,الضريبة؟,يشمل التاكسي؟,يشمل الضريبة؟,الضرائب؟,بيتضمن الضريبة؟,يتضمن ضريبة؟,بيشمل الضريبة؟,بيتضمن الضريبة؟,يشمل الضرايب؟,كيشمل الضرائب؟,فيه الضريبة؟,بيشمل الضريبة؟,بشمل الضرائب؟,هذا الضرايب؟,الضريبة ؟,ذلك الضرائب؟,الرسوم محسوبة؟,يتضمن الضرائب؟,ضريبة؟,يتضمن الضرايب؟,داخل؟,هدا بالضرايب؟,معاه تاكس؟
19853,هية الكييسات؟,هى الخراجات؟,هما الخراجات؟,هما الخراجات؟,هي الحصاوي؟,هيه الخراجات؟,الخراجات؟,يعني خراجات؟,هن الخراجات؟,هي التكيسات؟,هنن الكيسات؟,هي الخراجات؟,هي الخراجات؟,هي الخراجات؟,هي التكيسات؟,الخراجات؟,هيه الاكياس؟,المثانة ؟,اهي الخراجات؟,التكيسات؟,هي الخراجات؟,هيه التكيسات؟,الخراجات؟,كيسات؟,هما الاكياس؟,هما التكيسات؟
19862,اتصل بالإسعاف.,اتصل بالإسعاف.,بسيارة اسعاف.,بسيارة الإسعاف.,اتصل بالإسعاف.,على اسعاف.,ع الاسعاف.,اتصل بالإسعاف.,كلم الإسعاف.,اتصل بالإسعاف.,بسيارة إسعاف.,كلم الاسعاف.,استدعي الإسعاف.,لو سمحت.,اطلب اسعاف.,نادي إسعاف.,اتصل باسعاف.,سيارة إسعاف .,سيارة إسعاف.,بسيارة اسعاف.,على الإسعاف.,بالاسعاف .,اتصل بالإسعاف.,الامبلونس.,سيارة اسعاف.,كلم لمبيلونس.
19864,ع هاد.,بتلاتة دولار.,دولار عليه.,دولار على هاد.,دولارات على ده.,على هذا.,دلارات على هذا.,عتلاتة دولار.,على هضا.,على ده.,دولار على هاد.,بثلاثة دولار.,دولار على هادا.,على دا.,على هدا.,دولارات في دا.,دولارات على هذا.,على هذا .,على هذا.,على هادشي.,على هذا.,دولار على هاد .,على هذا.,دولارات عليه.,علي هدا.,تلاثة دولارات.
19871,الوضع؟,جاى إزاى؟,كاين تقدم؟,راح يجي؟,إزاي ده؟,ماشية الامور؟,يجي؟,جايي؟,جاي؟,أخباره؟,رح يجي؟,بيجي؟,غايجي؟,كدا؟,جاي؟,هو جاي؟,غاح يجي؟,الأمور ؟,بتجي؟,غادي يجي؟,بيجي؟,جاي؟,عيجي؟,تقدم؟,جايه؟,جا؟
19889,ما بحبو.,أكل مبحبوش.,كل الماكولات.,أنا ما بحبه.,اكل مبحبهوش.,ما يعجبني.,احبه .,ما بحبو.,وكال مانحبش.,ما بحبهوش.,ما بحبه.,ما احبه.,ماكلة مكتعجبنيش.,ما يعجبني.,ما بحبو.,أكل المابحبه.,انا ما احبو.,أحب أكله .,ما أحبه.,ماكلة ماكاتعجبنيش.,اللي ما احبه.,ما بحبه .,أكل مايعجبنيش.,ما نحبها.,ما نحبهاش.,ماكلة متعجبنيش.
19902,أيار لإحياء ذكرى تأسيس الدستور الياباني الحالي.,من مايو لتخليد ذكرى تأسيس دستور اليابان الحالى.,يوم عطلة لإحياء ذكرى تأسيس الدستور الياباني الحالي.,عشان يحتفلوا بذكرى تاسيس الدستور الياباني الحالي.,مايو لإحياء ذكرى تاسيس الدستور الياباني الحالي.,من أيار للأحتفال بتأسيس الدستور الياباني الحالي.,من ايار للحتفال بتأسيس الدستور الياباني الحالي.,أيار بيحتفلو في بوضع الدستور الياباني الحالي.,ثلاثه خمسه للاحتفال بتأسيس الدستور الحالي الياباني.,مايو لإحياء ذكرى تأسيس الدستور الحالي الياباني.,أيار للإحتفال بذكرى تأسيس الدستور الياباني الحالي.,مايو للاحتفال بذكرى تأسيس الدستور الياباني الحالي.,ماي لإحياء ذكرى تأسيس الدستور الياباني الحالي.,اليابان للاحتفال بتأسيس الدستور الياباني الحالي.,شهر خمسة للاحتفال بتأسيس الدستور الياباني الجديد.,مايو لذكرى تأسيس الدستور الياباني الحالي.,ايار للاحتفال بتاسيس الدستور الياباني الحالي.,مايو للاحتفال بذكرى وضع الدستور الياباني الحالي .,م مايو للاحتفال بذكرى تأسيس الدستور الحالي لليابان.,عطلة كايحتافلو فيه بذكرى تأسيس الدستور الياباني الحالي.,مايو لاحياء ذكرى تأسيس دستور اليابان الحالي.,ثلاثة خمسة للاحتفال بتأسيس الدستور الياباني الحالي .,مايو للاحتفال بإنشاء الدستور الياباني الحالي.,ن هار راحة يحتفلوا بيه بالدستور الياباني الحالي.,عطله وطنيه للاحتفال بذكرى تأسيس الدستور الياباني الحالي.,تلاثة ماي يحتفلوا فيه ب دستور جديد.
19912,لبرج سيرس؟,زيارة لبرج سيرز؟,زيارة لبرج سيرز تاور؟,زيارة لبرج سيرز؟,زيارة لبرج سيرس؟,زيارة برج سيرز؟,زيارة لبرج سيرز؟,لبرج سيرز؟,زيارة لبرج سيرز؟,زيارة لبرج سيرز؟,على برج سيرز؟,حق برج سيرز؟,زيارة لبرج سيرز؟,زيارة لبرج سيرز؟,زيارة برج السيرز؟,زيارة إلى برج ميرس؟,زياره برج السيرز؟,زيارة لبرج سيرز ؟,زيارة إلى برج سيرز؟,فيها زيارة سير تاور؟,زيارة الى برج سيرز؟,ل برج سيرز؟,لا برج سيرز؟,على بنية سايس؟,زياره لي برج سيرز؟,ماشية لسيرس تور؟
19923,مكتبة هون؟,من هنا؟,مكتبة هنا؟,بالمنطقة هون؟,من هنا؟,قريبة منا؟,قريبة منا؟,أريب من هون؟,كتب هنا؟,كتب قريب هنا؟,قريب من هون؟,مكتبة هني؟,للكتب هنا؟,من هنا؟,من هون؟,مكتبة هنا؟,حولنه هوني؟,لبيع الكتب ؟,مكتبة اهني؟,مكتبة قريبة؟,من هنا؟,من هون؟,كتب هانا؟,من هوني؟,قريبه من هنايا؟,مكتبة هوني؟
19928,الصيفية بجامعة هاواي.,فى الجامعة فى هاواى.,الصيفية في جامعة هاواي.,الصيفية بجامعة هاواي.,الصيفية في جامعة هاواي.,الصيفية بجامعة هاواي.,الصيفية بجامعة هاواي.,صيفية بجامعة هاواي.,في جامعة هاواي.,الصيفية في جامعة هاواي.,الصيفية بجامعة هاواي.,في جامعة هاواي.,الصيفية في جامعة هاواي.,في جامعة هواوي.,الصيفية في جامعة هاواي.,الصيفية في جامعة هاواي.,الصيفيي بجامعه هاواي.,بجامعة هاواي .,الصيفية في جامعة هاواي.,الصيفية فجامعة هاواي.,في جامعة هاواي.,الصيفية بجامعة هاواي .,في جامعة هاواي.,الصيف في جامعة هاواي.,في جامعة هاواي.,صيفية في جماعة هاواي.
19935,نمر هلئ؟,فين دلوقتى؟,نجوزو دوكا؟,منمر هلأ؟,فين دلوقتي؟,نمر هسه؟,نعبر هسه؟,مارء هلأ؟,مارين توا؟,فين دلوقتي؟,مارئين هلأ؟,نمر الحين؟,ندوزو دابا؟,حنمر دحين؟,نمرق هلأ؟,مارين الآن؟,عنعبغ هسا؟,نمر به الآن ؟,نحن الحين؟,دايزين دابا؟,نمر الان؟,نمر هلا؟,بنخطى ذاحين؟,نمشيو تو؟,حني توا؟,احنا توا؟
19945,عمرو تلات سنين.,عنده تلات سنين.,بثلاث سنوات.,عمره تلت سنوات.,عنده تلات سنين.,طفل تلث سنوات.,تلث سنوات.,عمرو تلات سنين.,عمره ثلاث سنوات.,عند تلات سنين.,عمره تلات سنين.,بو ثلاث سنين.,عندو ثلاث سنوات.,عمره تلات سنوات.,عمرو تلات سنين.,عمره تلاتة سنوات.,ثلاث سنين.,ثلاث سنوات .,من العمر ثلاث سنوات.,ديال تلات سنوات.,عمره ثلاث سنوات.,ثلاث سنين .,عمرة ثلاث سنين.,عمره ثلاثة سنين.,عيل تلاته سنين.,عمرو تلاثة سنين.
19959,بالمحطة.,فى المحطة.,في المحطة.,حمام بالمحطة.,في المحطة.,المرافق بالمحطة.,بالمحطة.,بالمحطة.,في المحطة.,في المحطة.,بالمحطة.,في المحطة.,في المحطة.,في المحطة.,في المحطة.,في المحطة.,المرافق بالمحطة.,بالمحطة .,في المحطة.,فالمحطة.,في المحطة.,بالمحطة .,في المحطة.,محطة الترينو.,في المحطة.,في المحطة.
