ar,cs,en,es,fr,hi,id,is,pt
"كتبت كوري شولمان, المساعدة الخاصة لأوباما في تدوينة نشرتها يوم الإثنين: ""فيما الكثير من عمليات الانتقال الرقمي غير مسبوقة في الولايات المتحدة, فإن الانتقال السلمي للسلطة سبق له أن حدث"".","„V tomto procesu předávání moci se ve Spojených státech mnoho děje poprvé, což se týká především digitálních prostředků, ovšem poklidnost předávání moci je tradiční,“ napsala Obamova zvláštní asistentka Kori Schulman v pondělí ve svém blogu.","“While much of the digital transition is unprecedented in the United States, the peaceful transition of power is not,” Obama special assistant Kori Schulman wrote in a blog post Monday.","Aunque no haya precedentes para la mayor parte de la transición digital en Estados Unidos, la transición de poder pacífica es habitual, escribió el lunes en una entrada de blog Kori Schulman, Asistente Especial del presidente Obama.","« Alors que la plus grande partie de la transition numérique est sans précédent aux États-Unis, la transition sereine du pouvoir, elle, ne l'est pas,» a publié Kori Schulman, assistante spéciale d'Obama, dans un blog ce lundi.","“संयुक्त राज्य अमेरिका में ज्यादातर डिजिटल संक्रमण (ट्रांजिशन) जितने अभूतपूर्व ढंग से हुआ है, सत्ता का शान्तिपूर्ण संक्रमण उतना नहीं हुआ,” ओबामा के विशेष सहायक कोरी शुमैन ने सोमवार को एक ब्लॉग पोस्ट में लिखा।","“Meski kebanyakan transisi digital yang terjadi di Amerika Serikat belum pernah terjadi sebelumnya, transisi kekuasaan yang damai tidaklah begitu,” tulis asisten khusus Obama, Kori Schulman di sebuah postingan blog pada hari Senin.","„Þótt mikið af stafrænu umskiptunum séu fordæmalaus í Bandaríkjunum eru friðsamleg valdaskipti það ekki“ skrifaði Kori Schulman, sérstakur aðstoðarmaður Obama, í bloggfærslu á mánudaginn.","“Embora uma grande parte da transição digital nos Estados Unidos seja sem precedentes, a transição pacífica de poder não o é,” escreveu Kori Schulman, assistente especial de Obama, numa publicação no blog, na segunda-feira."
"بالنسبة إلى أولئك الذين يتابعون الانتقال الخاص بوسائل التواصل الاجتماعي في الكابيتول هيل, سيكون الأمر مختلفاً بعض الشيء.","Pro ty, kteří sledují předávání účtů na sociálních sítích na Capitol Hill, to bude trochu jiné.","For those who follow social media transitions on Capitol Hill, this will be a little different.","Para los que sigan las transiciones de las redes sociales de Capitol Hill, esto será algo diferente.","Pour ceux qui suivent la transition des réseaux sociaux sur le Capitole, cela va être un peu différent.","कैपिटल हिल में परिवर्तन के संबंध में सोशल मीडिया पर नजर रखने वाले लोगों के लिए, यह थोड़ा अलग होगा।","Bagi mereka yang mengikuti transisi media sosial di Capitol Hill, ini akan sedikit berbeda.",Fyrir þau sem fylgjast með umskiptum á samfélagsmiðlum hjá þinginu verður þetta svolítið öðruvísi.,"Para aqueles que seguem as transições das redes sociais no Capitol Hill, esta será um pouco diferente."
"لكن بعيداً عن كلامه السابق بشأن الحد من الهجرة, أعلن المرشح الجمهوري أنه كرئيس سيسمح ""بأعدادٍ هائلة"" من المهاجرين الشرعيين على أساس ""نظام الجدارة"".","Kandidát Republikánské strany se však odklonil od svých předchozích výroků o omezení imigrace a řekl, že jako prezident by povolil „ohromné počty“ legálních přistěhovalců na základě „systému zásluh“.","But in a break from his past rhetoric about curtailing immigration, the GOP nominee proclaimed that as president he would allow “tremendous numbers” of legal immigrants based on a “merit system.”","Sin embargo, el candidato del Partido Republicano rompió con la retórica precedente sobre la restricción de la inmigración y afirmó que si fuese presidente reconocería a un ""gran número"" inmigrantes legales mediante un ""sistema de méritos"".","Mais, en rupture avec sa rhétorique précédente concernant la réduction de l'immigration, le candidat du parti républicain a annonçé qu'en tant que président, il autoriserait un « nombre considérable » d'immigrants légaux fondé sur un « principe du mérite ».","लेकिन आव्रजन में कटौती के बारे में अपनी अतीत की बयानबाजी पर रोक लगाते हुए, GOP नामित व्यक्ति ने घोषणा की है कि वह एक ""योग्यता प्रणाली"" के आधार पर ""भारी संख्या"" में कानूनी आप्रवासियों को अनुमति देगा।","Namun tidak seperti retorikanya sebelumnya tentang pembatasan imigrasi, kandidat GOP ini menyerukan bahwa sebagai presiden ia akan mengizinkan imigran legal “dalam jumlah yang sangat besar” berdasarkan “sistem merit.”",En frambjóðandi repúblíkana vék frá fyrri orðræðu sinni um fækkun innflytjenda þegar hann lýsti því yfir að sem forseti myndi hann leyfa „gríðarlegan fjölda“ löglegra innflytjenda á grundvelli „verðleikakerfis“.,"Mas numa pausa da sua retórica passada acerca da restrição da imigração, o nomeado do GOP anunciou que, como presidente, ele iria permitir ""números tremendos"" de imigrantes legais, baseado num ""sistema de mérito""."
قال للحشد الذي تجمع في أحد الملاعب الرياضية الخاصة بجامعة كارولينا الشمالية.,"„Takže – nechci na vás tlačit, ale osud republiky leží na vašich bedrech,“ řekl davu shromážděnému na sportovním hřišti Univerzity Severní Karolíny.","“So I hate to put a little pressure on you, but the fate of the republic rests on your shoulders,” he told the crowd gathered on a sports field at the University of North Carolina.","No me complace tener que presionarles, pero el futuro de la república recae en ustedes, dijo al público que estaba reunido en un campo de deportes en la Universidad de Carolina del Norte.","« Alors, je suis désolé de vous mettre la pression, mais l'avenir de la république repose sur vos épaules, » dit-il à la foule rassemblée sur un terrain de sport de l'Université de la Caroline du Nord.","उत्तरी कैरोलिना विश्वविद्यालय के खेल मैदान पर एकत्र भीड़ को संबोधित करते हुए उन्होंने कहा, “इसलिए मैं आप लोगों पर थोड़ा भी दबाव डालने से नफरत करता हूं, लेकिन गणराज्य की किस्मत आपके कंधों पर टिकी है।”","“Jadi, saya tidak suka menaruh sedikit beban pun pada Anda, tapi nasib republik ini ada di pundak Anda,” ucapnya pada massa yang berkumpul di sebuah lapangan olahraga di University of North Carolina.","„Ég vil síður setja þrýsting á ykkur, en örlög lýðveldisins hvíla á ykkar herðum“ sagði hann mannfjöldanum sem safnast hafði saman á íþróttavelli við Háskóla Norður-Karólínu.","“Então, eu odeio pôr um pouco de pressão em vocês, mas o destino da república está nos seus ombros”, disse ele à multidão reunida num campo esportivo da Universidade de Carolina do Norte."
تمول النفقات الجديدة من خلال حساب كلينتون المصرفي الكبير.,Nové výdaje pocházejí z bohatých bankovních účtů Clintonové.,The new spending is fueled by Clinton’s large bank account.,Los nuevos gastos corren a cargo de la gran cuenta bancaria de Clinton.,Les nouvelles dépenses sont alimentées par le compte en banque imposant de Clinton.,क्लिंटन के बड़े बैंक खाते की वजह से नये खर्च में वृद्धि हुई है।,Pengeluaran baru ini dipasok oleh rekening bank gemuk Clinton.,Þessi nýju útgjöld eru fjármögnuð með digrum bankareikningi Clintons.,Os novos gastos são alimentados pela grande conta bancária de Clinton.
"إن ما تقوله وما تفعله... في الواقع, إنه أمرٌ لا يصدق.","Co říká a co dělá, to je – no, je to neuvěřitelné.","What she’s saying and what she’s doing, it — actually, it’s unbelievable.",Lo que está diciendo y lo que está haciendo esta mujer es realmente increíble.,"Ce qu'elle dit et ce qu'elle fait, réellement, c'est incroyable.","वह क्या कह रही है और क्या कर रही है, यह — वास्तव में, यह अविश्वसनीय है।","Apa yang ia katakan dan apa yang ia lakukan — sesungguhnya, luar biasa.","Það sem hún segir og það sem hún gerir, það — það er raunar ótrúlegt.","O que ela está dizendo e o que ela está fazendo, na verdade, é inacreditável."
الحد الأقصى المسموح به للشخص الواحد هو 5000 دولار.,Maximální množství: 5000 dolarů na osobu.,"$5,000 per person, the maximum allowed.",El máximo permitido es de 5 000 $ por persona.,"5000 dollars par personne, le maximum autorisé.","अधिकतम $5,000 प्रति व्यक्ति की स्वीकृति दी गयी है।",Maksimal diberikan $5.000 per orang.,"5.000 Bandaríkjadalir á mann, sem er hámarkið sem leyft er.","$5,000 por pessoa, o máximo permitido."
"في أوائل شهر تشرين الأول, استخدم الفريق الانتقالي ذات المكان للقاء جماعات الضغط التكنولوجية, بحضور ممثلين عن شركة ""أوبر"" وجمعية الفيلم الأمريكي وجمعية مستهلكي التكنولوجيا وغيرها.","Na začátku října předávací tým využil tytéž prostory pro setkání s technologickými lobbisty; pozvaní byli zástupci Uberu, Asociace amerického filmového průmyslu, skupiny Consumer Technology Association a dalších skupin.","In early October, the transition team used the same venue to meet with technology lobbyists, inviting representatives from Uber, the Motion Picture Association of America, the Consumer Technology Association and other groups.","A principios de octubre, el equipo de transición utilizó el mismo lugar para reunirse con miembros de grupos de presión del sector tecnológico e invitó a representantes de Uber, de la Asociación Cinematográfica de Estados Unidos y de la Asociación de Consumidores de tecnología, entre otros.","Début octobre, l'équipe de transition avait utilisé le même endroit pour sa réunion avec les lobbyistes du secteur des technologies, invitant des représentants de Uber, de Motion Picture Association of America, de Consumer Technology Association et d'autres groupes.","अक्टूबर की शुरुआत में ट्रांजिशन टीम ने प्रौद्योगिकी प्रचारकों (लॉबीस्ट) के साथ उसी स्थान पर बैठक की थी जिसमें ऊबर, मोशन पिक्चर एसोसिएशन ऑफ अमेरिका, द कंज्यूमर टेक्नोलॉजी एसोसिएशन और अन्य समूहों के प्रतिनिधियों को आमंत्रित किया गया था।","Di awal Oktober, tim transisi menggunakan tempat yang sama untuk bertemu dengan para pelobi teknologi, dengan mengundang perwakilan dari Uber, Motion Picture Association of America, Consumer Technology Association, dan grup lainnya.","Snemma í október notaði umbreytingateymið sama stað til að hitta málafylgjumenn úr tæknigeiranum og bauð fulltrúum frá Uber, Bandarísku kvikmyndasamtökunum, Neytendatæknisamtökum Bandaríkjanna og öðrum hópum.","No início de outubro, a equipe de transição utilizou o mesmo local para se encontrar com os lobistas, convidando os representantes da Uber, da Motion Picture Association of America, da Consumer Technology Association e de outros grupos."
"كان من المقرر في الأصل أن يقام التجمع في نادي المتروبوليتان في واشنطن في شارع ""إتش"" الذي لا يبعد كثيراً.","Setkání se původně mělo konat ve Washingtonově soukromém Metropolitním klubu na H street, několik bloků odsud.",The gathering was originally slated for Washington’s private Metropolitan Club on H Street a few blocks away.,La reunión se programó inicialmente en el Metropolitan Club de Washington; Este club privado se encuentra a tan solo unas manzanas en H Street.,"Au départ, la réunion était prévue au Metropolitan Club privé de Washington dans H Street, quelques rues plus loin.",सभा मूल रूप से कुछ ही ब्लॉक दूर एच स्ट्रीट पर स्थित वाशिंगटन के एक निजी मेट्रोपोलिटन क्लब में होनी थी।,Pertemuan ini awalnya dijadwalkan untuk klub swasta Metropolitan Club di Washington yang terletak di H Street beberapa blok jauhnya.,Samkoman átti upphaflega að fara fram á einkaklúbbnum Metropolitan Club í Washington í nokkurra húsaraða fjarlægð.,"O encontro foi originalmente marcado para o Clube Metropolitano, um clube privado de Washington, na Rua H, a uns quarteirões de distância."
لربما كان الزي الواجب ارتداؤه خانقاً زيادة عن اللزوم.,Možná bylo příliš upjaté oblečení.,Maybe the dress code was too stuffy.,A lo mejor el código de vestimenta era muy conservador.,Peut-être que le code vestimentaire était trop strict.,शायद ड्रेस कोड बहुत उबाऊ था।,Mungkin kode berpakaiannya terlalu sesak.,Kannski voru kröfur um klæðaburð of strangar.,Possivelmente a indumentária aconselhada foi muito rígida.
"على سبيل المثال, بدلاً من تدريس المنهج العلمي كوحدة منفصلة, يتعلم الطلاب المحتوى العلمي من خلال التطبيق.","Například než aby se vyučovala vědecká metoda zvlášť, studenti se učí vědeckou látku tím, že metodu používají.","Rather than teaching the scientific method as a separate unit, for example, students learn science content by applying it.","Por ejemplo, en lugar de enseñar el método científico como una unidad aparte, los estudiantes aprenden el contenido científico aplicándolo.","Plutôt que d'enseigner la méthode scientifique en tant qu'unité séparée, par exemple, les étudiants apprennent le contenu scientifique en l'appliquant.","उदाहरण के लिए, वैज्ञानिक पद्धति एक अलग इकाई के तौर पर सिखाए जाने की बजाय, विद्यार्थी विज्ञान की अन्तर्वस्तु उसे लागू करके सीखते हैं।","Daripada mengajarkan metode ilmiah sebagai unit terpisah, misalnya saja, para pelajar belajar materi sains dengan menerapkannya.","Frekar en að kenna rannsóknaraðferðina sem sérstaka einingu, til dæmis, geta nemendur lært vísindaefni með því að nota það.","Por exemplo, em vez de o método científico ser ensinado como uma unidade separada, os estudantes aprendem conteúdos científicos aplicando-os."
"حصلوا على المعدل الوطني العام بالنسبة إلى الصف الرابع, وأفضل من المعدل الوطني العام بالنسبة إلى الصف الثامن.","Ve čtvrté třídě dosahují národního průměru, a v osmé jsou nad ním.",They are at the national average in grade 4 and better than national average in grade 8.,Están en la media nacional en 4º curso de primaria y por encima de la media nacional en 2º de la ESO.,Ils ont la moyenne nationale en CM1 et sont au-dessus de la moyenne nationale en 4ème.,वे ग्रेड 4 में राष्ट्रीय औसत पर और ग्रेड 8 में राष्ट्रीय औसत से बेहतर हैं.,Mereka menduduki rata-rata nasional di kelas 4 dan lebih baik dari rata-rata nasional di kelas 8.,Þeir eru í meðallagi á landsvísu í 4. bekk og fyrir ofan meðallag á landsvísu í 8. bekk.,"Eles estão, na média nacional, no quarto ano e, melhores que a média nacional, no oitavo ano."
"على سبيل المقارنة, تكلف الأمر 103,7 مليون دولار أمريكي لبناء محطة مترو ""نوما"" البينية التي افتتحت عام 2004.","Mezistanice NoMa, otevřená v roce 2004, oproti tomu stála 103,7 milionu dolarů.","By comparison, it cost $103.7 million to build the NoMa infill Metro station, which opened in 2004.","Por otro lado, la estación de metro NoMa, que fue inaugurada en 2004 y se construyó sobre la línea existente, costó 103,7 millones de dólares.","En comparaison, la construction de la station de métro NoMa, qui a ouvert en 2004, a coûté 103,7 millions de dollars.","तुलनात्मक रूप से, NoMa इनफिल मेट्रो स्टेशन, जिसे वर्ष 2004 में चालू किया गया, के निर्माण में $103.7 मिलियन खर्च हुए।","Perbandingannya, diperlukan $103,7 juta untuk membangun stasiun Metro infill NoMa.","Til samanburðar kostaði 103,7 milljónir Bandaríkjadala að byggja NoMa-aukaneðanarjarðarlestarstöðina, sem var opnuð árið 2004.","Por comparação, custou $103.7 milhões construir o interior da estação de metrô do NoMa, que abriu em 2004."
"قال جو ستيرنليب, رئيس منطقة جورجتاون لتطوير الأعمال: ""نواجه الكثير من المنافسة, ونرى أن بوسع النقل بالمرور أن يساعد"".","„Čelíme velké konkurenci a jsme přesvědčeni, že doprava může pomoci,“ řekl Joe Sternlieb, prezident Georgetownské BID.","“We face a lot of competition, and we think transit can help,” said Joe Sternlieb, president of the Georgetown BID.","Nos enfrentamos a una gran competición y creemos que el transporte público puede ayudar, afirmó Joe Sternlieb, presidente del Distrito de mejora de negocio de Georgetown.","« Nous sommes confrontés à une forte concurrence, et nous pensons que les transports pourront aider » a déclaré Joe Sternlieb, le président du centre des affaires de Georgetown.","जॉर्जटाउन बीआईडी के अध्यक्ष जो स्टर्नलीब ने कहा, “हम बहुत ही प्रतिस्पर्धा का सामना करते हैं, और हमें लगता है कि पारगमन इसमें मदद कर सकता है।”","“Kami menghadapi banyak persaingan, dan kami rasa transit bisa membantu,” ujar Joe Sternlieb, presiden Georgetown BID.","„Við þurfum að takast á við mikla samkeppni og við höldum að samgöngur geti hjálpað“ sagði Joe Sternlieb, forstjóri Georgetown DIB.","Nós enfrentamos muita concorrência, e achamos que o transporte pode ajudar, disse o presidente do Georgetown BID, Joe Sternlieb."
تقدر دراسة الجدوى أن المسافرين سيستغرقون نحو أربع دقائق لعبور نهر بوتوماك على متن الجندول.,"Studie proveditelnosti odhaduje, že by v kabině cestujícím trvalo překročit řeku Potomac asi čtyři minuty.",The feasibility study estimates that it would take passengers about four minutes to cross the Potomac River on the gondola.,El estudio de viabilidad calcula que los pasajeros tardarían unos cuatro minutos en cruzar el río Potomac en la góndola.,L'étude de faisabilité estime qu'il faudrait environ quatre minutes aux passagers pour traverser le Potomac en gondole.,संभाव्यता अध्ययन के अनुमान के अनुसार यात्रियों को गोंडोला पर पोटोमैक नदी पार करने में लगभग चार मिनट लगेंगे।,Studi kelayakan memperkirakan bahwa penumpang akan menghabiskan waktu sekitar empat menit untuk menyeberangi Potomac River menggunakan gondola.,Samkvæmt hagkvæmniathuguninni tæki það farþega um fjórar mínútur að fara yfir Potomac-ána á gondólnum.,O estudo de viabilidade estima que os passageiros iriam levar quatro minutos para atravessar o Rio Potomac na gôndola.
أخبر شاهد عيان الشرطة أن الضحية هاجم المشتبه به في شهر نيسان الماضي.,"Svědek policii řekl, že oběť v srpnu podezřelého napadla.",A witness told police that the victim had attacked the suspect in April.,Un testigo contó a la policía que la víctima había atacado al sospechoso en abril.,Un témoin a dit à la police que la victime avait attaqué le suspect en avril.,एक गवाह ने पुलिस को बताया कि पीड़ित व्यक्ति ने अप्रेल में संदिग्ध व्यक्ति पर हमला किया था।,Seorang saksi mengatakan kepada polisi bahwa korban telah menyerang tersangka pada bulan April.,Vitni sagði lögreglunni að fórnarlambið hefði ráðist á hinn grunaða í apríl.,Uma testemunha contou à polícia que a vítima tinha atacado o suspeito em abril.
ثمة أوجه تشابهٍ هنا بين الألعاب وحياتنا اليومية.,Lze tu najít paralely mezi hrami a naším každodenním životem.,There are parallels to draw here between games and our everyday lives.,Se pueden establecer paralelismos entre los juegos y nuestras vidas cotidianas.,On peut établir des parallèles entre les jeux et nos vies de tous les jours.,खेलों और रोजमर्रा के जीवन के बीच समानताएं निकालनी पड़ती हैं।,Ada benang merah yang bisa ditarik di sini antara pertandingan dan kehidupan kita sehari-hari.,Hér er hægt að bera saman leiki og hversdagslíf okkar.,Há comparações a traçar aqui entre jogos e a nossa vida quotidiana.
وارتفعت تلك النسبة باطراد بمرور السنين ـ11 بالمئة فقط من إجمالي الأصوات طرحت يوم الانتخابات عام 1996 وفق مكتب الإحصاءـ ويبدو أنها من المرجح أن ترتفع مجدداً هذا العام.,Tento podíl se v průběhu let stabilně zvyšoval — podle Úřadu pro sčítání lidu bylo v roce 1996 dříve než v den voleb odevzdáno pouze 11 procent z celkového počtu hlasů – a letos pravděpodobně znovu povyskočí.,"That share has been rising steadily over the years — only 11 percent of the total vote was cast before Election Day in 1996, according to the Census Bureau -- and seems likely to jump again this year.","Ese porcentaje ha ido aumentando constantemente durante los años — únicamente votó el 11 por ciento del electorado antes del día de las elecciones en 1996, según la Oficina del Censo — y parece que volverá a aumentar de nuevo este año.","Cette proportion a progressé régulièrement au cours des années, d'après le bureau du recensement, seulement 11% des votes avaient été exprimés avant le jour de l'élection en 1996, et il est probable qu'elle progresse de nouveau cette année.",उसका वोट प्रतिशत कई साल से तेजी से बढ़ रहा है — जनगणना ब्यूरो के अनुसार वर्ष 1996 में मतदान वाले दिन से पहले कुल वोट के केवल 11 प्रतिशत पड़े थे -- और ऐसा लगता है कि इस साल इसके फिर से छलांग लगाने की संभावना है।,"Saham itu telah naik stabil selama bertahun-tahun — hanya 11 persen dari total suara yang diberikan sebelum Pemilu tahun 1996, menurut Biro Sensus -- dan sepertinya akan melonjak lagi tahun ini.",Þetta hlutfall hefur hækkað stöðugt í áranna rás — aðeins 11 prósent heildaratkvæða voru greidd fyrir kosningadag árið 1996 samkvæmt Manntalsstofu -- og það er líklegt til að aukast aftur í ár.,"Aquela quota tem aumentado firmemente ao longo dos anos - apenas 11 por cento dos votos totais foram lançados antes do dia eleitoral, em 1996, de acordo com a Agência dos Censos -- e parece que vai aumentar de novo este ano."
"قد يكون ""خنزير"" خنزيراً وحيداً, غير أنه لا يترك وحده أبداً.","Dnes je možná prasátko Khanzir osamocené, ale není vždycky samo.","Today, Khanzir may be a lonely pig, but he isn’t always alone.","Hoy en día Khanzir puede parecer un madero solitario, pero no está siempre solo.","Aujourd'hui, Khanzir est peut-être un porc solitaire, mais il n'est pas toujours seul.","आज, खांजिर अकेला सुअर हो सकता है, लेकिन वह हमेशा अकेला नहीं है।","Hari ini, Khanzir mungkin adalah babi yang kesepian, tapi dia tidak selalu sendiri.","Í dag er Khanzir ef til vill einmana svín, en hann er ekki alltaf einn.","Hoje em dia, Khanzir deve ser um porco solitário, mas ele não está sempre sozinho."
"قال ثاقب: ""طلبنا المساعدة من الدول الأخرى كي نملأ حديقة الحيوان بأنواعٍ مختلفة من الحيوانات بما فيها الخنازير"".","„Požádali jsme jiné země, aby nám pomohly rozšířit zoo o další druhy zvířat, včetně prasete,“ uvedl Saqib.","“We’ve requested other nations to help us populate the zoo with different species of animals, including a pig,” Saqib said.","Hemos pedido a otros países que nos ayuden a poblar el zoo con diferentes especies de animales, entre las que se incluye un cerdo, dijo Saqib.","« Nous avons demandé à d'autres pays de nous aider à remplir le zoo de différentes espèces d'animaux, y compris d'un porc » a indiqué Saqib.","साक़िब ने कहा, “ हमने दूसरे देशों से आग्रह किया है कि वे चिड़ियाघर में सुअर सहित विभिन्न प्रजाति के जानवरों की संख्या बढ़ाने में हमारी सहायता करें।”","“Kami telah meminta bangsa-bangsa lain untuk membantu kami mengisi kebun binatang dengan berbagai spesies binatang, termasuk babi,” ujar Saqib.","„Við höfum beðið aðrar þjóðir um að hjálpa okkur við að fylla dýragarðinn af öðrum dýrategundum, þar á meðal svíni“ sagði Saqib.","Pedimos a outras nações para nos ajudarem a povoar o jardim zoológico com diferentes espécies de animais, incluindo um porco, disse Saqib."
قال السيد بانفالكار أنه شعر ذات مرة أن عليهم ترك المبنى.,"Byla doba, říkal pan Panvalkar, kdy cítil, že by měli budovu opustit.","There was a time, Mr Panvalkar said, when he felt that they should leave the building.",El señor Panvalkar dijo que llegó un momento en el que sintió que debía abandonar el edificio.,"M. Panvalkar a dit qu'à un moment donné, il a senti qu'ils devraient quitter l'immeuble.",श्रीमान पनवलकर ने कहा कि एक समय उन्हें लगा कि उन्हें भवन छोड़ देना चाहिए।,"Ada saatnya, ujar Tn. Panvalkar, ketika ia merasa mereka harus meninggalkan gedung itu.","Um hríð, sagði hr. Panvalkar, fannst honum að þau ættu að yfirgefa bygginguna.","Houve um tempo, disse o Sr. Panvalkar, em que ele sentiu que deviam abandonar o edifício."
وجهت إليها التهمة أيضاً بمحاولة قتل ابنتها ذات العامين.,Byla také obviněna z pokusu o zabití své dvouleté dcery.,She has also been charged with trying to kill her two-year-old daughter.,También se le ha acusado del intento de asesinado de su hija de dos años de edad.,Elle a aussi été accusée de tentative de meurtre de sa fille de deux ans.,उसके ऊपर अपनी दो साल की बेटी की हत्या का प्रयास करने का आरोप भी लगाया गया है।,Ia juga telah didakwa mencoba membunuh putrinya yang berusia dua tahun.,Hún hefur einnig verið ákærð fyrir að reyna að drepa tveggja ára dóttur sína.,Ela foi também acusada de ter tentado matar a sua filha de dois anos.
صرحت الشرطة أن المرأة قتلت أندريه برايس الثالث من خلال ضغط وجهه بفرشة هوائية في غرفة جلوسها قبل أن تحاول فعل ذات الشيء مع ابنتها.,"Policie uvedla, že zabila Andre Price III tím, že mu přitiskla obličej do matrace v obývacím pokoji, načež se pokusila udělat totéž své dceři Angel.","She killed Andre Price III by pressing his face into an air mattress in her sitting room before trying to do the same to her daughter, Angel, police said.","Mató a Andre Price III empujando su cara contra un colchón inflable en su salón justo antes de intentar hacer lo mismo con su hija Angel, dijo la policía.","La police a indiqué qu'elle avait tué Andre Price III en lui enfonçant le visage dans un matelas pneumatique situé dans sa salle de séjour avant de tenter de faire la même chose à sa fille, Angel.",पुलिस ने कहा कि उसने अपनी बेटी एंजेल की हत्या का प्रयास करने से पहले अपनी बैठक में आंद्रे प्राइस III का चेहरा हवा वाले गद्दे से दबाकर उसे मार डाला।,"Ia membunuh Andre Price III dengan menekan wajahnya ke matras udara di ruang keluarga sebelum mencoba melakukan hal yang sama ke putrinya, Angel, ungkap polisi.","Hún drap Andre Price III með því að þrýsta andlitinu á honum niður í vindsæng í setustofunni og reyndi svo að gera slíkt hið sama við dóttur sína, Angel, sagði lögreglan.","Ela matou o Andre Price III ao pressionar a cara dele contra um colchão de ar na sua sala de estar, antes de tentar fazer o mesmo à sua filha, Angel, disse a polícia."
"سأدخل السجن في كل الأحوال, آمل أن الأمر كان يستحق.","„Stejně jdu do vězení, snad to za to stálo.“","""I'm going to jail either way, hope it was worth it.""",Voy a ir a la cárcel de todas formas; espero que mereciese la pena.,"De toute façon, je vais en prison, j'espère que ça en valait la peine.","मैं किसी भी तरह जेल जा रहा हूं, शायद यह इसी लायक था।","""Toh saya tetap akan masuk penjara, semoga sepadan.""","„Ég fer í fangelsi, á hvorn veginn sem fer, vonandi var þetta þess virði.“","Eu vou para a cadeia de qualquer maneira, espero que tenha valido a pena."
"بدأت أولى اليزيديات بالبكاء, ثم تبعتها إحدى صديقاتها.","První začala plakat jedna z jezídských žen, poté jedna z jejích přítelkyň.","First one of the Yazidi women started crying, then one of her friends.","Pero empezó a llorar una de las mujeres yazidíes; después, una de sus amigas.","D'abord, l'une des femmes Yazidi commença à pleurer, puis l'une de ses amies.","पहले एक यजीदी महिला ने रोना शुरू किया, फिर उसकी एक दोस्त ने।","Satu dari para wanita Yazidi itu mulai menangis, diikuti satu temannya.","Fyrst byrjaði ein Yazidi-kvennanna að gráta, svo ein vinkvenna hennar.","Primeiro, uma das mulheres yazidis começou a chorar, depois uma das suas amigas."
وقع السيد أوزبورن عقداً مع وكالة استشارية أمريكية بعد أن صرف من عمله في تموز.,"Pan Osborne se poté, co byl v červenci propuštěn, nechal zaměstnat americkou agenturou poskytující řečnické služby.",Mr Osborne signed up with a US speakers agency after being sacked in July.,Osborne firmó un contrato con una agencia de oradores estadounidense tras ser despedido en julio.,M. Osborne s'est inscrit à une agence de conférenciers après s'être fait virer en juillet.,जुलाई में बर्खास्त किए जाने के बाद श्रीमान ऑसबोर्न ने एक अमेरिकी स्पीकर्स एजेंसी के साथ अनुबंध किया।,Tn. Osborne bergabung dengan agensi pembicara AS setelah dipecat di bulan Juli.,Hr. Osborne skráði sig hjá bandarískri fyrirlesaraskrifstofu eftir að hafa verið rekinn í júlí.,O Sr. Osborne inscreveu-se na agência americana de oradores depois de ter sido despedido em julho.
قال مايكل فالون أن تاريخ البدء بقطع الفولاذ سيسهم في تأمين استثمارات جديدة وحفظ مئات الوظائف المهارية حتى عام 2035.,"Michael Fallon uvedl, že znát datum stříhání prvního plátu by pomohlo zajistit nové investice a ochránit stovky kvalifikovaných pracovních míst až do roku 2035.",Michael Fallon said the date for cutting the first steel would help secure new investment and safeguard hundreds of skilled jobs until 2035.,Michael Fallon afirmó que la fecha de los primeros cortes de acero ayudaría a asegurar nuevas inversiones y protegería cientos de empleos cualificados hasta 2035.,Michael Fallon a annoncé que la date de commencement des travaux aiderait à obtenir de nouveaux investissements et à garantir des centaines d'emplois qualifiés jusqu'en 2035.,माइकल फेलॉन ने कहा कि इस्पात काटने की पहली तिथि नया निवेश सुरक्षित करने और 2035 तक सैकड़ों कुशल नौकरियां बचाने में सहायता करेगी।,Michael Fallon mengatakan tanggal untuk pemotongan baja pertama akan membantu mendapatkan investasi baru dan mengamankan ratusan pekerjaan terampil hingga 2035.,Michael Fallon sagði að fyrsti stálskurðardagurinn myndi stuðla að nýjum fjárfestingum og vernda hundruð störf iðnlærðra starfsmanna til ársins 2035.,"Michael Fallon disse que a data para cortar o primeiro aço ajudaria a assegurar o novo investimento e a salvaguardar centenas de trabalhos qualificados, até 2035."
أطلق وعد البحرية الملكية بإجراء ترتيبات جديدة لتأمين صناعة السفن في نهر كلايد قبل استفتاء استقلال اسكتلندا عام 2014.,"Slib, že nové objednávky Královského námořnictva zabezpečí loďařský průmysl v Clyde, byl učiněn před skotským referendem o nezávislosti v roce 2014.",The promise of new Royal Navy orders to secure the Clyde shipbuilding industry was made before the Scottish independence referendum in 2014.,La promesa de nuevos pedidos de la Marina Real Británica para proteger la industria de la construcción naval de Clyde tuvo lugar antes del referéndum sobre la independencia escocesa de 2014.,La promesse de nouvelles commandes de la Marine Royale britannique destinées à protéger l'industrie de la construction navale de la Clyde a été faite avant le référendum sur l'indépendance de l'Écosse de 2014.,क्लाइड जहाज निर्माण उद्योग को सुरक्षित करने के लिए रॉयल नेवी के नये आदेशों का वादा 2014 स्कॉटिश स्वतंत्रता जनमत संग्रह से पहले किया गया था।,Janji tatanan Angkatan Laut baru untuk mengamankan industri galangan kapal Clyde telah dibuat sebelum referendum kemerdekaan Skotlandia di tahun 2014.,Fyrirheitið um nýjar pantanir Konunglega sjóhersins til að tryggja skipasmíðaiðnaðinn í Clyde var gefið fyrir þjóðaratkvæðagreiðsluna um sjálfstæði Skotlands árið 2014.,"A promessa das novas ordens da Marinha Real para assegurar a construção de barcos da indústria Clyde foi feita antes do referendo de independência escocesa, em 2014."
ويتجلى هذا بأبهى صوره عندما يكون اسم الشخص الشهير نادراً جداً في البداية.,"Nejzřetelnější je to v situaci, kdy je jméno celebrity původně poměrně neobvyklé.",It's most obvious when a celebrity's name is initially quite rare.,Es más evidente cuando el nombre de un famoso es bastante raro al principio.,C'est particulièrement évident quand le prénom d'une célébrité est rare à l'origine.,यह उस वक्त बहुत ही मुमकिन है जब किसी सेलिब्रिटी का नाम शुरू में बहुत ही दुर्लभ होता है।,Paling nyata saat nama seorang selebriti awalnya cukup langka.,Þetta er augljósast þegar nafn þess fræga er býsna sjaldgæft í upphafi.,"É mais óbvio quando o nome de uma celebridade é, inicialmente, bastante raro."
"وبحلول عام 2007, وفي عز رواجه (ورواج نايتلي ربما), كان الاسم من بين أكثر 50 اسماً رواجاً, وكان الأطفال الذين يحملون اسم Keira أكثر بثلاث مرات منمن يحملون اسم Kiera.","A okolo roku 2007, v období své největší popularity (a také – možná – slávy Knightleyové), to bylo jedno z 50 nejoblíbenějších jmen – třikrát tolik dětí bylo pojmenováno Keira než Kiera.","And by 2007, at the height of its popularity (and, perhaps, Knightley's) it was a top 50 name, with three times more babies named Keira than Kiera.","Y en 2007, cuando contaba con su máxima popularidad (y, a lo mejor, con la de Knightley) era uno de los 50 nombres más populares y el número de bebés llamados Keira triplicaba a los llamados Kiera.","Et en 2007, au sommet de sa popularité (et peut-être celle de Knightley), c'était l'un des 50 prénoms les plus communs, avec trois fois plus de bébés nommés Keira que Kiera.","और वर्ष 2007 तक, अपनी लोकप्रियता के (और, शायद, नाइटली के) शिखर पर शीर्ष पचास नाम यही था, जिसमें कीरा और किएरा नाम के बच्चे तीन गुना ज्यादा थे।","Dan pada tahun 2007, di puncak ketenarannya (dan, mungkin saja ketenaran Knightley), nama itu berada dalam 50 nama teratas, lebih dari tiga kali lipat bayi dinamai Keira daripada Kieraa.","Og árið 2007, þegar hann (og ef til vill Knightley) reis sem hæst, var nafnið meðal þeirra 50 vinsælustu og þrisvar sinnum fleiri börn voru nefnd Keira en Kiera.","E em 2007, no pico da sua popularidade (e, talvez, na de Knightley) este foi um nome top 50, com três vezes mais bebês chamados Keira do que Kiera."
"ظنت الشركة الكورية في البداية أن اللوم يقع على عاتق خطأٍ في البطارية, واستبدلت بطارياتها الخاصة لتحل محل بطاريات الشركات الموردة.",Jihokorejská společnost napřed označila za původ problému chybu v baterii a vyměňovala součástku vlastní výroby za baterii dodavatele.,"The South Korean company initially thought a battery fault was to blame, and switched its own component for a third-party power cell.",La empresa surcoreana pensó en un principio que se debía a un fallo en la batería y cambió su propio componente por una célula de energía de un tercero.,"La compagnie sud-coréenne a d'abord pensé que le défaut venait d'une batterie, et avait remplacé son propre matériel par la batterie d'un sous-traitant.","दक्षिण कोरियाई कंपनी ने शुरुआत में सोचा कि बैटरी में खराबी थी, और अपने पुर्जे को तीसरे पक्ष के पॉवर सेल से बदल दिया।","Perusahaan Korea Selatan ini awalnya berpikir menyalahkan kerusakan baterai, dan mengganti komponennya sendiri dengan baterai pihak ketiga.",Í fyrstu hélt suðurkóreska fyrirtækið að rafhlöðugalla væri um að kenna og skipti eigin íhlut út fyrir rafhlöðu þriðja aðila.,A companhia sul-coreana inicialmente pensou que a culpa seria de uma falha na bateria e substituiu o componente de fabricação própria por um de fabricação externa.
أشار العديد من المحللين أن هواوي في موقعٍ مثاليٍ للاستفادة من كبوة سامسونغ.,"Několik analytiků naznačilo, že nejlépe bude moci těžit z problémů Samsungu společnost Huawei.",Several analysts have suggested Huawei is best placed to benefit from Samsung's setback.,Varios analistas han sugerido que Huawei está en la mejor posición para beneficiarse del retroceso de Samsung.,Plusieurs analystes ont suggéré que Huawei est le mieux placé pour profiter du recul de Samsung.,कई विश्लेषकों ने सुझाव दिया है कि सैमसंग को लगे झटके का फायदा उठाने के लिए हुआवेई (Huawei) को उतारना सबसे अच्छा है।,Beberapa analis telah menyarankan bahwa Huawei paling baik ditempatkan untuk mengambil keuntungan dari kemunduran Samsung.,Nokkrir greinendur hafa sagt Huawei vera í bestu stöðunni til að hagnast á bakslagi Samsung.,Vários analistas sugeriram que a Huawei está melhor colocada para se beneficiar do retrocesso da Samsung.
"تفتقد هواتف ""ميت 9"" واجهة ذكاء صناعي تفاعلية مثل ""غوغل أسيستانت"" و ""سيري"" الخاصة بآبل.",Telefon Mate 9 také nemá rozhraní umělé inteligence jako Google Assistant nebo Siri společnosti Apple.,"The Mate 9 phones lack an artificial intelligence interface, like the Google Assistant or Apple's Siri.",Los teléfonos Mate 9 no cuentan con una interfaz de inteligencia artificial como el Asistente de Google o Siri de Apple.,Les téléphones Mate 9 ne disposent pas d'une interface intelligente telles que le Google Assistant ou le Siri de Apple.,"मेट 9 फोन में कृत्रिम बुद्धिमत्ता ( intelligence) इंटरफेस की कमी है, गूगल असिस्टेंट या एपल के सिरि की तरह।","Ponsel Mate 9 tidak memiliki antarmuka kecerdasan buatan, seperti Google Assistant atau Siri Apple.","Mate 9 símana skortir gervigreindarviðmót, svo sem Google Assistant eða Siri frá Apple.","Os telefones Mate 9 carecem de uma interface de inteligência artificial, como o Assistente do Google ou a Siri da Apple."
لكن أحد خبراء السفريات نبه إلى أن الإنترنت خلال رحلات الطيران كان لا يعول عليه وكان من المستبعد أن يؤثر على اختيار المسافرين لشركات الطيران.,"Avšak jeden expert na cestování varoval, že internet za letu byl často nespolehlivý a nebylo pravděpodobné, že by jeho dostupnost ovlivnila, jak si cestující vybírají aerolinky.",But one travel expert warned in-flight internet was often unreliable and was unlikely to influence travellers' airline choices.,"Sin embargo, un experto en viajes advirtió que el acceso a internet durante los vuelos no solía ser fiable y que era poco probable que influenciase a los pasajeros en la elección de la aerolínea.",Mais un expert des transports a averti que l'accès à Internet en vol était souvent peu fiable et n'influençait propablement pas les voyageurs lors du choix de la compagnie aérienne.,लेकिन एक यात्रा विशेषज्ञ ने चेतावनी दी कि उड़ान में इंटरनेट अक्सर ही भरोसेमंद नहीं होता था और उससे यात्रियों के एयरलाइन विकल्पों के प्रभावित होने की संभावना नहीं थी।,"Namun, seorang ahli perjalanan mengingatkan bahwa internet di pesawat sering kali tidak dapat diandalkan dan kemungkinan tidak akan mempengaruhi pilihan maskapai penerbangan penumpang.",En einn ferðasérfræðingur varaði við því að internet í flugi væri oft óáreiðanlegt og ólíklegt til að hafa áhrif á val ferðamanna á flugfélagi.,Mas um especialista em viagens avisou que a internet durante os voos é frequentemente falível e é pouco provável que influencie as escolhas das companhias aéreas dos passageiros
لكن قد يكون الأمر أن الخطوط الجوية البريطانية ومجموعة الخطوط الجوية الدولية (آي إيه جي) قررتا الانطلاق وتقديم شيءٍ يمكن الاعتماد عليه بعض الشيء.,"„Ale je možné, že BA a IAG to překonaly a mohou nabízet něco trochu spolehlivého.“","""But it may be that BA and IAG have cracked it and can offer something vaguely reliable.""",Puede que BA e IAG lo hayan descubierto y puedan ofrecer algo relativamente fiable.,Mais il semble que BA and IAG ont trouvé la solution et peuvent proposer quelque chose de vaguement fiable.,लेकिन ऐसा हो सकता है कि बीए और आईएजी ने इसका समाधान निकाल लिया हो और वो अस्पष्ट रूप से किसी विश्वसनीय चीज की पेशकश कर सकते हैं।,"""Namun, mungkin saja BA dan IAG sudah memecahkannya dan dapat menawarkan sesuatu yang sedikit dapat diandalkan.""",„En það má vera að BA og IAG hafi leyst það og geti boðið eitthvað sem jaðrar við að vera áreiðanlegt.“,Mas pode ser que a BA e a IAG o tenham descoberto e possam oferecer algo vagamente confiável.
قالت الشركة للبي بي سي أن أن المسؤولية تقع على عاتق كل شركة طيران لتحديد ما إذا كانت ستتقاضى رسوماً على استخدام الإنترنت.,"Společnost pro BBC uvedla, že rozhodnutí vybírat za připojení peníze by každá aerolinka dělala sama.",The company told the BBC it would be the responsibility of each airline brand to decide whether to charge passengers an access fee.,La empresa dijo a la BBC que la responsabilidad de decidir si se cobraba a los pasajeros una tarifa de acceso recaería sobre cada compañía aérea.,La compagnie a indiqué à la BBC que la décision de facturer l'accès aux passagers serait du ressort de chaque compagnie aérienne.,कंपनी ने बीबीसी से कहा है कि इस बात का निर्धारण करना प्रत्येक एयरलाइन ब्रांड की जिम्मेदारी होगी कि यात्रियों से एक्सेस शुल्क वसूला जाना है या नहीं।,Perusahaan itu mengatakan kepada BBC bahwa menjadi tanggung jawab merek maskapai penerbangan untuk memutuskan apakah akan membebankan biaya akses kepada penumpang.,Fyrirtækið sagði BBC að það væri á ábyrgð hvers flugfélags að ákveða hvort farþegar séu látnir greiða aðgangsgjald.,A empresa disse à BBC que seria da responsabilidade de cada companhia aérea decidir se cobra dos passageiros uma taxa de acesso.
"قد يجد أغلب الناس أن ""الواي-فاي"" في المطارات أكثر فائدة من القدرة على إرسال الرسائل الإلكترونية داخل الطائرات.",„Většině lidí by připadalo letištní wifi užitečnější než možnost posílat emaily za letu.“,"""Most people would find airport wi-fi more useful than being able to send emails on a plane.""",A la mayoría de la gente le resultaría más útil tener acceso a wifi en un aeropuerto que el poder enviar correos electrónicos desde un avión.,La plupart des gens trouveraient le Wifi à l'aéroport plus utile que la possibilité d'envoyer des mails depuis l'avion.,अधिकतर लोग विमान पर से ईमेल भेजने में सक्षम होने की अपेक्षा हवाई अड्डे के वाई-फाई को ज्यादा उपयोगी पाएंगे।,"""Sebagian besar orang akan mendapati wi-fi bandara lebih berguna daripada dapat mengirim email di pesawat.""",„Flestu fólki þætti wi-fi á flugvelli gagnlegra en að geta sent tölvupóst í flugvél.“,A maioria das pessoas acharia o wi-fi nos aeroportos mais útil do que ser capaz de enviar emails num avião.
أحياناً يكون أشبه بقوة عظمى.,Občas je to jako nadpřirozená schopnost.,It's like a super power sometimes.,A veces es como un superpoder.,C'est parfois comme un super pouvoir.,यह कभी-कभी सुपर पॉवर जैसा होता है।,Kadang kala seperti kekuatan super.,Þetta er stundum eins og ofurkraftur.,"É como um superpoder, às vezes."
يجني المشروع أمواله من خلال عقود الرعاية والإعلانات.,Obchodní model vydělává na sponzorování a inzerci.,The scheme makes money through sponsorship and advertising.,El programa gana dinero mediante el patrocinio y la publicidad.,Le programme gagne de l'argent grâce au parrainage et à la publicité.,योजना प्रायोजन और विज्ञापन के जरिए पैसे बनाती है।,Skema ini menghasilkan uang melalui sponsor dan iklan.,Fjár er aflað með kostun og auglýsingum.,O esquema faz dinheiro através de patrocínios e publicidade.
ستكون الدورة التي ستستمر مدة 10 أسابيع مصرحة من قبل الوكالة الاستخبارية البريطانية (مكاتب الاتصالات الحكومية البريطانية).,Desetitýdenní kurz byl „certifikován“ britskou výzvědnou službou GCHQ.,"The 10-week course has been ""certified"" by UK spy agency GCHQ.",El curso de 10 semanas está acreditado por la agencia de espionaje británica GCHQ.,La formation de 10 semaines a été « certifiée » par l'agence d'espionnage anglaise GCHQ.,"10-सप्ताह का पाठ्यक्रम ब्रिटेन की खुफिया एजेंसी जीसीएचक्यू द्वारा ""प्रमाणित"" किया गया है।","Kursus selama 10 minggu ini telah “disertifikasi” oleh badan mata-mata Inggris, GCHQ.",Breska njósnastofnunin GCH hefur „vottað“ 10 vikna námskeiðið.,"O curso de 10 semanas foi ""certificado"" pela agência de espionagem britânica GCHQ."
لكن بعض خبراء الأمن أثاروا تساؤلات بشأن الحاجة لهذه الدورة والغاية من ورائها.,"Avšak někteří bezpečnostní experti zpochybňují potřebnost kurzu a záměr, s jakým je pořádán.",But some security experts raised questions about the need for the course and the intent behind it.,"Sin embargo, algunos expertos en seguridad cuestionaron la necesidad del curso y las intenciones detrás del mismo.",Mais des experts en sécurité ont remis en question le besoin de cette formation ainsi que son objectif.,लेकिन कुछ सुरक्षा विशेषज्ञों ने पाठ्यक्रम की आवश्यकता और इसके पीछे प्रयोजन के बारे में सवाल उठाए हैं।,"Namun, beberapa pakar keamanan mengajukan pertanyaan tentang perlunya kursus ini dan maksud di belakangnya.",En sumir öryggissérfræðingar hafa velt fyrir sér hvort þörf sé á námskeiðinu og hver tilgangurinn sé með því.,Mas alguns especialistas de segurança levantaram questões acerca da necessidade do curso e da intenção por trás dele.
لم ير الطائرات من قبل سوى بعض المدونين.,Do té doby viděli letouny pouze bloggeři.,Previously the jets had only been seen by bloggers.,"Anteriormente, solo blogueros habían visto los jets.",Auparavant les jets avaient seulement été vus par des bloggeurs.,पहले जेट विमान केवल ब्लॉगर्स द्वारा देखे गए थे।,"Sebelumnya, jet tersebut hanya dilihat oleh blogger.",Áður höfðu aðeins bloggarar séð þoturnar.,"Anteriormente, os jatos só tinham sido vistos pelos blogueiros."
"بطبيعة الحال, ستعرض الصين هذا الأسبوع العديد من القطع العسكرية الأخرى, من مروحيات هجومية وطائرات مائية.","Přirozeně bude Čína předvádět tento týden mnoho další vojenské techniky, od útočných vrtulníků po letadla pro námořnictvo.",Naturally China will be presenting plenty of other military hardware this week from attack helicopters to seaplanes.,"Evidentemente, China presentará mucho más hardware militare, desde helicópteros de ataque hasta hidroaviones.","Naturellement, la Chine présentera de nombreux autres équipements militaires cette semaine, des hélicoptères de combat jusqu'aux hydravions.","स्वाभाविक रूप से चीन इस सप्ताह प्रचुर मात्रा में अन्य सैन्य हार्डवेयर, हमला करने वाले हेलीकॉप्टर से लेकर समुद्री विमान तक, पेश करेगा।",Tentunya Tiongkok akan menyajikan banyak perangkat keras militer lain minggu ini mulai dari helikopter serangan hingga pesawat laut.,"Auðvitað sýna Kínverjar nóg af öðrum herbúnaði í þessari viku, allt frá þyrlum til sjóflugvéla.","Naturalmente, a China irá apresentar muitos outros equipamentos militares esta semana, desde helicópteros de ataque até aeroplanos."
"ومع تأهب الصين لتكون أكبر سوقٍ في مجال الطيران في العالم خلال العقد المقبل, يشكل هذا المعرض فرصةً لبكين لتظهر طموحاتها في مجال الطيران المدني إلى جانب العكسري.","A s tím, jak se Čína má během příštího desetiletí stát největším světovým trhem s leteckou technikou, je pro Peking přehlídka příležitostí, jak předvést své ambice kromě vojenského také v civilním letectví.","And with China set to become the world's biggest aviation market in the next decade, the show is an opportunity for Beijing to demonstrate its ambitions in civil aviation as well as defence.","y, como China va a convertirse en el mayor mercado de aviación en la próxima década, el evento ofrece una oportunidad a Pekín para demostrar sus ambiciones en los campos de la aviación civil y de la defensa.","Et, avec la Chine en voie de devenir le plus grand marché aéronautique dans la prochaine décennie, le salon est une opportunité pour Pékin de manifester ses ambitions dans le domaine de l'aviation civile et militaire.","और अगले दशक में दुनिया का सबसे बड़ा विमानन बाजार बनने की चीन की तैयारी के साथ, यह प्रदर्शन चीन के लिए रक्षा के साथ नागरिक उड्डयन में इसकी महत्वाकांक्षाओं के प्रदर्शन का एक अवसर है।","Dan seiring Tiongkok siap menjadi pasar penerbangan terbesar di dunia dalam dekade berikutnya, pameran ini merupakan peluang bagi Beijing untuk mendemonstrasikan ambisinya dalam penerbangan sipil dan juga pertahanan.","Og nú þegar stefnir í að Kína verði stærsti flugmarkaður heims á næsta áratug gefur sýningin Beijing færi á að sýna metnað sinn í almenningsflugi, auk varnarmála.","E com a China pronta para se tornar, na próxima década, o maior mercado de aviação do mundo, o espectáculo é uma oportunidade para Pequim mostrar as suas ambições tanto na aviação civil como de defesa."
"كتب جيسي لابروكا, مؤسس موقع ""هاك فوروم"" في رسالةٍ يشرح فيها سبب إقفال القسم: مجدداً للأسف, تفسد القلة الأمر على الكثرة.","„Bohužel, opět to jednotlivci zkazili většině,“ napsal Jesse LaBrocca, zakladatel Hack Forums, ve zprávě, která vysvětlovala, proč byla sekce uzavřena.","""Unfortunately once again the few ruin it for the many,"" wrote Jesse LaBrocca, founder of Hack Forums, in a message explaining why the section was being closed.","Desafortunadamente, una vez más son unos pocos los que fastidian a la mayoría, escribió Jesse LaBrocca, fundador de Hack Forums, en un mensaje en el que explicaba por qué se cerraba la sección.","Malheureusement, une fois de plus, une minorité gâche tout pour une majorité, écrit Jesse LaBrocca, fondateur de Hack Forums, dans son message justifiant la fermeture de la section.","हैक फोरम्स के संस्थापक जेसी लाब्रोक्का ने एक संदेश में इस बात की व्याख्या करते हुए कि क्यों सेक्शन को बंद किया जा रहा है, लिखा कि दुर्भाग्यवश एक बार फिर कुछ लोग कई लोगों के लिए इसे बर्बाद कर देंगे।","""Sayangnya, lagi-lagi karena nila setitik rusak susu sebelanga,"" tulis Jesse LaBrocca, pendiri Hack Forums, dalam sebuah pesan yang menjelaskan mengapa bagian itu ditutup.","„Því miður skemma nokkrir fyrir öllum hinum, einu sinni enn,“ skrifaði Jesse LaBrocca, stofnandi Hack Forums, í skilaboðum þar sem hann útskýrði af hverju loka ætti hlutanum.","Infelizmente, mais uma vez, os poucos arruinam tudo para os muitos, escreveu Jesse LaBrocca, fundadora do Hack Forums, numa mensagem que explica o porquê de a seção ter sido fechada."
"من المرجح أن ""الأحداث الأخيرة"" هي هجمات 21 تشرين الأول والتي أوقفت عمل مواقع رائجة مؤقتاً مثل ""ريديت"" و""تويتر"" و""سبوتيفاي"" وغيرها.","„Nedávnými událostmi“ se pravděpodobně myslí útoky z 21. října, které dočasně vyřadily z provozu populární weby jako Reddit, Twitter nebo Spotify, a mnoho dalších.","The ""recent events"" are likely to be the attacks of 21 October that briefly took down popular websites such as Reddit, Twitter and Spotify as well as many others.","Es probable que los ""sucesos recientes"" sean ataques producidos el 21 de octubre que cerraron sitios web populares como Reddit, Twitter y Spotify entre muchos otros.","Les « événements récents » sont probablement les attaques du 21 octobre qui ont temporairement causé la suppression de sites populaires tels que Reddit, Twitter, Spotify et bien d'autres.","हाल की घटनाओं के 21 अक्टूबर के हमलों जैसी होने की संभावना है जिसने लोकप्रिय वेबसाइटों जैसे कि रेडिट, ट्विटर और स्पॉटिफाई समेत कई अन्य वेबसाइटों को थोड़ा नीचे ला दिया था।","“Peristiwa baru-baru ini” kemungkinan menjadi serangan 21 Oktober yang melumpuhkan situs-situs web populer seperti Reddit, Twitter, dan Spotify serta banyak situs web lainnya.","„Nýlegu atvikin“ eru líklega árásarnar 21. október sem lokuðu tímabundið vinsælum vefsvæðum á borð við Reddit, Twitter, Spotify, auk margra annarra.","Os ""eventos recentes"" são provavelmente os ataques de 21 de outubro, que rapidamente derrubaram sites populares como o Reddit, o Twitter e o Spotify, bem como muitos outros."
تكشف التحليلات أن كميات تاريخية من البيانات كانت تستخدم لإحداث الاضطراب.,"Analýza odhalila, že na způsobení výpadku bylo použito bezprecedentní množství dat.",Analysis revealed that historic amounts of data had been used to cause the disruption.,Los análisis revelaron que se habían utilizado cantidades de datos históricos para causar los daños.,L'analyse a révélé qu'une quantité historique de données a été employée pour causer le bouleversement.,विश्लेषण से पता चला कि कि व्यवधान पैदा करने के लिए भारी मात्रा में डेटा का उपयोग किया गया।,Analisis menyingkapkan bahwa telah digunakan data yang luar biasa besar untuk mengakibatkan gangguan itu.,Greining leiddi í ljós að sögulegt magn gagna hafði verið notað til að valda trufluninni.,As análises revelaram que quantidades históricas de informação foram utilizadas para causar a ruptura.
يقول تقرير الأمم المتحدة عن الخطط الوطنية للحد من انبعاثات الكربون أنها أقل من المستوى المطلوب للحفاظ على ارتفاع حرارة الأرض بمقدار أقل من درجتين مئويتين.,"Po přezkoumání národních plánů na omezení oxidu uhličitého OSN uvedla, že jednoznačně nestačí na udržení globálního vzestupu teplot pod 2 stupni Celsia.",A UN review of national plans to cut carbon says they are well short of the levels needed to keep the rise in global temperatures under 2C.,Una evaluación de la ONU de los planes nacionales para reducir el carbono afirma que estos no alcanzan los niveles necesarios para mantener el aumento de temperatura global por debajo de 2º C.,"Une étude des plans nationaux visant à réduire les émissions de carbone, conduite par l'ONU, montre qu'ils sont loin d'avoir les niveaux requis pour contenir l'augmentation des températures sous le seuil de 2° C.",कार्बन कम करने के लिए राष्ट्रीय योजनाओं की एक संयुक्त राष्ट्र समीक्षा में कहा गया है कि ये 2C के तहत वैश्विक तापमानों में वृद्धि के लिए आवश्यक स्तरों से काफी कम हैं।,Sebuah kajian PBB tentang rencana nasional mengurangi karbon mengatakan bahwa rencana tersebut ketinggalan dari peningkatan suhu global di bawah 2 C.,Samkvæmt úttekt Sameinuðu þjóðanna á landsáætlunum um að draga úr koltvísýringi eru þær langt frá því sem nauðsynlegt er til að takmarka hækkun hitastigs á heimsvísu við 2C.,Um estudo da UN sobre planos nacionais para reduzir o carbono diz que estes estão bem abaixo dos níveis necessários para manter o aumento de temperatura global abaixo dos 2°C.
يقول العديد من العلماء أنه لا ضرورة إلى تقنيات تزيل الكربون من الجو من أجل تحقيق أهداف قمة باريس للمناخ.,"Mnoho vědců říká, že na dosažení cílů z Paříže bude třeba technologie, která bude odstraňovat oxid uhličitý z ovzduší.",Many scientists say that technology to remove carbon from the air will now be needed to meet the Paris targets.,Muchos científicos creen que la tecnología para eliminar el carbono del aire no será necesaria para cumplir con los objetivos de París.,De nombreux scientifiques disent que la technologie d'extraction du carbone de l'air ambiant est maintenant nécessaire pour atteindre les objectifs de Paris.,कई वैज्ञानिक कहते हैं कि पेरिस के लक्ष्यों को प्राप्त करने के लिए अब हवा से कार्बन हटाने की प्रौद्योगिकी की जरूरत होगी।,Banyak ilmuwan yang mengatakan bahwa teknologi untuk menghilangkan karbon dari udara kini akan diperlukan untuk memenuhi target Paris.,Margir vísindamenn segja að nú sé þörf á tækni til að fjarlægja koltvísýring úr andrúmsloftinu til að ná markmiðum Parísarsamkomulagsins.,Muitos cientistas dizem que a tecnologia para remover carbono do ar será agora necessária para atingir os objetivos de Paris.
"قال إيريك سولهايم, رئيس برنامج الأمم المتحدة للبيئة: ""نحن نسير على الدرب الصحيح. اتفاق باريس سيبطئ من التغير المناخي, كما أن تعديل كيغالي سيخفض من انبعاثات مركبات الكربون الهيدروكلورية فلورية"".","„Jdeme správným směrem: Pařížská dohoda zpomalí změny klimatu, stejně jako nedávná Dohoda z Kigali o omezení HFC,“ řekl Erik Solheim, ředitel environmentální sekce OSN.","""We are moving in the right direction: the Paris Agreement will slow climate change, as will the recent Kigali Amendment to reduce HFCs,"" said Erik Solheim, head of UN Environment.","Avanzamos en la dirección correcta: el Acuerdo de París reducirá el cambio climático, al igual que lo hará la Enmienda de Kigali que tiene como objetivo reducir los gases HFC, dijo Erik Solheim, director ejecutivo de ONU Ambiente.","Nous allons dans la bonne direction : l'Accord de Paris va ralentir le changement climatique, l'Amendement récent de Kigali va également réduire les HFC, a déclaré Erik Solheim, le responsable de l'Environnement à l'ONU.","हम सही दिशा में जा रहे हैं: संयुक्त राष्ट्र के पर्यावरण प्रमुख एरिक सोल्हीम ने कहा कि पेरिस समझौता जलवायु परिवर्तन की गति कम करेगा, जैसे HFCs कम करने के लिए हाल ही हुआ किगाली संशोधन करेगा।","""Kita sedang bergerak ke arah yang benar: Perjanjian Paris akan melambatkan perubahan iklim, sama seperti Perjanjian Kigali baru-baru ini untuk mengurangi HFC,"" ujar Erik Solheim, kepala UN Environment.","„Við stefnum í rétta átt. Parísarsamkomulagið hægir á loftslagsbreytingum, sem og nýlegi Kigali-viðaukinn um að draga úr vetnisflúorkolefnum“ segir Erik Solheim, yfirmaður Umhverfisstofnunar Sameinuðu þjóðanna.","""Estamos indo na direção certa: o Acordo de Paris vai reduzir as alterações climáticas, bem como a recente Emenda de Kigali vai reduzir os HFCs"", disse Erik Solheim, chefe de Ambiente da UN."
ارتفعت الاستثمارات في هذا المجال ارتفعت بنسبة 6% عام 2015 لتصبح 221 مليار دولار أمريكي.,Investice v této oblasti se v roce 2015 zvýšily o 6 % na 221 miliard dolarů.,Investments in this area were up by 6% in 2015 to $221bn.,Las inversiones en este campo aumentaron en un 6 % en 2015 y alcanzaron los 221 mil millones de dólares.,Les investissements dans ce secteur avaient progressé de 6% en 2015 à 221 milliards de dollars.,इस क्षेत्र में निवेश वर्ष 2015 में 6% तक बढ़कर $221bn हो गए थे।,Investasi di daerah ini naik 6% pada tahun 2015 menjadi $221 miliar,Fjárfestingar á þessu sviði jukust um 6% árið 2015 og urðu 221 milljarður.,"Os investimentos nesta área aumentaram 6% em 2015, para $221bn."
"من الرائع أنهم توصلوا إلى اتفاق باريس, لكن إسهاماتهم في الوقت الحالي بعيدة كل البعد عن هدف الوصول إلى ارتفاع بمقدار درجة ونصف مئوية.","Je fantastické, že Pařížská dohoda vznikla, ale jejich příspěvky se v tuto chvíli zdaleka neblíží cílovým 1,5 stupně.",It's fantastic that they got the Paris Agreement but their contributions at the moment are nowhere near the 1.5-degree target.,"Es fantástico que consiguiesen el Acuerdo de París pero sus contribuciones, por el momento, están lejos del objetivo de 1,5 grados.","C'est fantastique qu'ils aient obtenu l'Accord de Paris, mais, en ce moment, leurs contributions sont loin de l'objectif de 1,5 degrés.",ये अच्छी बात है कि उन्होंने पेरिस समझौता किया लेकिन इस समय उनका योगदान 1.5 डिग्री लक्ष्य के आसपास भी नहीं है।,"Sangat baik sekali mereka memiliki Perjanjian Paris namun kontribusi mereka saat ini jauh dari target sebesar 1,5 derajat.","Það er frábært að þau fengu Parísarsamkomulagið en framlag þeirra sem stendur er hvergi nálægt markmiðinu um 1,5 gráður.","É fantástico que eles tenham conseguido o Acordo de Paris, mas as suas contribuições no momento não estão nem perto do objectivo de 1.5 grau."
أجريت قبالة السواحل المكسيكية ما بين شهري نيسان وحزيران.,Bylo provedeno od dubna do června blízko mexického pobřeží.,It was conducted just off the Mexican coast from April to June.,Se llevó a cabo a poca distancia de la costa mexicana de abril a junio.,Ca a été mis en œuvre au large de la côte du Mexique d'avril à juin.,इसका आयोजन अप्रेल से जून तक मैक्सिको के तट पर किया गया था।,Hal itu dilakukan di lepas pantai pesisir Meksiko mulai dari bulan April hingga Juni.,Það fór fram undan ströndum Mexíkó frá apríl til júní.,"Foi realizado na costa mexicana, de abril a junho."
سيضع هذا قيوداً جديدة على طبيعة التغيرات المناخية التي ضربت كوكب الأرض وجلعت الكثير من الكائنات الحية ـلا الدينصورات فقطـ تنقرض.,"Toto nově vymezí charakter environmentálních změn, které se na Zemi udály a smetly z jejího povrchu tolik druhů – nejen dinosaury.",This will put new limits on the nature of the environmental changes that overtook the Earth and sent so many species - not just the dinosaurs - into oblivion.,"Esto establecerá nuevos límites en la naturaleza de los cambios ambientales que afectaron a la Tierra y que hizo que muchas especies, no solo los dinosaurios, cayeran en el olvido.","Cela va imposer de nouvelles limitations sur la nature des changements environnementaux qui ont frappé la Terre et qui ont causé l'extinction de nombreuses espèces, et pas uniquement des dinosaures.",यह पृथ्वी पर कब्जा जमा चुके और कई प्रजातियों - केवल डायनासोर नहीं- को लुप्त कर चुके पर्यावरण परिवर्तनों की प्रकृति पर नयी सीमाएं थोप देगा।,Ini akan menempatkan batas-batas baru pada sifat perubahan lingkungan yang mengambil alih bumi dan mengirim begitu banyak spesies - tidak hanya dinosaurus - masuk ke dalam kepunahan.,"Þetta setur ný mörk á eðli umhverfisbreytinganna sem skullu á jörðinni og tortímdu svo mörgum tegundum, ekki bara risaeðlunum.","Isto colocará novos limites à natureza das mudanças ambientais, que ocorreram na Terra e que conduziram tantas espécies - não só os dinossauros - à extinção."
من المرجح أن هذه المادة النيزكية غنية بعنصر الإيريديوم.,Charakteristickým znakem tohoto meteorického materiálu pravděpodobně bude vysoká koncentrace prvku iridium.,A telltale of this meteoritic material will likely be high levels of the element iridium.,Será muy probable que los altos niveles de iridio sean una revelación de este material meteórico.,Un signe indicateur de ce matériel météorique sera probablement les hauts niveaux d'iridium.,इस मीटियारिटिक सामग्री का संकेतक संभवतः उच्च स्तर का तत्व इरिडियम होगा।,Sebuah indikasi tentang bahan meteoritik ini kemungkinan sarat mengandung elemen iridium.,Öruggt merki um efni úr þessum lofsteini er líklega mikið magn frumefnisins irídíum.,Um indicador deste material meteorítico será provavelmente elevados níveis do elemento irídio.
"فقط 70% من النباتات التي زرعت من البذور الأرضية كانت حية بعد 17 يوماً, وهذه نسبة أكبر قليلاً من النباتات التي زرعت من البذور الفضائية والتي بلغت 66%.","Po sedmnácti dnech bylo naživu přes 70 % rostlin ze semínek ze Země, tedy jen o málo více, než úspěšnost těsně přes 66 % u rostlin z vesmírných semínek.",Just over 70% of the plants grown from Earth seeds were alive after 17 days - just slightly more than the plants grown from space seeds - just over 66%.,"Algo más del 70 % de las plantas procedentes de semillas terrestres seguían con vida 17 días después; un porcentaje ligeramente más elevado que el de las plantas procedentes de semillas espaciales, que era de un poco más del 66 %.","Un peu plus de 70% des plantes dont les graines provenaient de la Terre étaient encore vivantes après 17 jours, à peine plus que les plantes provenant de graines de l'espace (un peu plus de 66%).",पृथ्वी के बीजों से उगाए गए पौधों का 70% से थोड़ा ही अधिक 17 दिन बाद जीवित था - जो कि अंतरिक्ष के बीजों से उगाए गए पौधों से मामूली रूप से अधिक - 66% से थोड़ा ज्यादा है।,Hanya lebih dari 70% dari tanaman yang ditumbuhkan dari biji dari Bumi yang hidup setelah 17 hari - sedikit lebih besar dari tanaman yang ditumbuhkan dari biji-biji dari luar angkasa - hanya lebih dari 66%.,Rúmlega 70% plantnanna sem voru ræktaðar með jarðarfræjum voru lifandi eftir 17 daga - bara örlítið fleiri en plönturnar sem voru ræktaðar með geimfræjum - rúmlega 66%.,Um pouco mais de 70% das plantas crescidas a partir de sementes terrestres estavam vivas ao fim de 17 dias - ligeiramente mais do que as plantas crescidas a partir de sementes espaciais - pouco mais de 66%.
تقدم النتائج المستخلصة من هذه التجربة تأكيداً إضافياً على أنه يمكن نقل البذور الصاروخية وتخزينها في المحطة الفضائية الدولية لمدة ستة أشهر من دون أن يكون لذلك أي تأثيرات كبيرة على قدرتها على الإنبات والنمو على الأرض.,"Na základě výsledků tohoto pokusu je ještě jistější, že raketová semínka lze převézt a skladovat na Mezinárodní vesmírné stanici po dobu šesti měsíců, aniž by to mělo podstatný vliv na jejich oplodňování a růst na Zemi.",The results from this experiment provides further support that rocket seeds can be flown and stored on the International Space Station for six months without having any significant impacts on their ability to germinate and grow on Earth.,Los resultados de este experimento refuerzan la idea de que las semillas de roqueta se pueden enviar y almacenar en la Estación Espacial Internacional durante seis meses sin que se produzcan impactos significantes en su habilidad para germinar y crecer en la Tierra.,Les résultats de cette expérience étayent le fait que des graines de roquettes peuvent être envoyées et conservées pendant 6 mois dans la Station Spatiale Internationale sans avoir d'effet néfaste sur leur capacité à germer et pousser sur Terre.,इस प्रयोग से प्राप्त परिणाम आगे ऐसा समर्थन प्रदान करते हैं जिससे रॉकेट बीजों को पृथ्वी पर अंकुरित और विकसित होने की उनकी क्षमता पर कोई महत्वपूर्ण प्रभाव डाले बिना उन्हें छह महीने के लिए अन्तरराष्ट्रीय अंतरिक्ष स्टेशन पर भेजा जा सकता है और भंडारण किया जा सकता है।,Hasil dari eksperimen ini memberikan dukungan lebih lanjut bahwa biji tanaman roket bisa diterbangkan dan disimpan di Stasiun Luar Angkasa Internasional selama enam bulan tanpa memiliki dampak signifikan terhadap kemampuannya untuk bertunas dan tumbuh di Bumi.,Niðurstöðurnar úr þessari tilraun eru frekari sönnun þess að hægt sé að fljúga með geimflaugarfræ til alþjóðlegu geimstöðvarinnar og geyma þau þar í sex mánuði án þess að það hafi veruleg áhrif á getu þeirra til að spíra og vaxa á jörðinni.,"Os resultados desta experiência fornecem um suporte adicional à ideia de que as sementes espaciais podem voar e ser armazenadas na Estação Espacial Internacional durante seis meses, sem haver impactos significativos na sua habilidade de germinar e crescer na Terra."
جمعت الجمعية الملكية للبستنة تعليقات أرسلت من قبل تلاميذ ومدرسين شاركوا في التجربة.,"RHS shromáždilo připomínky z řad účastníků pokusů, jak žáků, tak i učitelů.",The RHS collected comments sent in by schoolchildren and teachers involved in the experiment.,La Real Sociedad de Horticultura británica recopiló las cartas que enviaron los escolares y los profesores involucrados en el proyecto.,Le RHS a compilé les commentaires des instituteurs et des écoliers ayant prit part à l'expérience.,प्रयोग में शामिल स्कूली बच्चों और शिक्षकों द्वारा भेजी गयी टिप्पणियों को आरएचएस ने एकत्र किया है।,RHS mengumpulkan komentar yang dikirim oleh anak-anak sekolah dan guru-guru yang terlibat dalam eksperimen ini.,RHS tók saman athugasemdir skólabarna og kennara sem tóku þátt í tilrauninni.,O RHS recolheu comentários enviados por alunos e professores envolvidos na experiência.
"وتقول: ""لا يزال عامل القرف مخيماً على فكرة شراء وارتداء أجزاءً من جسد شخصٍ آخر"".","„Na představě, že si koupím nebo budu nosit část těla někoho jiného, je stále něco odpudivého,“ říká.","""There is still a 'yuk' factor to the whole idea of buying and wearing other people's body parts,"" she says.","Todavía da un poco de asco la idea de comprar y de llevar puestas las partes del cuerpo de otra persona, afirma.",Elle explique qu'il existe toujours un effet « beurk » à l'idée d'acheter et de porter des morceaux du corps d'une autre personne.,वे कहती हैं कि किसी दूसरे व्यक्ति के शरीर के हिस्सों को खरीदने और पहनने का संपूर्ण विचार अभी भी लोगों के मन में चिढ़ पैदा करने का मामला है।,"""Masih ada faktor 'jijik' perihal seluruh ide tentang membeli dan mengenakan bagian tubuh orang lain,"" ungkapnya.",„Það er enn eitthvað „vibbalegt“ við hugmyndina um að kaupa og nota líkamshluta annars fólks“ segir hún.,"Ainda há o fator 'yuk' relacionado à ideia de comprar e usar partes do corpo de outras pessoas, diz ela."
"وتشرح تارلو: ""عادةً ما يتم في الصين وضع الشعر في أحواضٍ كيميائية لإزالة أي أثرٍ للقشور الجلدية"".","V Číně se typicky dávají vlasy do chemické lázně, aby byla kutikula úplně odstraněna, vysvětluje Tarlo.","In China the hair is typically put in a chemical bath to remove the cuticle completely, Tarlo explains.","En China, normalmente, el pelo recibe un baño químico para eliminar la cutícula por completo, explica Tarlo.","En Chine, les cheveux sont généralement placés dans un bain chimique afin de complètement retirer la cuticule, explique Tarlo.",टार्लो कहती हैं कि चीन में बाल से त्वचा की ऊपरी सतह को पूरी तरह हटाने के लिए उसे विशेष रूप से रसायन में डुबोया जाता है।,"Di Tiongkok, rambut biasanya menjalani proses mandi kimia untuk menghilangkan kutikulanya sepenuhnya, jelas Tarlo.","Í Kína er hárið yfirleitt sett í efnablöndu til að fjarlægja yfirhúðina algjörlega, útskýrir Tarlo.","Na China, o cabelo é normalmente colocado num banho químico para remover por completo a cutícula, explica Tarlo."
"تقول تارلو: ""على مر التاريخ, كان لسوق الشعر دوماً بعداً سياسياً"".","Mezinárodní trh s vlasy měl napříč dějinami vždy politický rozměr, říká Tarlo.","Throughout history, the international hair market has always had a political dimension, says Tarlo.","Tarlo afirma que, a lo largo de la historia, el mercado internacional de pelo siempre ha tenido una dimensión política.","A travers l'histoire, le marché international du cheveu a toujours eu une connotation politique, déclare Tarlo.","टार्लो का कहना है कि समूचे इतिहास में, अन्तरराष्ट्रीय बाल बाजार का एक राजनीतिक आयाम रहा है।","Sepanjang sejarah, pasar rambut internasional selalu memiliki dimensi politis, ujar Tarlo.","Í aldanna rás hefur alþjóðlegi hármarkaðurinn alltaf haft pólitíska vídd, segir Tarlo.","Ao longo da história, o mercado internacional de cabelo tem tido sempre uma dimensão política, diz Tarlo."
"ويقول التقرير: ""نطبق اليوم عقوبات باستخدام ضوءٍ قوي"".","„Dnes provádíme trestání pomocí kladiny,“ stojí v příspěvku.","""Tonight we are carrying out punishments using a high beam,"" the post reads.","Esta noche llevaremos a cabo castigos utilizando las luces largas, se puede leer en la entrada.","Ce soir, nous allons punir les conducteurs qui utilisent les feux de route, indique le message.","पोस्ट में कहा गया है, आज रात हम हाई बीम का उपयोग करते हुए दंडित कर रहे हैं।","""Malam ini kami menjalankan hukuman menggunakan balok tinggi,"" tulis postingan itu.",„Í kvöld framfylgjum við refsingum með háljósi“ stóð í færslunni.,"Hoje à noite vamos dar prosseguimento aos castigos usando uma luz forte, diz o jornal."
وقد طبقت شرطة مرور شينجن عقوبات غير تقليدية قبل ذلك.,Dopravní policie v Šen-čenu již dříve po nekonvenčních postizích sáhla.,Shenzhen's traffic police have opted for unconventional penalties before.,La policía de tráfico de Shenzhen ya se ha decantado por multas poco convencionales con anterioridad.,La police routière de Shenzhen a opté pour des pénalités inhabituelles dans le passé.,शेनझेन की यातायात पुलिस ने अर्थदण्ड का ऐसा नया विकल्प चुना है जो पहले कभी नहीं था।,Polisi lalu-lintas Shenzhen telah memilih sanksi yang tidak biasa sebelumnya.,Umferðarlögreglan í Shenzen hefur áður gripið til óhefðbundinna refsinga.,"A polícia de trânsito de Shenzhen tem optado, antes, por sanções não convencionais."
من يكونون؟,Kdo jsou?,Who are they?,¿Quiénes son?,Qui sont-ils ?,वे लोग कौन हैं?,Siapa mereka?,Hver eru þau?,Quem são eles?
الكثير من النقاش عند الجانب الديمقراطي يدور حول هوية الذكر الأبيض.,Z demokratické strany byla většina letošní debaty o identitě bílých mužů.,"Much of the debate, from the Democratic side this year, has been about white male identity.",Gran parte del debate por parte de los Demócratas este año ha tratado sobre la identidad del varón blanco.,"La majorité du débat, étant cette année du côté des démocrates, a été centrée sur l'identité masculine et blanche.",इस साल डेमोक्रेटिक पक्ष की ओर से ज्यादातर बहस गोरे पुरुष की पहचान को लेकर रही है।,"Sebagian besar dari debat itu, dari sisi Demokratik tahun ini, adalah tentang identitas laki-laki kulit putih.",Í ár hefur umræðan í herbúðum demókrata að miklu leyti snúist um sjálfsmynd hvítra karla.,"Grande parte do debate, do lado Democrático neste ano, tem sido sobre a identidade de homens brancos."
سألتها بعد ذلك إن كانت تفهم السبب الذي قد يدعو الناس للتصويت لصالح ترامب.,"Zeptal jsem se jí potom, jestli rozumí tomu, proč by lidi hlasovali pro Trumpa.",I asked her afterwards if she understood why people might vote for Trump.,Le pregunté después si entendía por qué la gente podía votar a Trump.,"Je lui ai demandé, après coup, si elle comprenait pourquoi les gens pourraient voter pour Trump.",मैंने उससे बाद में पूछा कि क्या वह इस बात को समझती है कि लोग क्यों ट्रम्प को वोट दे सकते हैं।,Saya bertanya kepadanya setelah itu apakah ia mengerti kenapa orang mungkin memilih Trump.,Ég spurði hana eftir á hvort hún skildi af hverju fólk kynni að kjósa Trump.,"Mais tarde, eu perguntei-lhe se ela entendeu por que é que as pessoas poderiam votar em Trump."
لا يمكن للجميع أن يترفعوا عن الأمر.,Ne každý se nad to dokáže povznést.,Not everyone can rise above it.,No todo el mundo puede superarlo.,Tout le monde ne peut pas s'élever au dessus de ça.,प्रत्येक व्यक्ति इससे ऊपर नहीं हो सकता।,Tak semua orang bisa beranjak melampaui itu.,Það geta ekki allir risið hærra en þetta.,Nem todo mundo pode superar isso.
"يقول بال: ""لحسن الحظ, قال أحدهم في سوني أستراليا: 'بالمناسبة, هل لاحظتم هذا؟'"".","„Naštěstí se ozval někdo ze Sony Australia a řekl, 'Mimochodem, všimli jste si tohohle?'“, říká Pall.","""Luckily, someone in Sony Australia was like, 'Hey, by the way, did you guys notice this?'"" says Pall.","Por suerte, alguien de Sony Australia dijo: ""Ey, por cierto, ¿os habéis dado cuenta de esto?"" dice Pall.","Heureusement, quelqu'un chez Sony en Australie a dit: « Tiens, à propos, vous avez vu ca ? » dit Pall.","पाल कहते हैं कि किस्मत से, सोनी आस्ट्रेलिया में कोई इस तरह था, 'ए, वैसे, तुम लोगों ने क्या इसपर ध्यान दिया?'","""Untungnya, seseorang di Sony Australia bilang,' Hei, omong-omong, apa kalian melihat ini? '"" ujar Pall.","„Sem betur fer sagði einhver hjá Sony Australia „heyrið annars, tókuð þið eftir þessu?““ segir Pall.","Felizmente, alguém na Sony Austrália estava do tipo, 'Olá, por falar nisso, vocês repararam?' diz Pall."
تصدر سيغال عنواين الصحف عندما وصف تحرك روسيا في شبه جزيرة القرم عندما ضمتها عام 2014 بالمعقول جداً.,"Seagal se dostal na přední stránky novin, když o ruském zabrání Krymu v roce 2014 prohlásil, že bylo provedeno „velmi rozumně“.","Seagal made headlines when he described Russia's actions in Crimea, which it annexed in 2014, as ""very reasonable"".","Seagal apareció en los titulares cuando describió las acciones de Rusia en Crimea, la cual se anexionó en 2014, como ""muy razonables"".","Seagal a fait les gros titres quand il a décrit l'intervention de la Russie en Crimée, qu'elle a annexé en 2014, comme « très raisonnable ».","सीगल उस समय सुर्खियों में आया जब उसने क्रीमिया में रूस की कार्रवाई, जिसपर उसने 2014 में कब्जा कर लिया, को ""बहुत ही उचित"" बताया।","Seagal menjadi berita utama saat ia menggambarkan tindakan Rusia di Krimea, yang dicaploknya pada tahun 2014, sebagai “sangat masuk akal”.","Seagal komst í fréttir þegar hann sagði aðgerðir Rússa á Krímskaga, sem þeir innlimuðu árið 2014, vera „mjög eðlilegar“.","Seagel fez manchetes quando descreveu as ações da Rússia na Crimeia, que foram consideradas em 2014, como ""muito razoáveis""."
"عازف جيتارٍ موهوب, وقد عزف في حفلٍ هناك في ذات العام.",Jakožto nadšený kytarista tam měl v tomtéž roce koncert.,"A keen guitarist, he played a concert there the same year.",Le apasiona la guitarra y dio un concierto allí ese mismo año.,"Guitariste passionné, il a participé à un concert la même année.","एक जबर्द्स्त गिटार वादक, उसने उसी साल वहां एक संगीत कार्यक्रम (कंसर्ट) किया।","Gemar bermain gitar, ia bermain di sebuah konser di sana pada tahun yang sama.",Hann er áhugasamur gítarleikari og hélt tónleika þar þetta sama ár.,"Um grande guitarrista, ele deu um concerto lá, no mesmo ano."
"قام سيغال التي كانت جدته من مدينة فلاديفوستوك في أقصى شمال روسيا بزياراتٍ متكررة لروسيا خلال السنوات الأخيرة, وزار كامشاتكا وسخالين في أيلول الماضي.","Seagal, jehož babička pocházela z Vladivostoku na ruském dálném východě, v posledních letech do Ruska často cestoval a navštívil v září Kamčatku a Sachalin.","Seagal, whose grandmother was from Vladivostok in Russia's far east, has made frequent trips to Russia in recent years and visited Kamchatka and Sakhalin in September.","La abuela de Seagal era de Vladivostok, en el Extremo Oriente ruso; este ha hecho varios viajes al país en los últimos años y visitó Kamchatka y Sajalín en septiembre.","Seagal, dont la grand-mère était de Vladivostok, à l'extrême Est de la Russie, a fait de fréquents voyages en Russie dans les dernières années et a visité Kamchatka et Sakhalin en septembre.","सीगल, जिसकी दादी रूस के सूदूर पूर्व में स्थित व्लादिवोस्तक से थीं, ने हाल के वर्षों में रूस की कई बार यात्रा की और सितम्बर में कामचत्का और सखालिन का दौरा किया।","Seagal, yang neneknya berasal dari Vladivostok di Timur Jauh Rusia, sering melakukan perjalanan ke Rusia dalam beberapa tahun terakhir dan mengunjungi Kamchatka dan Sakhalin di bulan September.","Seagal, sem átti ömmu frá Vladivostok í austasta hluta Rússlands, hefur oft ferðast til Rússlands á síðustu árum og heimsótti Kamchatka og Sakhalin í september.","Seage, cuja avó era de Vladivostok, no extremo leste da Rússia, fez viagens regulares à Rússica nos últimos anos e visitou Kamchatka e Sakhalin, em setembro."
حصل سيغال في وقتٍ سابق من هذا العام على الجنسية الصربية بعد أن عرض تأسيس مدرسة فنون قتالية في العاصمة بلغراد.,"Seagal už letos dostal srbské občanství poté, co nabídl založit školu bojových umění v hlavním městě Bělehradu.",Earlier this year Seagal was given Serbian nationality after offering to set up a martial arts school in the capital Belgrade.,"A principios de año Seagal obtuvo la nacionalidad serbia tras comprometerse a inaugurar una academia de artes marciales en la capital, Belgrado.","Plus tôt dans l'année, Seagal a obtenu la nationalité serbe après avoir proposé d'ouvrir une école d'arts martiaux dans la capitale Belgrade.",सीगल को राजधानी बेलग्रेड में मार्शल आर्ट्स स्कूल स्थापित करने की पेशकश करने के बाद उसे इस साल की शुरुआत में सर्बिया की राष्ट्रीयता दी गयी।,"Di awal tahun ini Seagal diberi kebangsaan Serbia setelah menawarkan mendirikan sekolah bela diri di ibu kotanya, Beograd.",Fyrr í ár fékk Seagal serbneskan ríkisborgararétt eftir að hafa boðist til að stofna bardagaíþróttaskóla í höfuðborginni Belgrad.,"No início deste ano, foi dada a Seagel a nacionalidade sérvia, depois deste se oferecer para criar uma escola de artes marciais na capital Belgrado."
"وقال متحدثٌ باسم الشرطة لوكالة أسوشييتد برس أنه حدث ""تبادل للألفاظ"" تبعته مشاجرة, لكن لم تسجل إصابات.","Policejní mluvčí řekl agentuře AP, že došlo k „výměně názorů“ následované „výtržností“, ale že nebyla hlášena žádná zranění.","A police spokesman told the Associated Press there was ""an exchange of words"" followed by an ""altercation"" but that no injuries had been reported.","Un portavoz policial informó a Associated Press de que hubo ""un intercambio de palabras"" seguido de un ""altercado"", pero no se habían producido heridas.","Un porte-parole de la police a indiqué à l'Associated Press qu'une « altercation » avait eu lieu après un « échange verbal », mais qu'aucun blessé n'avait été signalé.","एक पुलिस प्रवक्ता ने एसोसिएटेड प्रेस को बताया कि वहां ""तू तू-मैं मैं"" के बाद ""झगड़ा"" हुआ था लेकिन किसी के घायल होने की सूचना नहीं है।",Seorang juru bicara polisi mengatakan kepada Associated Press bahwa terjadi “adu mulut” yang diikuti dengan “pertengkaran” namun dilaporkan tidak ada yang cedera.,Talsmaður lögreglunnar sagði Associated Press að það hefðu verið „orðaskipti“ og svo „átök“ en að ekki hefði verið greint frá neinum meiðslum.,"Um porta-voz da polícia contou à Associated Press que houve ""uma troca de palavras"", seguida de uma ""discussão"" mas que nenhum ferimento foi reportado."
"يقال أن كوارون, الذي فاز فيلمه الأخير ""غرافيتي"" بعدة جوائز أوسكار, لم يكن في موقع التصوير وقت الحادثة.","Cuaron, jehož nejnovějším filmem je oskarová Gravitace, podle dostupných zpráv v době incidentu u natáčení nebyl.","Cuaron, whose last film was the Oscar-winning Gravity, was reportedly not on set at the time of the incident.","Según se informa, Cuarón, cuya última película, Gravity, ganadora de un Oscar, no estaba presente en el estudio en el momento del accidente.","D'après les rapports, Cuaron, dont le dernier film Gravity a reçu un Oscar, n'était pas sur le plateau de tournage au moment de l'incident.","कुएरन, जिसकी पिछली फिल्म ग्रेविटी ने ऑस्कर पुरस्कार जीता था, के बारे में बताया गया कि घटना के समय वह सेट पर मौजूद नहीं था।","Cuaron, yang film terakhirnya adalah Gravity yang memenangkan Oscar, dilaporkan tidak berada di lokasi syuting pada saat terjadinya insiden.","Cuaron, sem síðast gerði Óskarsverðlaunamyndina Gravity, var að sögn ekki á tökustað þegar atvikið átti sér stað.","Cuarón, cujo último filme foi o vencedor de Óscar Gravity, segundo as notícias, não estava no estúdio na hora do incidente."
"بحسب إدارة شرطة المدينة أن شجاراً نشب بعدما وصل ""مجموعة كبيرة من الناس... عرفوا عن أنفسهم بأنهم من السلطات المحلية"" إلى موقع التصوير يوم الثلاثاء.","Podle městské policie vypukla rvačka poté, co v úterý k natáčení přijela „velká skupina lidí… kteří podle svých slov byli zástupci okresu“.","According to the city's police department, a fight broke out after ""a large group of people... who identified themselves as district authorities"" arrived on set on Tuesday.","Según el departamento de policía de la ciudad, una pelea comenzó después de que ""un gran grupo de gente que se definía como autoridades del distrito"" llegaron al estudio el martes.","D'après la police municipale, un incendie s'est déclaré après l'arrivée « d'un groupe important… se présentant comme les autorités locales » sur le plateau de tournage mardi.","शहर के पुलिस विभाग के अनुसार, मंगलवार को सेट पर ""लोगों का एक बड़ा समूह...जो खुद को जिले के अधिकारी बता रहे थे"" पहुंचने के बाद लड़ाई शुरू हो गयी।","Menurut departemen kepolisian kota tersebut, perkelahian pecah setelah “sekelompok besar orang ... yang menyatakan diri mereka sebagai otoritas distrik” tiba di lokasi syuting pada hari Selasa.",Samkvæmt lögregludeild borgarinnar brutust út slagsmál þegar „stór hópur fólks ... sem sagðist vera valdhafar á svæðinu“ kom á tökustað á þriðjudaginn.,"De acordo com o departamento da polícia da cidade, uma luta começou depois de ""um grande grupo de pessoas... que se identificaram como autoridades do distrito"" chegarem ao grupo na terça-feira."
يدرس الباحثون إمكانية صنع موانع حمل هرمونية خاصة بالذكور منذ نحو 20 عاماً.,Výzkumníci prověřovali potenciál pro mužskou hormonální antikoncepci asi 20 let.,Researchers have been investigating potential for male hormonal contraceptives for around 20 years.,Los investigadores llevan buscando anticonceptivos hormonales masculinos unos 20 años.,Des chercheurs étudient le potentiel des contraceptions hormonales masculines depuis environ 20 ans.,अनुसंधानकर्ता लगभग 20 वर्षों से पुरुष हार्मोन संबंधी गर्भनिरोधकों की संभावना का परीक्षण कर रहे हैं।,Para peneliti telah menyelidiki potensi untuk kontrasepsi hormonal pria selama sekitar 20 tahun.,Vísindamenn hafa rannsakað mögulega karlhormónagetnaðarvörn í um 20 ár.,Os pesquisadores vêm investigando o potencial de contraceptivos hormonais masculinos há cerca de 20 anos.
"وأضاف: ""إنها خطوة واحدة في طريقٍ طويلٍ للعثور على التركيبة الصحيحة لموانع الحمل الهرمونية الخاصة بالذكور.",Dodal: „Toto byl další krok v dlouhé cestě k nalezení správné kombinace pro mužskou hormonální antikoncepci.“,"He added: ""This has been one step in a long journey of finding the right combination for male hormonal contraception.""","Añadió: ""Este ha sido un paso de un largo viaje para encontrar la combinación adecuada para la anticoncepción hormonal masculina.""",Il ajouta : « Ceci est un pas vers la découverte de la bonne combinaison d'une contraception hormonale masculine. »,"उन्होंने कहा: ""यह पुरुष हार्मोन संबंधी गर्भनिरोधक के लिए सही संयोजन का पता लगाने की एक लम्बी यात्रा का एक चरण है।""",Ia menambahkan: “Ini adalah satu langkah dalam perjalanan panjang dalam menemukan kombinasi yang tepat untuk kontrasepsi hormonal pria.”,Hann bætti við: „Þetta var eitt skref í þeirri löngu vegferð að finna réttu samsetninguna fyrir karlhormónagetnaðarvörn.“,"Ele acrescentou: ""Este foi um passo na longa jornada para encontrar a combinação certa para a contracepção hormonal masculina."""
غير أن هناك العديد من أعضاء الهيئة التشريعية ممن يحملون معتقدات دينية راسخة ويعارضون أي تشريعٍ جديد.,"Je však mnoho hluboce věřících členů parlamentu, kteří se staví proti jakékoliv nové legislativní úpravě.",However there are many MLAs with deeply-held religious beliefs who oppose any new legislation.,"Sin embargo, hay muchos miembros de la asamblea legislativa con profundas creencias religiosas que se oponen a cualquier nueva legislación.","Néanmoins, de nombreux membres de l'assemblée législative, dont les croyances religieuses sont fortes, sont opposés à de nouvelles lois.",हालांकि गहरी धार्मिक मान्यता वाले कई विधायक हैं जो किसी भी नये कानून का विरोध करते हैं।,"Namun, ada banyak MLA yang berpegang teguh pada keyakinan agama yang menentang legislasi baru.",Það eru þó margir sanntrúaðir þingmenn sem eru mótfallnir allri nýrri löggjöf.,"Contudo há muitos MLASs, com profundas crenças religiosas, que se opõem à nova legislação."
يقول الباحثون أن تحليل الحمض النووي الريبي منقوص الأكسجين الخاص بالورم قد يساعد على تفسير الأسباب الكامنة وراء أنواعٍ أخرى من السرطان.,"Výzkumníci říkají, že analýza DNA nádoru může pomoci vysvětlit příčiny jiných rakovin.",Researchers say analysing tumour DNA may help explain the underlying causes of other cancers.,Los investigadores afirman que el analizar ADN de un tumor puede ayudar a explicar las causas subyacentes de otros cánceres.,Des chercheurs affirment que l'analyse ADN de tumeurs pourrait aider à comprendre les causes sous-jacentes d'autres cancers.,अनुसंधानकर्ताओं का कहना है कि डीएनए ट्यूमर का विश्लेषण करने से अन्य कैंसर के मुख्य कारणों का उल्लेख करने में सहायता मिल सकती है।,Para peneliti mengatakan menganalisis DNA tumor dapat membantu menjelaskan penyebab dasar kanker lain.,Vísindamenn segja að greining á erfðaefni í æxlum geti hjálpað til við að útskýra undirliggjandi orsakir annarra krabbameina.,Os investigadores dizem que analisar o DNA do tumor poderá ajudar a explicar causas subjacentes de outros cânceres.
ويظهر التحليل وجود صلة مباشرة بين عدد السجائر التي يدخنها المرء في حياته وعدد الطفرات التي أصابت الحمض النووي الريبي منقوص الأكسجين الخاص بالورم.,Analýza ukazuje přímou souvislost mezi počtem vykouřených cigaret za celý život a počtem mutací v nádorové DNA.,The analysis shows a direct link between the number of cigarettes smoked in a lifetime and the number of mutations in tumour DNA.,El análisis muestra una relación directa entre el número de cigarros fumados a lo largo de la vida y el número de mutaciones en el ADN de un tumor.,L'analyse démontre un lien direct entre le nombre total de cigarettes fumées et le nombre de mutations de l'ADN dans les tumeurs.,विश्लेषण से एक जीवनकाल में धूम्रपान किए गए सिगरेटों की संख्या और ट्यूमर डीएनए में परिवर्तनों की संख्या के बीच सीधा संबंध होने का पता चलता है।,Analisis menunjukkan hubungan langsung antara jumlah rokok yang diisap seumur hidup dan jumlah mutasi dalam DNA tumor.,Greiningin sýnir bein tengsl milli fjölda reyktra sígarettna um ævina og fjölda stökkbreytinga í erfðaefni æxlis.,A análise mostra uma relação direta entre o número de cigarros fumados durante a vida e o número de mutações no DNA do tumor.
"ومع ذلك, لم يتمكنوا من العثور على ذات النسق في أنسجة مثل المثانة, والتي لم تتعرض بشكل مباشر.","Nemohli však najít podobný vzorec ve tkáních jako močový měchýř, které nebyly přímo exponovány.","However, they could not find this same pattern in tissues such as the bladder, which are not directly exposed.","Sin embargo, no se pudo encontrar esta tendencia en otros tejidos que no están directamente expuestos, como el de la vejiga.","Néanmoins, ils n'ont pas pu trouver le même schéma dans des tissus qui ne sont pas directement exposés, comme la vessie.","हालांकि, वे ऊतकों जैसेकि मूत्राशय (ब्लैडर) में इस पैटर्न को नहीं ढूंढ सके, जो कि सीधे संपर्क में नहीं होते हैं।","Namun, mereka tidak bisa menemukan pola yang sama ini dalam jaringan seperti kandung kemih, yang tidak terpapar secara langsung.","Þeir fundu þó ekki sama mynstrið í vefjum á borð við gallblöðruna hjá þeim, sem ekki eru útsettir með beinum hætti.","Contudo, eles não conseguiram encontrar esse mesmo padrão em tecidos como a bexiga, que não estão diretamente expostos."
تلقت الآنسة بيو العلاج في مستشفيي بابوورث وآدنبروك في كامبريدجشير.,Slečna Pughová byla ošetřena v nemocnici Papworth and Addenbrooke's Hospitals v Cambridgeshire.,Ms Pugh has received treatment at Papworth and Addenbrooke's Hospitals in Cambridgeshire.,Pugh ha recibido tratamiento en los hospitales de Papworth y Addenbrooke en Cambridgeshire.,Mme Pugh a été traitée dans les hôpitaux de Papworth et Addenbrooke dans le Cambridgeshire.,सुश्री पुग ने कैम्ब्रिजशायर के पैपवर्थ और एडेनब्रूक अस्पतालों में उपचार कराया।,Nn. Pugh telah menerima pengobatan di Rumah Sakit Papworth dan Addenbrooke di Cambridgeshire.,Pugh hefur gengist undir meðferð á Papworth- og Addenbrooke-sjúkrahúsunum í Cambridgeshire.,"A Sr.ª Pugh recebeu tratamento nos hospitais Papworth e Addenbrooke, em Cambridgeshire."
"لكن الفحص أظهر أن الورم في رئة الآنسة بيو اليمنى يكبر, فكان عليها أن تترك التجربة.","Avšak sken ukázal, že nádor v levé plíci slečny Pughové roste, a musela studii opustit.","But a scan has shown the tumour in Ms Pugh's right lung is growing, and she has had to leave the trial.","Sin embargo, un escáner ha mostrado que el tumor del pulmón derecho de Pugh está creciendo y ha tenido dejar las pruebas.","Mais un scanner a montré que la tumeur dans le poumon droit de Mme Pugh grossit, et elle a dû quitter l'essai.","लेकिन एक स्कैन से पता चला कि सुश्री पुग के दाहिने फेफड़ें में ट्यूमर बढ़ रहा है, और उन्हें परीक्षण से हटना पड़ा।","Namun pemindaian menunjukkan tumor di paru-paru kanan Nn. Pugh berkembang, dan ia harus meninggalkan persidangan.",En skimun hefur leitt í ljós að æxlið í hægra lunga Pugh fer vaxandi og hún þurfti að hætta í rannsókninni.,"Mas o exame mostrou que o tumor do pulmão direito da Sr.ª Pugh está crescendo, e ela teve de deixar o experimento."
"إذا ما أصبح ترامب رئيساً, سيظل على الحكومة هنا العمل معه لدفع جدول الأعمال المشترك أياً كان لضمان أن الشركات والمصالح الكندية ممثلة في واشنطن.","„Pokud se Donald Trump stane prezidentem, zdejší vláda s ním bude stále muset spolupracovat na veškeré společné agendě, abychom zajistili, že kanadské firmy a zájmy jsou ve Washingtonu zastupovány.“","""If Donald Trump becomes president, the government here will still have to work with him to advance whatever shared agenda there is, to ensure that Canadian businesses and interests are represented in Washington.""","Si Donald Trump es elegido presidente, este gobierno seguirá teniendo que trabajar con él para progresar en la agenda que se establezca, con el fin de asegurar que las empresas y los intereses canadienses están representados en Washington.","Si Donald Trump devient président, le gouvernement d'ici devra quand même travailler avec lui pour faire avancer tout programme commun, afin de garantir que les entreprises et intérêts canadiens soient représentés à Washington.","यदि डोनाल्ड ट्रम्प राष्ट्रपति बन जाता है, तो यहां की सरकार को किसी साझा एजेंडा की उन्नति के लिए उसके साथ मिलकर काम करना होगा, यह सुनिश्चित करने के लिए कि कनाडा के व्यापार और उसके हितों को वाशिंगटन में प्रतिनिधित्व मिले।","""Jika Donald Trump menjadi presiden, pemerintah di sini tetap harus bekerja dengannya untuk memajukan agenda bersama apa pun yang ada, guna memastikan bahwa bisnis dan kepentingan warga Kanada terwakili di Washington.""",„Ef Donald Trump verður forseti þarf ríkisstjórnin hér engu að síður að starfa með honum til að vinna að framgangi sameiginlegra verkefna svo tryggja megi að máli kanadískra fyrirtækja og hagsmuna sé talað í Washington.“,"Se o Donald Trump se tornar presidente, o governo daqui ainda terá de trabalhar com ele para avançar com alguma agenda partilhada que exista, para garantir que os negócios e os interesses canadenses estão representados em Washington."
وسوف يوجه ترودو تلك الدعوة إلى الرئيس الخامس والأربعين للولايات المتحدة بصرف النظر عنمن سيكون.,"Trudeau takto pozve 45. prezidenta Spojených států, ať jím bude kdokoliv.","Trudeau will extend that invitation to the 45th president of the United States, whoever he or she may be.","Trudeau extenderá esa invitación al 45º presidente de Estados Unidos, independientemente de quien resulte elegido.","Trudeau étendra cette invitation au 45ème président des Etats-Unis, quel qu'il soit.","ट्रुडीउ उस निमंत्रण को अमेरिका के 45वें राष्ट्रपति, चाहे वह पुरुष हो या महिला, को भेजेगा।","Trudeau akan menyampaikan undangan itu kepada presiden Amerika Serikat ke-45, siapa pun dia.","Trudeau mun bjóða 45. forseta Bandaríkjanna þetta, sama hver hann eða hún verður.","Trudeau estenderá este este convite ao 45º presidente dos Estados Unidos, quem quer que ele ou ela seja."
"بالرغم من نشر صورة هذا الصباح, تقول شرطة بريتيش كولومبيا أن لديهم أسئلة أكثر مما لديهم أجوبة بشأن رجلٍ متشرد اتهم بطعن فتاة مراهقة حتى الموت في مدرستها مدرسة آبوستفورد الثانوية.","Přestože ráno policie v Britské Kolumbii vydala fotografii, říká, že v případu muže obviněného ze smrtelného pobodání dospívající dívky na střední škole v Abbotsfordu, zjevně bezdomovce, mají víc otázek než odpovědí.","Despite the release of a photo this morning, police in B.C. say they have more questions than answers about an apparently homeless man charged in the fatal stabbing of a teen girl at her Abbotsford high school.","A pesar de la publicación de una foto esta mañana, la policía de Columbia Británica afirma que todavía tiene más preguntas que respuestas sobre el supuesto sin techo que ha sido acusado del apuñalamiento mortal de una adolescente en su instituto en Abbotsford.","Malgré la photo rendue publique ce matin, la police en C.B. a dit qu'ils avaient plus de questions que de réponses à propos du soi-disant sans-abri accusé d'avoir mortellement poignardé une adolescente dans son collège d'Abbotsford.","आज सुबह एक तस्वीर जारी करने के बावजूद, बी. सी. में पुलिस ने कहा कि उसके पास उस स्पष्ट रूप से बेघर व्यक्ति के बारे में जवाब से ज्यादा सवाल हैं जिसपर एक किशोरवय लड़की को उसके एबॉट्सफोर्ड हाईस्कूल में घातक तरीके से छुरा मारने का आरोप है।","Meskipun ada rilis foto pagi ini, polisi di B.C. mengatakan mereka memiliki lebih banyak pertanyaan daripada jawaban tentang pria yang rupanya gelandangan yang didakwa dalam kasus penusukan fatal seorang gadis remaja di sekolah menengahnya di Abbotsford.",Þótt ljósmynd hafi verið birt í morgun segist lögreglan í B.C. enn hafa fleiri spurningar en svör um mann sem virðist vera heimilislaus og var ákærður fyrir að stinga og myrða unglingsstúlku í miðskólanum hennar í Abbotsford.,"Apesar do lançamento de uma foto nesta manhã, a polícia em B.C. diz que eles têm mais perguntas do que respostas acerca de um homem aparentemente sem-teto acusado de um apunhalamento fatal de uma adolescente na sua escola em Abbotsford."
قالت شرطة بريتيش كولومبيا في وقتٍ سابق أنه لا يبدو أن لدى كلاين تاريخاً إجرامياً ونشرت تفاصيل مبهمة عن أماكن وجوده في الفترة الأخيرة.,"Policie BK již dříve uvedla, že Klein zřejmě neměl záznam v trestním rejstříku, a dala k dispozici neurčité detaily o aktuálním místě jeho pobytu.",Police in B.C. said earlier Klein did not appear to have a criminal history and released vague details about his recent whereabouts.,La policía de Columbia Británica declaró anteriormente que no parecía que Klein tuviese antecedentes penales y comunicó detalles poco precisos sobre su paradero actual.,"La police de la C.B. a déclaré précédemment que Klein ne semblait pas avoir de casier judiciaire, et a révélé des détails vagues quant à sa situation récente.",बी.सी. में पुलिस ने कहा कि शुरू में क्लेन ने यह नहीं बताया कि उसका आपराधिक इतिहास है और अपने हाल के ठिकानों के बारे में अस्पष्ट विवरण दे दिया।,Polisi di B.C. mengatakan awalnya Klein tidak memiliki catatan kriminal dan memberikan rincian samar tentang keberadaannya belakangan ini.,Áður hafði lögreglan í B.C. sagt að Klein virðist ekki vera á sakaskrá og gaf út óljósar upplýsingar um hvar hann hefði dvalið að undanförnu.,"A polícia, em B.C., disse anteriormente que Klein não aparentava ter um histórico criminal e divulgou vagos detalhes sobre a sua localização recente."
"قالت: ""لا نعتقد أن للمشتبه به علاقةً بهذه المدرسة أو بالفتاتين أو بمنطقة آبوستفورد بالتحديد"".","„Nejsme toho názoru, že podezřelý má vazby k této škole, k těmto dvěma dívkám nebo specificky k oblasti Abbotsfordu,“ řekla.","""We do not believe the suspect has ties to this school, or to the two girls, or specifically to the Abbotsford area,"" she said.","No creemos que el sospechoso esté relacionado con esta escuela, con las dos chicas o con la zona de Abbotsford especialmente, dijo.","Nous ne pensons pas que le suspect ait de lien avec cette école, avec les deux filles, ou avec la région d'Abbotsford en particulier, dit-elle.","उसने कहा, हमें यकीन नहीं है कि संदिग्ध का इस स्कूल, या उन दोनों लड़कियों, या विशेष रूप से एबॉट्सफोर्ड इलाके से कोई संबंध है।","""Kami tidak yakin tersangka memiliki ikatan dengan sekolah ini, atau kedua gadis itu, atau khususnya dengan area Abbotsford,"" ungkapnya.","„Við teljum ekki að hinn grunaði hafi tengsl við þennan skóla, stúlkurnar tvær eða Abbotsford-svæðið sérstaklega“ sagði hún.","Nós não acreditamos que o suspeito tenha vínculos com esta escola, com as duas meninas ou, especificamente, com a área de Abbotsford, disse ela."
قال أيضاً أن كلاين كان كتوماً وغير متعاون وغير راغب بأن يخرج من زنزانته الموجودة تحت المحكمة لحضور جلسة محاكمته.,"Také uvedla, že Klein nekomunikoval, nespolupracoval a nebyl ochotný jít z cely do soudní budovy, aby se zúčastnil svého slyšení.","He also said Klein was uncommunicative, uncooperative and unwilling to walk up from cells under the courthouse to attend his hearing.","También dijo que Klein era poco hablador, no cooperaba y se negaba a subir de las celdas situadas bajo los juzgados para asistir al juicio.","Il a également indiqué que Klein était réticent à communiquer et à coopérer, et qu'il refusait de se déplacer de sa cellule sous le tribunal pour se rendre à son procès.","उसने यह भी कहा कि क्लेन एकांतप्रिय, असहयोगी था और अपने मामले में सुनवाई के लिए अदालत की कोठरी (सेल) से चलकर जाने के प्रति अनिच्छुक ऱहता था।","Ia juga mengatakan bahwa Klein tidak komunikatif, tidak bekerja sama, dan tidak mau berjalan dari selnya di bawah gedung pengadilan untuk menghadiri pemeriksaannya.","Hann sagði einnig að Klein væri þögull, ósamstarfsþýður og vildi ekki ganga frá klefa sínum í kjallara dómshússins til að vera viðstaddur málflutninginn.","Ele disse também que Klein estava pouco comunicativo, pouco cooperativo e relutante em sair das celas debaixo do tribunal para assistir à sua audiência."
تقول الجمعية التي تمثل وكلاء العقارات في أونتاريو أن هناك الكثير مما يجب فعله لحماية الزبائن ومعاقبة الوكلاء الذين انخرطوا في سلوكٍ منافٍ للأخلاق.,"Asociace zastupující realitní makléře v Ontariu řekla, že je třeba udělat víc pro ochranu zákazníků a potrestání makléřů, u nichž bylo shledáno, že se dopouštěli neetického chování.",The association that represents real estate agents in Ontario says more needs to be done to protect consumers and punish agents found to have engaged in unethical behaviour.,La asociación que representa a los agentes inmobiliarios en Ontario dice que se debe hacer más para proteger a los consumidores y castigar a los agentes involucrados en comportamientos poco éticos.,L'association représentant les agents immobiliers à Ontario déclare qu'il est nécessaire de faire davantage pour protéger les clients et punir les agents ayant fait preuve d'un comportement contraire à l'éthique.,ओंटेरियो में रियल एस्टेट एजेंटों का प्रतिनिधित्व करने वाले एसोसिएशन का कहना है कि ग्राहकों की रक्षा और अनैतिक व्यवहार में लिप्त पाए जाने वाले एजेंटों को दण्डित करने के लिए कुछ और किए जाने की जरूरत है।,Asosiasi yang mewakili para agen real estate di Ontario mengatakan masih banyak yang harus dilakukan untuk melindungi konsumen dan menghukum agen yang didapati terlibat dalam perilaku yang tidak etis.,Samtök fasteignasala í Ontario segja að fleira þurfi að gera til að vernda neytendur og refsa fasteignasölum sem hafa gerst sekir um ósiðlegt athæfi.,A associação que representa os agentes imobiliários do estado de Ontário disse que precisa ser feito mais para proteger os consumidores e punir os agentes com comportamentos pouco éticos.
كما أنه يرغب أن يرى سلطاتٍ وصلاحياتٍ أكبر لمجلس العقارات في أونتاريو (ريكو) والذي ينظم عمل الوكلاء في المقاطعة.,"Také by rád viděl rozšíření pravomocí Realitní rady Ontaria (RECO), která v provincii makléře reguluje.","He'd also like to see greater enforcement and investigative powers for the Real Estate Council of Ontario (RECO), which regulates agents in the province.","También le gustaría que el Consejo de Agentes de Propiedad Inmobiliaria de Ontario (RECO), que regula los agentes en la provincia, tuviese mayores competencias de aplicación e investigación.","Il souhaiterait aussi une meilleure application de la loi et un meilleur pouvoir d'enquête au Real Estate Council of Ontario (RECO), qui réglemente les agents de la province.","वह यह भी देखना चाहेंगे कि रियल एस्टेट काउंसिल ऑफ ओंटेरियो (RECO), जो कि प्रान्त में एजेंटों का नियमन करती है, के पास प्रवर्तन और जांच संबंधी अधिक शक्तियां हों।","Ia juga ingin melihat kekuatan penegakan dan penyelidikan yang lebih besar untuk Real Estate Council of Ontario (RECO), yang mengatur agen-agen di provinsi tersebut.","Hann vill líka að Fasteignastofnunin í Ontario (RECO), sem hefur eftirlit með fasteignasölum í fylkinu, fái auknar refsi- og rannsóknarheimildir.","Ele também gostaria de ver um maior cumprimento e investigação de poderes para o Conselho Imobliliário de Ontario (RECO), que regula os agentes na jurisdição."
"في الوقت الحالي, فإن أكبر غرامة يمكن لمجلس (ريكو) أن يفرضها على أحد الوكلاء لا تزيد عن 25000 دولار.","V současnosti je spodní hranice výše pokuty, kterou RECO může makléřovi udělit, 25 000 dolarů.","Currently, the maximum fine RECO can levy against an agent is $25,000.","Actualmente, la multa máxima que el RECO imponer a un agente es de 25 000 $.",L'amende maximum que le RECO peut imposer à un agent est actuellement de 25 000 dollars.,"वर्तमान में, रीको किसी एजेंट से अधिकतम $25,000 का अर्थदण्ड वसूल सकती है।","Saat ini, maksimal denda yang dapat dikenakan oleh RECO terhadap agen adalah $25.000.",Sem stendur er 25.000 dalir hámarkssektin sem RECO getur sektað fasteignasala.,"Atualmente, a multa máxima que a RECO pode cobrar de um agente é $25,000."
"لكن الطبقة الوسطى المتنامية في الصين بدأت برفع الصوت عالياً بشكلٍ غير معتاد في شكواها بشأن الأجواء السامة في المدن مثل بكين, والتي تبرز يوماً بعد يوم من خلال الضباب الدخاني الخانق للرئة.","Avšak čínská střední třída nezvykle nahlas projevovala svou nespokojenost ohledně toxického vzduchu ve městech jako Peking, kde se smog, jenž ničí plíce, může držet po více dní.","But China's growing middle class has been unusually vocal in its complaints about toxic air in cities like Beijing, which can see day after day of lung-choking smog.","Sin embargo, la clase media china no se suele quejar verbalmente sobre el aire tóxico de ciudades como Pekín, que ven día tras día un humo asfixiante.","Mais la classe moyenne chinoise, toujours plus nombreuse, a été étonnement virulente dans ses critiques sur la pollution de l'air dans des villes tel que Pékin qui subissent, jour après jour, un smog asphyxiant.","लेकिन चीन का बढ़ता मध्य वर्ग बीजिंग जैसे शहरों में विषाक्त हवा, जिसे दिन प्रतिदिन फेफड़ो में व्यवधान पैदा करने वाली धुंध के रूप में देखा जा सकता है, के बारे में अपनी शिकायतों में असामान्य रूप से मुखर हो रहा है।","Namun kelas menengah Tiongkok tidak biasanya telah bersikap vokal terhadap udara beracun di kota-kota seperti Beijing, yang hari demi hari menyaksikan kabut yang menyesakkan dada.","En vaxandi millistéttin í Kína hefur verið óvenju hávær í kvörtunum sínum um eitrað andrúmsloft í borgum á borð við Beijing, þar sem stundum er lungnakæfandi þoka dag eftir dag.","Mas a crescente classe média chinesa tem sido incomumente verbal nas suas queixas acerca do ar tóxico em cidades como Pequim, que vê dia após dia poluição que asfixia os pulmões."
"وقال غويلبيو: ""نشهد العديد والعديد من الدول, وخصوصاً الدول الكبيرة الجديدة المسببة للانبعاثات مثل البرازيل وجنوب أفريقيا والهند والصين, تشارك في لعب أدوارٍ في تقليل الانبعاثات"".","„Sledujeme, jak mnoho, opravdu mnoho zemí, a především velcí znečišťovatelé jako Brazílie, Jihoafrická republika, Indie nebo Čína přijímají svůj díl zodpovědnosti za celosvětové omezování emisí,“ řekl Guilbeault.","""We are seeing many, many countries and especially large new emitters like Brazil, South Africa, India and China stepping up to the plate in terms of playing a role in reducing emissions,"" said Guilbeault.","Estamos viendo como cada vez más países y, en especial, grandes emisores como Brasil, Sudáfrica, India y China asumen responsabilidades y desempeñan un papel en la reducción de las emisiones, dijo Guilbeault.","On peut voir énormément de pays et notamment de grands émetteurs tels que le Brésil, l'Afrique du Sud, l'Inde et la Chine prêts à jouer leur rôle dans la réduction des émissions, a déclaré Guilbeault.","गिलब्यूट ने कहा, हम कई देशों और विशेष रूप से उत्सर्जन करने वाले ऩये बड़े देश जैसेकि ब्राजील, दक्षिण अफ्रीका, भारत और चीन को देख रहे हैं कि वे उत्सर्जन कम करने में अपनी भूमिका निभाने के लिए आगे बढ़ रहे हैं।","""Kami melihat banyak negara dan khususnya penghasil emisi besar seperti Brasil, Afrika Selatan, India, dan Tiongkok mengambil tindakan untuk meningkatkan perannya dalam mengurangi emisi,"" ujar Guilbeault.","„Við sjáum nú að mörg, mörg lönd, sérstaklega stór, ný losunarlönd eins og Brasilía, Suður-Afríka, Indland og Kína eru að láta til sín taka og axla ábyrgð á sínum þætti í að draga úr losun“ sagði Guilbeault.","Estamos vendo muitos, muitos países e especialmente grandes emissores, como o Brasil, a África do Sul, a Índia e a China, tendo um papel importante na redução de emissões, disse Guilbeault."
يمكنه الانتظار حتى نهاية فترته الأولى من أجل استغلال بندٍ في اتفاقية قمة باريس للانسحاب منها.,"Také by mohl počkat do konce svého prvního volebního období a využít jednu část Pařížské dohody, aby od ní odstoupil.",He could also wait until the end of his first term to use a provision in the Paris agreement to pull out of the pact.,También podría esperar al fin de su primer término para utilizar una provisión en el Acuerdo de París y salirse del pacto.,Il pourrait également attendre la fin de son premier mandat pour invoquer une disposition de l'Accord de Paris pour pouvoir s'en retirer.,वह संधि से बाहर निकलने के लिए पेरिस समझौते में एक प्रावधान का उपयोग करने के लिए अपने पहले कार्यकाल के समाप्त होने तक भी इंतजार कर सकता है।,Ia juga bisa menunggu hingga akhir masa jabatannya untuk menggunakan sebuah ketentuan dalam Perjanjian Paris untuk keluar dari pakta tersebut.,Hann gæti líka beðið þar til í lok fyrsta kjörtímabils síns með að nýta sér ákvæði í Parísarsamkomulaginu og draga sig út úr því.,Ele poderia também esperar até o fim do seu primeiro mandato para usar uma cláusula do acordo de Paris para sair do pacto.
"في الوقت نفسه, تسعى كلينتون وحلفاؤها إلى إبقاء الأضواء مسلطة على ترامب, وعلى تصريحاته التي تحط من قدر النساء والأقليات, وشخصيته التي تجعله غير مؤهل للمنصب.","Clintonová a její spojenci se mezitím snaží udržet ve světle reflektorů Trumpa: zdůrazňují, že jeho agresivní výroky na adresu žen a menšin a jeho povaha z něj dělají člověka, který není schopen nejvyšší úřad zastávat.","Clinton and allies, meanwhile, are seeking to keep the spotlight on Trump, charging that his disparaging comments about women and minorities, and his temperament make him unfit for office.","Mientras tanto, Clinton y sus aliados intentan que Trump siga siendo el centro de atención y denuncian que sus comentarios denigrantes sobre las mujeres y las minorías y su temperamento hacen que no sea apto para la presidencia.","Pendant ce temps, Clinton et ses alliés tentent de maintenir l'attention sur Trump, argumentant que ses commentaires désobligeants sur les femmes et les minorités ainsi que son tempérament le rendent inapte pour ce poste.","इस बीच, क्लिंटन और उसके सहयोगी ट्रम्प पर यह आरोप लगाते हुए उसे घेरने का प्रयास कर रहे हैं कि महिलाओं और अल्पसंख्यकों के बारे में उसकी उपेक्षापूर्ण टिप्पणियां, और उसका मिजाज उसे पद के अयोग्य बनाता है।","Sementara itu, Clinton dan sekutunya, ingin agar Trump tetap disorot, menuduh bahwa komentarnya yang meremehkan tentang perempuan dan minoritas, serta temperamennya akan membuatnya tidak layak untuk menjabat.",Á meðan leitast Clinton og bandamenn hennar við að beina kastljósinu áfram að Trump og saka hann um að vera óhæfan til að gegna embætti sökum niðrandi ummæla hans um konur og minnihlutahópa og geðslags hans.,"Clinton e aliados, nesse meio de tempo, estão procurando manter o foco em Trump, reforçando que seus comentários depreciativos sobre mulheres e minorias, e o seu temperamento, o tornam inadequado para a função."
ليس هذا ما نحتاجه لبلادنا يا قوم.,"To není to, co ve své zemi potřebujem, přátelé.","That's not what we need in our country, folks.","Eso es lo que no necesitamos en nuestro país, amigos.","Notre pays n'a pas besoin de ça, mes amis.","इस चीज की हमारे देश, हमारी जनता को जरूरत नहीं है।","Bukan itu yang kita butuhkan di negara ini, saudara-saudara.","Þetta er ekki það sem við þurfum í landinu okkar, gott fólk.","Isto não é o que precisamos no nosso país, pessoal."
"ظهرت زوجة ترامب, ميلانيا ترامب, لأول مرة في الحملة منذ مؤتمر الحزب الجمهوري في تموز.","Trumpova manželka, Melanie Trumpová, se poprvé od republikánského sjezdu ukázala v kampani.","Trump's wife, Melania Trump, made her first appearance on the trail since the Republican convention in July.","La mujer de Trump, Melania Trump, hizo su primera aparición en campaña desde la convención Republicana en julio.","La femme de Trump, Melania Trump, a fait sa première apparition depuis la convention républicaine de juillet.",ट्रम्प की पत्नी मिलेनिया ट्रम्प ने जुलाई में रिपब्लिकन पार्टी के सम्मेलन के बाद चुनावी अभियान में अपनी पहली उपस्थिति दर्ज कराई।,"Istri Trump, Melania Trump, tampil pertama kalinya sejak konvensi Republican di bulan Juli.","Eiginkona Trump, Melania Trump, kom í fyrsta sinn fram í kosningabaráttunni síðan á flokksþingi repúblíkana í júlí.","A mulher de Trump, Melania Trump, fez a sua primeira aparição pública desde a convenção Republicana, em julho."
"يقابل الطلاب أمثال راي مستشارين نفسيين في المدرسة من أجل الحديث عنما حدث, لكنها تقول أن السلوى الأكبر تأتي من رؤية أصدقائها.","Studenti jako Rai se ve škole setkávali s poradenskými pracovníky a bavili se o tom, co se stalo, ale řekla, že nejvíce ji utěšilo vidět se s přáteli.","Students like Rai have been meeting with counsellors at the school to talk about what happened, but she said the biggest comfort has come from seeing her friends.","Estudiantes como Rai han estado reuniéndose con consejeros en el colegio para hablar de lo que pasó, pero esta dice que el mayor consuelo lo obtiene viendo a sus amigos.","Des étudiants comme Rai rencontrent des conseillers à l'école pour parler de ce qui s'est passé, mais elle a dit que le meilleur réconfort était de voir ses amis.","राय जैसे विद्यार्थी स्कूल में वहां हुई घटना के बारे में बातचीत करने के लिए सलाहकारों के साथ बैठक कर रहे हैं, लेकिन उसने कहा कि सबसे ज्यादा सुकून तब मिला जब उसके दोस्त दिखाई दिए।","Siswa seperti Rai telah mengadakan pertemuan dengan para konselor di sekolah untuk membicarakan apa yang terjadi, namun katanya penghiburan terbesar datang dari bertemu dengan teman-temannya.","Nemendur eins og Rai hafa hitt námsráðgjafa í skólanum til að ræða um það sem gerðist, en hún segir að mesta huggunin hafi falist í því að hitta vini sína.","Estudantes como a Rai têm se encontrado com conselheiros, na escola, para falar sobre o que aconteceu, mas ela disse que o maior conforto foi ver seus amigos"
"قالت ميليس خلال مقابلة يوم الخميس مع قناة سي بي سي نيوز: ""وهذه كارثة بالنسبة للمرضى المتألمين"".","„Tohle je pro pacienty s bolestmi pohroma,“ řekl Mailis ve čtvrtečním rozhovoru s CBC News.","""This is a disaster for pain patients,"" Mailis said in an interview Thursday with CBC News.","Esto es un desastre para los pacientes con dolores, dijo Mailis en una entrevista el jueves con CBC News.","C'est un désastre pour les malades en souffrance, a déclaré Mailis dans un entretien avec CBS News jeudi.",मेलिस ने गुरुवार को सीबीसी न्यूज के साथ एक साक्षात्कार में कहा कि यह दर्द के रोगियों के लिए आपदा है।,"""Ini adalah petaka untuk pasien penderita rasa sakit,"" ujar Mailis dalam sebuah wawancara pada hari Kamis dengan CBC News.",„Þetta er hörmulegt fyrir sjúklinga sem þjást af verkjum“ sagði Mailis í viðtali við fréttastofu CBC á fimmtudaginn.,"Este é um desastre para os pacientes que sofrem, disse Mailis, numa entrevista à CBC News, na quinta-feira."
